update,env_steps,lr,reward_per_step,cost_per_step,violation_rate,success_rate,mean_episode_length,steps_per_sec,policy_loss,value_loss,entropy,approx_kl,clip_frac
1,819200,0.0003,-0.0004430515319108963,0.005390101671218872,0.01640869140625,1.0,90.49019607843137,552669.0788874123,-0.0014612407423555851,0.26762487888336184,1.82938232421875,0.00442914068698883,0.044044187664985655
2,1638400,0.00029939999999999996,-0.0018705835938453675,0.008076813220977783,0.02427734375,1.0,291.82666666666665,707611.2908787885,-0.0015408982522785663,0.39322357177734374,1.8045381546020507,0.005685348063707352,0.06709434986114501
3,2457600,0.0002988,0.003971195816993713,0.0075070059299469,0.02293701171875,1.0,497.5700934579439,711434.4469719031,-0.0017426120117306708,0.34705395698547364,1.7746927261352539,0.00590515024960041,0.07199891805648803
4,3276800,0.0002982,0.006373490691184997,0.021808741092681886,0.065220947265625,1.0,668.2524916943522,709791.9486603198,-0.0009713294915854931,0.9316502571105957,1.7509025573730468,0.002972581423819065,0.023518677055835723
5,4096000,0.00029759999999999997,0.001445419043302536,0.018887206315994262,0.057315673828125,0.10375034218450589,980.5787024363536,702200.9695374896,-0.0014499198645353318,0.8000518798828125,1.7315118789672852,0.004486523941159249,0.047058594226837155
6,4915200,0.00029699999999999996,0.009955068826675415,0.00870568811893463,0.026656494140625,0.903755868544601,265.15492957746477,706257.7069455751,-0.002761676162481308,0.31430008411407473,1.711178970336914,0.006137336045503617,0.07426707744598389
7,5734400,0.0002964,0.005827587842941284,0.00477541983127594,0.01524658203125,0.9456159822419534,316.4439511653718,711337.1675089966,-0.0030156536027789115,0.17394351959228516,1.6977869033813477,0.007143484801054001,0.09254504442214966
8,6553600,0.0002958,0.003876160979270935,0.0027927857637405394,0.0090478515625,0.8842832469775475,405.3246977547496,712722.5719392879,-0.004343871399760247,0.09289640784263611,1.6811744689941406,0.007863456755876541,0.10568664073944092
9,7372800,0.00029519999999999997,0.003956534564495086,0.0021288853883743284,0.006380615234375,0.7091988130563798,630.0430267062314,714292.5914538418,-0.0045316871255636215,0.0761193573474884,1.6576826095581054,0.00788649395108223,0.10396728515625
10,8192000,0.00029459999999999995,0.005267781019210815,0.002370114028453827,0.006885986328125,0.28010670731707316,883.3326981707318,709349.3213663466,-0.0029181301593780517,0.09408648014068603,1.6330514907836915,0.005304970219731331,0.05973997712135315
11,9011200,0.000294,0.011392229795455932,0.004390466809272766,0.01419189453125,0.8370118845500849,381.3658743633277,712177.6708710757,-0.002381029538810253,0.12223833799362183,1.6052366256713868,0.003603432700037956,0.032945066690444946
12,9830400,0.0002934,0.008241562247276306,0.0025104561448097227,0.0078271484375,0.7501622323166774,469.6528228423102,711750.0940299544,-0.002646138332784176,0.07613836526870728,1.5813292503356933,0.003949880599975586,0.039606818556785585
13,10649600,0.00029279999999999996,0.008083219528198243,0.0021534866094589235,0.00690673828125,0.8449664429530201,396.9,708856.2234453459,-0.002601436898112297,0.05984703302383423,1.5581690788269043,0.003691662847995758,0.03662963807582855
14,11468800,0.00029219999999999995,0.008390582799911499,0.002427782267332077,0.0071533203125,0.8339552238805971,406.3463930348259,706788.948727908,-0.002227681875228882,0.07483810782432557,1.533285903930664,0.0035545144230127333,0.03470410108566284
15,12288000,0.0002916,0.009808450937271118,0.0023415449261665346,0.00744384765625,0.6184971098265896,547.2799339388935,705451.6667680378,-0.0025663232430815698,0.05819892883300781,1.5086923599243165,0.003623473644256592,0.034421390295028685
16,13107200,0.00029099999999999997,0.015254250764846801,0.0032107490301132202,0.010164794921875,0.8589004229142637,312.9023452518262,706853.0814641592,-0.002129611000418663,0.08564035892486573,1.4881351470947266,0.0033532373607158663,0.029581180214881896
17,13926400,0.00029039999999999996,0.01768266797065735,0.003696461319923401,0.011558837890625,0.8713988713988714,294.0908820908821,709908.1046838758,-0.002062339335680008,0.10241305828094482,1.4704046249389648,0.0038819115608930586,0.035378530621528625
18,14745600,0.00028979999999999994,0.021595070362091063,0.004166228175163269,0.0134130859375,0.9340472134339255,238.04404964711608,710118.947327592,-0.002150764688849449,0.10352803468704223,1.4528515815734864,0.003968687728047371,0.0377079963684082
19,15564800,0.0002892,0.027631068229675294,0.004895792603492737,0.015537109375,0.9655105222135619,193.75331254871395,706691.4077339761,-0.0020208122208714486,0.11056255102157593,1.4390498161315919,0.0037572093307971953,0.03330395221710205
20,16384000,0.00028859999999999997,0.0336618971824646,0.005263980627059937,0.01669189453125,0.9756687077022237,159.48291975507573,705905.0941610187,-0.002161850221455097,0.10421140193939209,1.4221741676330566,0.0038030944764614106,0.03432153761386871
21,17203200,0.00028799999999999995,0.03945082664489746,0.005631789565086365,0.01776611328125,0.9875810680281496,123.0925900372568,709773.8404706318,-0.0022872896865010262,0.0892422080039978,1.4063117027282714,0.0039162527769804,0.03541834056377411
22,18022400,0.00028739999999999994,0.04527461051940918,0.00602957010269165,0.019075927734375,0.9881226517997819,107.30881105320567,711272.2438541859,-0.0022829102352261545,0.084090656042099,1.3894920349121094,0.004040087759494782,0.035112062096595766
23,18841600,0.0002868,0.05113289833068848,0.006806656122207642,0.021151123046875,0.9905508429077633,96.01030817137335,707967.547799619,-0.0023604521527886392,0.08992364406585693,1.3700592041015625,0.004051844403147697,0.03599633574485779
24,19660800,0.00028619999999999996,0.056525564193725585,0.00661001980304718,0.021082763671875,0.9939963203253607,85.23695168006198,702231.7081424509,-0.0024056270718574523,0.07372192740440368,1.3506232261657716,0.0041099987924098965,0.036863160133361814
25,20480000,0.00028559999999999995,0.06159445285797119,0.007385770082473755,0.022977294921875,0.9950167618012141,78.2512458095497,711813.9723368309,-0.002306477725505829,0.08206862211227417,1.3314138412475587,0.0043062310665845874,0.0378581553697586
26,21299200,0.000285,0.06572801113128662,0.007123414278030395,0.023153076171875,0.9970556069655927,71.31505005468159,716782.0059644352,-0.0027064932510256767,0.07132270336151122,1.3089839935302734,0.004555979743599892,0.04201221466064453
27,22118400,0.0002844,0.07035497665405273,0.006863006949424743,0.02239990234375,0.9972479949677622,67.55519735807516,715702.521149626,-0.0026466876268386843,0.06134549379348755,1.2865302085876464,0.004663430899381637,0.04326525926589966
28,22937600,0.00028379999999999996,0.07428510189056396,0.006913498044013977,0.02255126953125,0.9984246061515378,64.4781695423856,712023.9382351377,-0.002506955899298191,0.061081165075302125,1.2640677452087403,0.0045420568436384205,0.03993664085865021
29,23756800,0.00028319999999999994,0.07741441249847412,0.006684504747390747,0.021982421875,0.9987733602713038,60.508189624071,712128.9213026542,-0.001997993141412735,0.07234362363815308,1.2460107803344727,0.004242843762040138,0.035146236419677734
30,24576000,0.0002826,0.07974795818328857,0.006518595814704895,0.021392822265625,0.9992328079230018,58.248151764541774,714728.8843461381,-0.0020931439474225046,0.05367109775543213,1.225621509552002,0.004180813208222389,0.03476159870624542
31,25395200,0.00028199999999999997,0.08167646408081054,0.005982564687728882,0.020206298828125,0.999863331966653,56.84952849528495,711386.3335827062,-0.002231101505458355,0.04648640751838684,1.2036147117614746,0.004321662709116936,0.03744079470634461
32,26214400,0.00028139999999999996,0.0835659408569336,0.005700728893280029,0.01927978515625,0.9996654175588865,55.47450481798715,708773.0086047908,-0.0021979622542858124,0.04670608043670654,1.1790539741516113,0.004056772217154503,0.03146666884422302
33,27033600,0.00028079999999999994,0.08517080307006836,0.0051900815963745114,0.018037109375,1.0,54.42348777770496,708974.7541511813,-0.0021206209436058997,0.04322877824306488,1.1569742202758788,0.004089637100696564,0.03293298482894898
34,27852800,0.0002802,0.08662813186645507,0.005251519680023194,0.01816650390625,0.999871761990254,52.81187483970249,715377.5682644072,-0.0020184580236673353,0.04056879281997681,1.1321930885314941,0.0040601719170808796,0.03289649784564972
35,28672000,0.00027959999999999997,0.08748859405517578,0.004332144856452942,0.015811767578125,1.0,52.36733392834375,713162.2326446807,-0.0018446916714310647,0.04250408113002777,1.1082225799560548,0.0039967019110918045,0.03242346346378326
36,29491200,0.00027899999999999995,0.08938408851623535,0.004260209202766418,0.015692138671875,0.9999375858194982,51.65921857446012,711767.565980324,-0.0017731886357069016,0.03788190186023712,1.0842677116394044,0.003823908418416977,0.02903052270412445
37,30310400,0.0002784,0.0910407543182373,0.0039251655340194706,0.01486083984375,1.0,50.53663766695258,708872.9456236674,-0.0016223095357418061,0.03778009116649628,1.0580852508544922,0.0038773417472839355,0.031048586964607237
38,31129600,0.0002778,0.09124593734741211,0.0036091572046279908,0.01388671875,1.0,50.0108285679523,712284.515873744,-0.0016981463879346848,0.031928551197052,1.0322050094604491,0.0038012366741895674,0.02889721393585205
39,31948800,0.0002772,0.09365571975708008,0.003450961410999298,0.0132763671875,1.0,49.26971078843154,713824.6692012325,-0.0018796412274241447,0.028870987892150878,1.0070789337158204,0.003950244933366776,0.031410276889801025
40,32768000,0.0002766,0.09477031707763672,0.0035723072290420534,0.0140283203125,1.0,48.28256642903435,709822.1307911604,-0.0017439659684896469,0.027284160256385803,0.9835655212402343,0.003649629279971123,0.02647595703601837
41,33587200,0.000276,0.09578225135803223,0.0034210866689682005,0.013349609375,1.0,47.85675235547284,711937.8210692279,-0.0015921827405691146,0.02601834237575531,0.9608517646789551,0.0035611141473054888,0.02545763850212097
42,34406400,0.00027539999999999997,0.09606679916381836,0.002801705002784729,0.011796875,1.0,47.57731599721384,708659.2455160801,-0.0017448361963033677,0.021911971271038055,0.9359661102294922,0.003650114685297012,0.027637204527854918
43,35225600,0.0002748,0.09652878761291504,0.002863184213638306,0.01168701171875,1.0,47.29778216442174,710762.9131509064,-0.0012852206826210022,0.02901635766029358,0.9139244079589843,0.003406543657183647,0.023195923864841463
44,36044800,0.0002742,0.09716710090637207,0.002856789231300354,0.01132568359375,1.0,47.30950600954626,714487.0324485366,-0.0011225233785808087,0.03526063859462738,0.8924760818481445,0.003400149941444397,0.025053220987319946
45,36864000,0.0002736,0.09780194282531739,0.002410290390253067,0.010006103515625,1.0,47.05166409773363,712658.7335587185,-0.0014800303615629673,0.022982922196388245,0.8669288635253907,0.0036137379705905915,0.02615320086479187
46,37683200,0.00027299999999999997,0.09855353355407714,0.0025115975737571715,0.01076171875,1.0,46.388671098233054,718618.3712847438,-0.001229934860020876,0.02442666292190552,0.8436290740966796,0.003141901642084122,0.021192988753318785
47,38502400,0.0002724,0.09939302444458008,0.0023348803818225863,0.01013671875,1.0,46.18625851105734,709478.2937136743,-0.0013037229888141154,0.019968992471694945,0.8177628517150879,0.0033556725829839706,0.024374143779277803
48,39321600,0.0002718,0.10009672164916993,0.002218981683254242,0.009605712890625,1.0,45.75835747715623,711963.5546107155,-0.0011575814336538316,0.023760631680488586,0.7954145431518554,0.0033160004764795302,0.02085839807987213
49,40140800,0.0002712,0.10086868286132812,0.0019940610229969027,0.009007568359375,1.0,45.66346958121898,708828.3706570388,-0.001096244342625141,0.018377137184143067,0.7747005939483642,0.0030360326170921327,0.020293208956718444
50,40960000,0.00027059999999999996,0.10145946502685547,0.001805751621723175,0.00816162109375,0.9999446565941668,45.42265759034811,710885.0903318308,-0.001127712056040764,0.014374938607215882,0.751253080368042,0.0030429035425186155,0.021085081994533537
51,41779200,0.00027,0.10176161766052245,0.0017959648370742798,0.007822265625,0.9999449823943662,45.08208626760563,711346.9380794471,-0.0010416594333946705,0.016445662081241607,0.7270424842834473,0.0032003607600927355,0.02238757461309433
52,42598400,0.0002694,0.10199623107910157,0.0017327675223350525,0.007811279296875,1.0,44.93918250741677,710252.2631021647,-0.0009695474058389663,0.01732221096754074,0.7033763408660889,0.0030022852122783663,0.019864992797374727
53,43417600,0.0002688,0.10245121002197266,0.0015936845541000366,0.007264404296875,1.0,44.9465389876881,709682.481415797,-0.0009984294883906841,0.01594434529542923,0.6803398132324219,0.0030655818060040473,0.02117626816034317
54,44236800,0.00026819999999999996,0.10289051055908204,0.0015150581300258637,0.007203369140625,1.0,44.432852807283766,707166.2199788053,-0.0010369216091930867,0.012565323710441589,0.6551947116851806,0.0030490102246403692,0.02023034691810608
55,45056000,0.0002676,0.10359565734863281,0.001567382514476776,0.00729736328125,1.0,44.100091481461554,713721.0588939427,-0.000907197780907154,0.01310754120349884,0.6314554691314698,0.0029164783656597136,0.01950060874223709
56,45875200,0.000267,0.10387729644775391,0.0014359012246131897,0.006845703125,1.0,44.03072022459778,710155.5881583844,-0.000939896609634161,0.01085759475827217,0.6094401836395263,0.002953091263771057,0.01915014684200287
57,46694400,0.00026639999999999997,0.10462249755859375,0.0015864443778991699,0.007379150390625,1.0,43.95256177131244,708408.9289149625,-0.000885764416307211,0.014632156491279602,0.5895816326141358,0.002750769257545471,0.018799807131290435
58,47513600,0.00026579999999999996,0.10560833930969238,0.0015134519338607787,0.007197265625,0.9998938372525081,43.64074526248739,708071.1048888952,-0.0008911658078432083,0.011415525525808334,0.570481824874878,0.002855084277689457,0.01791759878396988
59,48332800,0.0002652,0.10577789306640625,0.0014014241099357604,0.00677490234375,1.0,43.424419221385385,715247.0133844053,-0.0010545783676207065,0.00966397523880005,0.5479937076568604,0.0029561745002865793,0.020064085721969604
60,49152000,0.0002646,0.1067650032043457,0.0013789314031600953,0.006573486328125,1.0,43.08188363903926,715046.1515368171,-0.0007606720551848412,0.011267853528261184,0.5278711795806885,0.002729552611708641,0.01765137314796448
61,49971200,0.00026399999999999997,0.10637155532836914,0.0012922446429729463,0.006177978515625,0.9999472518198123,43.205295917290854,704510.1966829301,-0.000982357095927,0.009396037459373474,0.5068693161010742,0.0027655865997076035,0.017731691896915435
62,50790400,0.00026339999999999995,0.10703317642211914,0.0013105648756027222,0.00614501953125,1.0,42.95134597255682,705612.8690630837,-0.00078669972717762,0.009043341130018234,0.4863719940185547,0.002603208273649216,0.015539915859699249
63,51609600,0.0002628,0.10721702575683593,0.0011681146174669266,0.00537353515625,0.9998956430993999,42.89543438559875,712471.1152748867,-0.0007474365178495645,0.008096817880868912,0.46633687019348147,0.0024224186316132547,0.013227416574954987
64,52428800,0.0002622,0.10743728637695313,0.0011891663819551467,0.005361328125,1.0,42.75242718446602,717586.9244065639,-0.0006020328961312771,0.009499342739582061,0.4444133758544922,0.0024799324572086336,0.01572229266166687
65,53248000,0.00026159999999999996,0.10706804275512695,0.0010589360445737838,0.005035400390625,1.0,42.63297955769331,711068.7761086477,-0.0007364943623542786,0.008074832707643509,0.4224704742431641,0.002827025018632412,0.01776513606309891
66,54067200,0.000261,0.107596435546875,0.0012058301270008087,0.00541748046875,0.9999479112407542,42.658974893218044,706091.5680492672,-0.000701452512294054,0.0090297169983387,0.399312686920166,0.0028178000822663305,0.01799694448709488
67,54886400,0.0002604,0.10772579193115234,0.0011653874814510346,0.00537353515625,0.9999479789835093,42.67715757165895,708984.7348020682,-0.0006290922407060862,0.009524240344762801,0.3800687789916992,0.0024773247539997103,0.015169556438922881
68,55705600,0.00025979999999999997,0.10793895721435547,0.0009965215623378753,0.004639892578125,0.999948250879735,42.450062098944315,713742.0671695414,-0.0006341235712170601,0.007714071869850158,0.361655068397522,0.0024881986901164055,0.015956790745258333
69,56524800,0.00025919999999999996,0.10872282028198242,0.0010939832776784898,0.0051953125,0.9999483657768369,42.37011411163319,710062.7403751231,-0.0006974275223910808,0.008733347058296204,0.3409111022949219,0.002593258023262024,0.015831787884235383
70,57344000,0.0002586,0.10886970520019532,0.0010921982675790786,0.00537353515625,0.999948717948718,42.25651282051282,710247.4273606344,-0.0006661834660917521,0.007311800122261047,0.3221930265426636,0.0028420012444257737,0.01927478313446045
71,58163200,0.000258,0.10892313957214356,0.0010078860819339752,0.004853515625,1.0,41.978785850368155,708382.8496798733,-0.0005955004133284092,0.006996776163578034,0.30269699096679686,0.002711496688425541,0.018298949301242828
72,58982400,0.00025739999999999997,0.10881630897521972,0.0009037961810827255,0.0044921875,1.0,42.12232949876746,715611.8593749003,-0.0008007071912288666,0.006118001416325569,0.2840466022491455,0.0026265176013112066,0.016935668885707855
73,59801600,0.00025679999999999995,0.10884843826293945,0.0010006972402334213,0.00462890625,1.0,42.06859020433309,714042.3708487602,-0.0006548773497343063,0.007080066949129105,0.2633444547653198,0.002665412425994873,0.017885619401931764
74,60620800,0.0002562,0.10941333770751953,0.0010518305003643035,0.004805908203125,1.0,41.912714636140635,712551.3673055312,-0.0006419043522328139,0.007159090042114258,0.24371471405029296,0.0024752186611294745,0.013728514313697815
75,61440000,0.0002556,0.10978873252868653,0.0010232296586036682,0.004853515625,1.0,41.72179493709571,711918.3672810373,-0.0005874610040336847,0.007308236509561539,0.22809464931488038,0.0025347037240862846,0.015239988267421723
76,62259200,0.00025499999999999996,0.10964746475219726,0.0010007049143314361,0.004705810546875,0.9999487914789021,41.82153830397378,716169.2697987217,-0.0006134696770459414,0.007065630704164505,0.21061999797821046,0.0025870369747281073,0.0165865495800972
77,63078400,0.00025439999999999995,0.10986401557922364,0.0009935716539621353,0.004783935546875,1.0,41.5615763546798,711499.173488458,-0.000582087691873312,0.006779412925243378,0.19231784343719482,0.0025047754868865015,0.016764159500598907
78,63897600,0.0002538,0.10998902320861817,0.000968964695930481,0.004393310546875,1.0,41.83702079934747,711986.0034686958,-0.000630911672487855,0.00632571130990982,0.17121042013168336,0.0026064829900860785,0.01612304598093033
79,64716800,0.0002532,0.1100773811340332,0.000989215224981308,0.0047998046875,1.0,41.688730964467005,711584.0643343371,-0.000563887320458889,0.006867262721061707,0.148625910282135,0.0024113887920975685,0.014218504726886749
80,65536000,0.00025259999999999996,0.11061210632324218,0.0009074342250823974,0.004224853515625,1.0,41.608993902439025,708607.13473213,-0.0006517520174384117,0.005791739746928215,0.13112285137176513,0.002121542394161224,0.010913453996181488
81,66355200,0.00025199999999999995,0.11070777893066407,0.0008850559592247009,0.004183349609375,0.9998985338136066,41.62198772259145,712781.7440751836,-0.0006206495221704244,0.006144598498940468,0.1100794792175293,0.0024560656398534774,0.013740235567092895
82,67174400,0.0002514,0.11083353996276855,0.0008194462954998016,0.00383056640625,1.0,41.34608185359438,709326.5202264206,-0.000579304713755846,0.006071477010846138,0.0881254494190216,0.0022917980328202247,0.013746581971645355
83,67993600,0.00025079999999999997,0.11025880813598633,0.0009374692291021347,0.003992919921875,1.0,41.54704539690591,706016.7705722208,-0.0006307899951934814,0.006054224446415901,0.07253129482269287,0.0026359986513853073,0.016880372166633607
84,68812800,0.00025019999999999996,0.11073833465576172,0.0009110882133245468,0.003931884765625,1.0,41.56257927045812,712038.9583971187,-0.000376069825142622,0.005728835612535477,0.06015515923500061,0.0023133020848035814,0.013736693561077118
85,69632000,0.00024959999999999994,0.11074784278869629,0.0008501372486352921,0.0040380859375,0.9999494668755369,41.44853201273435,708275.5887120649,-0.00048781898804008963,0.0050467394292354585,0.04683756232261658,0.002314917743206024,0.013128416240215301
86,70451200,0.000249,0.11091056823730469,0.0008198657631874085,0.003836669921875,1.0,41.223078084881436,710407.5763446358,-0.0004171765875071287,0.005828215554356575,0.030533167719841003,0.002426040172576904,0.015192018449306488
87,71270400,0.0002484,0.11100383758544922,0.0008873626589775086,0.004244384765625,0.9998991172761664,41.410441361916774,708765.1415655871,-0.0005057685542851686,0.0053491279482841495,0.012789955735206604,0.002193056046962738,0.012632323801517487
88,72089600,0.0002478,0.11143728256225587,0.0008386269211769104,0.00386474609375,1.0,41.286608449851094,709955.3839817698,-0.0004369435831904411,0.0057715166360139845,-0.002895563840866089,0.002341655641794205,0.014025513827800751
89,72908800,0.0002472,0.11099723815917968,0.000817861407995224,0.003612060546875,1.0,41.14213172448466,712321.5717552949,-0.0003882742254063487,0.005862802639603615,-0.017101792991161345,0.002465905249118805,0.015970580279827118
90,73728000,0.0002466,0.11108840942382812,0.0007275769114494324,0.00333251953125,0.9999494157519349,41.41549901360716,712067.6243736772,-0.0005619795061647892,0.005188548564910888,-0.03469387888908386,0.0023646801710128784,0.013355469703674317
91,74547200,0.000246,0.11135322570800782,0.0009445784986019134,0.004075927734375,0.999949705778806,41.22134486747473,709535.3194894777,-0.0004423881880939007,0.0065673008561134335,-0.050425946712493896,0.0023429950699210165,0.01503612995147705
92,75366400,0.0002454,0.11149167060852051,0.0007498358935117722,0.0032421875,1.0,41.06541447533183,709218.4975485079,-0.0006036234553903341,0.0058564916253089905,-0.06607816219329835,0.002527686394751072,0.017061890661716463
93,76185600,0.0002448,0.11169340133666993,0.0008378424495458603,0.0036181640625,0.9999497133661873,41.2507794428241,713050.8581393132,-0.0003619022434577346,0.005665731430053711,-0.07785052657127381,0.002457549422979355,0.01690990924835205
94,77004800,0.00024419999999999997,0.11174822807312011,0.0007928543537855148,0.003565673828125,1.0,41.06265072347267,711496.5822276525,-0.00032446442637592556,0.0058048773556947705,-0.09101283550262451,0.0023268301039934157,0.014725464582443237
95,77824000,0.00024359999999999999,0.1114426612854004,0.0006962842494249344,0.00336181640625,1.0,41.11553904838386,713546.8179932253,-0.0005208996124565601,0.004524576291441917,-0.10611270666122437,0.0022445855662226676,0.012979857623577118
96,78643200,0.000243,0.11156939506530762,0.0007006585597991944,0.003349609375,0.99995004995005,40.97687312687313,711922.5427131369,-0.00043777027167379856,0.00463976226747036,-0.12087011337280273,0.0022612769156694413,0.013503417372703552
97,79462400,0.00024239999999999998,0.11212238311767578,0.0008178587257862091,0.00344482421875,0.999949847033452,41.032950499022014,717505.7697340173,-0.0005337975453585386,0.004745401442050934,-0.13961105346679686,0.0021509390324354173,0.01127026453614235
98,80281600,0.0002418,0.11194194793701172,0.0008476520329713821,0.003604736328125,0.9999001348179957,40.98127527837419,715254.6669944004,-0.0004308624658733606,0.005403715744614601,-0.15793634653091432,0.0022979840636253358,0.013218992948532104
99,81100800,0.00024119999999999998,0.11268343925476074,0.0008761034905910492,0.003740234375,0.9999503006808806,40.735848118880774,703612.0124580684,-0.00037626093253493307,0.0067835204303264614,-0.1697866678237915,0.0023149905726313593,0.01329101324081421
100,81920000,0.0002406,0.11269580841064453,0.0007974344491958618,0.0035986328125,0.999950002499875,41.005999700014996,705535.6997836496,-0.00044373353011906147,0.00467572920024395,-0.18262462615966796,0.0022648565471172334,0.01408044695854187
101,82739200,0.00023999999999999998,0.11276371955871582,0.000749240666627884,0.00349853515625,1.0,40.814366183141416,712637.1289394257,-0.000544506125152111,0.005211225897073746,-0.20130388736724852,0.002499537169933319,0.015659546852111815
102,83558400,0.0002394,0.11274178504943848,0.0007542555034160614,0.0036474609375,0.9999504091247211,40.61795189685098,711451.0686076261,-0.0005176711361855269,0.005110341310501099,-0.21461167335510253,0.002248174138367176,0.013681153953075408
103,84377600,0.0002388,0.11279579162597657,0.0008414162695407867,0.003931884765625,0.9999503598907917,40.69426656738645,709965.2081728559,-0.00036889645271003245,0.005411191284656525,-0.22551994323730468,0.002247442863881588,0.013863644003868103
104,85196800,0.0002382,0.1124644947052002,0.0007969339936971664,0.003734130859375,1.0,40.72312590160673,705702.2524760774,-0.00039717741310596466,0.00643065944314003,-0.23645901679992676,0.002461339347064495,0.016490602493286134
105,86016000,0.0002376,0.11270196914672852,0.0007020943611860275,0.003157958984375,1.0,40.691385767790266,707588.2875574081,-0.0004800770431756973,0.004359900951385498,-0.24967148303985595,0.0021371204406023026,0.011757078766822814
106,86835200,0.000237,0.1124385929107666,0.0007124482095241546,0.003515625,0.9999501222006085,40.87540525712006,713020.3642570826,-0.0003937941510230303,0.004325535148382187,-0.26327364444732665,0.002502862177789211,0.016232787072658537
107,87654400,0.0002364,0.11280838966369629,0.0007950489968061447,0.003603515625,0.9998509983113142,40.81076785536903,711158.9328533624,-0.0003894084133207798,0.005314859002828598,-0.27746734619140623,0.0023556141182780265,0.014668209850788117
108,88473600,0.00023579999999999999,0.11297927856445313,0.0007440023124217987,0.003419189453125,0.9999005815976537,40.67967390764031,710039.061121977,-0.0004250430501997471,0.004581690207123757,-0.2926115751266479,0.002456746995449066,0.015891358256340027
109,89292800,0.0002352,0.11299034118652344,0.000647653266787529,0.003175048828125,0.9999503327704381,40.75846826264031,709013.6008683011,-0.00040133874863386155,0.0037454914301633833,-0.30910160541534426,0.00214192159473896,0.012341918051242828
110,90112000,0.00023459999999999998,0.11313714027404785,0.0006690137088298798,0.003155517578125,1.0,40.655168986083495,715025.3323391126,-0.0004230600781738758,0.003858092799782753,-0.32326407432556153,0.002130001038312912,0.012953858077526092
111,90931200,0.000234,0.11321182250976562,0.0007456515729427338,0.0034423828125,0.9999008575819164,40.71283398602092,714399.7031567427,-0.00032932760659605266,0.004859140515327454,-0.3333348274230957,0.0021056868135929108,0.012240231782197953
112,91750400,0.00023339999999999998,0.11333967208862304,0.0008093236386775971,0.003592529296875,0.9999503229011426,40.6471435668157,710904.991863486,-0.0005160151980817318,0.0040668189525604245,-0.3421742916107178,0.002170136570930481,0.012693358957767487
113,92569600,0.0002328,0.11341814041137695,0.000752839595079422,0.003321533203125,0.9999504287909582,40.4451990284043,713190.060745696,-0.00034593604505062103,0.005544385686516762,-0.3520214080810547,0.0022926006466150286,0.014441284537315368
114,93388800,0.00023219999999999998,0.11322790145874023,0.0007180862128734588,0.00345947265625,0.9999505170963432,40.598347271017865,717981.3883184124,-0.00037638749927282333,0.0039208270609378815,-0.3656761884689331,0.0023009033873677255,0.0139650896191597
115,94208000,0.0002316,0.11353793144226074,0.0007224277406930924,0.003397216796875,0.999801439563167,40.91700173740382,714850.3929640935,-0.00044870777055621146,0.004070815816521645,-0.37724289894104,0.0020621079951524735,0.01171862930059433
116,95027200,0.00023099999999999998,0.11331567764282227,0.000728122889995575,0.003472900390625,0.9999505195447798,40.521771400296885,712871.3941735246,-0.0004395852796733379,0.004094359651207924,-0.390653395652771,0.002559110149741173,0.017158572375774384
117,95846400,0.0002304,0.1137359619140625,0.0007417037338018417,0.003551025390625,1.0,40.458654416123295,707514.128302991,-0.00044069509021937847,0.003835104778409004,-0.40442709922790526,0.0022782139480113984,0.011833373457193375
118,96665600,0.00022979999999999997,0.11343512535095215,0.0007323455810546875,0.003475341796875,1.0,40.39311433362928,701763.5439680497,-0.0003639791626483202,0.005223102495074272,-0.4184395790100098,0.002455770783126354,0.01688134968280792
119,97484800,0.0002292,0.11376155853271484,0.000763111561536789,0.003519287109375,0.9999504975001238,40.545121528637196,711204.0084424715,-0.00044800550676882267,0.004203227907419204,-0.4334724426269531,0.0025175539776682854,0.017602415382862092
120,98304000,0.00022859999999999997,0.11347575187683105,0.0006785760074853897,0.003074951171875,1.0,40.2879511546605,709310.4003885399,-0.0004695052746683359,0.004323862865567208,-0.4466008186340332,0.0022660993039608003,0.014667360484600067
121,99123200,0.00022799999999999999,0.11383831977844239,0.0007148540019989014,0.003294677734375,0.999950544015826,40.4190900098912,707951.2536319591,-0.000479925749823451,0.003585563600063324,-0.4610444068908691,0.00223697554320097,0.01414233297109604
122,99942400,0.00022739999999999997,0.11384222030639649,0.0007445681095123291,0.003365478515625,0.9999015554242962,40.47273085253003,704341.5329080926,-0.0004407311324030161,0.003767262399196625,-0.47317142486572267,0.0020459288731217383,0.010960938036441803
123,100761600,0.00022679999999999998,0.11375016212463379,0.0006902916729450226,0.00302734375,1.0,40.368659732833834,711864.1520438797,-0.0003572775050997734,0.004549876227974892,-0.4887547969818115,0.0023236887529492377,0.014920899271965027
124,101580800,0.00022619999999999997,0.11388225555419922,0.0006570731848478317,0.003179931640625,1.0,40.14581178903826,710095.3732429233,-0.0003799725091084838,0.003684956580400467,-0.5014657497406005,0.002103400602936745,0.012598878145217896
125,102400000,0.00022559999999999998,0.1137357234954834,0.0006064479798078538,0.00287353515625,0.9999017874680809,40.44004124926341,708211.157970169,-0.00031508533284068107,0.004631420597434044,-0.5088938236236572,0.0021579883992671966,0.013482053577899934
126,103219200,0.000225,0.11382419586181641,0.0005811700224876404,0.0026318359375,1.0,40.31523833045196,707344.0924296598,-0.0004209982231259346,0.003828229010105133,-0.5197231292724609,0.0021034261211752892,0.01234448105096817
127,104038400,0.00022439999999999998,0.11440678596496583,0.0006972108781337738,0.003231201171875,0.9999508792612241,40.333726299243544,710956.0209505871,-0.00040948144160211084,0.0036964822560548783,-0.5334317684173584,0.002414471656084061,0.015745483338832855
128,104857600,0.0002238,0.11445699691772461,0.000696529597043991,0.003172607421875,1.0,40.16692002157603,710946.715787352,-0.00035084595438092945,0.003902199491858482,-0.5474018573760986,0.0022181663662195206,0.013206419348716737
129,105676800,0.00022319999999999998,0.1141452980041504,0.0006528522074222564,0.00307861328125,0.9999017536965171,40.224689296065236,713484.9044676599,-0.0003942307084798813,0.0037114717066287994,-0.5590354919433593,0.0023496950045228003,0.014328612387180329
130,106496000,0.0002226,0.11415182113647461,0.0006821582466363907,0.0033203125,0.9999018115764151,40.23442486130885,712337.9165787633,-0.0005029180552810431,0.0033043276518583296,-0.5703812122344971,0.0020834218710660936,0.012176267802715302
131,107315200,0.00022199999999999998,0.11412694931030273,0.0006846340000629425,0.003121337890625,1.0,40.13938738384385,716368.0549615475,-0.0005283922888338566,0.004038605466485023,-0.5810004234313965,0.0022694556042551993,0.013185788691043854
132,108134400,0.0002214,0.11422717094421386,0.0006572062522172928,0.003045654296875,0.9999017778214321,40.24044789313427,715770.601213719,-0.0005492102820426226,0.003695887699723244,-0.5883016109466552,0.0022750068455934525,0.013904052972793578
133,108953600,0.00022079999999999997,0.1146580696105957,0.0005909193679690361,0.002935791015625,0.9999510595605149,40.08256252141144,712464.0197164767,-0.00039407312870025634,0.0030142949894070626,-0.5984097480773926,0.0022185221314430237,0.013053831458091737
134,109772800,0.00022019999999999999,0.11503781318664551,0.0006977760791778564,0.0034033203125,0.9999017874680809,40.18139854645453,712520.9885643648,-0.00041037374176084996,0.0035488061606884004,-0.6112680912017823,0.0025291720405220984,0.018262819945812227
135,110592000,0.00021959999999999997,0.11451956748962402,0.0007306963205337524,0.003363037109375,0.9998538154176007,40.11066172887633,710134.565739409,-0.00029186313040554526,0.0060574978590011595,-0.6227822780609131,0.002254396677017212,0.013990113139152527
136,111411200,0.00021899999999999998,0.11452624320983887,0.0006133075803518295,0.00309814453125,0.9999025436117337,39.98080109151155,708403.4517297846,-0.0002850023098289967,0.003474363312125206,-0.6316368579864502,0.0021342823281884195,0.013250122964382171
137,112230400,0.00021839999999999997,0.11459419250488281,0.0007309426367282868,0.00354248046875,0.9999018742027279,40.07418310273771,703701.7958858724,-0.0002943609841167927,0.004314464703202248,-0.6435955047607422,0.002660767361521721,0.019953979551792143
138,113049600,0.00021779999999999998,0.1150819206237793,0.0006850542873144149,0.003187255859375,1.0,40.15946552228616,708645.3579871701,-0.00029916611965745686,0.004815046861767769,-0.6579848289489746,0.002223627269268036,0.014297357201576233
139,113868800,0.00021719999999999997,0.1147141170501709,0.0006469359993934631,0.00325439453125,0.9999511217557066,39.922576861039154,705484.515710859,-0.00034736895468086005,0.0036987502127885817,-0.6713730335235596,0.002022910863161087,0.011936766654253006
140,114688000,0.00021659999999999998,0.11467653274536133,0.0006984607875347138,0.0034912109375,0.9999020040178352,40.127835758733895,713638.3628701735,-0.00039672600105404853,0.003757554665207863,-0.6826478004455566,0.0023618726059794425,0.015378785133361817
141,115507200,0.00021599999999999996,0.11495244979858399,0.0005421827733516693,0.002923583984375,1.0,39.97075937606963,706901.2180185426,-0.0004874233156442642,0.002988188341259956,-0.694216537475586,0.0022986801341176033,0.015053956210613251
142,116326400,0.00021539999999999998,0.11486963272094726,0.0006533558666706085,0.003072509765625,0.9999510787143486,40.01306198326892,709184.272765615,-0.0003983120899647474,0.0035092081874608994,-0.7073799133300781,0.002225365303456783,0.013318236172199249
143,117145600,0.00021479999999999996,0.11514369964599609,0.0006903565675020218,0.00335693359375,0.9999511694906977,39.926656575028076,707471.2501652775,-0.000339445355348289,0.0039664022624492645,-0.7166098594665528,0.0022874025627970694,0.014728516340255737
144,117964800,0.00021419999999999998,0.11470771789550781,0.0006449930369853973,0.00315185546875,0.9998527896363903,40.24981598704549,710259.1201095787,-0.00029080230742692945,0.003894152119755745,-0.7243494510650634,0.0022065015509724617,0.014097411930561066
145,118784000,0.00021359999999999996,0.114593505859375,0.0007060179859399796,0.003209228515625,0.9998045252406783,40.12397986609979,712469.6347496079,-0.00031857506837695837,0.004928436502814293,-0.7327790260314941,0.0021630926057696342,0.013255983591079712
146,119603200,0.00021299999999999997,0.11497088432312012,0.0007138651609420776,0.003133544921875,0.9999021813557664,40.07610290521373,711032.4155886795,-0.0003525214968249202,0.004943227395415306,-0.743139123916626,0.0021757833659648896,0.013896238803863526
147,120422400,0.00021239999999999996,0.1148328971862793,0.0006823180615901947,0.003131103515625,0.9999514067738957,39.81714369016959,708145.1208458053,-0.00023447293788194656,0.004728788509964943,-0.7519999504089355,0.0022492801770567896,0.014955076575279235
148,121241600,0.00021179999999999997,0.11502685546875,0.000591980516910553,0.002974853515625,0.9999511957052221,39.82406051732553,714350.5051919878,-0.00036816957872360946,0.003645936772227287,-0.761229419708252,0.0020892269909381866,0.012471678853034972
149,122060800,0.00021119999999999996,0.1150290298461914,0.0006428701430559159,0.003134765625,0.9998051347006381,39.99040288400643,715213.8628638622,-0.0003843966871500015,0.003178568184375763,-0.7732297420501709,0.0021777957677841186,0.012620481848716735
150,122880000,0.00021059999999999997,0.11518924713134765,0.0005697188526391983,0.00286865234375,0.9998542486518001,39.90861390467862,713645.3878969549,-0.00028163488022983076,0.0035257842391729355,-0.7834306240081788,0.0023492150008678435,0.014976924657821656
151,123699200,0.00020999999999999998,0.11530324935913086,0.0007016918808221817,0.003289794921875,0.999951340567369,39.84959369373753,712210.1998571876,-0.0003701116656884551,0.003774542734026909,-0.7943349838256836,0.0021258629858493805,0.012831786274909973
152,124518400,0.00020939999999999997,0.11511215209960937,0.0005656882375478744,0.002891845703125,0.999902291269725,40.00014656309541,714528.1434427535,-0.00027433510404080154,0.002807939425110817,-0.8080842018127441,0.0022405292838811874,0.01416918933391571
153,125337600,0.00020879999999999998,0.11540690422058106,0.0005798019468784332,0.002867431640625,0.9999513050253214,39.962504869497465,714149.4014275088,-0.00037299341056495905,0.002964852750301361,-0.8217815399169922,0.002289914898574352,0.015005858242511749
154,126156800,0.00020819999999999996,0.11515470504760743,0.0006666380912065506,0.0031103515625,0.9999512860483243,39.8155202650039,707263.5159115013,-0.00032594334334135056,0.005380640923976898,-0.8324262619018554,0.0022245749831199648,0.014928224682807922
155,126976000,0.00020759999999999998,0.11528682708740234,0.00054862879216671,0.002607421875,0.9999513547696648,39.89726127353213,697030.97413477,-0.0003624416654929519,0.0032693646848201753,-0.8447179794311523,0.002457468584179878,0.01637914776802063
156,127795200,0.00020699999999999996,0.11528373718261718,0.0005760988965630531,0.002596435546875,0.9998542203216871,39.88954759706497,701143.8965940434,-0.00030815929640084507,0.004255114123225212,-0.8569270133972168,0.0023559404537081717,0.015306639671325683
157,128614400,0.00020639999999999998,0.11550431251525879,0.0006265906989574433,0.002735595703125,0.9999512860483243,39.82794232268122,705468.4910918982,-0.00032586769666522743,0.004164023697376252,-0.8740194320678711,0.002056976221501827,0.01218554824590683
158,129433600,0.00020579999999999996,0.11480323791503906,0.000622883141040802,0.0026953125,0.9999512290284822,39.92167381974249,708185.3723921153,-0.00030538225546479226,0.0039266377687454225,-0.8850481986999512,0.002302263490855694,0.015000490844249726
159,130252800,0.00020519999999999997,0.11534561157226562,0.0005635345727205277,0.0025439453125,1.0,39.77550921199747,706880.6751322463,-0.00037446077913045884,0.0033665016293525697,-0.892583179473877,0.0022046560421586036,0.013561278581619263
160,131072000,0.00020459999999999996,0.11521656036376954,0.0005262371525168419,0.0024609375,0.9998533079067038,39.990220527113586,701420.7635442305,-0.00039013833738863466,0.003414834290742874,-0.9027811050415039,0.0021570028737187387,0.013630978763103485
161,131891200,0.00020399999999999997,0.11506353378295898,0.0005724234133958816,0.0027001953125,0.9999025673503191,39.96692161543333,703060.6921357015,-0.00035451198928058145,0.0030992459505796432,-0.9155900955200196,0.0023802617564797402,0.01572277843952179
162,132710400,0.00020339999999999996,0.11532821655273437,0.0005530642718076706,0.00263427734375,0.9998540714077245,39.935596847942406,703222.0415534531,-0.0003195506287738681,0.002819771133363247,-0.9249279022216796,0.0023824313655495645,0.016939204931259156
163,133529600,0.00020279999999999997,0.11533954620361328,0.0005610758066177369,0.002691650390625,0.9999026953391067,39.86455191203659,709109.2329667687,-0.0004111941903829575,0.0026941485702991486,-0.93502197265625,0.0022415589541196824,0.013388305902481079
164,134348800,0.00020219999999999995,0.11566356658935546,0.00044169090688228607,0.002174072265625,0.9999023818820774,39.94782311597032,712104.353876615,-0.0004272067919373512,0.0023556577041745188,-0.9454120635986328,0.00230576042085886,0.014351193606853486
165,135168000,0.00020159999999999997,0.11529951095581055,0.000571945458650589,0.002794189453125,0.9999513807856865,39.80391870867367,710962.360145439,-0.0003252441296353936,0.0027652734890580176,-0.9546913146972656,0.0021085459738969803,0.012912479043006898
166,135987200,0.00020099999999999995,0.11563916206359863,0.0006033934280276299,0.002823486328125,1.0,39.85259989318833,712168.0990254898,-0.0003359660739079118,0.003409076854586601,-0.9635179519653321,0.002166290953755379,0.012102781981229781
167,136806400,0.00020039999999999997,0.11582104682922363,0.0005722388625144959,0.0028076171875,1.0,39.63811002231493,716247.598046861,-0.0003952167462557554,0.0030899841338396074,-0.974254035949707,0.002197366952896118,0.013988158106803894
168,137625600,0.00019979999999999995,0.11548704147338867,0.0005487200617790223,0.002684326171875,0.999854199066874,39.7855268273717,717217.6364423106,-0.0003613688051700592,0.0030919827520847322,-0.9872045516967773,0.0024158427491784095,0.015742918848991393
169,138444800,0.00019919999999999996,0.1156882381439209,0.000569445751607418,0.002806396484375,0.999951392601954,39.97268264229816,714661.9525189876,-0.0003439692780375481,0.0024842027574777602,-0.9999489784240723,0.0020344238728284836,0.011530151963233948
170,139264000,0.00019859999999999995,0.1156919002532959,0.0004946459829807281,0.002451171875,0.9999030067895247,39.785548011639186,706658.6152012763,-0.0002878679195418954,0.0025429211556911467,-1.0114075660705566,0.0021892575547099113,0.014255127310752869
171,140083200,0.00019799999999999996,0.11572683334350586,0.0005449928343296051,0.0026611328125,1.0,39.63503720636156,710035.1675349653,-0.0004446464125066996,0.002906697802245617,-1.0243352890014648,0.0021854497492313383,0.01380639523267746
172,140902400,0.00019739999999999995,0.11565235137939453,0.0005934266373515129,0.0026513671875,0.9999031945788964,39.675798644724104,707794.278358223,-0.0004732856061309576,0.0031374715268611907,-1.035294532775879,0.0022289203479886055,0.014490234851837158
173,141721600,0.00019679999999999999,0.11570891380310058,0.0005308233946561814,0.002542724609375,0.9998541352652307,39.82890066611562,706894.5373237545,-0.0003814971074461937,0.00250303465873003,-1.0449418067932128,0.002168796956539154,0.013109859824180604
174,142540800,0.0001962,0.11563840866088868,0.0005536599084734917,0.002681884765625,0.9999028843352433,39.724288627755655,694374.9779946354,-0.00027894373051822184,0.002589968405663967,-1.0589093208312987,0.0023469628766179087,0.015426149964332581
175,143360000,0.00019559999999999998,0.11588162422180176,0.0005361936613917351,0.002509765625,0.9998056082033339,39.821451134762114,703197.2130432263,-0.00040208627469837663,0.002807393483817577,-1.0691917419433594,0.0022835506126284598,0.015085208415985107
176,144179200,0.000195,0.11560432434082031,0.0005132633075118065,0.002359619140625,0.999757045675413,39.873566569484936,703909.8143484367,-0.0003258215030655265,0.003021814487874508,-1.0782178878784179,0.0023215660825371743,0.01601550281047821
177,144998400,0.00019439999999999998,0.1151719856262207,0.0005848632752895356,0.00282958984375,1.0,39.7617608345927,708664.6598572638,-0.00036683769430965183,0.003246433660387993,-1.0925283432006836,0.0022859182208776474,0.013884766399860382
178,145817600,0.0001938,0.11575809478759766,0.0006023590266704559,0.002713623046875,0.9997576580069795,39.86613028305545,705849.1436006197,-0.0003836056683212519,0.0029645975679159164,-1.1041509628295898,0.002170698344707489,0.01307092010974884
179,146636800,0.00019319999999999998,0.11532514572143554,0.0004750779271125793,0.002481689453125,0.999951399688958,39.72467923794712,705426.9187442254,-0.0003739345585927367,0.0026392895728349687,-1.111733627319336,0.0020977577194571497,0.013265138864517212
180,147456000,0.0001926,0.11608479499816894,0.0004761924594640732,0.002491455078125,0.9998064078985578,39.887474591036685,703666.4671680533,-0.00026464234106242656,0.003268454596400261,-1.120551300048828,0.0022259041666984557,0.014142820239067077
181,148275200,0.00019199999999999998,0.11590154647827149,0.00047609902918338776,0.002347412109375,0.9998545384018619,39.725804887509696,704082.9919402805,-0.00033836588263511656,0.002487239055335522,-1.1306886672973633,0.002307327277958393,0.01479821652173996
182,149094400,0.0001914,0.11579023361206055,0.0005232557654380798,0.00255615234375,0.9999514892791307,39.59217036965169,711422.1544841526,-0.0004119073506444693,0.0026348644867539408,-1.138890266418457,0.0024575816467404367,0.017444095015525816
183,149913600,0.00019079999999999998,0.11596977233886718,0.0005818528681993485,0.00261474609375,0.9999515855725006,39.6239651416122,715382.9408793085,-0.00030421719420701263,0.0030649321153759955,-1.1502808570861816,0.002665768750011921,0.020152589678764342
184,150732800,0.0001902,0.11568870544433593,0.00048754572868347167,0.00260009765625,1.0,39.668802796388,712160.157735783,-0.0004250127822160721,0.0028023604303598405,-1.1604720115661622,0.0022583000361919405,0.014585207402706146
185,151552000,0.00018959999999999997,0.11590141296386719,0.0006041489541530609,0.0028564453125,0.9998063891577929,39.809390125847045,711979.2450489698,-0.00031462733168154957,0.003453860804438591,-1.1655634880065917,0.0022483063861727715,0.01549694836139679
186,152371200,0.00018899999999999999,0.11612064361572266,0.0005068143457174301,0.002591552734375,0.999854418401514,39.67763381375261,717060.4302132234,-0.000246961391530931,0.0023876681923866274,-1.1724713325500489,0.002163744904100895,0.013943114876747131
187,153190400,0.00018839999999999997,0.1159532356262207,0.0005789542198181152,0.002864990234375,0.9999031523897148,39.63914580407729,712079.9632446927,-0.0002590082120150328,0.0046475548297166824,-1.1820444107055663,0.0024388253688812254,0.016996948421001433
188,154009600,0.00018779999999999998,0.11600739479064942,0.0006192295253276825,0.002960205078125,0.9998548410509508,39.798470992403345,704244.312825889,-0.00040560951456427576,0.0035864267498254775,-1.1936073303222656,0.0020102262496948242,0.011215576529502868
189,154828800,0.0001872,0.11622865676879883,0.0005519469082355499,0.0026708984375,1.0,39.55716220137344,707339.9123692838,-0.00038825226947665216,0.003056783601641655,-1.2037439346313477,0.002218678966164589,0.014099732041358948
190,155648000,0.00018659999999999998,0.11610039710998535,0.0005176785215735435,0.002567138671875,0.9999031664568606,39.57707950033892,706437.6581166754,-0.00030135996639728545,0.004087367281317711,-1.210287857055664,0.002223227173089981,0.01493518203496933
191,156467200,0.000186,0.11578348159790039,0.0005074065923690796,0.00260986328125,0.9998550584597545,39.60575901053242,709401.6753933004,-0.0003945053555071354,0.0029953500255942346,-1.2196292877197266,0.0022304320707917215,0.014148558676242828
192,157286400,0.00018539999999999998,0.11597453117370606,0.0005600971356034279,0.0027587890625,0.999854573658442,39.753066072034514,702289.705616756,-0.00028928446117788554,0.0029727835208177567,-1.2341154098510743,0.0022523874416947366,0.014272947609424592
193,158105600,0.0001848,0.11622762680053711,0.0004963487386703491,0.0025732421875,1.0,39.67117772603803,701151.3312756583,-0.000381237524561584,0.0023769110441207884,-1.2457965850830077,0.0022796781733632086,0.014980101585388183
194,158924800,0.00018419999999999998,0.11623058319091797,0.0005196401476860046,0.002547607421875,0.9998068938881916,39.65057449068263,706282.7136282856,-0.0002841724781319499,0.0035348646342754364,-1.2525803565979003,0.0021559307351708412,0.013154907524585724
195,159744000,0.0001836,0.11631637573242187,0.0005617214366793633,0.002689208984375,0.9999516954883586,39.6121630760313,706577.6718827336,-0.0003390685189515352,0.003189694881439209,-1.261094093322754,0.0021244773641228678,0.0127683088183403
196,160563200,0.00018299999999999998,0.11641139984130859,0.0004980511218309402,0.00240966796875,0.9999036655267087,39.434468474543614,710320.1652830841,-0.0003988548181951046,0.0025827815756201745,-1.2733281135559082,0.002138104848563671,0.012523190677165985
197,161382400,0.0001824,0.11580951690673828,0.0004933443292975425,0.002464599609375,0.9999517188103515,39.49454422556972,704563.7749589406,-0.0003256102092564106,0.0028668083250522614,-1.2850431442260741,0.002474975399672985,0.01735485941171646
198,162201600,0.00018179999999999997,0.11621868133544921,0.0005164474248886108,0.0024609375,0.9999031054696962,39.722736301535775,706974.9919989136,-0.0002933309180662036,0.0026026338338851927,-1.2964094161987305,0.002954388223588467,0.02519165277481079
199,163020800,0.00018119999999999999,0.11610700607299805,0.0004851768910884857,0.002230224609375,0.9999515175021817,39.613400562396976,707415.6107552376,-0.0003060184419155121,0.002812426909804344,-1.3062938690185546,0.002202395908534527,0.015203368663787842
200,163840000,0.00018059999999999997,0.11614457130432129,0.0005409786850214004,0.002464599609375,0.9998068099492876,39.76546727843516,713257.8556563049,-0.0004931266419589519,0.0025151334702968597,-1.315479564666748,0.0023765772581100463,0.016548585891723634
201,164659200,0.00017999999999999998,0.11627143859863281,0.0004710701107978821,0.00224853515625,0.9999518118735543,39.57830570547417,716334.711627421,-0.000508478656411171,0.002654741518199444,-1.3259003639221192,0.0022686829790472983,0.01601659953594208
202,165478400,0.00017939999999999997,0.11628005981445312,0.0005004584416747094,0.00231201171875,0.999951888381044,39.43348568679336,714647.7912768322,-0.00018769102171063424,0.002349749580025673,-1.3356645584106446,0.002875898964703083,0.024198606610298157
203,166297600,0.00017879999999999998,0.11651882171630859,0.0005024269968271256,0.00208984375,1.0,39.524893245341616,713700.444329489,-0.0003358156885951757,0.0032660644501447678,-1.3433473587036133,0.0024964606389403345,0.018392086029052734
204,167116800,0.00017819999999999997,0.11615583419799805,0.0004556247591972351,0.002139892578125,0.9999517258025585,39.652618875211196,717930.6092844957,-0.00030509636271744964,0.0026452355086803436,-1.3530637741088867,0.0022890694439411164,0.015104611217975617
205,167936000,0.0001776,0.1163101577758789,0.0005192860960960388,0.00234130859375,0.999855637361051,39.49473076367836,713661.1693445545,-0.0003696412080898881,0.0026320993900299074,-1.363023853302002,0.002344953827559948,0.016859006881713868
206,168755200,0.00017700000000000002,0.1163630485534668,0.0005802340433001519,0.002412109375,0.9999515362993118,39.50828729281768,710147.8806010203,-0.00023745787329971791,0.0031918786466121674,-1.372529888153076,0.002730153501033783,0.02212585657835007
207,169574400,0.0001764,0.11619709014892578,0.00045377615839242935,0.002210693359375,0.9999517932896259,39.44446586964906,707087.9732171284,-0.0003938769455999136,0.0024372635409235953,-1.37987060546875,0.0023767417296767235,0.016609250009059905
208,170393600,0.00017580000000000002,0.11616312026977539,0.0005133166164159775,0.002427978515625,0.9999036423202929,39.41761418385045,709703.2730817427,-0.00029246767517179253,0.0026099929586052895,-1.3861223220825196,0.0024368429556488993,0.017496947944164277
209,171212800,0.0001752,0.11622993469238281,0.0005329949408769607,0.00251220703125,0.9997588385665365,39.69599189697583,712371.6602187188,-0.00024137522559612988,0.002654683031141758,-1.3948620796203612,0.002604549378156662,0.019154174625873564
210,172032000,0.00017460000000000002,0.1164983081817627,0.0005235109850764275,0.0025732421875,0.9999035307736832,39.483117885394556,709581.5956343247,-0.0002977114403620362,0.003280892223119736,-1.4042223930358886,0.0022667588666081427,0.015215575695037842
211,172851200,0.000174,0.1165362548828125,0.0004675422981381416,0.0023974609375,0.9998065576941677,39.62984814778992,694388.9762106597,-0.0001636542147025466,0.002730313129723072,-1.4179884910583496,0.00267730001360178,0.022176997363567354
212,173670400,0.0001734,0.11645759582519531,0.0005493692681193352,0.002476806640625,0.9998554007808358,39.604183737407816,706911.0543035184,-0.00021576618310064076,0.0033865537494421004,-1.4293102264404296,0.0027576223015785216,0.022301389276981352
213,174489600,0.0001728,0.11646867752075195,0.00043514877557754517,0.00233154296875,1.0,39.52996662313162,710890.4221082666,-0.00034192707389593127,0.0022158211097121237,-1.442082118988037,0.0021935222670435906,0.01422717273235321
214,175308800,0.0001722,0.11647716522216797,0.0005468554049730301,0.002528076171875,0.9999037582407007,39.33583561907512,711267.4922756124,-0.00042390739545226095,0.0026765335351228714,-1.453582191467285,0.002330153435468674,0.015946771204471587
215,176128000,0.0001716,0.11646713256835937,0.00048316285014152524,0.00241943359375,1.0,39.34558752766817,709894.3699774815,-0.0005166834220290184,0.002559974230825901,-1.4615400314331055,0.002389231324195862,0.016694334149360657
216,176947200,0.000171,0.11668825149536133,0.0004173664003610611,0.00236328125,0.999951862905555,39.38427842495427,704238.05508883,-0.00031714842189103367,0.0020860705524683,-1.4699199676513672,0.002306690439581871,0.01608874648809433
217,177766400,0.0001704,0.1163848876953125,0.00045523151755332946,0.002283935546875,0.9997095274980635,39.801800929512005,710872.9465152381,-0.00022139996290206909,0.0023088112473487856,-1.4818669319152833,0.0021968917921185494,0.013585935533046722
218,178585600,0.0001698,0.1163833999633789,0.0005106059089303017,0.002548828125,0.9999039108292496,39.43759008359758,714781.6345733706,-0.0003931343089789152,0.0023113073781132697,-1.4934943199157715,0.0023292006924748422,0.014461299777030945
219,179404800,0.0001692,0.11643505096435547,0.00045698806643486024,0.00214599609375,0.999903437620703,39.51153920432599,713087.4217813145,-0.00037413137033581734,0.0028477082028985023,-1.5029361724853516,0.002433632127940655,0.01704809218645096
220,180224000,0.0001686,0.11650190353393555,0.0005185247212648392,0.002662353515625,0.9999518559530114,39.439507004958834,711533.6063883295,-0.0002338952384889126,0.0027552062645554544,-1.5122751235961913,0.0023249829187989234,0.016283078491687773
221,181043200,0.000168,0.11652368545532227,0.0005755174905061721,0.0028173828125,0.9999039015952336,39.42475494906785,711609.0607472719,-0.00029271664097905157,0.0033243685960769654,-1.521461296081543,0.00239707175642252,0.01762976050376892
222,181862400,0.0001674,0.11670494079589844,0.00047508224844932556,0.002347412109375,0.9999033629686896,39.51613838422884,717791.6415501479,-0.00019075572490692138,0.0022270161658525466,-1.531696891784668,0.00246184840798378,0.017765142023563385
223,182681600,0.0001668,0.11651148796081542,0.0005427778139710426,0.002630615234375,0.999903544731131,39.46737400530504,707247.4386647668,2.4519511498510836e-06,0.00328170619904995,-1.5430243492126465,0.002756774052977562,0.023133541643619537
224,183500800,0.0001662,0.11657646179199219,0.0005229295045137406,0.002672119140625,0.9998560944020722,39.409987048496184,709025.5573634611,-0.00038157149683684113,0.0026926456019282343,-1.5554146766662598,0.0025771716609597206,0.01895751953125
225,184320000,0.0001656,0.11629402160644531,0.0005005766451358795,0.002437744140625,0.9999034422826244,39.39434171776179,708076.4968518117,-0.0004587845411151648,0.002610361576080322,-1.567142868041992,0.002434881404042244,0.01726037859916687
226,185139200,0.000165,0.11653197288513184,0.0005558494105935097,0.0026806640625,0.9999037258111101,39.38904399730432,712155.3657458974,-0.00026558153331279755,0.002517432160675526,-1.5776464462280273,0.0024061853066086767,0.016750366985797883
227,185958400,0.0001644,0.11659110069274903,0.0005634612217545509,0.002664794921875,0.9998556095682726,39.44530009144727,710023.6414895861,-0.0004838691558688879,0.0025456469506025315,-1.5915268898010253,0.00240151472389698,0.015977536141872407
228,186777600,0.0001638,0.1166560173034668,0.0005132358148694038,0.00243408203125,0.999759198612984,39.53978038913504,709316.1896150073,-0.00021518655121326445,0.0023883312940597536,-1.6043430328369142,0.0024256952106952666,0.017999756336212158
229,187596800,0.0001632,0.1164522933959961,0.0005597565323114395,0.002789306640625,0.999903702633733,39.379893109923444,704597.9895309228,-0.0004436881747096777,0.002460695430636406,-1.6144445419311524,0.002130527049303055,0.013133546710014344
230,188416000,0.0001626,0.11651766777038575,0.0004925283044576645,0.00249267578125,0.9998075812969021,39.56595151048682,698438.2331304472,-0.00031281174160540103,0.0022864075377583503,-1.6233917236328126,0.002494180761277676,0.018803340196609498
231,189235200,0.000162,0.11643657684326172,0.000516471192240715,0.00246337890625,0.9999518513168665,39.368915210169,709833.4583980999,-0.00026812246069312095,0.0027677340433001517,-1.6322288513183594,0.0024994542822241784,0.018133179843425752
232,190054400,0.0001614,0.11637055397033691,0.0004890403896570206,0.002176513671875,1.0,39.37459550833132,708149.2112290649,-0.0002979622920975089,0.0023841170594096186,-1.6407657623291017,0.002269013784825802,0.015009398758411407
233,190873600,0.0001608,0.11651323318481445,0.0004972381517291069,0.002301025390625,0.9998068379370292,39.50178674908248,709133.2701525866,-0.00030755451880395415,0.002340453118085861,-1.6483724594116211,0.0021959733217954635,0.014250117540359496
234,191692800,0.0001602,0.1159779167175293,0.0005208197236061097,0.002337646484375,0.9999034842196699,39.466605540005794,705603.0991538009,-0.00032327580265700817,0.0025830984115600584,-1.6581899642944335,0.002416299097239971,0.01688513159751892
235,192512000,0.0001596,0.11621326446533203,0.0004993331432342529,0.002149658203125,0.999805985351894,39.67880875006063,708555.7661868393,-0.00032964989077299833,0.002655780129134655,-1.6672346115112304,0.0023756768554449082,0.01592980921268463
236,193331200,0.000159,0.1159201717376709,0.0005344285070896149,0.0023583984375,0.9997595460228912,39.608877560834856,716913.4902726924,-0.0002684659790247679,0.00338442325592041,-1.6759796142578125,0.002259772643446922,0.015411250293254852
237,194150400,0.0001584,0.11642271995544434,0.0004835675284266472,0.002415771484375,0.9998555052499759,39.5662267604277,714512.5456330738,-0.00032241290900856254,0.0025176409631967544,-1.6858427047729492,0.0025049904361367226,0.0175107404589653
238,194969600,0.0001578,0.11666707992553711,0.0004561801254749298,0.002178955078125,0.9997113025068566,39.67569648270221,712419.0809996376,-0.00026859794743359087,0.0021393973380327224,-1.6915678024291991,0.0025222297757864,0.0185249000787735
239,195788800,0.0001572,0.1164687728881836,0.0004184642434120178,0.00213623046875,0.9999037072701011,39.33201733269138,712660.3413201713,-0.000370348640717566,0.0022121649235486984,-1.7002574920654296,0.002112732268869877,0.012935180962085725
240,196608000,0.00015659999999999998,0.11692798614501954,0.0005014917999505996,0.002271728515625,0.9999519830980506,39.41193700182464,714608.0872829108,-0.00021456005051732064,0.0032691579312086106,-1.7091192245483398,0.0025973783805966376,0.020344237983226775
241,197427200,0.000156,0.1169910717010498,0.0005335369706153869,0.00236083984375,1.0,39.29496333461984,711513.7371281814,-8.445580606348812e-05,0.0033660639077425004,-1.7194416046142578,0.0023582614958286285,0.016652464866638184
242,198246400,0.00015539999999999998,0.11686017990112305,0.00045481216162443163,0.00219970703125,0.999952104985871,39.382729057905074,705496.7652714254,-0.00028057065792381765,0.002480816841125488,-1.729110336303711,0.002161392942070961,0.01442212164402008
243,199065600,0.0001548,0.11686095237731933,0.0004536958038806915,0.00224853515625,0.9999519531062316,39.332676692451834,706892.860459221,-0.00025538187474012376,0.002274811267852783,-1.7357599258422851,0.0020723091438412666,0.013541625440120697
244,199884800,0.00015419999999999998,0.11679374694824218,0.0004817555099725723,0.002174072265625,0.9998552123552124,39.55704633204633,708836.9903954448,-0.00017322617350146174,0.002529227361083031,-1.7435331344604492,0.002416822127997875,0.017030395567417145
245,200704000,0.0001536,0.11688671112060547,0.0004921984672546386,0.002213134765625,0.9999035540338526,39.4958769349472,710187.029008417,-0.00014625706244260074,0.002540789730846882,-1.750142478942871,0.002430758997797966,0.018193602561950684
246,201523200,0.00015299999999999998,0.11677735328674316,0.0005222699418663978,0.002403564453125,1.0,39.2492905584147,707583.7105806137,-0.0002299716230481863,0.0037685006856918333,-1.7563888549804687,0.002255762368440628,0.014933352172374726
247,202342400,0.0001524,0.11682458877563477,0.0005351751297712326,0.00236572265625,0.999807969275084,39.508353336533844,706027.5887173666,-0.0003160256892442703,0.003594528138637543,-1.7659877777099608,0.0020923160016536714,0.011973755061626434
248,203161600,0.00015179999999999998,0.11661761283874511,0.00045460790395736696,0.002242431640625,0.999951862905555,39.27491094637528,699846.4022630126,-0.000389251415617764,0.002093515917658806,-1.7737852096557618,0.0025274796411395074,0.01834667772054672
249,203980800,0.0001512,0.1169485855102539,0.0004621925950050354,0.00218505859375,0.999855637361051,39.466243202925746,703733.1453035219,-0.0002993059111759067,0.0021492566913366316,-1.780240249633789,0.0022901756688952445,0.015808716416358948
250,204800000,0.00015059999999999997,0.11642404556274415,0.0004575597494840622,0.002281494140625,0.9999039015952336,39.31986354026523,709538.4492312133,-0.00024833425413817167,0.003046300821006298,-1.7882476806640626,0.0024660617113113404,0.017861084640026094
251,205619200,0.00015,0.11680599212646485,0.0005009784549474716,0.002293701171875,0.9998077570048541,39.41543711251021,709164.478606929,-0.00023414632305502893,0.0031430117785930635,-1.7973104476928712,0.0024199722334742545,0.017221800982952118
252,206438400,0.0001494,0.11690200805664062,0.0005062059313058853,0.0022607421875,0.9998558731683882,39.437857314436705,710290.1808211512,-0.0002251911675557494,0.002378718927502632,-1.804888916015625,0.0026498220860958098,0.020133912563323975
253,207257600,0.00014879999999999998,0.11663168907165528,0.0004657403379678726,0.002225341796875,0.9999520429694994,39.233742566660275,706460.6889580557,-0.0005035252310335636,0.00217790212482214,-1.8122381210327148,0.0020237678661942484,0.011945678293704987
254,208076800,0.0001482,0.11666491508483887,0.00047772318124771117,0.0022216796875,0.9998555122092183,39.38660116553485,714307.5568106014,-0.0003709924407303333,0.002419997751712799,-1.8185775756835938,0.0023600438609719275,0.016001461446285246
255,208896000,0.00014759999999999998,0.1169271469116211,0.00045387078076601026,0.001978759765625,1.0,39.38699571022317,713751.7863459805,-0.0003216911805793643,0.0022430919110774995,-1.8255653381347656,0.00239765290170908,0.01779748350381851
256,209715200,0.000147,0.11658286094665528,0.0004715248942375183,0.00216552734375,0.9999037489773329,39.4348139948987,711046.7286310971,-0.00020327102392911912,0.0024457985535264017,-1.8353160858154296,0.002600695937871933,0.01957141011953354
257,210534400,0.00014639999999999998,0.11668243408203124,0.0004749783128499985,0.002271728515625,0.9998073774438987,39.40412212270057,712321.4553759651,-0.0003359186463057995,0.0022520806640386583,-1.8465915679931642,0.0023963047191500665,0.017204591631889345
258,211353600,0.0001458,0.11651083946228027,0.0004275854676961899,0.0021923828125,0.9997600191984641,39.445596352291815,710831.9177035018,-0.00026585522573441267,0.0021646330133080482,-1.8546735763549804,0.0022120006382465363,0.01538110077381134
259,212172800,0.00014519999999999998,0.11668992042541504,0.0004127398878335953,0.002021484375,0.9998556304138595,39.46645813282002,712965.0367773646,-0.00034202514216303826,0.002284754626452923,-1.8620210647583009,0.0024069564417004584,0.01602221727371216
260,212992000,0.0001446,0.11696826934814453,0.0005019717663526535,0.00224853515625,0.9999037813913211,39.461801212354466,711342.6513233081,-0.0002470640698447824,0.003266417607665062,-1.86885986328125,0.0025573914870619776,0.020138181746006012
261,213811200,0.00014399999999999998,0.11662757873535157,0.0004559910297393799,0.0021923828125,0.9998552752182932,39.35076462926335,710685.016587958,-0.0002501151990145445,0.002088271826505661,-1.8753555297851563,0.002268136665225029,0.014793090522289276
262,214630400,0.0001434,0.1163437557220459,0.0004837598651647568,0.002215576171875,0.9998556720869817,39.377032618108345,713282.3425206181,-0.00023698438890278338,0.0024512693285942077,-1.8799402236938476,0.002328392118215561,0.015921752154827117
263,215449600,0.00014279999999999997,0.11665173530578614,0.0005470685660839081,0.00243896484375,0.9999519253882025,39.36661698956781,712425.2307960237,-0.000264862272888422,0.0031635470688343046,-1.881941795349121,0.002618719078600407,0.02059057354927063
264,216268800,0.0001422,0.11676414489746094,0.00043083902448415757,0.00207275390625,0.9998071173690809,39.633137235991896,711189.8198839909,-0.00032790037803351877,0.002057238295674324,-1.8874444961547852,0.002371555007994175,0.017048949003219606
265,217088000,0.00014159999999999997,0.11713645935058593,0.00044163841754198076,0.00203369140625,0.9998556512534282,39.43785786460088,709344.9247956236,-0.00037326794117689135,0.002252267673611641,-1.8964139938354492,0.002292390912771225,0.015457640588283538
266,217907200,0.00014099999999999998,0.11684667587280273,0.0004975003749132156,0.002239990234375,0.9998558731683882,39.43348546721115,715578.6930727327,-0.000385228730738163,0.003328893333673477,-1.900929832458496,0.0023200429975986482,0.01580188125371933
267,218726400,0.00014039999999999997,0.11646492004394532,0.000409756675362587,0.00200927734375,0.9998549743788069,39.54070385768152,700073.0154829876,-0.0002557009924203157,0.0026373326778411864,-1.9044919967651368,0.002178087644279003,0.014477415382862091
268,219545600,0.00013979999999999998,0.11636597633361817,0.0005084723979234695,0.00230224609375,1.0,39.24389656666827,707294.1992853677,-0.0002211395651102066,0.00246284119784832,-1.9140281677246094,0.002377921529114246,0.016102048754692077
269,220364800,0.00013919999999999997,0.11681942939758301,0.0004511437565088272,0.00228515625,0.999856266768877,39.38654656956688,710276.6809608545,-0.0004052439704537392,0.002644457295536995,-1.923299217224121,0.0022556228563189507,0.015114502608776092
270,221184000,0.00013859999999999998,0.11658649444580078,0.0004527651518583298,0.002255859375,0.9998073403333012,39.41426644831905,707317.8837909593,-0.00042393547482788563,0.002207595854997635,-1.9304174423217773,0.002406524680554867,0.01704467236995697
271,222003200,0.00013799999999999997,0.11684572219848632,0.0003959215432405472,0.0021240234375,0.9999520153550864,39.39107485604607,715236.5681969816,-0.00024326913990080357,0.0018538523465394974,-1.936383056640625,0.002375298924744129,0.017280270159244538
272,222822400,0.00013739999999999998,0.11683055877685547,0.00043696243315935137,0.002198486328125,0.9998556026184059,39.53398151713515,710723.3282449153,-0.00033678580075502396,0.0019018888473510743,-1.9440765380859375,0.002306372858583927,0.015900145471096038
273,223641600,0.00013679999999999996,0.11687536239624023,0.0005646799877285958,0.0024169921875,1.0,39.2931042802683,711109.5456866354,-0.00023078653030097484,0.003214496374130249,-1.9500307083129882,0.0021921172738075256,0.014484623074531555
274,224460800,0.00013619999999999998,0.1168297290802002,0.0004034097865223885,0.0020947265625,0.999760444614795,39.39541011881947,711208.5103207836,-0.00024021444842219352,0.002019496075809002,-1.956646728515625,0.002355756424367428,0.01688574403524399
275,225280000,0.00013559999999999996,0.11693117141723633,0.0003936120867729187,0.002073974609375,0.9999039200614912,39.32748847040738,716577.4818735019,-0.00014414736069738864,0.002032206952571869,-1.9639299392700196,0.002312876097857952,0.01626574844121933
276,226099200,0.00013499999999999997,0.1168223762512207,0.0004097535461187363,0.00205078125,0.9998555191677904,39.39371026777114,710193.3982196144,-0.0003703146940097213,0.00191317368298769,-1.971196174621582,0.0023703929036855698,0.01582372933626175
277,226918400,0.0001344,0.11717804908752441,0.000454004667699337,0.002247314453125,0.9999520130524497,39.29958251355631,708609.4717955546,-0.00035656760446727275,0.002079267241060734,-1.9799278259277344,0.0021108850836753846,0.01335168480873108
278,227737600,0.00013379999999999997,0.1167519760131836,0.00043896246701478957,0.002255859375,0.9998075442648191,39.422055427251735,706537.8108753773,-0.00031983572989702225,0.0023292906582355498,-1.9912784576416016,0.002718818001449108,0.020925790071487427
279,228556800,0.00013319999999999999,0.11711843490600586,0.0005180773138999939,0.00236328125,0.999808052209799,39.44291952588896,710396.3401336181,-0.0004002774134278297,0.0025139909237623216,-2.0027137756347657,0.0023523356765508653,0.01669348031282425
280,229376000,0.00013259999999999997,0.11692365646362304,0.0005145147442817688,0.00235595703125,0.9999520360688762,39.194301884982494,710962.4427513848,-0.000282237445935607,0.0032188817858695984,-2.0087255477905273,0.002285702899098396,0.01568615585565567
281,230195200,0.00013199999999999998,0.11683074951171875,0.0004363369196653366,0.002158203125,0.9998077107970388,39.348956831073934,709725.608974724,-0.0003542185528203845,0.0019492436200380324,-2.0145599365234377,0.0021752297878265383,0.014216674864292145
282,231014400,0.00013139999999999997,0.11670010566711425,0.00044164858758449554,0.0022802734375,0.9998561082066286,39.32394839081011,707698.4716227809,-0.00029865524265915155,0.0021381106227636336,-2.023922348022461,0.0023823626339435577,0.015913817286491393
283,231833600,0.0001308,0.11690448760986329,0.00042910903692245484,0.001953125,0.9998073032084016,39.458232970421044,706751.0881615361,-0.00029109017923474313,0.0021870652213692664,-2.0343332290649414,0.0024016205221414565,0.016474734246730804
284,232652800,0.0001302,0.1170789909362793,0.00042518138885498045,0.0021044921875,0.999952182852771,39.21627695691675,713365.1257063325,-0.0003514417912811041,0.0018068790435791016,-2.0431840896606444,0.0024040328338742257,0.017120605707168578
285,233472000,0.0001296,0.11708074569702148,0.00043154850602149963,0.00202880859375,0.999808429118774,39.27533524904214,709692.855194552,-0.0002492343075573444,0.002543339505791664,-2.049546813964844,0.002491689845919609,0.01872619092464447
286,234291200,0.000129,0.11715044975280761,0.0004306619614362717,0.00211669921875,0.9999036562454839,39.40035647189171,699252.2727097037,-0.0003346141427755356,0.0021065214648842813,-2.0540607452392576,0.0021801987662911416,0.014229246973991394
287,235110400,0.0001284,0.11710733413696289,0.0004097236692905426,0.00195068359375,0.9999039015952336,39.349605996540454,704615.2434757175,-0.00025699103716760876,0.00224494282156229,-2.059055519104004,0.0022380629554390906,0.015115723013877869
288,235929600,0.0001278,0.11674794197082519,0.0004625721275806427,0.002049560546875,1.0,39.31535349643614,710450.7441653768,-0.00012354078935459257,0.00251921396702528,-2.064963150024414,0.002617248520255089,0.021338623762130738
289,236748800,0.0001272,0.11665872573852538,0.00032512310892343524,0.0017333984375,0.9998558316113221,39.50300350809746,714860.1099598123,-0.0004645554348826408,0.0017070597037672996,-2.073414993286133,0.0023278504610061645,0.015277828276157378
290,237568000,0.00012660000000000001,0.1170060920715332,0.00044220425188541413,0.002088623046875,0.9997121749976015,39.39220953660175,712726.1033629767,-0.0003261069767177105,0.002086704410612583,-2.085308647155762,0.002356640622019768,0.015899658203125
291,238387200,0.000126,0.11676973342895508,0.00047334868460893634,0.002216796875,0.9999036423202929,39.34920023125843,708012.9135656415,-0.0002781517105177045,0.001995108090341091,-2.0938995361328123,0.0022319162264466284,0.014687740802764892
292,239206400,0.0001254,0.1166847038269043,0.00036742161959409716,0.0019677734375,0.9999042283196858,39.265383326150456,710057.2278425476,-0.00030448497273027897,0.0017969686537981032,-2.1020952224731446,0.0023655667901039124,0.016910275816917418
293,240025600,0.0001248,0.11665153503417969,0.00041078254580497744,0.00211669921875,0.9998558731683882,39.28479461926495,709118.1419435996,-0.00018595667788758873,0.00190684013068676,-2.109965133666992,0.0024364210665225984,0.018272094428539276
294,240844800,0.0001242,0.11689906120300293,0.0004887847974896431,0.002392578125,0.9998556512534282,39.287638935668575,712877.5331489638,-0.00027925882022827864,0.0026277512311935424,-2.1145645141601563,0.002387390099465847,0.018173827230930327
295,241664000,0.0001236,0.11671158790588379,0.00039991356432437895,0.00205810546875,0.9997118294030066,39.4731761202632,708701.3389054647,-0.0003030083840712905,0.0020421672612428664,-2.1214813232421874,0.0023959923535585405,0.01707202345132828
296,242483200,0.000123,0.11677316665649413,0.00044454634189605713,0.002344970703125,0.9998558454663399,39.39224448608909,706712.3201887171,-0.0002654586685821414,0.0020138677209615707,-2.130512237548828,0.002214031480252743,0.014677368104457855
297,243302400,0.0001224,0.11689251899719239,0.0004943538457155228,0.002388916015625,0.9999518258021004,39.20816070912419,709530.324952188,-0.00027402094565331936,0.0026402117684483526,-2.1404241561889648,0.002732309140264988,0.021836061775684357
298,244121600,0.00012179999999999999,0.11710599899291992,0.00040818143635988234,0.002073974609375,0.9997599270178135,39.457339031065445,711968.6958371012,-0.00010232349159196019,0.00180850550532341,-2.147648048400879,0.0026139166206121446,0.02064709961414337
299,244940800,0.00012119999999999999,0.11717250823974609,0.0004132741317152977,0.002398681640625,0.999712023038157,39.449532037437,709897.5173540304,-0.00030252269934862854,0.0017993906512856483,-2.153085136413574,0.002139822766184807,0.013616696000099182
300,245760000,0.00012059999999999999,0.11728019714355468,0.0004073235020041466,0.00214111328125,0.9997607541030671,39.28044404038471,708598.1398362487,-0.0003289668587967753,0.0021846543997526167,-2.158101463317871,0.0022810440510511397,0.01537499725818634
301,246579200,0.00011999999999999999,0.11694545745849609,0.0004417280107736588,0.002418212890625,0.9999041732547554,39.256432370274545,709158.5427759781,-0.00030254034791141746,0.001999202370643616,-2.16467342376709,0.0024217966943979262,0.016992799937725067
302,247398400,0.0001194,0.11726327896118165,0.00045932181179523466,0.002352294921875,0.9999045391628084,39.14290487327574,712144.6072110875,-0.00028036234434694054,0.0022725407034158707,-2.1713193893432616,0.00226218868046999,0.015114985406398773
303,248217600,0.0001188,0.11734180450439453,0.0004774794727563858,0.002296142578125,0.9998560391573492,39.343106674984405,710841.9913547109,-0.00029084300622344016,0.0021470701321959496,-2.1757131576538087,0.00229171235114336,0.016197505593299865
304,249036800,0.0001182,0.1171576976776123,0.0004610031470656395,0.00238037109375,0.9999521026918288,39.17683686176837,708178.261022656,-5.6994176702573895e-05,0.002339085750281811,-2.1814632415771484,0.002877193130552769,0.025858521461486816
305,249856000,0.0001176,0.11697519302368165,0.00046978313475847243,0.002288818359375,0.9999041870269234,39.23148414295296,699873.7247295552,-0.00016664733411744236,0.002960052527487278,-2.1877187728881835,0.0025764498859643936,0.02003759443759918
306,250675200,0.000117,0.11738189697265625,0.0004049062356352806,0.0021630859375,0.9999043336841098,39.1075767722185,715324.0369220722,-0.00039583058096468446,0.002263014763593674,-2.1898250579833984,0.0022845624014735224,0.01634167432785034
307,251494400,0.0001164,0.11708288192749024,0.00044218841940164567,0.002266845703125,0.9997602033475612,39.369526641408086,714563.289837926,-0.00025041743647307156,0.0019467270001769065,-2.1934709548950195,0.0022720091044902803,0.015289431810379029
308,252313600,0.0001158,0.11731906890869141,0.0004632527381181717,0.0023095703125,0.9999043062200957,39.240478468899525,712666.4157445743,-0.00023103111889213323,0.0018861722201108932,-2.1993488311767577,0.002365374565124512,0.017437012493610383
309,253132800,0.0001152,0.11739091873168946,0.00044661499559879304,0.002220458984375,0.9999039569727238,39.23199193238571,710514.8714007603,-0.0003324518445879221,0.0019143382087349892,-2.2056863784790037,0.002458193525671959,0.017732788622379304
310,253952000,0.0001146,0.11735624313354492,0.0004645989090204239,0.002178955078125,0.9998563287198889,39.37790335711891,715986.8121612021,-0.00034468178637325764,0.002197246626019478,-2.2141386032104493,0.0022292444482445717,0.014665038883686065
311,254771200,0.00011399999999999999,0.11692498207092285,0.00048363968729972837,0.00238525390625,0.9999039200614912,39.31831283627979,707756.8651132082,-0.00046297595836222174,0.0021771492436528208,-2.2219966888427733,0.002285246178507805,0.01522814780473709
312,255590400,0.00011339999999999999,0.11711441040039063,0.0004274771362543106,0.002181396484375,0.9999040214991842,39.23869853152894,706317.6002752125,-0.0004000140354037285,0.002004874497652054,-2.2278772354125977,0.0021442083641886713,0.013804441690444947
313,256409600,0.00011279999999999999,0.117301607131958,0.00043073639273643493,0.002181396484375,0.9999038738825339,39.34177641065077,704905.1233649076,-0.00031346576288342475,0.0018437163904309272,-2.2343112945556642,0.002273885905742645,0.01540234237909317
314,257228800,0.00011219999999999999,0.11708511352539062,0.0004311367869377136,0.00212646484375,0.9997598578358388,39.423082464819174,704365.1935174316,-0.00033800711389631033,0.0018392542377114296,-2.241634559631348,0.002492089197039604,0.01830541789531708
315,258048000,0.00011159999999999999,0.11718608856201172,0.0004379007592797279,0.002093505859375,0.9999519877088535,39.26358747839447,708236.684535527,-0.0003980903420597315,0.0019372031092643738,-2.251426887512207,0.0023009324446320533,0.014966796338558196
316,258867200,0.00011099999999999999,0.11734725952148438,0.000459635779261589,0.0022119140625,0.9998079508354139,39.36714999039754,708241.9810782209,-0.0002987406449392438,0.0019328903406858444,-2.2600194931030275,0.0021709831431508063,0.013583743572235107
317,259686400,0.00011039999999999999,0.11733516693115234,0.0004747165739536285,0.002095947265625,0.9999040445233411,39.219258264165425,705621.4126135625,-0.0003016826463863254,0.0022071408107876777,-2.266791343688965,0.0025047138333320618,0.018314817547798158
318,260505600,0.00010979999999999999,0.11712941169738769,0.0004761601984500885,0.002222900390625,0.999952114159843,39.2199396638414,703617.5771951005,-0.0003347373567521572,0.002098703943192959,-2.273438262939453,0.0022548064589500427,0.015215699374675751
319,261324800,0.00010919999999999998,0.11731563568115234,0.00045494586229324343,0.002093505859375,0.9997125748502994,39.40996407185629,702613.0007765164,-0.00022032854612916709,0.0028595102950930594,-2.28204460144043,0.0021888645365834235,0.013815309107303619
320,262144000,0.00010859999999999998,0.1173270034790039,0.0004392143338918686,0.0022265625,0.9999039708071253,39.24204158064052,707966.3172777359,-0.00032334707211703064,0.002247043512761593,-2.292611312866211,0.0024705279618501665,0.01847802847623825
321,262963200,0.00010799999999999998,0.11718484878540039,0.00042741216719150544,0.002080078125,0.999761062792698,39.353722641689764,707496.9311269138,-0.00029293883126229047,0.0019397363066673279,-2.299787902832031,0.002240505814552307,0.01530480980873108
322,263782400,0.00010739999999999998,0.11695796966552735,0.00041790667921304703,0.002103271484375,0.999903702633733,39.27088449130916,706109.0255920696,-0.00039065536111593246,0.001772627606987953,-2.304453659057617,0.002243100292980671,0.015520386397838593
323,264601600,0.00010679999999999998,0.11738861083984375,0.00048122454434633253,0.002142333984375,1.0,39.08011670732291,704922.6793384748,-0.00035130230244249103,0.002649565786123276,-2.31141357421875,0.00223644208163023,0.014060667157173157
324,265420800,0.00010619999999999998,0.1168370246887207,0.000505262166261673,0.002353515625,0.9998073774438987,39.36453818742175,701171.4488810607,-0.00022244714200496672,0.002180989272892475,-2.3173351287841797,0.0022967755794525146,0.016576294600963593
325,266240000,0.00010559999999999998,0.11705352783203125,0.00045258384197950364,0.002159423828125,0.9998078585839177,39.39811701412239,716599.1264128651,-0.00014404334360733627,0.0024708915501832963,-2.322056770324707,0.0025776855647563933,0.01906103491783142
326,267059200,0.00010499999999999999,0.11651208877563476,0.0004948020726442338,0.0022607421875,0.9998556443075739,39.25570204985083,713925.1114546217,-0.00038855636958032844,0.002832323685288429,-2.3267580032348634,0.0024183208122849466,0.016460077464580537
327,267878400,0.00010439999999999999,0.11668996810913086,0.00047419842332601547,0.0021044921875,0.9998077754817627,39.394540823682064,710563.3395279123,-0.00013604772975668312,0.003032749332487583,-2.3330356597900392,0.002554898336529732,0.01907092481851578
328,268697600,0.00010379999999999999,0.11685461044311524,0.0004441319778561592,0.002115478515625,0.9997594534783028,39.4591552006158,703813.2471277002,-0.0002426792634651065,0.0020578637719154357,-2.338568115234375,0.002431854046881199,0.017936886847019197
329,269516800,0.00010319999999999999,0.11676695823669433,0.00039615504443645476,0.001883544921875,0.999759580708756,39.4514112612396,705764.1099007179,-0.000236959895119071,0.0022222347557544707,-2.3425308227539063,0.002382083982229233,0.017331545054912568
330,270336000,0.00010259999999999999,0.1171056079864502,0.00036243259906768797,0.001932373046875,0.9998078678130554,39.37297660790624,706743.6165902305,-0.00038956089410930873,0.0018375400453805924,-2.3485483169555663,0.0022704774513840676,0.01537158191204071
331,271155200,0.00010199999999999999,0.11689773559570313,0.00044626645743846895,0.00208740234375,0.9998559423769507,39.359135654261706,705710.4802745603,-0.00036629980895668267,0.0020601147785782813,-2.3575113296508787,0.0022351838648319244,0.015178583562374115
332,271974400,0.00010139999999999998,0.11693706512451171,0.0004114477336406708,0.002025146484375,0.9998081442755048,39.255359969303086,704610.4999924252,-0.00024789234157651663,0.0017987040802836419,-2.3642839431762694,0.002120024338364601,0.013800902664661408
333,272793600,0.00010079999999999998,0.116677885055542,0.00043500855565071106,0.002135009765625,0.999711967740387,39.389131582737264,702512.4730861092,-0.0002281151246279478,0.0018836110830307007,-2.369686508178711,0.002333752065896988,0.017501221597194673
334,273612800,0.00010019999999999998,0.11699615478515625,0.00044538386166095736,0.002030029296875,0.9998080153587713,39.334677225821935,702326.8899115421,-0.00023405058309435844,0.002855080924928188,-2.376084899902344,0.0023782309144735336,0.01673584580421448
335,274432000,9.959999999999998e-05,0.11683843612670898,0.00041399259120225904,0.001986083984375,0.9999041181264682,39.2661680809243,704682.3236970892,-0.0002565511269494891,0.002222815342247486,-2.381538200378418,0.0024500953033566473,0.018574704229831696
336,275251200,9.899999999999998e-05,0.11668098449707032,0.00043233204632997513,0.002103271484375,0.9999520038396928,39.142068634509236,705899.6889065118,-0.0004412385635077953,0.0018952867016196252,-2.3880025863647463,0.002142897807061672,0.013941042125225067
337,276070400,9.839999999999998e-05,0.11746297836303711,0.0004662767425179482,0.002220458984375,0.9997127124730668,39.48077567632272,704395.8546599799,-0.0003482420928776264,0.002036706358194351,-2.394222068786621,0.002237530052661896,0.015203367173671722
338,276889600,9.779999999999998e-05,0.11736549377441406,0.0005179383978247642,0.00228759765625,0.9999040445233411,39.26071103008204,702350.8818146241,-0.00013991399900987745,0.0027524134144186973,-2.39949893951416,0.002563520148396492,0.019865237176418304
339,277708800,9.719999999999998e-05,0.1174468994140625,0.0004580032080411911,0.0020849609375,0.9999045072574484,39.24240832696715,700970.3813212329,-0.0003215025179088116,0.0022154124453663826,-2.404866409301758,0.0023139553144574166,0.016527587175369264
340,278528000,9.659999999999998e-05,0.11747384071350098,0.0004510731250047684,0.0020361328125,0.9998085208233605,39.289325035902344,707743.8141568658,-0.00028305323794484136,0.0019361715763807296,-2.4099496841430663,0.0025417981669306755,0.01946898698806763
341,279347200,9.599999999999998e-05,0.11754759788513183,0.0004118358343839645,0.002108154296875,0.9999522900763359,39.072280534351144,715380.1151446446,-0.0002927518449723721,0.0017919765785336494,-2.4136871337890624,0.0021546218544244767,0.015342041850090027
342,280166400,9.539999999999997e-05,0.1172504711151123,0.0004475861415266991,0.002186279296875,0.999952201137613,39.07265427082835,705370.1932242573,-0.00026850544381886723,0.002231590449810028,-2.4166484832763673,0.002324715070426464,0.015844602882862092
343,280985600,9.479999999999997e-05,0.11704345703125,0.0004312453418970108,0.002034912109375,0.9999519784863619,39.1387341529005,709786.7679449964,-0.00024307603016495704,0.002104231342673302,-2.4211395263671873,0.0022916972637176515,0.014937253296375274
344,281804800,9.419999999999997e-05,0.11719684600830078,0.0004784727096557617,0.002188720703125,0.9998556304138595,39.42516843118383,710293.5096582308,-0.00025576027110219,0.002087457478046417,-2.427642250061035,0.0022771738469600676,0.01573522835969925
345,282624000,9.360000000000001e-05,0.11696382522583008,0.0005134708061814308,0.002294921875,0.9999043839938806,39.199215948749824,716129.0253245689,-0.0003809587098658085,0.0027561137452721597,-2.4337831497192384,0.002169027179479599,0.013591800630092622
346,283443200,9.300000000000001e-05,0.11714487075805664,0.0004131963476538658,0.0021337890625,0.9998568087442127,39.18256885112883,707974.905235903,-0.00032057994976639745,0.0021356293931603433,-2.439724922180176,0.0021923139691352846,0.01432555764913559
347,284262400,9.240000000000001e-05,0.11734163284301757,0.0004519680514931679,0.00240234375,0.9998083556918359,39.19087773093139,704699.7206568524,-0.00020582196302711963,0.001865616999566555,-2.4442840576171876,0.002365506999194622,0.01718042343854904
348,285081600,9.180000000000001e-05,0.11735733032226563,0.0004495794326066971,0.002171630859375,0.999759129010502,39.43241160034685,705304.1194253673,-0.0002791211940348148,0.0022797254845499993,-2.447005844116211,0.002158656343817711,0.01405065953731537
349,285900800,9.120000000000001e-05,0.11722782135009766,0.00040384925901889803,0.00208984375,0.9999043474102062,39.16433114926587,704753.852048683,-0.0003029325511306524,0.001967312768101692,-2.4508480072021483,0.0021952435374259947,0.014537233114242553
350,286720000,9.06e-05,0.1172545623779297,0.0004276110604405403,0.00213134765625,0.9999521576882595,39.15122954741173,709939.0295565358,-0.00021111546084284782,0.0018011139705777167,-2.455857849121094,0.002405371516942978,0.017155390977859498
351,287539200,9e-05,0.11698962211608886,0.0004676729068160057,0.00220947265625,0.9998563218390805,39.12935823754789,708357.0956650963,-0.00040125232189893725,0.0022796379402279855,-2.462533187866211,0.002257927320897579,0.014903444051742553
352,288358400,8.94e-05,0.11735122680664062,0.0004023834317922592,0.001951904296875,0.9997610056880646,39.35246881124229,707156.0768427703,-0.0003390957834199071,0.002041337825357914,-2.4699329376220702,0.002370695769786835,0.01651868224143982
353,289177600,8.88e-05,0.11739841461181641,0.00037780791521072385,0.001934814453125,0.999568386725494,39.414061001342795,704617.7593144528,-0.00035697270650416615,0.0018494803458452224,-2.476645278930664,0.0020800231024622915,0.013057735562324525
354,289996800,8.82e-05,0.11735045433044433,0.0004201110452413559,0.00215576171875,0.9998564593301436,39.20444976076555,705091.3326299022,-0.00038507250137627126,0.0017523031681776046,-2.481719207763672,0.0020095597952604293,0.012151245027780533
355,290816000,8.76e-05,0.11730472564697265,0.00034700214862823484,0.0018408203125,1.0,39.146319224493716,710930.7086837984,-0.00035818496253341435,0.0017300477251410485,-2.486957550048828,0.0021120959892868994,0.013490843772888183
356,291635200,8.7e-05,0.11749296188354492,0.00044179707765579224,0.00206787109375,0.999904397705545,39.13914913957935,709424.4471782966,-0.00029090389143675565,0.002122620865702629,-2.4920806884765625,0.0023080645129084586,0.015950927138328554
357,292454400,8.64e-05,0.11736690521240234,0.00039419762790203093,0.001988525390625,0.9998079784935913,39.3104987758629,706917.7078982226,-0.000230820057913661,0.0019910961389541628,-2.4963680267333985,0.0022165700793266296,0.015018434822559356
358,293273600,8.58e-05,0.1174383544921875,0.00045180756598711013,0.002108154296875,0.9998566171199159,39.2876738517421,709361.4771104763,-0.000294621754437685,0.002168416976928711,-2.501695251464844,0.0022132501006126406,0.014761841297149659
359,294092800,8.52e-05,0.11735376358032226,0.00043768711388111116,0.00207763671875,0.9998083740538469,39.253377407300945,716515.3435112531,-0.00017732621636241676,0.001985788159072399,-2.5061761856079103,0.002525334246456623,0.0195009782910347
360,294912000,8.46e-05,0.11729308128356934,0.00040939949452877043,0.0020361328125,0.9998565073898694,39.1939541780265,713269.0887275335,-0.0003355451161041856,0.0019573621451854707,-2.5110897064208983,0.0022007666528224947,0.014914551377296447
361,295731200,8.4e-05,0.11754798889160156,0.00042992815375328066,0.00205810546875,0.9999041870269234,39.130545175816806,703661.2637481093,-0.0002670621266588569,0.001836806908249855,-2.5176185607910155,0.002183116227388382,0.014019778370857239
362,296550400,8.34e-05,0.11735363960266114,0.0005074038356542587,0.00222900390625,0.999761256744497,39.305734612997185,709834.9450292485,-0.0003707451978698373,0.002518753707408905,-2.521228218078613,0.0021638428792357446,0.014155881106853485
363,297369600,8.28e-05,0.1175111198425293,0.0004608066380023956,0.00213134765625,0.9999522513488994,39.129637587738145,709070.9772318705,-0.000267011160030961,0.002496502920985222,-2.5245954513549806,0.002412644773721695,0.01740417331457138
364,298188800,8.22e-05,0.11721061706542969,0.000400284081697464,0.002127685546875,0.9998561082066286,39.26538443090796,713611.1044761502,-0.00017970639746636152,0.0020438022911548615,-2.529647445678711,0.0022885531187057497,0.017210696637630463
365,299008000,8.16e-05,0.11729194641113282,0.00042305707931518556,0.00211181640625,0.9998087954110899,39.160133843212236,710121.7813851052,-0.0003222212428227067,0.0018946854397654533,-2.5334646224975588,0.002076776511967182,0.013554932177066803
366,299827200,8.1e-05,0.11759208679199219,0.0004354109242558479,0.002091064453125,0.9998567061520826,39.140045854031335,708235.6784693887,-0.00034869310911744833,0.001818188652396202,-2.5369644165039062,0.002250315248966217,0.015696777403354643
367,300646400,8.04e-05,0.1174706745147705,0.00048819541931152346,0.002242431640625,0.999952173705103,39.10392653881104,706962.6774151687,-0.00037130992859601974,0.0024995218962430956,-2.541959762573242,0.002180965803563595,0.014043699204921722
368,301465600,7.98e-05,0.11730918884277344,0.00044596508145332335,0.00209716796875,0.9999521439509954,39.16376339969372,714832.5629647776,-0.0003141953144222498,0.0020494548603892325,-2.5483047485351564,0.002199440822005272,0.014831665158271789
369,302284800,7.92e-05,0.11751430511474609,0.0003930538147687912,0.001922607421875,0.9998565691336776,39.209074392809335,711989.6092891714,-0.00035378539469093083,0.001779130846261978,-2.553851509094238,0.0020256154239177704,0.012281251698732376
370,303104000,7.86e-05,0.1173476791381836,0.0004588402062654495,0.00214599609375,0.9999521370794046,39.13301105633466,710413.0890111364,-0.0003298347815871239,0.002788311243057251,-2.55859489440918,0.0022714994847774506,0.014375732839107513
371,303923200,7.8e-05,0.11714712142944336,0.0004026399925351143,0.002015380859375,0.9998563974917428,39.29146522425925,707520.0384870099,-0.0003006691113114357,0.0021529484540224074,-2.563105010986328,0.00204160176217556,0.012854859232902527
372,304742400,7.74e-05,0.11740821838378906,0.00042856838554143905,0.0022021484375,0.9999042466606023,39.19174606214392,713145.0273594434,-0.0003375072963535786,0.001887228898704052,-2.56921329498291,0.002097168564796448,0.01387915164232254
373,305561600,7.68e-05,0.1178089714050293,0.0003944416344165802,0.00176025390625,0.9999045801526718,39.144704198473285,711594.5909254473,-0.00045656398870050905,0.001898074522614479,-2.574703407287598,0.0022521331906318665,0.014420533180236816
374,306380800,7.62e-05,0.11733951568603515,0.0004217294603586197,0.002108154296875,0.9999522262564494,39.04944582457481,706650.2635193559,-0.000339064234867692,0.0017814941704273224,-2.5811111450195314,0.002263863943517208,0.015023066103458405
375,307200000,7.56e-05,0.11753971099853516,0.00041677888482809065,0.002156982421875,0.999855976956313,39.27729236677868,710062.2160438852,-0.0006368694826960564,0.0022815193980932234,-2.5880416870117187,0.0019995832815766336,0.011825807392597198
376,308019200,7.5e-05,0.11725848197937011,0.0004762701690196991,0.002225341796875,0.999904315376519,39.100803750837244,714016.2952582206,-0.00022374829277396202,0.002195185236632824,-2.59161434173584,0.00214268509298563,0.013881956040859223
377,308838400,7.439999999999999e-05,0.11746318817138672,0.0003874611109495163,0.00205322265625,0.9998084658111472,39.40595671327332,714874.0668298334,-0.0003606576006859541,0.001983669586479664,-2.597084808349609,0.00209178626537323,0.013551881909370423
378,309657600,7.379999999999999e-05,0.11739488601684571,0.0003813920170068741,0.001885986328125,0.9999043519846963,39.16274509803922,711409.7654707426,-0.00042101298458874226,0.0016896964982151986,-2.60247745513916,0.002301502414047718,0.015879760682582855
379,310476800,7.319999999999999e-05,0.11780128479003907,0.00038530826568603513,0.00193115234375,0.9999520866273777,39.14211106319774,708479.378934278,-0.0001300848205573857,0.0017726806923747062,-2.6065078735351563,0.0023225223645567893,0.01704418808221817
380,311296000,7.259999999999999e-05,0.11758506774902344,0.0004097370058298111,0.001943359375,0.9998561358077974,39.273198100992666,702979.1707193194,-0.0002746604382991791,0.0020350534468889236,-2.6099205017089844,0.002126982808113098,0.013805662095546723
381,312115200,7.199999999999999e-05,0.11731582641601562,0.0004937951266765594,0.00220947265625,0.9998082086689681,39.27637130801688,707822.7985142844,-0.00036618823651224375,0.0020109619945287704,-2.6108970642089844,0.0019278498366475105,0.011534544825553893
382,312934400,7.139999999999999e-05,0.11692678451538085,0.0004328282177448273,0.002034912109375,0.9998558177536406,39.191762387658,707730.9861897423,-0.0003416249295696616,0.0025458456948399544,-2.614517402648926,0.0019485963508486747,0.010766234248876572
383,313753600,7.079999999999999e-05,0.11728382110595703,0.00041802499443292616,0.00189697265625,0.9997142993190801,39.207561544688346,703963.8286760284,-0.0003721178974956274,0.002076932415366173,-2.6182476043701173,0.0022369146347045897,0.015509523451328278
384,314572800,7.019999999999999e-05,0.11695988655090332,0.0003895503282546997,0.0018896484375,0.9999518906956606,39.16284999518907,699790.8101842329,-0.00015094674890860915,0.0017665676772594453,-2.6200347900390626,0.002093955688178539,0.014592042565345765
385,315392000,6.959999999999998e-05,0.11724935531616211,0.0004837692901492119,0.00224853515625,0.9997126574397778,39.39188736171639,703709.13741083,-0.00025109078269451856,0.002482199855148792,-2.624380683898926,0.0021615523844957353,0.013365601003170014
386,316211200,6.899999999999998e-05,0.11704828262329102,0.00046300780028104784,0.002232666015625,0.9997130285058351,39.24741725655252,707279.2513825165,-0.00023009171709418297,0.002285127528011799,-2.629861259460449,0.002226140722632408,0.014394408464431763
387,317030400,6.839999999999998e-05,0.11742969512939454,0.0004244362935423851,0.00213623046875,0.9998563356000383,39.298007853653864,707070.956749193,-0.0003558263648301363,0.0021072980016469955,-2.6341781616210938,0.0021525980904698373,0.014127320051193238
388,317849600,6.779999999999998e-05,0.11733922958374024,0.00042003147304058074,0.0019384765625,0.9999043885648724,39.16617267425184,706330.6066252728,-0.00027280421927571296,0.001815374568104744,-2.638385009765625,0.0019192194566130638,0.011424805968999863
389,318668800,6.72e-05,0.11726594924926757,0.00039093419909477236,0.001849365234375,0.9997129186602871,39.226746411483255,705279.3975865371,-0.000329046044498682,0.0018752515316009521,-2.6443599700927733,0.0020938752219080924,0.012748655676841737
390,319488000,6.659999999999999e-05,0.11722764015197754,0.00035564713180065156,0.00180908203125,0.9999039431343355,39.25306181259305,705208.3385075908,-0.00020674276165664197,0.0016216365620493889,-2.649675750732422,0.002298005297780037,0.01712317168712616
391,320307200,6.599999999999999e-05,0.11727729797363282,0.0004364024102687836,0.002142333984375,0.9998563218390805,39.16566091954023,709485.0181845214,-0.00037702019326388834,0.0017899855971336364,-2.6553165435791017,0.002034456469118595,0.01156933605670929
392,321126400,6.539999999999999e-05,0.11721334457397461,0.0004430773854255676,0.002054443359375,0.9998561565017261,39.287159570387416,708959.9039850829,-0.00059382114559412,0.002027442120015621,-2.661610794067383,0.001938328891992569,0.011338011920452118
393,321945600,6.479999999999999e-05,0.1175265884399414,0.000430876761674881,0.002108154296875,0.9997131108348475,39.32772305632591,708085.7790463521,-0.0003602301236242056,0.0019403232261538505,-2.6680397033691405,0.002211436443030834,0.013571164011955262
394,322764800,6.419999999999999e-05,0.11755168914794922,0.0003739829361438751,0.001968994140625,0.9997604331368886,39.31498251161899,710370.9440720719,-0.00032810259144753216,0.0018555939197540284,-2.6729408264160157,0.002243385463953018,0.013978393375873565
395,323584000,6.359999999999999e-05,0.11761565208435058,0.0004584608599543571,0.002066650390625,0.9999523537259386,39.070516485610824,709355.7560774577,-0.00033140184823423626,0.0022377509623765944,-2.6757379531860352,0.0020584918558597563,0.012411009520292282
396,324403200,6.299999999999999e-05,0.1175466537475586,0.0004191141948103905,0.001966552734375,0.9999044753307542,39.088025982710036,714638.2029958725,-0.00023444988764822483,0.0024238256737589836,-2.678761100769043,0.0024461217224597933,0.018657955527305602
397,325222400,6.239999999999999e-05,0.1173824691772461,0.0003796463459730148,0.001951904296875,0.9999520866273777,39.07690096305879,712612.2653434441,-0.000278541911393404,0.0016658756881952285,-2.6837480545043944,0.002377700246870518,0.016133303940296172
398,326041600,6.179999999999998e-05,0.11738727569580078,0.0004154437780380249,0.002010498046875,0.9998568565702834,39.11441931482012,704396.8189628717,-0.00042190677486360074,0.0018837135285139084,-2.6891624450683596,0.0022550294175744056,0.015885983407497407
399,326860800,6.119999999999998e-05,0.11722957611083984,0.00040741540491580965,0.002095947265625,0.9998556026184059,39.28802464381979,701254.8020519122,-0.0003223514650017023,0.0019185926765203476,-2.6917608261108397,0.0018186157569289208,0.009735960513353348
400,327680000,6.059999999999998e-05,0.11705163955688476,0.0003963824361562729,0.00189453125,0.9997607541030671,39.23479592324992,706848.544950672,-0.0003081739414483309,0.0022628217935562133,-2.6941137313842773,0.0016725387424230576,0.008873411267995835
401,328499200,5.999999999999998e-05,0.11758818626403808,0.0005339120328426362,0.00231689453125,0.999856184084372,39.22291466922339,709416.2338221308,-0.00033744543325155976,0.00226939357817173,-2.6970706939697267,0.0020035112276673315,0.01293322890996933
402,329318400,5.939999999999998e-05,0.11717016220092774,0.0004203371703624725,0.0020361328125,0.9996649274807333,39.34474175482265,708056.3501200504,-0.00043678530491888525,0.001958230324089527,-2.7008155822753905,0.0019837841391563416,0.011348998546600342
403,330137600,5.879999999999998e-05,0.11717528343200684,0.00042843155562877655,0.001993408203125,0.9998566239724718,39.22041674632001,703268.2289302133,-0.00030190362595021724,0.002378859743475914,-2.704509735107422,0.0019241109490394591,0.010520752519369125
404,330956800,5.819999999999998e-05,0.11790241241455078,0.0004158619046211243,0.0019482421875,0.9996651839096953,39.43994834266035,706124.3207284064,-0.000300888204947114,0.00223354771733284,-2.707684326171875,0.0019232703372836113,0.011575315147638321
405,331776000,5.759999999999998e-05,0.1175882339477539,0.0003799610212445259,0.001973876953125,0.9999522194084762,38.96058101199293,708524.1681232598,-0.00037468592636287213,0.0020564280450344084,-2.710311508178711,0.0018317965790629388,0.009713500738143921
406,332595200,5.6999999999999976e-05,0.1175589370727539,0.00043563760817050934,0.002161865234375,0.9999045118166627,39.07873000716162,706575.8722209253,-0.0003192200791090727,0.0020007137209177017,-2.7132242202758787,0.0020268578082323074,0.011255127936601638
407,333414400,5.639999999999998e-05,0.11749602317810058,0.00038877345621585847,0.0019482421875,0.9998566034128388,39.194780364227334,709430.866516286,-0.0002862700261175632,0.0019424919039011002,-2.7151922225952148,0.001969887316226959,0.01164282113313675
408,334233600,5.5800000000000015e-05,0.11760542869567871,0.0004350856691598892,0.00209228515625,0.999952201137613,39.09789207016873,707831.3456821018,-0.0003847321728244424,0.0019092883914709092,-2.71617431640625,0.0019806476309895517,0.01060217022895813
409,335052800,5.5200000000000014e-05,0.11743476867675781,0.00047721974551677703,0.002276611328125,0.9997134670487106,39.1956064947469,707283.4314368606,-0.0003364203032106161,0.0021578997373580934,-2.719183921813965,0.0019702060148119927,0.011116333305835724
410,335872000,5.460000000000001e-05,0.11785582542419433,0.00042340721935033796,0.001932373046875,0.9999521370794046,39.094337816493564,715180.1465746006,-0.00035964748822152614,0.0017826341092586518,-2.723273277282715,0.0021451722830533983,0.013700559735298157
411,336691200,5.400000000000001e-05,0.11763408660888672,0.00039969053119421005,0.001983642578125,0.9999045026977987,39.09253688583298,714967.7165157656,-0.0005091256927698851,0.0016838837414979934,-2.7280160903930666,0.0019230134785175323,0.010884767025709152
412,337510400,5.340000000000001e-05,0.11771469116210938,0.0004141131043434143,0.002037353515625,0.9998083740538469,39.26200057487784,711825.5318120291,-0.0003514877986162901,0.0021739747375249864,-2.7310388565063475,0.001770477369427681,0.009409181773662567
413,338329600,5.280000000000001e-05,0.11776284217834472,0.0004251125454902649,0.0019921875,0.9998565965583174,39.24412045889101,710100.8207297402,-0.0003409061348065734,0.001762387901544571,-2.7332763671875,0.0019510118290781975,0.011607419699430466
414,339148800,5.220000000000001e-05,0.11759969711303711,0.0004480167105793953,0.002049560546875,0.999713384924047,39.252173497659314,715866.3740291056,-0.00023749617394059898,0.002231326512992382,-2.7361215591430663,0.0017303075641393662,0.009168580174446106
415,339968000,5.160000000000001e-05,0.11790282249450684,0.0003694725036621094,0.0018701171875,1.0,38.9593220338983,713309.4180315894,-0.0003656715620309114,0.0019618792459368704,-2.7393367767333983,0.001804593950510025,0.009630616009235381
416,340787200,5.1000000000000006e-05,0.1178166389465332,0.0004824589937925339,0.002196044921875,0.9999521210380159,39.13152350857033,704242.4795006758,-0.0003809947287663817,0.0026189966127276422,-2.742592620849609,0.0019599324092268943,0.012169556319713592
417,341606400,5.0400000000000005e-05,0.11774497985839844,0.00039682086557149885,0.00192138671875,0.9998568702290076,39.27104007633588,692364.3340579999,-0.0004320391919463873,0.001856178231537342,-2.7457128524780274,0.0020308855921030043,0.012490356713533402
418,342425600,4.9800000000000004e-05,0.11788156509399414,0.0004907239973545075,0.00214599609375,0.9999047165316818,39.05655073844688,700867.2859639197,-0.0004616714082658291,0.0021169060841202737,-2.749115562438965,0.0018545476719737052,0.009321290254592895
419,343244800,4.92e-05,0.11809249877929688,0.00041666105389595034,0.001990966796875,0.9999523037298483,39.048936373175614,697732.7904517998,-0.0005224181804805994,0.0019145434722304343,-2.75183162689209,0.0018114635720849037,0.009788696467876435
420,344064000,4.86e-05,0.1174091625213623,0.000427594892680645,0.0019482421875,0.9998084015902668,39.18129999521004,705031.6282879319,-0.00038790078833699225,0.002039967104792595,-2.7559459686279295,0.0019054874777793885,0.010983641445636749
421,344883200,4.800000000000001e-05,0.11758367538452148,0.0004348770156502724,0.00202880859375,0.9999044753307542,39.09901131967331,707645.4378709308,-0.0003991327714174986,0.0022471832111477853,-2.757991409301758,0.0018956944346427917,0.010522948950529099
422,345702400,4.740000000000001e-05,0.11728479385375977,0.0004388349875807762,0.002080078125,1.0,39.10684707241911,701074.8930581926,-0.0004012677352875471,0.0018718406558036805,-2.76016788482666,0.001841951347887516,0.010364624857902526
423,346521600,4.6800000000000006e-05,0.11732948303222657,0.00035796791315078735,0.001917724609375,0.9997134670487106,39.282617000955106,703269.1642832602,-0.0004126999992877245,0.0018110208213329316,-2.7634801864624023,0.0018415408208966254,0.009840817749500274
424,347340800,4.6200000000000005e-05,0.11733407974243164,0.00047156229615211484,0.002081298828125,0.9997609942638623,39.222036328871894,702963.6585839725,-0.00035747820511460303,0.0023084726184606553,-2.765734100341797,0.0017190294340252877,0.008717894554138184
425,348160000,4.5600000000000004e-05,0.11745563507080078,0.00041582871228456497,0.0019921875,0.9998560805948669,39.23281362437035,707384.5802112684,-0.00042384564876556395,0.001889721304178238,-2.7679985046386717,0.001785101555287838,0.00887731984257698
426,348979200,4.5e-05,0.11787304878234864,0.00034443855285644533,0.00190673828125,0.9997139178944358,39.2441233967482,708237.738933544,-0.00048456406220793725,0.0015890112146735192,-2.7688833236694337,0.0018437977880239487,0.011190184205770493
427,349798400,4.44e-05,0.11763106346130371,0.00041593290865421295,0.002030029296875,0.999809695989343,39.06251486750083,706487.1880494124,-0.00037752347998321056,0.0018259325996041297,-2.769883155822754,0.002074415795505047,0.012358275800943374
428,350617600,4.38e-05,0.11766620635986329,0.0003176156431436539,0.001763916015625,1.0,39.04517238086142,709866.3332891142,-0.0004448462277650833,0.001493802759796381,-2.773626708984375,0.0017964646220207214,0.009786134213209152
429,351436800,4.32e-05,0.1178212547302246,0.00037127438932657244,0.001937255859375,0.9998095872804303,39.21197696006093,710740.9803994321,-0.0003189075505360961,0.0017661361023783683,-2.778150749206543,0.00165378600358963,0.008869384229183198
430,352256000,4.26e-05,0.11763980865478516,0.0003941012918949127,0.001964111328125,0.9999043794224517,39.092847580799386,714528.4245154532,-0.0003502826206386089,0.0021454686298966407,-2.780561828613281,0.0018507711589336394,0.011047119647264481
431,353075200,4.2e-05,0.11773963928222657,0.00046381548047065736,0.002242431640625,0.9999522057066387,38.99139702719495,713016.259599497,-0.00036066100001335143,0.001833551749587059,-2.7830341339111326,0.0017530029639601708,0.009868165850639344
432,353894400,4.14e-05,0.11761449813842774,0.0004077195376157761,0.002010498046875,0.9998569657671402,39.162200820062935,709578.1180561823,-0.00042820759117603304,0.0021286100149154664,-2.7855466842651366,0.0016878044232726097,0.008373290300369263
433,354713600,4.08e-05,0.11761486053466796,0.0004039314389228821,0.002078857421875,0.9999524239973357,39.0433893144298,710336.7541087293,-0.0003927706740796566,0.0016775531694293022,-2.788291358947754,0.001603166200220585,0.00776098519563675
434,355532800,4.02e-05,0.11786321640014648,0.00033011585474014283,0.001739501953125,0.9998565897031407,39.09125675223481,714917.8837762014,-0.0004432910587638617,0.0015891769900918007,-2.791263771057129,0.00172115508466959,0.008048462122678757
435,356352000,3.96e-05,0.11779849052429199,0.00038652073591947554,0.001905517578125,0.999952228538671,39.15458844886065,708647.8751407907,-0.0004483900498598814,0.0017623433843255043,-2.793631172180176,0.0018446333706378937,0.01024474948644638
436,357171200,3.9e-05,0.11732196807861328,0.00033196814358234407,0.001846923828125,0.9999522399465087,38.942640175757,699093.519432328,-0.00042351256124675276,0.001803906448185444,-2.7954074859619142,0.0018588164821267128,0.009787598252296447
437,357990400,3.84e-05,0.11741329193115234,0.0004607396572828293,0.002169189453125,0.9999042558284265,39.08645698693092,705353.9435911205,-0.00026832702569663526,0.0023322217166423798,-2.7976579666137695,0.0015260659158229828,0.0063641354441642765
438,358809600,3.78e-05,0.11760625839233399,0.0004385225474834442,0.002158203125,0.9998565073898694,39.18204429138566,705405.5734426792,-0.00038747498765587805,0.001955188252031803,-2.8005578994750975,0.001695757731795311,0.009030640870332719
439,359628800,3.7199999999999996e-05,0.11798080444335937,0.00036443259567022325,0.001978759765625,0.9997606739421788,39.271730806050165,711363.9855185673,-0.0003203905886039138,0.001686142571270466,-2.803541564941406,0.0016801144927740097,0.008838868141174317
440,360448000,3.6599999999999995e-05,0.11766902923583984,0.0004660134762525558,0.002005615234375,0.9998092513113972,39.193371483071054,709305.2961952548,-0.00043533327989280223,0.003425578773021698,-2.805496025085449,0.001851613260805607,0.008998169004917145
441,361267200,3.5999999999999994e-05,0.11736215591430664,0.00036740496754646303,0.001878662109375,0.9998092785962904,39.21861440900205,704115.416364076,-0.00043919999152421953,0.0018708150833845138,-2.808407783508301,0.0018271965906023978,0.009456785023212433
442,362086400,3.539999999999999e-05,0.11778352737426757,0.0004098640382289886,0.001998291015625,0.9999048841965092,39.02206686640985,705183.5712294811,-0.0004637444857507944,0.001969759352505207,-2.8121868133544923,0.001821727491915226,0.008921141922473907
443,362905600,3.479999999999999e-05,0.1177593994140625,0.00040502578020095825,0.002037353515625,0.999904356558749,39.094687006838505,704138.759655469,-0.00037075504660606385,0.001819314807653427,-2.8140687942504883,0.0018328193575143815,0.009340453147888183
444,363724800,3.419999999999999e-05,0.11758357048034668,0.0003943467140197754,0.00202392578125,0.9999523014548056,38.997233484378725,710943.9442395653,-0.0003336404217407107,0.0018627654761075973,-2.8157726287841798,0.001484700944274664,0.005980102717876435
445,364544000,3.36e-05,0.11771668434143066,0.00042504243552684786,0.002066650390625,0.999808740556565,39.28492875585732,711294.2618927103,-0.0004290678538382053,0.002005404606461525,-2.8177810668945313,0.001696632243692875,0.00817553624510765
446,365363200,3.2999999999999996e-05,0.1178011417388916,0.00046985723078250884,0.00232177734375,1.0,38.88307180218735,709737.3067395404,-0.00033602004405111077,0.0018279051408171653,-2.81970157623291,0.0015785194933414458,0.00716247484087944
447,366182400,3.2399999999999995e-05,0.11768657684326173,0.00045718152076005934,0.002269287109375,0.9998568087442127,39.213927736146246,710094.4223668781,-0.0005342577584087849,0.0025180324912071226,-2.8219139099121096,0.0017281375825405122,0.008400145918130875
448,367001600,3.1799999999999994e-05,0.11762713432312012,0.0004192262142896652,0.002091064453125,1.0,38.95838695838696,715503.8113502526,-0.0003557301824912429,0.0017597226426005364,-2.823948860168457,0.0016216913238167763,0.007350706309080124
449,367820800,3.119999999999999e-05,0.11758308410644532,0.00045720331370830537,0.002244873046875,0.9999520958083832,39.108934131736525,714804.7848700181,-0.0004311476834118366,0.0018896684050559998,-2.826079559326172,0.0016961926594376564,0.007140501588582993
450,368640000,3.059999999999999e-05,0.1180173110961914,0.0003534076362848282,0.001805419921875,0.9999046347510967,39.129696738508486,711995.2898956432,-0.00043726968578994274,0.001924288459122181,-2.8284191131591796,0.0017192883417010308,0.007439818978309631
451,369459200,2.999999999999999e-05,0.11759790420532226,0.0003878047689795494,0.0019677734375,0.9999045847049282,38.989170364009354,705058.2217528493,-0.00038058615755289795,0.0019113505259156227,-2.8306100845336912,0.0017841489985585212,0.008576416224241257
452,370278400,2.939999999999999e-05,0.11809103012084961,0.0004937151074409485,0.002344970703125,0.9998570339306138,39.132052992756385,709823.0442782787,-0.00032753900159150363,0.001888805627822876,-2.8326742172241213,0.0014382775872945786,0.005183228105306625
453,371097600,2.879999999999999e-05,0.11784246444702148,0.00038810934871435165,0.00195556640625,0.9998095872804303,39.10187080496977,708557.5435572972,-0.0004541283473372459,0.0015793710947036744,-2.8343000411987305,0.0015934174880385399,0.005934081599116325
454,371916800,2.819999999999999e-05,0.11792215347290039,0.0004124372452497482,0.002088623046875,0.9999522991795459,38.98487883991605,704484.2139862458,-0.0003793863346800208,0.0017278125509619714,-2.8363977432250977,0.0017537178471684455,0.0074211426079273226
455,372736000,2.759999999999999e-05,0.11763288497924805,0.0004068151116371155,0.002037353515625,0.999952340101039,39.07096558955295,698495.282150465,-0.00030857403762638567,0.0026743752881884576,-2.8391613006591796,0.0018008807674050331,0.00789221003651619
456,373555200,2.699999999999999e-05,0.11790618896484376,0.0003552316874265671,0.001788330078125,0.9998097593455721,39.10406163797204,704236.1699239938,-0.00032900869846343996,0.0016725463792681694,-2.8412099838256837,0.0014707357622683048,0.006381226330995559
457,374374400,2.6399999999999988e-05,0.11762989044189454,0.0005016530305147171,0.00228759765625,1.0,39.006981971211324,700412.9921272941,-0.0003590095555409789,0.0024883981794118883,-2.842654228210449,0.0015000756829977036,0.006411255151033401
458,375193600,2.5799999999999987e-05,0.11789340019226074,0.00043328210711479187,0.00210693359375,0.9999047256097561,39.028915777439025,707704.1293709229,-0.0003672231920063496,0.002175121009349823,-2.8448715209960938,0.0015681609511375427,0.0068056643009185794
459,376012800,2.5199999999999986e-05,0.11772774696350098,0.0003433580696582794,0.00169189453125,0.9999522467885965,39.11460770736832,705233.0883010272,-0.000276449229568243,0.001704341173171997,-2.8474607467651367,0.001654766872525215,0.008084840327501296
460,376832000,2.4599999999999985e-05,0.11753443717956542,0.00037036396563053134,0.001888427734375,0.9999043748505857,39.112933301458284,707620.7141538907,-0.0003557959105819464,0.001899278163909912,-2.849552345275879,0.0017163531854748725,0.007908814400434495
461,377651200,2.3999999999999987e-05,0.11793387413024903,0.0004145638644695282,0.002110595703125,0.9999046211073489,39.067957461013876,706227.693778961,-0.0004338609054684639,0.0021251099184155463,-2.851893424987793,0.0015172778628766536,0.005815308168530464
462,378470400,2.3399999999999986e-05,0.11745848655700683,0.0003954548016190529,0.00197265625,0.9998569316610234,39.10596594973532,704030.339330993,-0.0003621186828240752,0.002099641039967537,-2.8538883209228514,0.0018341971561312675,0.00802648812532425
463,379289600,2.2799999999999985e-05,0.1176620864868164,0.00043396972119808197,0.001893310546875,1.0,38.95988730242109,713945.9973044823,-0.00036955603864043953,0.0033444643020629885,-2.854771614074707,0.001825031079351902,0.007378052175045014
464,380108800,2.2199999999999984e-05,0.11738507270812988,0.00047499392181634905,0.002325439453125,0.9997616096119004,39.123915323734145,713836.7343466998,-0.000346189527772367,0.002153419889509678,-2.8551544189453124,0.0014584683813154697,0.0057247310876846315
465,380928000,2.1599999999999983e-05,0.11758020401000976,0.00038865230977535247,0.001893310546875,0.9999048344118767,39.03035782261134,710080.8633091857,-0.0004787018522620201,0.0023647241294384004,-2.8561838150024412,0.0015910062938928604,0.005790525302290917
466,381747200,2.0999999999999982e-05,0.11783658027648926,0.0003884312883019447,0.0019482421875,0.9998091785135006,39.0681709760519,710936.6285374988,-0.00041265184991061686,0.001905679889023304,-2.856842803955078,0.0015427494421601296,0.006370361149311066
467,382566400,2.0399999999999984e-05,0.11778517723083497,0.0003768295794725418,0.00209228515625,0.9998576039491172,39.08714638314031,714545.515224893,-0.00037411460652947426,0.0017028851434588432,-2.857960319519043,0.0015390272252261638,0.00572790652513504
468,383385600,1.9799999999999983e-05,0.11757057189941406,0.00045531533658504486,0.002132568359375,1.0,39.00110121612563,714607.1996099603,-0.000486045004799962,0.003105884790420532,-2.8597715377807615,0.0014963574707508088,0.006221679970622063
469,384204800,1.9199999999999982e-05,0.11784102439880371,0.0004218266159296036,0.00203369140625,0.999808923282698,39.18868825833572,708606.2905902091,-0.00033240532502532005,0.002302756905555725,-2.8609548568725587,0.0014231042005121708,0.004915283620357513
470,385024000,1.8600000000000015e-05,0.11783235549926757,0.0004130542650818825,0.002198486328125,0.9998092331171309,39.12166157954979,707048.9497504104,-0.0005457882303744555,0.0018005233258008956,-2.8619842529296875,0.0018168577924370765,0.006538084894418717
471,385843200,1.8000000000000014e-05,0.11803514480590821,0.00039554290473461153,0.002001953125,1.0,39.09992834965369,715202.415367827,-0.00033620756585150957,0.00265086330473423,-2.8632904052734376,0.0013100632466375827,0.004156860336661339
472,386662400,1.7400000000000013e-05,0.11766515731811523,0.00042506210505962374,0.002083740234375,0.9999045664932958,39.131841389511855,713480.8578306533,-0.00035499995574355124,0.0021739004179835318,-2.864580535888672,0.0014115946367383003,0.004167968034744262
473,387481600,1.6800000000000012e-05,0.11776517868041993,0.0005549858137965202,0.002530517578125,0.9999047981721249,38.986290936785984,706707.2618352377,-0.00034754942171275614,0.0024488456547260284,-2.865741157531738,0.0012999657541513444,0.004577026516199112
474,388300800,1.6200000000000014e-05,0.11775169372558594,0.0003570991382002831,0.0019287109375,0.9999042924821745,39.127243144949034,701620.5709933657,-0.0004039029125124216,0.0015144860371947289,-2.8662832260131834,0.0013869048096239566,0.005420287698507309
475,389120000,1.5600000000000013e-05,0.11767520904541015,0.00040136247873306274,0.00204833984375,1.0,38.879786371656095,710455.355295407,-0.00039918241091072557,0.001804286055266857,-2.8671308517456056,0.0014594840817153455,0.005171019956469536
476,389939200,1.5000000000000012e-05,0.11768482208251953,0.0003891010954976082,0.001976318359375,0.9998088867654085,39.22828475871954,715064.8830356033,-0.0004317838698625565,0.0016912540420889854,-2.8679027557373047,0.0015756143257021904,0.004842650145292282
477,390758400,1.4400000000000011e-05,0.11768671035766602,0.0003853808715939522,0.00183837890625,0.999903966196101,39.254489580332276,712884.3918310278,-0.00035581577103585007,0.0021470142528414726,-2.8687204360961913,0.0014025789685547351,0.004602539911866188
478,391577600,1.3800000000000012e-05,0.11760491371154785,0.0004046034812927246,0.002091064453125,0.9996656796255612,39.33446365459929,705585.1726498704,-0.0002739978022873402,0.0018742669373750687,-2.8691642761230467,0.0012617114000022412,0.003264770284295082
479,392396800,1.320000000000001e-05,0.11786004066467286,0.00035335347056388857,0.00179443359375,0.9999047074518773,39.026967791118736,709094.2076770903,-0.00045488276518881323,0.0016949137672781945,-2.869576072692871,0.0014391079545021056,0.005053344741463661
480,393216000,1.260000000000001e-05,0.1175977897644043,0.00038083955645561217,0.001934814453125,0.99985714965954,39.06013999333365,714960.7601558145,-0.0003482514526695013,0.0019185103476047516,-2.8705169677734377,0.0013768738135695457,0.00469079539179802
481,394035200,1.2000000000000009e-05,0.11773344039916993,0.0003913503512740135,0.0019970703125,1.0,39.02268178785857,712054.0548474215,-0.0004160305019468069,0.0017113013193011284,-2.8709270477294924,0.0015709938481450081,0.005759155377745628
482,394854400,1.140000000000001e-05,0.11788900375366211,0.0003949842229485512,0.001951904296875,0.9999521668420549,39.12680570171243,711176.2028619241,-0.00033444827422499655,0.001702243648469448,-2.8710905075073243,0.0012527933344244958,0.003887573257088661
483,395673600,1.0800000000000008e-05,0.11806771278381348,0.00037446267902851104,0.001966552734375,0.9998572991485516,39.14755268039766,711760.0910609077,-0.00033537347335368397,0.0020920470356941222,-2.871231269836426,0.0015484691597521306,0.004780396446585655
484,396492800,1.0200000000000007e-05,0.11809518814086914,0.0004001983255147934,0.00191650390625,0.9999044798930175,39.134396790524406,716234.7748962073,-0.0003547010011970997,0.0022662082687020303,-2.871478271484375,0.0015189304947853088,0.004387450963258743
485,397312000,9.600000000000008e-06,0.11766118049621582,0.0003940163552761078,0.00183837890625,0.999952444359901,38.97089594825946,714920.5864512584,-0.0004340066108852625,0.002180919051170349,-2.8720766067504884,0.0015177574008703233,0.005023925751447678
486,398131200,9.000000000000007e-06,0.11775869369506836,0.00037499874830245974,0.00193115234375,0.999952328741002,39.095199504218904,705748.6327428145,-0.0003676794469356537,0.0018759235739707948,-2.872758483886719,0.0013267033733427524,0.0038079824298620224
487,398950400,8.400000000000006e-06,0.11771896362304687,0.0004219876974821091,0.002076416015625,1.0,38.96578055648356,697241.3079701255,-0.00030444727744907143,0.002203460596501827,-2.873524475097656,0.0013959193602204323,0.003704101592302322
488,399769600,7.800000000000007e-06,0.11770191192626953,0.00038500517606735227,0.00194580078125,0.9999522832466479,39.00940020041036,700908.4336188895,-0.0003252649679780006,0.0024447252973914145,-2.874158477783203,0.0010318629443645476,0.0023344727233052254
489,400588800,7.200000000000006e-06,0.11761590957641602,0.00041579805314540864,0.002095947265625,0.9999046983703421,39.01815496044983,705244.0729972709,-0.000267802900634706,0.0018790967762470246,-2.874652290344238,0.0011494457721710205,0.0025657955557107925
490,401408000,6.600000000000005e-06,0.11770006179809571,0.00036018557846546174,0.001844482421875,0.9999043474102062,39.1669137691903,705289.6461499298,-0.0003281036391854286,0.0015433775261044502,-2.87515869140625,0.0013107121922075748,0.0027683107182383537
491,402227200,6.000000000000004e-06,0.11768235206604004,0.0003566130623221397,0.00181884765625,0.9998566719220295,39.173426974344274,703735.6644185615,-0.000282373302616179,0.0015906237065792083,-2.8756526947021483,0.00134633369743824,0.0031230468302965164
492,403046400,5.400000000000004e-06,0.11814962387084961,0.0004038308188319206,0.001988525390625,0.9998571292504048,39.09496142489761,693935.7343045841,-0.0003256886499002576,0.0016294881701469422,-2.8761945724487306,0.001353487279266119,0.0030097654089331627
493,403865600,4.800000000000004e-06,0.11797991752624512,0.0003836735337972641,0.001971435546875,0.9998570543669891,39.01062562538714,699964.2472498441,-0.00016142945969477296,0.0019319763407111168,-2.8765419006347654,0.0010062601417303086,0.0018784185871481896
494,404684800,4.200000000000003e-06,0.1179666805267334,0.0004281476140022278,0.00215576171875,1.0,39.079969426264746,701150.2588889044,-0.0003027033992111683,0.0017266515642404556,-2.876641273498535,0.0012561541981995106,0.0022791748866438865
495,405504000,3.600000000000003e-06,0.11775955200195312,0.0004323086142539978,0.0020556640625,0.9999521416606844,39.12983967456329,702082.806528172,-0.00018323656404390932,0.0019724858924746514,-2.87698974609375,0.0007031848188489675,0.0011142577975988388
496,406323200,3.000000000000002e-06,0.11770211219787598,0.00041860945522785185,0.002149658203125,0.9998567061520826,39.19807986243791,705170.4781934875,-0.0002578170271590352,0.0018762912601232528,-2.8771352767944336,0.0012159618549048901,0.0033265382051467897
497,407142400,2.400000000000002e-06,0.11785449981689453,0.0003824237361550331,0.001846923828125,0.9998086399081472,39.24159211596422,700457.9548790008,-0.0001525509520433843,0.0017591590061783791,-2.8770408630371094,0.0006894180551171303,0.0009560547769069672
498,407961600,1.8000000000000014e-06,0.11744412422180175,0.0004109463095664978,0.001912841796875,0.9999520452692658,39.143480554356685,709085.5252343785,-0.0001840954995714128,0.0018082356080412864,-2.876966094970703,0.0008622637949883937,0.0014339597895741464
499,408780800,1.200000000000001e-06,0.11725526809692383,0.00045407190918922424,0.00229736328125,0.9999041640711103,39.149791556854666,711330.0847395007,-0.0001648631412535906,0.0023999342694878576,-2.877008247375488,0.0007658839225769043,0.0008834227919578552
500,409600000,6.000000000000005e-07,0.11780683517456055,0.00038303874433040616,0.001925048828125,0.999856767724994,39.18935306755789,714208.4771357664,-0.00010232151253148913,0.0016861747950315475,-2.8770397186279295,0.00033432571217417717,0.00029516599606722594
