update,env_steps,lr,reward_per_step,cost_per_step,violation_rate,success_rate,mean_episode_length,steps_per_sec,policy_loss,value_loss,entropy,approx_kl,clip_frac
1,819200,0.0003,-0.008419651985168457,0.0,0.0,1.0,71.3125,882718.2305324258,-0.014656682312488557,0.026776227355003356,1.844095802307129,0.0098101906478405,0.12862229347229004
2,1638400,0.00029939999999999996,0.004111552238464355,0.0,0.0,1.0,289.95238095238096,879057.9212709685,-0.01829350143671036,0.019525906443595885,1.8379541397094727,0.010214345902204514,0.13551663160324096
3,2457600,0.0002988,0.011701586246490479,0.0,0.0,1.0,518.8578680203045,881938.8926532879,-0.01833149939775467,0.02350499778985977,1.8006397247314454,0.009507303684949875,0.1303589940071106
4,3276800,0.0002982,0.011200103759765625,0.0,0.0,1.0,666.9694519317161,883242.1405173715,-0.012079692631959914,0.02495652884244919,1.7631725311279296,0.007053709775209427,0.08814076185226441
5,4096000,0.00029759999999999997,0.012210795879364014,0.0,0.0,0.5915533699739659,806.5666763089384,879913.0028738724,-0.01011124774813652,0.026471737027168273,1.7354705810546875,0.006454133242368698,0.080171138048172
6,4915200,0.00029699999999999996,0.01924026370048523,0.0,0.0,0.9933645589383294,222.38251366120218,887923.5454862237,-0.009988100081682206,0.028455865383148194,1.7109918594360352,0.006710870563983918,0.085739004611969
7,5734400,0.0002964,0.023500258922576903,0.0,0.0,0.9990798251667817,228.67770876466528,875323.1587346595,-0.009400561451911926,0.029101827740669252,1.6841850280761719,0.006303680688142776,0.07797315120697021
8,6553600,0.0002958,0.032131500244140625,0.0,0.0,1.0,166.4502555366269,875409.199184671,-0.008242564648389817,0.028921055793762206,1.6550922393798828,0.0056278187781572345,0.06614367961883545
9,7372800,0.00029519999999999997,0.04038527488708496,0.0,0.0,1.0,122.34056105163302,879678.4447266359,-0.0068766243755817415,0.02715228497982025,1.6227399826049804,0.00474754236638546,0.050278317928314206
10,8192000,0.00029459999999999995,0.0479780912399292,0.0,0.0,1.0,99.77685950413223,875428.5631164955,-0.0056548211723566055,0.02242414653301239,1.582278060913086,0.003972017765045166,0.03777844607830048
11,9011200,0.000294,0.05512522220611572,0.0,0.0,1.0,85.00697489039457,868365.8846231753,-0.00517050214111805,0.016555841267108917,1.5391715049743653,0.00362725704908371,0.03341638445854187
12,9830400,0.0002934,0.06123567581176758,0.0,0.0,1.0,75.43425868071053,875624.8671437851,-0.005008789524435997,0.011442844569683076,1.4974301338195801,0.0039179414510726925,0.036781004071235655
13,10649600,0.00029279999999999996,0.0674874496459961,0.0,0.0,1.0,68.24932603545462,868716.5764812031,-0.005024541914463043,0.007494273781776428,1.4583084106445312,0.004098476469516754,0.04032433331012726
14,11468800,0.00029219999999999995,0.07359488010406494,0.0,0.0,1.0,62.339161101523224,872929.7979157232,-0.005930425971746445,0.004996549710631371,1.4189187049865724,0.005486534535884857,0.062297111749649046
15,12288000,0.0002916,0.07981493473052978,0.0,0.0,1.0,57.55089322808475,878092.8290997253,-0.006710323691368103,0.0036826763302087785,1.3809493064880372,0.006533339619636536,0.08143932223320008
16,13107200,0.00029099999999999997,0.08563255310058594,0.0,0.0,1.0,53.540005195479935,877777.1576789931,-0.007141486555337906,0.0030162397772073744,1.3441679000854492,0.007171580195426941,0.0919971764087677
17,13926400,0.00029039999999999996,0.09119604110717773,0.0,0.0,1.0,50.26820109024833,872641.6954759143,-0.007271108031272888,0.002660161443054676,1.3069212913513184,0.0073735244572162625,0.09390721917152405
18,14745600,0.00028979999999999994,0.09650638580322266,0.0,0.0,1.0,47.402149548824646,878476.4607047071,-0.007249176502227783,0.002328641153872013,1.2704761505126954,0.007450076192617417,0.09604222774505615
19,15564800,0.0002892,0.10094518661499023,0.0,0.0,1.0,45.43511324185816,877576.0517513476,-0.006607821583747864,0.0021636515855789186,1.2350034713745117,0.0072425931692123415,0.09214342832565307
20,16384000,0.00028859999999999997,0.10527021408081055,0.0,0.0,1.0,43.5234995236583,861753.6857098002,-0.006232922151684761,0.0019525455310940743,1.1985822677612306,0.0069603331387043,0.08641697764396668
21,17203200,0.00028799999999999995,0.1087032699584961,0.0,0.0,1.0,42.047426583444185,863359.3726962312,-0.005794640257954597,0.0018662024289369584,1.1630707740783692,0.006724150478839874,0.08034179806709289
22,18022400,0.00028739999999999994,0.111972017288208,0.0,0.0,1.0,40.91224662582798,877427.528876237,-0.00532463900744915,0.0017269089818000793,1.1275411605834962,0.006348850578069687,0.07291357517242432
23,18841600,0.0002868,0.11493633270263671,0.0,0.0,1.0,39.92396894711305,879975.7353366849,-0.004977339878678322,0.0016047319397330285,1.0936470031738281,0.006040488556027413,0.06730443239212036
24,19660800,0.00028619999999999996,0.11728514671325684,0.0,0.0,1.0,38.96320387427595,877908.911834711,-0.00442918948829174,0.0015088197775185107,1.0598439216613769,0.005674279853701591,0.05963537096977234
25,20480000,0.00028559999999999995,0.1197052001953125,0.0,0.0,1.0,38.37762924184351,880624.4464545727,-0.003999730572104454,0.0014387006871402265,1.026632022857666,0.0053436562418937685,0.05249096155166626
26,21299200,0.000285,0.12156285285949707,0.0,0.0,1.0,37.830273959966796,877378.2197778615,-0.003575354442000389,0.0013346737250685692,0.9957142829895019,0.005113614350557327,0.04895202815532684
27,22118400,0.0002844,0.12280729293823242,0.0,0.0,1.0,37.267079331846524,877840.6613364439,-0.003200284019112587,0.0012757250107824803,0.9646624565124512,0.004793335869908333,0.04228832721710205
28,22937600,0.00028379999999999996,0.12452016830444336,0.0,0.0,1.0,36.80459048729099,887673.061008654,-0.0028384430333971977,0.0012286714278161525,0.933220386505127,0.004340529814362526,0.03609301745891571
29,23756800,0.00028319999999999994,0.1253842830657959,0.0,0.0,1.0,36.555927363583635,874753.4848311351,-0.0024309922009706497,0.0011771468445658684,0.9033070564270019,0.003975673019886017,0.030604860186576842
30,24576000,0.0002826,0.1268009376525879,0.0,0.0,1.0,36.331724168475134,878300.9114058933,-0.002207552082836628,0.0011139371432363986,0.8745109558105468,0.003943513706326484,0.028104493021965028
31,25395200,0.00028199999999999997,0.12735624313354493,0.0,0.0,1.0,35.887176568451466,883837.6635793067,-0.0020856020972132685,0.0010613062418997287,0.8487366676330567,0.0037567131221294403,0.026127442717552185
32,26214400,0.00028139999999999996,0.12820781707763673,0.0,0.0,1.0,35.82240783662046,880471.2756754447,-0.0018704891204833984,0.0010322980582714082,0.8219471931457519,0.0035751011222600938,0.02381262183189392
33,27033600,0.00028079999999999994,0.1289766788482666,0.0,0.0,1.0,35.64336059867734,880824.0823861941,-0.0018357662484049797,0.0009708703495562076,0.7965666294097901,0.0034223243594169615,0.02142333984375
34,27852800,0.0002802,0.1294492721557617,0.0,0.0,1.0,35.40393918451969,884225.4831464231,-0.001583448424935341,0.0009211799129843712,0.7716114521026611,0.003261789306998253,0.019609500467777253
35,28672000,0.00027959999999999997,0.1302567768096924,0.0,0.0,1.0,35.33106624768628,879976.3007369038,-0.0016455287113785744,0.0008894873782992363,0.745882511138916,0.0033346042037010193,0.02063586413860321
36,29491200,0.00027899999999999995,0.1302457046508789,0.0,0.0,1.0,35.22476985287791,886568.7434018067,-0.001189629454165697,0.000846670102328062,0.7231686592102051,0.0026995789259672163,0.015152223408222198
37,30310400,0.0002784,0.1307506561279297,0.0,0.0,1.0,35.12387406708415,879348.9896385835,-0.0015246390365064144,0.0008147572167217732,0.6996277809143067,0.002958373539149761,0.016554194688796996
38,31129600,0.0002778,0.1312563705444336,0.0,0.0,1.0,35.01582819986311,879849.2230263317,-0.0010910052806138992,0.0007682763040065766,0.6764226913452148,0.002704239264130592,0.013771604001522064
39,31948800,0.0002772,0.13137928009033203,0.0,0.0,1.0,34.96982997400605,888199.3555283636,-0.001261022314429283,0.0007477193605154753,0.6541369915008545,0.0030628254637122153,0.016025632619857788
40,32768000,0.0002766,0.1317761993408203,0.0,0.0,1.0,34.90012356725894,882666.1432226804,-0.0008642525412142277,0.000708646746352315,0.6345440864562988,0.002403050661087036,0.010547972470521926
41,33587200,0.000276,0.1319322395324707,0.0,0.0,1.0,34.88335892186967,878517.2775714844,-0.0009801159612834454,0.0007073512300848961,0.6155271053314209,0.0024746861308813095,0.011938843131065368
42,34406400,0.00027539999999999997,0.13218204498291017,0.0,0.0,1.0,34.866162795635006,888504.2145373669,-0.0009312721900641918,0.0006908761337399483,0.5958815574645996,0.0023912696167826654,0.010590577125549316
43,35225600,0.0002748,0.13238637924194335,0.0,0.0,1.0,34.826208889266596,856287.3086629158,-0.0008609057404100895,0.000656532496213913,0.5751138210296631,0.0023946499451994894,0.01083727777004242
44,36044800,0.0002742,0.13241090774536132,0.0,0.0,1.0,34.60316855170077,868786.3124610443,-0.0008142027072608471,0.0006532902829349041,0.5549542427062988,0.002233063988387585,0.009927735477685929
45,36864000,0.0002736,0.1322348976135254,0.0,0.0,1.0,34.712649529142276,886920.4960748171,-0.0008066112175583839,0.000673596141859889,0.5363073825836182,0.002164195291697979,0.00902404561638832
46,37683200,0.00027299999999999997,0.1329474639892578,0.0,0.0,1.0,34.702776724392194,884770.98937259,-0.0009266714565455914,0.0006224055774509907,0.5175634860992432,0.00237373560667038,0.010616335272789
47,38502400,0.0002724,0.13292333602905274,0.0,0.0,1.0,34.55304215466577,879723.9399271358,-0.000699607515707612,0.0005969540681689978,0.4993740081787109,0.0020125813782215117,0.008497559279203416
48,39321600,0.0002718,0.1333002281188965,0.0,0.0,1.0,34.532377135625396,886677.2072941988,-0.0007159704342484474,0.0005765579175204038,0.4787424087524414,0.002023977413773537,0.008248168230056762
49,40140800,0.0002712,0.13342639923095703,0.0,0.0,1.0,34.388902889784944,876600.0875253408,-0.0005339082330465317,0.0005551597103476524,0.45767841339111326,0.0017615336924791335,0.007649049162864685
50,40960000,0.00027059999999999996,0.13374750137329103,0.0,0.0,1.0,34.495884082318355,872042.6040244362,-0.0005554421339184045,0.0005489322356879711,0.4371906280517578,0.0019207488745450973,0.0076882317662239075
51,41779200,0.00027,0.13375919342041015,0.0,0.0,1.0,34.341919001549606,877795.1355829927,-0.0005901034455746412,0.0005420894362032413,0.4181939125061035,0.0019616425037384034,0.007471191138029099
52,42598400,0.0002694,0.1337319278717041,0.0,0.0,1.0,34.28968087779546,875357.9961219712,-0.0005159200634807348,0.0005385979544371367,0.40202646255493163,0.0019194373860955238,0.00709521472454071
53,43417600,0.0002688,0.13378960609436036,0.0,0.0,1.0,34.356573203492275,874914.4648320446,-0.00048297601751983165,0.0005302832927554846,0.38700132369995116,0.0016138425096869468,0.0060677479952573775
54,44236800,0.00026819999999999996,0.13401392936706544,0.0,0.0,1.0,34.34047987940203,880032.9142043567,-0.0005720349494367838,0.0005113724153488874,0.3702081203460693,0.0020018864423036577,0.008211304247379304
55,45056000,0.0002676,0.1340604019165039,0.0,0.0,1.0,34.385239697224556,877509.5758088201,-0.00042401254177093506,0.0005098206922411919,0.3549219608306885,0.0016629286110401154,0.006060547381639481
56,45875200,0.000267,0.13434988021850586,0.0,0.0,1.0,34.245189297491336,868389.2234650127,-0.0005188440904021263,0.0004956776276230813,0.34066855907440186,0.0015791021287441254,0.006242066249251365
57,46694400,0.00026639999999999997,0.13434131622314452,0.0,0.0,1.0,34.29502558510192,870828.2522014958,-0.0005088404752314091,0.0004890323150902986,0.3260779619216919,0.0018886087462306022,0.008304808288812637
58,47513600,0.00026579999999999996,0.13451744079589845,0.0,0.0,1.0,34.31041544763019,875222.335815508,-0.0005113276652991772,0.00048168427310884,0.30736680030822755,0.001876707375049591,0.007591797411441803
59,48332800,0.0002652,0.13448522567749024,0.0,0.0,1.0,34.28597762788554,872635.4802332417,-0.0005928471218794584,0.00047414652071893216,0.28869855403900146,0.0020046839490532875,0.008526121824979782
60,49152000,0.0002646,0.13451068878173827,0.0,0.0,1.0,34.172073460209056,874893.277497776,-0.0003438136540353298,0.0004659394267946482,0.27242131233215333,0.0019212644547224045,0.009095462411642075
61,49971200,0.00026399999999999997,0.13455820083618164,0.0,0.0,1.0,34.11594928261595,880219.3104870247,-0.0003018292132765055,0.00046913293190300467,0.2554954528808594,0.0017988525331020355,0.0069493412971496586
62,50790400,0.00026339999999999995,0.13427874565124512,0.0,0.0,1.0,34.158538622129434,876492.1787430211,-0.00030793247278779743,0.0004914039745926857,0.2393315076828003,0.0015737701207399369,0.005384277552366257
63,51609600,0.0002628,0.13444860458374022,0.0,0.0,1.0,34.28315921437526,873605.1980254677,-0.00044904658570885656,0.0004709105473011732,0.22211737632751466,0.0017441986128687859,0.005987548828125
64,52428800,0.0002622,0.13487433433532714,0.0,0.0,1.0,34.166819814551836,879388.3534786705,-0.0004089753609150648,0.00043960241600871086,0.20501585006713868,0.001769118569791317,0.007026612013578415
65,53248000,0.00026159999999999996,0.1349262237548828,0.0,0.0,1.0,34.1216244330712,875636.113425945,-0.0003567927284166217,0.0004404890816658735,0.18714405298233033,0.0017865778878331184,0.007773438841104508
66,54067200,0.000261,0.1348015022277832,0.0,0.0,1.0,34.1686460807601,850857.9676553367,-0.0004355123732239008,0.00043494566343724725,0.1687906265258789,0.0018562324345111846,0.007620605081319809
67,54886400,0.0002604,0.1348855400085449,0.0,0.0,1.0,34.08719504592494,872922.0941853513,-0.0001805027015507221,0.00043477863073349,0.15605982542037963,0.001606065407395363,0.005740844458341598
68,55705600,0.00025979999999999997,0.13494019508361815,0.0,0.0,1.0,34.10865761186568,866513.29107287,-0.0003087535966187716,0.00043072393164038657,0.1421011805534363,0.0015912258997559548,0.005781861022114754
69,56524800,0.00025919999999999996,0.13492073059082033,0.0,0.0,1.0,34.14759563296941,878105.5723322954,-0.0002379863988608122,0.000432261498644948,0.12398803234100342,0.0019097574055194854,0.008612670004367828
70,57344000,0.0002586,0.13476125717163087,0.0,0.0,1.0,33.994133799301046,882253.9296168312,-0.0002773931249976158,0.0004402957856655121,0.11168580055236817,0.001725073903799057,0.005858764797449112
71,58163200,0.000258,0.13454507827758788,0.0,0.0,1.0,34.09382303839733,885018.8674293108,-0.0003750962670892477,0.0004692898131906986,0.10123405456542969,0.0016242915764451027,0.006365234404802323
72,58982400,0.00025739999999999997,0.13451949119567871,0.0,0.0,1.0,34.11729887453105,869981.5588640899,-0.0002839066321030259,0.00046685626730322836,0.0906423032283783,0.0016789257526397706,0.005893676355481148
73,59801600,0.00025679999999999995,0.1348128318786621,0.0,0.0,0.9999583107516572,34.29836995038979,880618.2675186455,-0.00029310046229511497,0.0004393657669425011,0.07706351280212402,0.0017436861991882325,0.007130005955696106
74,60620800,0.0002562,0.1352099895477295,0.0,0.0,1.0,34.13236333402619,881515.0299503403,-0.00026018496137112377,0.00041826977394521236,0.061406904458999635,0.001997758820652962,0.009915158897638322
75,61440000,0.0002556,0.1351618766784668,0.0,0.0,1.0,34.014994807892,877159.6407296516,-0.00019774716347455978,0.0003980732522904873,0.04665820896625519,0.0016236213967204093,0.006287108361721039
76,62259200,0.00025499999999999996,0.13509756088256836,0.0,0.0,1.0,34.01083977074508,881234.86307832,-0.00031078825704753397,0.0003940704744309187,0.032298463582992556,0.0017838513478636742,0.006010009348392487
77,63078400,0.00025439999999999995,0.13531078338623048,0.0,0.0,1.0,34.12917065855792,879317.9215419912,-0.0001305278157815337,0.0003920320421457291,0.01934340000152588,0.00200226865708828,0.010801878571510316
78,63897600,0.0002538,0.1353196907043457,0.0,0.0,1.0,34.057022834088926,870321.8266854105,-0.0002344854176044464,0.000374217564240098,0.00538710355758667,0.0019542261958122253,0.008779418468475342
79,64716800,0.0002532,0.13528570175170898,0.0,0.0,1.0,34.057211758346845,881898.0346462707,-0.0002585458802059293,0.00037996252067387106,-0.008692649006843568,0.0017024597153067588,0.0067904040217399595
80,65536000,0.00025259999999999996,0.13526157379150391,0.0,0.0,1.0,34.05456815816857,881315.6467482145,-0.0002635611919686198,0.0003726660739630461,-0.025070375204086302,0.001604030281305313,0.006035400554537773
81,66355200,0.00025199999999999995,0.1352992820739746,0.0,0.0,1.0,34.01908396946565,876074.3285071031,-0.0002046335255727172,0.00039302986115217207,-0.04144595861434937,0.0017210030928254128,0.006206664443016052
82,67174400,0.0002514,0.13513471603393554,0.0,0.0,1.0,33.96542542126066,882449.1132564566,-0.0002518089488148689,0.0004004985559731722,-0.056205356121063234,0.0016521325334906578,0.0067441418766975405
83,67993600,0.00025079999999999997,0.13523844718933106,0.0,0.0,1.0,34.07187694865932,880650.2102942504,-0.00020757310558110474,0.00039799213409423827,-0.06684302091598511,0.0019474532455205917,0.009713380038738251
84,68812800,0.00025019999999999996,0.13511783599853516,0.0,0.0,1.0,34.08458458458458,875717.3531208305,-0.00021685014944523574,0.00039341398514807223,-0.07804161310195923,0.001973136514425278,0.009653442353010178
85,69632000,0.00024959999999999994,0.13543130874633788,0.0,0.0,0.9999585543766578,34.16876657824934,872834.8867676508,-0.00023779645562171936,0.00037264635320752857,-0.09437578320503234,0.0019482558593153954,0.008247315138578414
86,70451200,0.000249,0.13537556648254395,0.0,0.0,1.0,34.023641642472,873786.4663208933,-0.00015662177465856076,0.0003655125619843602,-0.10976827144622803,0.0019678696990013123,0.01105322316288948
87,71270400,0.0002484,0.13539033889770508,0.0,0.0,1.0,33.972093023255816,877041.8107763124,-0.0002187676029279828,0.0003725116373971105,-0.12304210662841797,0.001909649558365345,0.00798681601881981
88,72089600,0.0002478,0.13552358627319336,0.0,0.0,1.0,33.98219178082192,870986.303951854,0.0004049123730510473,0.0003665280994027853,-0.13226159811019897,0.002833106741309166,0.025759276747703553
89,72908800,0.0002472,0.13565877914428712,0.0,0.0,1.0,33.981482248643275,885756.6444351762,-0.0002301328582689166,0.00034863820765167474,-0.14704625606536864,0.0017271677032113075,0.006229126453399658
90,73728000,0.0002466,0.13559069633483886,0.0,0.0,1.0,33.9963061343073,867407.8350945172,-0.00012078869622200727,0.00034855275880545377,-0.16260136365890504,0.0020716095343232153,0.011472777277231217
91,74547200,0.000246,0.13543272018432617,0.0,0.0,1.0,33.99754718549929,872922.2925648275,-0.00022105672396719456,0.00034756865352392197,-0.17342212200164794,0.0016849158331751824,0.005761109665036202
92,75366400,0.0002454,0.1356074905395508,0.0,0.0,1.0,34.03828903654485,885953.4402737728,-0.0001649620942771435,0.00034343055449426174,-0.1879786252975464,0.0018828200176358224,0.008448366075754166
93,76185600,0.0002448,0.13567193031311034,0.0,0.0,1.0,33.97928663159203,881134.7822323985,-0.00015205956296995282,0.0003395896404981613,-0.20287513732910156,0.0018654424697160722,0.009074463695287704
94,77004800,0.00024419999999999997,0.1356395149230957,0.0,0.0,1.0,33.97699291132944,872826.2753111091,-7.073122542351484e-05,0.00033426776062697174,-0.21446845531463624,0.001739862933754921,0.0071019291877746586
95,77824000,0.00024359999999999999,0.1354570960998535,0.0,0.0,1.0,33.9294776119403,883484.9718867604,-0.0002769360318779945,0.0003328900784254074,-0.2256389379501343,0.0020584242418408396,0.00796472281217575
96,78643200,0.000243,0.13557703018188477,0.0,0.0,1.0,33.849246646026835,869711.5722849125,-0.00023453610483556986,0.0003281296929344535,-0.23562021255493165,0.0017718765884637833,0.006510496884584427
97,79462400,0.00024239999999999998,0.1357036018371582,0.0,0.0,1.0,34.02856073833874,871899.6749522801,-0.00011999469716101885,0.00032977520022541283,-0.24539790153503419,0.0020051080733537673,0.010130370408296585
98,80281600,0.0002418,0.13552748680114746,0.0,0.0,1.0,33.88879249803776,879523.3866384188,-0.00033195624127984046,0.000325201079249382,-0.25616631507873533,0.0018772605806589126,0.007392454892396927
99,81100800,0.00024119999999999998,0.13558025360107423,0.0,0.0,1.0,33.876314699792964,873967.0192129472,-0.00020584878511726857,0.0003248763270676136,-0.2688668489456177,0.001968275383114815,0.00936901718378067
100,81920000,0.0002406,0.1356259059906006,0.0,0.0,1.0,33.80556358083289,870927.0457430112,-0.00022453898563981056,0.0003228811314329505,-0.2827314853668213,0.001768767088651657,0.006398437917232514
101,82739200,0.00023999999999999998,0.1356454849243164,0.0,0.0,1.0,33.934814079497045,879491.3151627785,-0.00011321587953716516,0.00032571987248957156,-0.2955270051956177,0.0018195470795035363,0.007698730379343033
102,83558400,0.0002394,0.13577943801879883,0.0,0.0,1.0,33.95706819313091,877718.2122522963,-8.555164095014334e-05,0.00039338977076113223,-0.3044137954711914,0.002212752029299736,0.01376941055059433
103,84377600,0.0002388,0.13563890457153321,0.0,0.0,1.0,33.861917762885746,873939.4240081465,-9.968733647838234e-05,0.0003297837916761637,-0.3117591381072998,0.0017792904749512673,0.00842907875776291
104,85196800,0.0002382,0.1357536506652832,0.0,0.0,1.0,34.000621864765144,882294.5993611504,-0.00010484434897080064,0.00031502838246524336,-0.3220227718353271,0.0017842656001448632,0.0074145495891571045
105,86016000,0.0002376,0.1357417869567871,0.0,0.0,1.0,33.94301722349035,876648.7941517765,-7.826767396181821e-05,0.000311796716414392,-0.3328294277191162,0.001809966005384922,0.00769946351647377
106,86835200,0.000237,0.1357453441619873,0.0,0.0,1.0,33.91903420856457,873240.7073127175,-0.00014344889204949142,0.0003169304458424449,-0.3450322151184082,0.0016635209321975708,0.006505370885133743
107,87654400,0.0002364,0.13595499992370605,0.0,0.0,1.0,33.98385761589404,882450.5067178546,-0.00010949003044515848,0.0003161981236189604,-0.354166316986084,0.0016420688480138779,0.006763307005167007
108,88473600,0.00023579999999999999,0.13569993019104004,0.0,0.0,1.0,33.83341608738828,878646.717942569,-4.537549684755504e-05,0.0003170583164319396,-0.36460061073303224,0.002132483385503292,0.011967042833566666
109,89292800,0.0002352,0.1358715534210205,0.0,0.0,1.0,33.93994453871942,872795.721612129,0.00010476539609953761,0.00031592990271747114,-0.37697436809539797,0.002205877937376499,0.016358888149261473
110,90112000,0.00023459999999999998,0.13564977645874024,0.0,0.0,1.0,33.853871635610766,888363.8144640991,-0.00013124474789947272,0.0003207462141290307,-0.39040193557739256,0.001780979335308075,0.007878417521715165
111,90931200,0.000234,0.1358405113220215,0.0,0.0,1.0,33.9737266746659,881865.7532885174,-0.00014399496139958501,0.0003131721401587129,-0.40654950141906737,0.0019362092018127442,0.00912512093782425
112,91750400,0.00023339999999999998,0.13575467109680175,0.0,0.0,1.0,33.929284974093264,878755.464307061,-0.00013529033167287708,0.0003134278813377023,-0.42061991691589357,0.0016995100304484367,0.007307493686676025
113,92569600,0.0002328,0.1357794952392578,0.0,0.0,1.0,34.033643849288865,874697.0712576401,-0.00019854526035487652,0.0003089138772338629,-0.4313718318939209,0.0015840273350477218,0.005790039896965027
114,93388800,0.00023219999999999998,0.13592357635498048,0.0,0.0,1.0,33.97559965201541,877023.0832736902,-8.516835514456033e-05,0.00031225471757352353,-0.44103126525878905,0.001958620175719261,0.010171509534120559
115,94208000,0.0002316,0.1356949520111084,0.0,0.0,1.0,33.905635377417084,881368.0404162011,-0.00013218178646638988,0.0003136912593618035,-0.4480729579925537,0.0016244465485215187,0.006045409664511681
116,95027200,0.00023099999999999998,0.13585923194885255,0.0,0.0,1.0,33.85339448783108,871380.1350529131,-0.0002030160976573825,0.0003129790537059307,-0.4576109886169434,0.00184421818703413,0.007277709990739822
117,95846400,0.0002304,0.13588077545166016,0.0,0.0,1.0,34.01793424111591,875654.6766994726,-0.0001307879574596882,0.0003050968050956726,-0.4672701835632324,0.001754980906844139,0.006656615436077118
118,96665600,0.00022979999999999997,0.1358255386352539,0.0,0.0,1.0,33.82040580189264,869972.2623471668,-0.00011088824830949307,0.0003068224992603064,-0.47896928787231446,0.001938781701028347,0.00896887257695198
119,97484800,0.0002292,0.13601652145385743,0.0,0.0,1.0,33.99759515714404,873664.7199411106,-0.00013554592151194812,0.00030300256330519917,-0.4895335674285889,0.0017610203474760055,0.007394653558731079
120,98304000,0.00022859999999999997,0.1358636474609375,0.0,0.0,1.0,33.92820704242877,871766.5017452979,-8.960191044025124e-05,0.00030334116891026495,-0.49958438873291017,0.0018361315131187439,0.009679444134235382
121,99123200,0.00022799999999999999,0.1358633518218994,0.0,0.0,1.0,33.89363020489095,869165.3449447944,-8.361395448446274e-05,0.0003006596816703677,-0.5098445415496826,0.0014315567910671233,0.005130735784769058
122,99942400,0.00022739999999999997,0.13590704917907714,0.0,0.0,1.0,33.96287385406728,876294.4084127581,1.5149288810789584e-05,0.0003022134769707918,-0.5235340118408203,0.00233012568205595,0.013869385421276092
123,100761600,0.00022679999999999998,0.13594449996948244,0.0,0.0,1.0,33.881742652833466,878537.9842307101,-0.00011826786212623119,0.00029771518893539906,-0.5345485210418701,0.0017924839630723,0.0073973387479782104
124,101580800,0.00022619999999999997,0.13590192794799805,0.0,0.0,1.0,33.9899954336004,871914.5806261629,-0.00010544732213020324,0.00031424423214048146,-0.5427521705627442,0.0021058924496173857,0.011654537916183472
125,102400000,0.00022559999999999998,0.13590236663818359,0.0,0.0,1.0,33.84594103559336,874137.8972019611,-4.9451581435278055e-05,0.00029783102218061686,-0.5494202136993408,0.0016606736928224564,0.0070020750164985655
126,103219200,0.000225,0.13592315673828126,0.0,0.0,1.0,33.89894475481068,877983.5924621575,9.350808686576783e-05,0.0003102713730186224,-0.5557227611541748,0.002439003437757492,0.019000977277755737
127,104038400,0.00022439999999999998,0.13608291625976562,0.0,0.0,1.0,33.969593893889744,874208.748946942,-0.00012893265811726452,0.00031280978582799436,-0.564203405380249,0.0018167242407798768,0.007916504144668579
128,104857600,0.0002238,0.1356896209716797,0.0,0.0,1.0,33.867709756198515,871193.2729005154,-1.2657814659178257e-05,0.00029830115381628274,-0.5734846591949463,0.0018047826364636422,0.009043823182582855
129,105676800,0.00022319999999999998,0.13594091415405274,0.0,0.0,1.0,33.9207170654964,876293.7493042885,-0.00010039517655968666,0.0002964830491691828,-0.58655686378479,0.0020093774423003198,0.00893261581659317
130,106496000,0.0002226,0.13597749710083007,0.0,0.0,1.0,34.02060189023379,876270.4781728789,-0.00012432935182005167,0.0002990404609590769,-0.6008053302764893,0.002017010748386383,0.009784422069787978
131,107315200,0.00022199999999999998,0.13597053527832031,0.0,0.0,1.0,33.88656296541453,879235.0973454732,4.4389505637809636e-05,0.00029304381459951403,-0.6072412014007569,0.0018889455124735833,0.01033032089471817
132,108134400,0.0002214,0.13597695350646974,0.0,0.0,1.0,34.02356664029646,879953.95334573,-8.383631939068437e-05,0.00029665366746485234,-0.613853931427002,0.0016502849757671356,0.006099365279078483
133,108953600,0.00022079999999999997,0.13598112106323243,0.0,0.0,1.0,33.85924733845011,883385.8635802667,-1.178741513285786e-06,0.00029467190615832805,-0.6223308563232421,0.0018841205164790154,0.009083618223667145
134,109772800,0.00022019999999999999,0.13604808807373048,0.0,0.0,1.0,33.964966832504146,880764.6209913583,-8.090125629678369e-05,0.0002905406057834625,-0.6340187072753907,0.0018593860790133477,0.007742065191268921
135,110592000,0.00021959999999999997,0.13598928451538086,0.0,0.0,1.0,33.89103094489492,885572.2469330793,-8.952161297202111e-05,0.0003101652255281806,-0.6425668716430664,0.002147982269525528,0.012697020173072815
136,111411200,0.00021899999999999998,0.13617582321166993,0.0,0.0,1.0,33.9449975111996,868997.3204989582,-2.4836152442730962e-05,0.00032846303656697273,-0.651259183883667,0.0020725926384329795,0.010889525711536407
137,112230400,0.00021839999999999997,0.1360761833190918,0.0,0.0,1.0,33.83472950109355,863804.8216886676,-1.9088145927526055e-05,0.00029291880782693623,-0.6621364116668701,0.0021031782031059264,0.011945314705371857
138,113049600,0.00021779999999999998,0.13606966018676758,0.0,0.0,1.0,33.977843121013834,884277.9837939803,-7.155031198635697e-07,0.000288875331170857,-0.6723432064056396,0.0019238844513893127,0.009736330807209015
139,113868800,0.00021719999999999997,0.13567642211914063,0.0,0.0,1.0,33.7940107393639,872420.4791726791,0.0003924012649804354,0.00029312551487237215,-0.680740213394165,0.0029090657830238343,0.026179441809654237
140,114688000,0.00021659999999999998,0.13590879440307618,0.0,0.0,1.0,33.861772130944004,866826.9594065924,-6.807032041251659e-05,0.00028593491297215225,-0.6906325817108154,0.0019983464851975443,0.010381224751472472
141,115507200,0.00021599999999999996,0.1360659694671631,0.0,0.0,1.0,33.81613408005271,875057.6474274105,0.00020179725252091884,0.0002932286588475108,-0.7009282588958741,0.0024865316227078438,0.018627923727035523
142,116326400,0.00021539999999999998,0.13611043930053712,0.0,0.0,1.0,33.890813409024986,869249.9067147265,-0.00010094672907143832,0.00028834736440330744,-0.7138982295989991,0.0020032508298754694,0.010683471709489823
143,117145600,0.00021479999999999996,0.1359676265716553,0.0,0.0,1.0,33.804328074667545,869502.6507673936,-4.343001055531204e-05,0.00028916471637785435,-0.7268542766571044,0.002140841260552406,0.011012206971645355
144,117964800,0.00021419999999999998,0.13609592437744142,0.0,0.0,1.0,33.89687991392866,872837.2677178076,-1.2316316133365036e-05,0.0002869847696274519,-0.7384521484375,0.0020999649539589884,0.010872069001197814
145,118784000,0.00021359999999999996,0.1361690616607666,0.0,0.0,1.0,33.91849983460139,875481.0187528459,-5.14197105076164e-05,0.000284412014298141,-0.7445168972015381,0.0016010792925953865,0.0068179935216903685
146,119603200,0.00021299999999999997,0.13594524383544923,0.0,0.0,1.0,33.79001607650769,871919.1028161707,0.00027781520038843154,0.0003873902838677168,-0.75041184425354,0.002712170034646988,0.023302488029003143
147,120422400,0.00021239999999999996,0.1360931396484375,0.0,0.0,1.0,33.8697468563865,867460.7356042844,0.00011772329453378916,0.0002943297615274787,-0.7560391902923584,0.0020818945020437242,0.012953856587409973
148,121241600,0.00021179999999999997,0.13618355751037597,0.0,0.0,1.0,33.848691272397,878984.0681078859,-9.308201842941343e-05,0.0002858228050172329,-0.7619455814361572,0.0016791241243481636,0.00734851136803627
149,122060800,0.00021119999999999996,0.13608262062072754,0.0,0.0,1.0,33.801389118571194,872964.5436003621,-4.182267875876278e-05,0.00028190361335873605,-0.7707281112670898,0.0017628075554966926,0.007928099483251572
150,122880000,0.00021059999999999997,0.13613945007324219,0.0,0.0,1.0,33.83588368735822,870194.5225761124,-5.2612693980336187e-05,0.0002824950264766812,-0.7823017120361329,0.001723325438797474,0.007086792588233947
151,123699200,0.00020999999999999998,0.13596264839172365,0.0,0.0,1.0,33.834457641849106,878763.4447323283,9.821300045587122e-06,0.00028003265615552666,-0.7936852455139161,0.0022627700120210646,0.015578977763652802
152,124518400,0.00020939999999999997,0.13614545822143553,0.0,0.0,1.0,33.90376257295418,876956.0248504676,-3.080903552472591e-05,0.00028475148137658836,-0.7998958110809327,0.0018966158851981163,0.010304564982652665
153,125337600,0.00020879999999999998,0.13604126930236815,0.0,0.0,1.0,33.77660626029654,880915.0288322213,6.309585878625513e-05,0.00027992622926831245,-0.8113258361816407,0.0021555220708251,0.011967530101537704
154,126156800,0.00020819999999999996,0.1360051727294922,0.0,0.0,1.0,33.78340139421689,888055.144231615,-4.732121306005865e-05,0.00028100761119276285,-0.8229684829711914,0.0017525061964988708,0.007466429471969604
155,126976000,0.00020759999999999998,0.13617321968078613,0.0,0.0,1.0,33.843322165694666,883580.2865355975,-0.00011884071864187717,0.0002763122553005815,-0.8317479133605957,0.0017362080514431,0.007270752638578415
156,127795200,0.00020699999999999996,0.136186580657959,0.0,0.0,1.0,33.82471891602488,877757.565768827,9.638614719733595e-05,0.00028163040988147257,-0.8383866310119629,0.0021818583831191064,0.012346922606229781
157,128614400,0.00020639999999999998,0.13613988876342772,0.0,0.0,1.0,33.92976796128552,886213.5173376182,-0.0001364664640277624,0.000281329732388258,-0.847724723815918,0.0020779356360435485,0.010056518018245697
158,129433600,0.00020579999999999996,0.13612371444702148,0.0,0.0,1.0,33.87036192529331,881964.0138431592,2.4759423104114832e-05,0.00028020828031003473,-0.8548060417175293,0.001881086453795433,0.01021130383014679
159,130252800,0.00020519999999999997,0.13616910934448243,0.0,0.0,1.0,33.87108085808581,868748.2611951758,-8.991010254248977e-05,0.0002809878904372454,-0.8631717681884765,0.0018858678638935089,0.008510985225439072
160,131072000,0.00020459999999999996,0.13602930068969726,0.0,0.0,1.0,33.78387416398316,873377.7922849145,0.00028301824349910023,0.0002829019445925951,-0.8704668998718261,0.00251108817756176,0.020432251691818237
161,131891200,0.00020399999999999997,0.13621921539306642,0.0,0.0,1.0,33.905406524258986,876811.7451323601,-7.578892400488258e-05,0.0002779287053272128,-0.8808821678161621,0.001977439783513546,0.008237425237894058
162,132710400,0.00020339999999999996,0.13605351448059083,0.0,0.0,1.0,33.79834608228241,873341.5593200547,-9.982507908716798e-05,0.0002823409391567111,-0.8905136108398437,0.001887950301170349,0.008244385570287704
163,133529600,0.00020279999999999997,0.13628797531127929,0.0,0.0,1.0,33.82936475240999,879746.3057728077,2.021003165282309e-05,0.0002766320016235113,-0.899984073638916,0.0020147351548075675,0.01035473495721817
164,134348800,0.00020219999999999995,0.1361244773864746,0.0,0.0,1.0,33.90502816434725,879420.2873191711,-1.9326957408338784e-05,0.0002780762035399675,-0.9104697227478027,0.00194855909794569,0.00923742726445198
165,135168000,0.00020159999999999997,0.13615989685058594,0.0,0.0,1.0,33.96271902572387,877136.357042504,-0.00010699603008106351,0.0002800940768793225,-0.9203914642333985,0.0020117012783885,0.010815916210412979
166,135987200,0.00020099999999999995,0.13611270904541015,0.0,0.0,1.0,33.83351946064442,879259.633413856,-3.903542819898576e-05,0.00027791636530309914,-0.9284858703613281,0.0018145851790904999,0.008963743597269059
167,136806400,0.00020039999999999997,0.13613200187683105,0.0,0.0,1.0,33.74493361285814,873598.5174494722,0.00011993232183158398,0.00033681788481771947,-0.9379511833190918,0.0023779777809977533,0.016320192813873292
168,137625600,0.00019979999999999995,0.1361483383178711,0.0,0.0,1.0,33.79885912698413,874791.9236980659,0.0001326284371316433,0.0002789651975035667,-0.9504522323608399,0.002516363374888897,0.016773077845573425
169,138444800,0.00019919999999999996,0.13622690200805665,0.0,0.0,1.0,33.888498864340285,885015.1462055078,4.290883080102503e-05,0.00027750032022595407,-0.9571755409240723,0.0015456607565283776,0.005860230326652527
170,139264000,0.00019859999999999995,0.13616472244262695,0.0,0.0,1.0,33.746816139801346,880262.6351291838,-2.297739956702571e-06,0.0002800777554512024,-0.9626079559326172,0.0018967682495713233,0.008633057028055191
171,140083200,0.00019799999999999996,0.13614158630371093,0.0,0.0,1.0,33.79787761169378,876942.4107319628,8.994131931103767e-05,0.00027429028414189817,-0.9708344459533691,0.0022270005196332932,0.013264888525009155
172,140902400,0.00019739999999999995,0.13617517471313476,0.0,0.0,1.0,33.77504952129416,882750.454292779,-3.172122233081609e-05,0.0002777335699647665,-0.979621410369873,0.0019336942583322524,0.00960668846964836
173,141721600,0.00019679999999999999,0.13620161056518554,0.0,0.0,1.0,33.95016143720507,876576.344999086,9.680688381195069e-05,0.0002735862508416176,-0.9901556968688965,0.002456202730536461,0.017002929747104645
174,142540800,0.0001962,0.1361806583404541,0.0,0.0,1.0,33.87326912743355,866443.093980652,0.00015216802712529897,0.0002785865217447281,-1.0019002914428712,0.002542874962091446,0.018783694505691527
175,143360000,0.00019559999999999998,0.1361528778076172,0.0,0.0,1.0,33.75428336079077,878804.5334540713,-3.5524865961633625e-05,0.00027781277894973756,-1.0127370834350586,0.0019289616495370865,0.010250242799520493
176,144179200,0.000195,0.1361981201171875,0.0,0.0,1.0,33.786432989690724,869007.4523625787,0.00013460367918014527,0.00027528025675565003,-1.0210206985473633,0.0024235593155026436,0.017570801079273224
177,144998400,0.00019439999999999998,0.13618747711181642,0.0,0.0,1.0,33.83384984091566,877380.4967125584,6.428162450902163e-05,0.00027974245604127644,-1.032109260559082,0.002205437608063221,0.012608523666858672
178,145817600,0.0001938,0.136253719329834,0.0,0.0,1.0,33.84085834780451,888376.4712975174,-0.0001528011285699904,0.0002711372682824731,-1.0422574996948242,0.0017761360853910447,0.00773010328412056
179,146636800,0.00019319999999999998,0.1362006187438965,0.0,0.0,1.0,33.769455773905165,879365.3045099163,0.0001661860733292997,0.00027967032510787246,-1.0499985694885254,0.002194949984550476,0.013479490578174592
180,147456000,0.0001926,0.13607892990112305,0.0,0.0,1.0,33.73527107812822,879937.701570559,9.665170800872147e-05,0.0002771797822788358,-1.05737247467041,0.002224712818861008,0.013440796732902527
181,148275200,0.00019199999999999998,0.1362326240539551,0.0,0.0,1.0,33.76935736032255,879158.6780113225,0.00018178877653554081,0.0002868294483050704,-1.064258098602295,0.002542341500520706,0.01833190619945526
182,149094400,0.0001914,0.13607170104980468,0.0,0.0,1.0,33.68734317798528,877720.7561113546,8.704529609531164e-05,0.00027317062485963104,-1.0729799270629883,0.002177213318645954,0.01391918808221817
183,149913600,0.00019079999999999998,0.13620369911193847,0.0,0.0,1.0,33.7435135915522,864450.6449490343,0.0005152672529220581,0.0003651537001132965,-1.0814546585083007,0.0032033368945121763,0.031174919009208678
184,150732800,0.0001902,0.13614296913146973,0.0,0.0,1.0,33.80796832467211,875841.5067243603,-6.51047274004668e-05,0.00027982969768345354,-1.0908671379089356,0.0017906293272972108,0.0075107432901859285
185,151552000,0.00018959999999999997,0.13610767364501952,0.0,0.0,1.0,33.680090404766794,878606.1378480016,2.0270366803742944e-06,0.0002713313326239586,-1.100110912322998,0.0020915810018777847,0.011852416396141052
186,152371200,0.00018899999999999999,0.13629006385803222,0.0,0.0,1.0,33.8828955532575,875710.415270151,0.000182190234772861,0.0002694263122975826,-1.1065020561218262,0.0024796076118946075,0.019045533239841463
187,153190400,0.00018839999999999997,0.136307373046875,0.0,0.0,1.0,33.86557674841053,882553.8433906888,0.00013193927006796002,0.0002720946678891778,-1.1095413208007812,0.0023996813222765924,0.016862677037715913
188,154009600,0.00018779999999999998,0.13622343063354492,0.0,0.0,1.0,33.786871727209004,874434.5100620443,0.00017136706737801432,0.0002730625215917826,-1.114297580718994,0.0022423626855015756,0.015806642174720765
189,154828800,0.0001872,0.13614229202270509,0.0,0.0,1.0,33.7855223448675,867970.3355948523,2.2899072791915388e-05,0.0002716501709073782,-1.117285919189453,0.0020137308165431023,0.011147218197584153
190,155648000,0.00018659999999999998,0.13636890411376953,0.0,0.0,1.0,33.79095556105202,878949.3046813479,-1.4113986981101335e-05,0.00026937201619148254,-1.123670768737793,0.002005688473582268,0.010280639678239823
191,156467200,0.000186,0.1362054443359375,0.0,0.0,1.0,33.706153719416754,879431.7926510385,8.827948477119207e-05,0.00027083640452474356,-1.1334145545959473,0.002357831783592701,0.014851319789886474
192,157286400,0.00018539999999999998,0.136239652633667,0.0,0.0,1.0,33.77455099686934,875956.9162047986,2.159042778657749e-05,0.00026817359030246736,-1.1413381576538086,0.0018678907305002212,0.008813108503818511
193,158105600,0.0001848,0.13624509811401367,0.0,0.0,1.0,33.81472752832217,880423.2248784453,1.167671289294958e-05,0.0002710078377276659,-1.1504657745361329,0.0019962815567851067,0.011314576864242554
194,158924800,0.00018419999999999998,0.13626171112060548,0.0,0.0,1.0,33.767195984860955,880790.888261951,-6.506837671622634e-05,0.00027059221174567937,-1.1583035469055176,0.0020549239590764044,0.009794432669878006
195,159744000,0.0001836,0.136101131439209,0.0,0.0,1.0,33.78492047097707,879828.8087306754,3.863909660140052e-06,0.0002719634911045432,-1.168581771850586,0.00205840989947319,0.010452637076377868
196,160563200,0.00018299999999999998,0.13626669883728026,0.0,0.0,1.0,33.84063596944043,883415.8953763501,4.184867721050978e-05,0.0002719710348173976,-1.1773783683776855,0.002417290769517422,0.016097287833690643
197,161382400,0.0001824,0.13621848106384277,0.0,0.0,1.0,33.82381756061417,869460.5597029158,0.00010806296486407519,0.00027213827706873417,-1.1848112106323243,0.0020521610975265505,0.01165466457605362
198,162201600,0.00018179999999999997,0.13635302543640138,0.0,0.0,1.0,33.779941416725116,875283.5304430441,0.00012139759492129088,0.00029271920211613176,-1.1934295654296876,0.0024440808221697806,0.01682787835597992
199,163020800,0.00018119999999999999,0.13629039764404297,0.0,0.0,1.0,33.77777777777778,887171.8205269318,0.0001512597780674696,0.00028374602552503345,-1.200432300567627,0.002257697097957134,0.013919064402580261
200,163840000,0.00018059999999999997,0.136185884475708,0.0,0.0,1.0,33.79402171669213,882763.0278691703,6.487786886282265e-05,0.00027273152954876423,-1.2092772483825684,0.0024181010201573374,0.015593387186527252
201,164659200,0.00017999999999999998,0.13614742279052736,0.0,0.0,1.0,33.67712838255282,879675.812969586,4.8010781756602225e-05,0.00026652503293007613,-1.215371799468994,0.0022449430078268053,0.0142486572265625
202,165478400,0.00017939999999999997,0.13624040603637697,0.0,0.0,1.0,33.79298982659912,887662.0113206771,0.00013119066134095191,0.00027115840930491686,-1.224761962890625,0.0025019630789756774,0.017155884206295012
203,166297600,0.00017879999999999998,0.13618486404418945,0.0,0.0,1.0,33.745429841897234,879879.3556725223,0.0002323474967852235,0.00027023651637136936,-1.235927200317383,0.0024089226499199867,0.017943479120731354
204,167116800,0.00017819999999999997,0.13616140365600585,0.0,0.0,1.0,33.777181318908205,875913.3074069769,0.0006832426879554987,0.004401487112045288,-1.2445488929748536,0.0036072365939617155,0.037679076194763184
205,167936000,0.0001776,0.1363379669189453,0.0,0.0,1.0,33.72983754883816,883903.7570213741,0.00025243894197046757,0.0006197179667651653,-1.2491521835327148,0.002314290963113308,0.016157956421375276
206,168755200,0.00017700000000000002,0.13625746726989746,0.0,0.0,1.0,33.85618590803837,862361.444665987,0.00012383513385429978,0.0003788378555327654,-1.2530508995056153,0.002233864739537239,0.014735595881938934
207,169574400,0.0001764,0.136278076171875,0.0,0.0,1.0,33.80922302039468,872830.4414671388,0.0001173747587017715,0.0002976258285343647,-1.2573311805725098,0.0024453278630971907,0.017954590916633605
208,170393600,0.00017580000000000002,0.13638852119445802,0.0,0.0,1.0,33.92480860749017,885646.6553925389,9.65708342846483e-05,0.0002746198093518615,-1.2671667098999024,0.002122550085186958,0.012944091856479645
209,171212800,0.0001752,0.13624170303344726,0.0,0.0,1.0,33.72444023707606,880399.3411152404,2.4952669627964495e-05,0.00026833508163690565,-1.2767807960510253,0.0018709186464548112,0.008627929538488389
210,172032000,0.00017460000000000002,0.13630041122436523,0.0,0.0,1.0,33.7156201135709,874257.710899281,5.409123841673136e-05,0.0002711063716560602,-1.2854106903076172,0.0018921485170722008,0.010718750208616257
211,172851200,0.000174,0.13634486198425294,0.0,0.0,1.0,33.8226818594666,884875.2325581699,0.00010031412821263075,0.000270595564506948,-1.2928220748901367,0.002144228108227253,0.013916991651058197
212,173670400,0.0001734,0.13622237205505372,0.0,0.0,1.0,33.84177895345954,876468.0715478719,-6.35031785350293e-05,0.0002693800022825599,-1.3038278579711915,0.0018350802361965179,0.00796826109290123
213,174489600,0.0001728,0.13628429412841797,0.0,0.0,1.0,33.74065988384067,875162.7838999887,-9.437027620151639e-05,0.0002697235671803355,-1.3159128189086915,0.0019478129222989082,0.009188598394393921
214,175308800,0.0001722,0.13629890441894532,0.0,0.0,1.0,33.85624457038845,885472.6620041318,0.00018350344616919757,0.0002691539004445076,-1.3254178047180176,0.0022108770906925203,0.013987550139427185
215,176128000,0.0001716,0.1363680839538574,0.0,0.0,1.0,33.88219495062187,879746.8528406088,0.00010031079873442649,0.0002702889498323202,-1.3356616020202636,0.0022750677540898322,0.01433739960193634
216,176947200,0.000171,0.1361984157562256,0.0,0.0,1.0,33.679163751594714,873024.6861660244,-0.0001015241607092321,0.000268445978872478,-1.346794319152832,0.0022537419572472572,0.011815430968999863
217,177766400,0.0001704,0.13628683090209961,0.0,0.0,1.0,33.81131219854063,883753.8952256581,0.0002092275070026517,0.00027009898331016303,-1.3555971145629884,0.0024992454797029494,0.018842652440071106
218,178585600,0.0001698,0.13631486892700195,0.0,0.0,1.0,33.918109518681135,881907.0853358604,-6.884639151394367e-05,0.0002679687924683094,-1.3640052795410156,0.001974514126777649,0.00934155285358429
219,179404800,0.0001692,0.13616212844848632,0.0,0.0,1.0,33.778300524121995,877682.9010352803,7.432533893734217e-05,0.00027057083789259193,-1.3731500625610351,0.0020965253934264183,0.010786866396665573
220,180224000,0.0001686,0.13619558334350587,0.0,0.0,1.0,33.77552704319485,885100.187410964,0.00019591194577515126,0.00026757190935313704,-1.3832283973693849,0.0024637050926685335,0.01730981320142746
221,181043200,0.000168,0.13629638671875,0.0,0.0,1.0,33.730329218106995,881434.9333397555,0.00023271108511835337,0.00027328396681696175,-1.3911788940429688,0.0025454854592680933,0.018849487602710723
222,181862400,0.0001674,0.136303129196167,0.0,0.0,1.0,33.78310172776381,879803.431067816,0.00026053811889141797,0.00026805417146533725,-1.3994765281677246,0.0025819681584835054,0.019688238203525544
223,182681600,0.0001668,0.13628263473510743,0.0,0.0,1.0,33.84018980812874,886781.2245193244,0.00010091657750308514,0.00026799761690199375,-1.4116034507751465,0.0022123374044895174,0.013277709484100342
224,183500800,0.0001662,0.13628599166870117,0.0,0.0,1.0,33.92756388981082,874755.7853524558,0.0005683671683073044,0.00028490067925304177,-1.4207308769226075,0.0033479716628789903,0.03324522972106934
225,184320000,0.0001656,0.1362735366821289,0.0,0.0,1.0,33.78403852486006,873777.8538711874,6.94926653522998e-05,0.000267231441102922,-1.42496976852417,0.0019186187535524368,0.010732176899909972
226,185139200,0.000165,0.1363157081604004,0.0,0.0,1.0,33.81419141914191,874009.3948928335,2.8561477665789426e-05,0.000267206528224051,-1.4331604957580566,0.0021090298891067506,0.011727294325828553
227,185958400,0.0001644,0.13617969512939454,0.0,0.0,1.0,33.80827129859388,865654.4271859122,0.0014279983937740327,0.00030700040515512227,-1.440732479095459,0.004197924956679344,0.04571971893310547
228,186777600,0.0001638,0.13633115768432616,0.0,0.0,1.0,33.86843301781507,865339.8215220323,0.0002039270242676139,0.0002948412671685219,-1.4491209983825684,0.002473706938326359,0.017955440282821655
229,187596800,0.0001632,0.13620536804199218,0.0,0.0,1.0,33.69418633336074,853982.6244148313,1.7215032130479813e-06,0.0002705525141209364,-1.4588457107543946,0.0020845986902713774,0.011229370534420014
230,188416000,0.0001626,0.136308536529541,0.0,0.0,1.0,33.797642598087705,864819.7211578608,0.0001606892910785973,0.0002715700073167682,-1.466934585571289,0.002405380271375179,0.015685421228408814
231,189235200,0.000162,0.136276798248291,0.0,0.0,1.0,33.766460905349795,863352.69431248,0.00026376547757536175,0.00026764748618006705,-1.4732511520385743,0.0026235261932015417,0.020477908849716186
232,190054400,0.0001614,0.1362006950378418,0.0,0.0,1.0,33.836021505376344,864675.6394885851,0.00017178208800032734,0.00026686061173677447,-1.4783966064453125,0.0021123770624399186,0.01318042129278183
233,190873600,0.0001608,0.13634513854980468,0.0,0.0,1.0,33.69339486587828,870521.2697426821,0.00012947454815730451,0.0002663324121385813,-1.4812169075012207,0.0020670121535658835,0.012465820461511613
234,191692800,0.0001602,0.1363609790802002,0.0,0.0,1.0,33.84821244484763,862382.9135464549,7.329885265789926e-05,0.0002683841157704592,-1.4866599082946776,0.00204788725823164,0.010491333156824111
235,192512000,0.0001596,0.13621045112609864,0.0,0.0,1.0,33.758546744195634,862617.8919020751,-1.759994775056839e-05,0.00026817747857421637,-1.4964548110961915,0.001898483745753765,0.00970153734087944
236,193331200,0.000159,0.1363163948059082,0.0,0.0,1.0,33.82527957743573,867207.2069677826,0.00016965983668342232,0.0002695266855880618,-1.505976963043213,0.00288457702845335,0.02231176495552063
237,194150400,0.0001584,0.13623178482055665,0.0,0.0,1.0,33.83675827350004,875635.8194516698,4.9949553795158866e-05,0.000269077904522419,-1.516268825531006,0.002049534022808075,0.011759643256664277
238,194969600,0.0001578,0.1363047504425049,0.0,0.0,1.0,33.76282607796932,873370.760294345,0.0003038874361664057,0.00026487144641578196,-1.5239893913269043,0.0027452137321233748,0.022100216150283812
239,195788800,0.0001572,0.13633927345275879,0.0,0.0,1.0,33.725621532771726,875697.7985633432,5.4930464830249545e-05,0.0002676013158634305,-1.5308887481689453,0.0021540386602282523,0.013074219226837158
240,196608000,0.00015659999999999998,0.13638246536254883,0.0,0.0,1.0,33.76761841888101,888046.502161031,0.0002578887389972806,0.00027738132048398255,-1.5348309516906737,0.0025124574080109597,0.01773327887058258
241,197427200,0.000156,0.13631433486938477,0.0,0.0,1.0,33.75123355263158,883592.8143086615,0.00011476227082312107,0.00028070942498743535,-1.5397109031677245,0.002437762729823589,0.015796877443790436
242,198246400,0.00015539999999999998,0.13613246917724608,0.0,0.0,1.0,33.709265438965105,879347.3499213426,1.9330687064211815e-05,0.0002680881647393107,-1.546112060546875,0.0019962165504693987,0.010334107279777526
243,199065600,0.0001548,0.13634262084960938,0.0,0.0,1.0,33.670518567257474,887560.6548033293,8.720853365957737e-05,0.0004195043817162514,-1.5498456001281737,0.002044827491044998,0.01295800656080246
244,199884800,0.00015419999999999998,0.13634016036987304,0.0,0.0,1.0,33.770562057029835,878617.8143065597,0.0001440804568119347,0.000268852012231946,-1.5587761878967286,0.002169235423207283,0.014061035215854644
245,200704000,0.0001536,0.1362951374053955,0.0,0.0,1.0,33.807819474293275,879514.1952936563,0.0002114086877554655,0.0002660901518538594,-1.5683552742004394,0.0022872637957334517,0.015386353433132171
246,201523200,0.00015299999999999998,0.13637746810913087,0.0,0.0,1.0,33.823784185125604,877526.3320069364,6.203473312780262e-05,0.0002664387691766024,-1.5768915176391602,0.002050238475203514,0.01113012656569481
247,202342400,0.0001524,0.13627668380737304,0.0,0.0,1.0,33.77658520475561,879506.4278930656,6.180159980431199e-05,0.00026283240877091887,-1.5835658073425294,0.002220618352293968,0.014448361098766327
248,203161600,0.00015179999999999998,0.13629722595214844,0.0,0.0,1.0,33.79023947899922,876800.6215816695,0.000238681654445827,0.0002695024013519287,-1.5920528411865233,0.002467709220945835,0.017326414585113525
249,203980800,0.0001512,0.13632083892822267,0.0,0.0,1.0,33.76657048639736,884887.069565291,8.294423460029066e-05,0.0002613042248412967,-1.602213478088379,0.0022644029930233957,0.015535032749176026
250,204800000,0.00015059999999999997,0.13624011993408203,0.0,0.0,1.0,33.742593431950226,877613.1642771496,0.00018668940756469966,0.0002881716471165419,-1.6101287841796874,0.002493487671017647,0.017880123853683472
251,205619200,0.00015,0.13622161865234375,0.0,0.0,1.0,33.74986631565958,875952.6246310003,2.8049893444404006e-05,0.0005650042556226253,-1.6151744842529296,0.00201788954436779,0.011469116061925888
252,206438400,0.0001494,0.13629644393920898,0.0,0.0,1.0,33.8259594332218,872004.6387110739,0.00027461734134703875,0.00027341842651367186,-1.6213886260986328,0.0027066832408308983,0.021204349398612977
253,207257600,0.00014879999999999998,0.13619739532470704,0.0,0.0,1.0,33.697538486869185,867520.0312620299,0.00020906710997223855,0.00026652454398572444,-1.626253318786621,0.002299881912767887,0.015132077038288116
254,208076800,0.0001482,0.13638414382934572,0.0,0.0,1.0,33.800577676913555,868521.2771333463,0.00017303400672972203,0.0002652727300301194,-1.6330205917358398,0.002266828343272209,0.01567077487707138
255,208896000,0.00014759999999999998,0.13628469467163085,0.0,0.0,1.0,33.868087391070915,883266.656167275,6.547736120410264e-05,0.00026692450046539307,-1.6408802032470704,0.0021710105240345,0.013910400867462158
256,209715200,0.000147,0.13638514518737793,0.0,0.0,1.0,33.9327835564212,880734.8229758812,0.0001422243192791939,0.000265268050134182,-1.647174072265625,0.0021781006827950476,0.013572144508361816
257,210534400,0.00014639999999999998,0.1363381004333496,0.0,0.0,1.0,33.86769929781082,869262.3301460494,9.542600600980222e-05,0.00026442750822752714,-1.6560518264770507,0.0022967247292399406,0.012844482064247131
258,211353600,0.0001458,0.13637722969055177,0.0,0.0,1.0,33.92054544700957,878628.8962480689,-1.7420835501980036e-05,0.0002591080265119672,-1.665006446838379,0.001852276176214218,0.00878003090620041
259,212172800,0.00014519999999999998,0.1362298583984375,0.0,0.0,1.0,33.76601889672814,880791.6619743762,-7.799940067343415e-06,0.00026376759633421897,-1.6697404861450196,0.002129998430609703,0.012079589813947678
260,212992000,0.0001446,0.13633332252502442,0.0,0.0,1.0,33.83161455325468,879114.3865352764,-1.3530714204534888e-05,0.0002662292215973139,-1.6749420166015625,0.002043093368411064,0.011062134057283401
261,213811200,0.00014399999999999998,0.13618037223815918,0.0,0.0,1.0,33.7062793185746,885107.6333241762,0.0005553595256060362,0.0003658497240394354,-1.6795534133911132,0.0030785601586103438,0.02730468809604645
262,214630400,0.0001434,0.13628567695617677,0.0,0.0,1.0,33.79694214876033,881580.1579732742,0.00037014344707131386,0.0002655375748872757,-1.6881786346435548,0.0025654682889580727,0.019295285642147064
263,215449600,0.00014279999999999997,0.1363913345336914,0.0,0.0,1.0,33.94927386321321,880669.0066129451,9.714225889183581e-05,0.0002826479496434331,-1.6964052200317383,0.002283126674592495,0.014394167065620422
264,216268800,0.0001422,0.13628355026245118,0.0,0.0,1.0,33.78448417930125,887465.3073053518,0.00015468465862795712,0.000263177789747715,-1.7041574478149415,0.002260376140475273,0.01398022323846817
265,217088000,0.00014159999999999997,0.13623849868774415,0.0,0.0,1.0,33.82095655047084,878747.9789355388,0.00014377491315826775,0.00026528690941631796,-1.711850357055664,0.002649200335144997,0.02038878798484802
266,217907200,0.00014099999999999998,0.13626218795776368,0.0,0.0,1.0,33.78734093810485,879652.6882307758,0.00011221118038520216,0.0002668189350515604,-1.7172534942626954,0.002306677773594856,0.015224000811576844
267,218726400,0.00014039999999999997,0.13615158081054687,0.0,0.0,1.0,33.7063239965348,885965.0848380872,0.0003286194521933794,0.000286421156488359,-1.7234613418579101,0.002546710893511772,0.019392578303813933
268,219545600,0.00013979999999999998,0.1362321376800537,0.0,0.0,1.0,33.74610886930742,871727.9259208052,0.00033925671596080065,0.0002957527060061693,-1.7282390594482422,0.0027983222156763078,0.023968994617462158
269,220364800,0.00013919999999999997,0.13637807846069336,0.0,0.0,1.0,33.753715061952,872715.9341811807,0.00041613965295255183,0.0003036331385374069,-1.7298004150390625,0.0028093837201595305,0.02313586324453354
270,221184000,0.00013859999999999998,0.13634033203125,0.0,0.0,1.0,33.7598154327854,878188.1058198847,0.00015457342378795148,0.00028578347992151975,-1.7383028030395509,0.002350825071334839,0.015727658569812775
271,222003200,0.00013799999999999997,0.13625633239746093,0.0,0.0,1.0,33.815281102947246,873443.0679852262,0.00018993652192875743,0.00026415304746478795,-1.7446353912353516,0.0025462957099080087,0.019458004832267763
272,222822400,0.00013739999999999998,0.13627086639404296,0.0,0.0,1.0,33.75543567781255,870313.8907767271,7.044164813123644e-05,0.0002634987933561206,-1.7489936828613282,0.0019995348528027536,0.01039160117506981
273,223641600,0.00013679999999999996,0.1362392520904541,0.0,0.0,1.0,33.798272441725906,878918.4213643392,0.000325452140532434,0.0002789582591503859,-1.7559871673583984,0.0028378017246723174,0.023917724192142487
274,224460800,0.00013619999999999998,0.1361669445037842,0.0,0.0,1.0,33.69514203375875,871367.0254071834,0.00013239820254966616,0.00027821548283100126,-1.7635272979736327,0.0020691482350230217,0.012818236649036408
275,225280000,0.00013559999999999996,0.1364207649230957,0.0,0.0,1.0,33.82840065952185,858385.5736310148,0.00027639628387987614,0.00028337952680885793,-1.769615936279297,0.002453304082155228,0.0178471639752388
276,226099200,0.00013499999999999997,0.13634245872497558,0.0,0.0,1.0,33.78662984791658,861318.7243081692,0.0006362328305840493,0.000736296409741044,-1.7746732711791993,0.0034172944724559784,0.03362255692481995
277,226918400,0.0001344,0.136315975189209,0.0,0.0,1.0,33.7557746246494,877343.8820951423,0.00015239311615005134,0.0003106208052486181,-1.7820682525634766,0.0025641374289989472,0.01763525456190109
278,227737600,0.00013379999999999997,0.13629884719848634,0.0,0.0,1.0,33.84077854456796,872427.1058332842,0.000133468525018543,0.0002680696779862046,-1.7937650680541992,0.002361574396491051,0.014847533404827118
279,228556800,0.00013319999999999999,0.13637641906738282,0.0,0.0,1.0,33.967006972111555,868062.8251001129,0.00018894625827670097,0.0002656963653862476,-1.8004823684692384,0.0024595189839601516,0.01808728128671646
280,229376000,0.00013259999999999997,0.13644292831420898,0.0,0.0,1.0,33.87826051010706,878223.164836143,0.0001603642711415887,0.0002602818189188838,-1.8060869216918944,0.0023933136835694313,0.015374144911766053
281,230195200,0.00013199999999999998,0.1362825870513916,0.0,0.0,1.0,33.79239211156036,867839.7292400252,4.6154134906828403e-05,0.0002616156591102481,-1.8122171401977538,0.00222590547055006,0.014030276238918305
282,231014400,0.00013139999999999997,0.13626903533935547,0.0,0.0,1.0,33.83460044624411,874825.8935508872,-1.7670998931862415e-05,0.00026334994472563265,-1.818320083618164,0.0019139522686600686,0.009522949159145356
283,231833600,0.0001308,0.13633913040161133,0.0,0.0,1.0,33.7935494500968,883932.1118856099,0.0002600355772301555,0.0002643828745931387,-1.823779296875,0.002569984085857868,0.018866457045078278
284,232652800,0.0001302,0.13623784065246583,0.0,0.0,1.0,33.71239703459638,883495.2396318228,0.0006968696601688862,0.000267277006059885,-1.8291139602661133,0.003242085874080658,0.030426022410392762
285,233472000,0.0001296,0.13632036209106446,0.0,0.0,1.0,33.827280596891875,879782.9227617467,0.00028991708531975744,0.00027015272062271836,-1.8341140747070312,0.0027113765478134154,0.020982906222343445
286,234291200,0.000129,0.1362801170349121,0.0,0.0,1.0,33.764013383452436,888158.5644651877,0.0002728204242885113,0.0002672690665349364,-1.8412281036376954,0.00262762438505888,0.020019775629043578
287,235110400,0.0001284,0.1362542152404785,0.0,0.0,1.0,33.81216221791328,881822.5924934453,0.00022500113118439913,0.0003358251648023725,-1.8474315643310546,0.0025198569521307944,0.018143676221370697
288,235929600,0.0001278,0.13629547119140625,0.0,0.0,1.0,33.789378270363805,880817.8733055805,-5.3176720393821596e-05,0.0002851409139111638,-1.8534107208251953,0.0021989861503243445,0.011368286609649659
289,236748800,0.0001272,0.13629432678222655,0.0,0.0,1.0,33.82132660239169,886632.4133230323,0.00015867382753640414,0.00026744178030639886,-1.8580078125,0.002512828819453716,0.017853884398937224
290,237568000,0.00012660000000000001,0.13628965377807617,0.0,0.0,1.0,33.825751957148746,875030.9068827374,0.0001965388422831893,0.00026602770667523147,-1.8618555068969727,0.0023590449243783953,0.01661071628332138
291,238387200,0.000126,0.13622699737548827,0.0,0.0,1.0,33.80916314874597,874533.7888357436,-8.841831004247069e-07,0.00026338130701333287,-1.8698253631591797,0.002055111341178417,0.011071042716503143
292,239206400,0.0001254,0.1363758659362793,0.0,0.0,1.0,33.85339321768511,882125.7060553101,0.0001733409706503153,0.0002752633299678564,-1.8760204315185547,0.002462324500083923,0.017065919935703278
293,240025600,0.0001248,0.1362867259979248,0.0,0.0,1.0,33.8444426066821,873414.7292217348,0.00023290254175662995,0.0002618808299303055,-1.882668685913086,0.002684304676949978,0.021381591260433198
294,240844800,0.0001242,0.13636312484741211,0.0,0.0,1.0,33.82478861620953,867218.5648842786,0.0002626891015097499,0.00029108456801623105,-1.8895475387573242,0.0026662470772862434,0.019679567217826842
295,241664000,0.0001236,0.13624523162841798,0.0,0.0,1.0,33.84498718902389,882869.1648437628,0.00022030225954949856,0.0005097405053675174,-1.896673583984375,0.0025238407775759696,0.01923254281282425
296,242483200,0.000123,0.136315975189209,0.0,0.0,1.0,33.76091253500247,878013.358630641,0.00020705834031105043,0.0002911943243816495,-1.9035699844360352,0.002527782693505287,0.01798449903726578
297,243302400,0.0001224,0.1363168716430664,0.0,0.0,1.0,33.755589409972416,875453.0808404323,0.00029774289578199387,0.0002706322353333235,-1.9086416244506836,0.002453150227665901,0.017204101383686065
298,244121600,0.00012179999999999999,0.13625606536865234,0.0,0.0,1.0,33.75179648137441,872959.2466464398,0.00024264983367174863,0.0002631457056850195,-1.9134429931640624,0.0026524392887949944,0.02145422250032425
299,244940800,0.00012119999999999999,0.1363002109527588,0.0,0.0,1.0,33.76438322266672,866930.2859728786,0.00010102144442498684,0.0002639085054397583,-1.9177398681640625,0.0020209962502121927,0.011720946431159973
300,245760000,0.00012059999999999999,0.13630406379699708,0.0,0.0,1.0,33.814087998347446,872206.1202466234,1.0495731839910149e-05,0.000261551421135664,-1.9235292434692384,0.00214000940322876,0.013146118819713592
301,246579200,0.00011999999999999999,0.13635995864868164,0.0,0.0,1.0,33.7378816558308,869614.4691932728,0.0002295027719810605,0.000259913713671267,-1.9301023483276367,0.002466406486928463,0.016243165731430052
302,247398400,0.0001194,0.1363252067565918,0.0,0.0,1.0,33.74469746793818,877804.6149349092,0.00031554349698126316,0.00026515407953411343,-1.936839485168457,0.0025004452094435693,0.017722658812999725
303,248217600,0.0001188,0.1362590026855469,0.0,0.0,1.0,33.80925022732909,875623.3445769815,0.0001881435513496399,0.00026645548641681673,-1.941197395324707,0.002478835918009281,0.01833495795726776
304,249036800,0.0001182,0.1362488555908203,0.0,0.0,1.0,33.77057222955145,879793.5127266495,0.00010410805698484183,0.00026351693086326124,-1.943251609802246,0.002033904567360878,0.012786374986171722
305,249856000,0.0001176,0.1363644790649414,0.0,0.0,1.0,33.86169992975497,883345.8114986581,0.00022043876815587283,0.0002637251280248165,-1.9484464645385742,0.0023428885266184806,0.01629675179719925
306,250675200,0.000117,0.13630029678344727,0.0,0.0,1.0,33.788449647553485,880642.5059134741,0.0002012767130509019,0.00026169996708631517,-1.9541719436645508,0.0025177080184221267,0.01949157565832138
307,251494400,0.0001164,0.13628833770751952,0.0,0.0,1.0,33.75008253549026,888761.564395788,0.00013795035192742944,0.00025978186167776587,-1.9611230850219727,0.002135711535811424,0.013471435010433196
308,252313600,0.0001158,0.13631560325622558,0.0,0.0,1.0,33.728218412071875,883669.7605732025,8.701503393240272e-05,0.0002641952596604824,-1.9675424575805665,0.002390770614147186,0.016014160215854646
309,253132800,0.0001152,0.13629459381103515,0.0,0.0,1.0,33.75416597921135,880388.6762007794,-8.526085875928401e-05,0.00026695816777646544,-1.9700496673583985,0.0019459987059235572,0.010430541634559632
310,253952000,0.0001146,0.13639144897460936,0.0,0.0,1.0,33.83739367412668,888313.7097112044,0.00034084562212228776,0.00026810262352228165,-1.9734127044677734,0.0023436911404132845,0.01750488132238388
311,254771200,0.00011399999999999999,0.1362190628051758,0.0,0.0,1.0,33.802105697770436,877882.4256270553,0.00014064095448702575,0.000259707635268569,-1.978553581237793,0.002289951592683792,0.014682126045227051
312,255590400,0.00011339999999999999,0.1362936592102051,0.0,0.0,1.0,33.85563860098278,876591.5319958079,5.5794673971831796e-05,0.0002648073015734553,-1.9836605072021485,0.0022565796971321106,0.013858763873577118
313,256409600,0.00011279999999999999,0.13639220237731933,0.0,0.0,1.0,33.86684008423139,881646.1201002966,0.0001095035462640226,0.0002603779546916485,-1.9897443771362304,0.0023697823286056518,0.01658068746328354
314,257228800,0.00011219999999999999,0.13617913246154786,0.0,0.0,1.0,33.68826576761779,877325.2460395155,0.00037931711412966254,0.00033168229274451735,-1.9944326400756835,0.002906474098563194,0.02522851824760437
315,258048000,0.00011159999999999999,0.13622873306274413,0.0,0.0,1.0,33.81601391073942,873813.3958333378,0.00034812919329851866,0.0002702296245843172,-1.99967041015625,0.0024930529296398165,0.02019042819738388
316,258867200,0.00011099999999999999,0.13640327453613282,0.0,0.0,1.0,33.78958221635666,882166.7884284658,0.00017860087100416422,0.00026020058430731297,-2.0034727096557616,0.0024620648473501205,0.017047487199306488
317,259686400,0.00011039999999999999,0.13630062103271484,0.0,0.0,1.0,33.81677786014332,876684.8245457418,0.0002481385134160519,0.00026445824187248945,-2.00938720703125,0.0022870700806379317,0.014678461849689484
318,260505600,0.00010979999999999999,0.13635553359985353,0.0,0.0,1.0,33.81638721400842,874814.7959679808,2.4720886722207068e-05,0.00026009813882410526,-2.0148700714111327,0.0020449601113796236,0.010378540307283402
319,261324800,0.00010919999999999998,0.13627005577087403,0.0,0.0,1.0,33.78986076106268,882511.1143738171,0.00021935426630079747,0.00026399057824164627,-2.0180309295654295,0.002605707012116909,0.019398194551467896
320,262144000,0.00010859999999999998,0.136329345703125,0.0,0.0,1.0,33.79014989293362,877135.4611622983,0.0001317707821726799,0.00025890257675200703,-2.02160701751709,0.0022367317229509353,0.015254147350788116
321,262963200,0.00010799999999999998,0.13641856193542481,0.0,0.0,1.0,33.784781982130355,866983.8917789793,0.0001072363113053143,0.00026148585602641105,-2.026624298095703,0.0025200067088007928,0.017603637278079988
322,263782400,0.00010739999999999998,0.1361454677581787,0.0,0.0,1.0,33.77272164693263,869718.6570514963,0.00048468797467648983,0.00026295760180801154,-2.0302886962890625,0.002800914831459522,0.024254268407821654
323,264601600,0.00010679999999999998,0.1362954330444336,0.0,0.0,1.0,33.668202575389806,876155.4983415321,0.0002467405516654253,0.000260445405729115,-2.035091018676758,0.002621256187558174,0.019295898079872132
324,265420800,0.00010619999999999998,0.13624616622924804,0.0,0.0,1.0,33.79935622317596,868110.6602174053,0.0001667229807935655,0.0002875679638236761,-2.0402034759521483,0.002539198473095894,0.018760497868061065
325,266240000,0.00010559999999999998,0.1363046073913574,0.0,0.0,1.0,33.86805325835263,880795.5590008557,9.500155283603817e-06,0.00026895883493125437,-2.046844482421875,0.002151790075004101,0.012731200456619263
326,267059200,0.00010499999999999999,0.13623035430908204,0.0,0.0,1.0,33.72143298332304,881832.3157305641,0.0005117484368383884,0.0003814243478700519,-2.0556961059570313,0.0034281540662050246,0.03294861018657684
327,267878400,0.00010439999999999999,0.136295166015625,0.0,0.0,1.0,33.815562078802664,873358.0283783048,0.00043628402054309847,0.0006626436021178961,-2.061149024963379,0.0025350658223032953,0.021065057814121248
328,268697600,0.00010379999999999999,0.13649969100952147,0.0,0.0,1.0,33.87356037151703,887101.9339258809,1.6915221931412815e-05,0.0003281236393377185,-2.065036582946777,0.002145649865269661,0.013002197444438934
329,269516800,0.00010319999999999999,0.13626657485961913,0.0,0.0,1.0,33.803393749225876,881140.4480820361,0.00041580526158213615,0.00026254833210259676,-2.0712713241577148,0.002524416521191597,0.020671997964382172
330,270336000,0.00010259999999999999,0.13639488220214843,0.0,0.0,1.0,33.82216080194711,880565.9365061556,3.281563112977892e-05,0.00026415656320750714,-2.075471305847168,0.0020844729617238043,0.01218871995806694
331,271155200,0.00010199999999999999,0.13622023582458495,0.0,0.0,1.0,33.76525144270404,887647.4162556238,4.064087988808751e-05,0.00025700076948851345,-2.08052978515625,0.0019481133669614792,0.009765014797449113
332,271974400,0.00010139999999999998,0.1364006519317627,0.0,0.0,1.0,33.802732601337404,882950.5198720491,0.0004953275900334119,0.00026095130015164615,-2.08709602355957,0.0031788650900125503,0.02901965081691742
333,272793600,0.00010079999999999998,0.13630566596984864,0.0,0.0,1.0,33.793158937118335,869709.7746149647,0.00010992898605763913,0.00025937226600944994,-2.0949724197387694,0.0021545253694057465,0.014149783551692963
334,273612800,0.00010019999999999998,0.1362805938720703,0.0,0.0,1.0,33.72261273482139,881800.9393138302,8.098530233837664e-05,0.0002614232711493969,-2.1028133392333985,0.0020714296028018,0.011697021126747132
335,274432000,9.959999999999998e-05,0.13635388374328614,0.0,0.0,1.0,33.826633581472294,877654.1172570353,0.0001767446636222303,0.00026127835735678673,-2.1078561782836913,0.0023577651008963585,0.016524532437324525
336,275251200,9.899999999999998e-05,0.1362828254699707,0.0,0.0,1.0,33.81358942585708,875145.5915012521,0.0009601635858416558,0.0002599363215267658,-2.113286018371582,0.0038189295679330825,0.03972717225551605
337,276070400,9.839999999999998e-05,0.13636823654174804,0.0,0.0,1.0,33.80066732575383,882854.4485006086,0.00021839200053364038,0.0003033000975847244,-2.117244529724121,0.002472850866615772,0.018356813490390776
338,276889600,9.779999999999998e-05,0.13625374794006348,0.0,0.0,1.0,33.80370783269334,877385.2665647746,0.00013027177192270756,0.00026057653594762086,-2.119768524169922,0.002014390006661415,0.012265502661466598
339,277708800,9.719999999999998e-05,0.1363532829284668,0.0,0.0,1.0,33.84948104040028,874858.477089537,0.0003926284611225128,0.0002617868361994624,-2.1243154525756838,0.002992457337677479,0.025594475865364074
340,278528000,9.659999999999998e-05,0.13629534721374512,0.0,0.0,1.0,33.672279952355524,882135.23338894,0.00043944292701780796,0.0002621237887069583,-2.128915786743164,0.0028148118406534197,0.02417053431272507
341,279347200,9.599999999999998e-05,0.13629888534545898,0.0,0.0,1.0,33.79905056759546,877326.0418955937,-4.0356075624004005e-05,0.0002600795589387417,-2.1319353103637697,0.0019288910552859306,0.00952184945344925
342,280166400,9.539999999999997e-05,0.13642292022705077,0.0,0.0,1.0,33.87208918249381,873456.5290000119,0.00013401340693235396,0.0002597624668851495,-2.137367057800293,0.0020560046657919885,0.012427856028079987
343,280985600,9.479999999999997e-05,0.1362089443206787,0.0,0.0,1.0,33.74586887542753,881465.5174291696,0.0003776079043745995,0.000277432007715106,-2.1442180633544923,0.0027073848992586135,0.022016726434230804
344,281804800,9.419999999999997e-05,0.13644257545471192,0.0,0.0,1.0,33.856859422146904,875261.9801217112,5.675842403434217e-05,0.0002609463175758719,-2.1505149841308593,0.0017909077927470208,0.009118407964706421
345,282624000,9.360000000000001e-05,0.1362886905670166,0.0,0.0,1.0,33.788643013145425,863780.8716814496,-1.7439635121263565e-05,0.0002590930787846446,-2.1589393615722656,0.0018191292881965637,0.008841307461261749
346,283443200,9.300000000000001e-05,0.1362989330291748,0.0,0.0,1.0,33.768716742977354,880937.4184487895,0.0004318893421441317,0.00025750692002475263,-2.163568115234375,0.0027465656399726867,0.024129636585712433
347,284262400,9.240000000000001e-05,0.13639191627502442,0.0,0.0,1.0,33.742197485054625,870847.149098998,5.3337356075644496e-05,0.00025956344325095415,-2.167169761657715,0.0021966563537716864,0.01376330852508545
348,285081600,9.180000000000001e-05,0.13639310836791993,0.0,0.0,1.0,33.68714532445102,877178.7880423499,-4.327234928496182e-05,0.0002585117006674409,-2.172591209411621,0.002122863382101059,0.011109496653079986
349,285900800,9.120000000000001e-05,0.13620296478271485,0.0,0.0,1.0,33.76489725322242,887586.2636439062,0.0002480462659150362,0.00026708312798291446,-2.1793344497680662,0.002473052404820919,0.018178339302539825
350,286720000,9.06e-05,0.1363280487060547,0.0,0.0,1.0,33.82302604381976,884714.6209298319,7.356600253842771e-05,0.00027794677298516036,-2.1841955184936523,0.002172740176320076,0.013756714761257172
351,287539200,9e-05,0.1363823127746582,0.0,0.0,1.0,33.802148501811,875812.2414569877,0.0003575583454221487,0.00035174728836864235,-2.188320350646973,0.0025857575237751007,0.02015979140996933
352,288358400,8.94e-05,0.13627374649047852,0.0,0.0,1.0,33.79796643795982,885774.5033570533,8.758393232710659e-06,0.00032619135454297065,-2.194630813598633,0.0020208213478326797,0.011788329482078553
353,289177600,8.88e-05,0.13635751724243164,0.0,0.0,1.0,33.80998721702198,882467.399688814,0.00017533826176077127,0.00026074666529893873,-2.200456428527832,0.002409183420240879,0.01655004918575287
354,289996800,8.82e-05,0.13627281188964843,0.0,0.0,1.0,33.79901839478677,878186.4500443616,0.00018295540940016508,0.0002601570682600141,-2.2045703887939454,0.0023840315639972686,0.01713208109140396
355,290816000,8.76e-05,0.13610948562622072,0.0,0.0,1.0,33.7155925498599,874450.9569065903,0.0002445248886942863,0.000260950205847621,-2.20947322845459,0.00223408080637455,0.016493655741214752
356,291635200,8.7e-05,0.1363728904724121,0.0,0.0,1.0,33.81180400890869,879810.2220617342,0.00020958927925676107,0.0002600498730316758,-2.212571716308594,0.002538406103849411,0.01961316168308258
357,292454400,8.64e-05,0.13624077796936035,0.0,0.0,1.0,33.80216287612994,872194.3686159881,0.0001406296738423407,0.0002614113269373775,-2.2160755157470704,0.0019584136083722115,0.011117187142372132
358,293273600,8.58e-05,0.13635576248168946,0.0,0.0,1.0,33.71795399366281,881352.3044192112,0.00044356230646371844,0.00028551600407809017,-2.2209707260131837,0.002861338108778,0.024860595166683198
359,294092800,8.52e-05,0.13632041931152344,0.0,0.0,1.0,33.83043639816688,876747.3883259309,8.620039443485438e-06,0.00026526376605033873,-2.2262042999267577,0.0020660748705267906,0.010810058563947678
360,294912000,8.46e-05,0.13635738372802733,0.0,0.0,1.0,33.749783656817904,865698.9657745013,0.00012578926980495454,0.0002646901877596974,-2.231724166870117,0.002083455957472324,0.011411620676517487
361,295731200,8.4e-05,0.1362851333618164,0.0,0.0,1.0,33.68041067761807,881687.1352778536,0.00015547308139503003,0.00026102692354470494,-2.2361011505126953,0.002233107760548592,0.013910159468650818
362,296550400,8.34e-05,0.13631911277770997,0.0,0.0,1.0,33.73881274768824,877956.2716662283,0.00010799756273627281,0.00025949333794414995,-2.240064239501953,0.002205711230635643,0.014443236589431762
363,297369600,8.28e-05,0.13629337310791015,0.0,0.0,1.0,33.811731705304844,871580.1710261705,2.8773152735084295e-05,0.0002629646332934499,-2.2452699661254885,0.0017533520236611365,0.009237793833017349
364,298188800,8.22e-05,0.13629343032836913,0.0,0.0,1.0,33.75301576845486,878392.1927753724,0.00037419975269585847,0.0002607368165627122,-2.2495189666748048,0.002580239437520504,0.020596802234649658
365,299008000,8.16e-05,0.1363947010040283,0.0,0.0,1.0,33.80639035667107,876442.6574922863,0.00017044120468199254,0.00026042605750262735,-2.25368709564209,0.002470817603170872,0.017747434973716735
366,299827200,8.1e-05,0.13630882263183594,0.0,0.0,1.0,33.776819607195904,872211.3001715651,0.0002875882666558027,0.0002687887288630009,-2.258726119995117,0.002472466975450516,0.01944824159145355
367,300646400,8.04e-05,0.13642337799072266,0.0,0.0,1.0,33.779559035648056,879748.6610068184,0.00035949116572737695,0.00029890015721321104,-2.2632526397705077,0.0025482177734375,0.020249274373054505
368,301465600,7.98e-05,0.13635223388671874,0.0,0.0,1.0,33.7346703455092,868734.2467153975,0.000359381502494216,0.0002764384495094419,-2.2650663375854494,0.002666940353810787,0.022889402508735657
369,302284800,7.92e-05,0.1361996078491211,0.0,0.0,1.0,33.7266507295359,870039.040045307,-1.4295720029622317e-05,0.00026139994151890277,-2.270755386352539,0.0020645463839173315,0.011424805223941802
370,303104000,7.86e-05,0.1364684009552002,0.0,0.0,1.0,33.836356889585225,877806.394539892,0.00027655630838125945,0.0002682425547391176,-2.2753711700439454,0.0022124892100691797,0.01626098304986954
371,303923200,7.8e-05,0.13638072967529297,0.0,0.0,1.0,33.85950960901259,885767.0636130302,-3.8136244984343645e-05,0.0002603701548650861,-2.278752899169922,0.0017208835110068322,0.007605102658271789
372,304742400,7.74e-05,0.1363522243499756,0.0,0.0,1.0,33.84674155447262,880144.3719093924,0.0001775427022948861,0.0002625899389386177,-2.2826019287109376,0.002396788075566292,0.017713378369808196
373,305561600,7.68e-05,0.13637259483337402,0.0,0.0,1.0,33.78983176645225,884178.7279397821,-4.1753868572413925e-06,0.00025767253246158364,-2.2871828079223633,0.0018859580159187317,0.008099120855331422
374,306380800,7.62e-05,0.13633673667907714,0.0,0.0,1.0,33.8030884842479,876429.2226080279,0.00018489860231056808,0.0002528968267142773,-2.291814613342285,0.002421244978904724,0.016264037787914278
375,307200000,7.56e-05,0.13634372711181642,0.0,0.0,1.0,33.848247099145226,878708.815486031,7.884357473812998e-05,0.00026222814340144397,-2.2961116790771485,0.002263466641306877,0.014946292340755462
376,308019200,7.5e-05,0.1363191795349121,0.0,0.0,1.0,33.76767177459219,872468.6177178331,0.0004499601200222969,0.0004486177582293749,-2.301426124572754,0.003010692447423935,0.02732336223125458
377,308838400,7.439999999999999e-05,0.13639790534973145,0.0,0.0,1.0,33.778148011024726,877875.5795935317,0.00015699510695412754,0.00028877113945782187,-2.3067581176757814,0.002486350201070309,0.017979368567466736
378,309657600,7.379999999999999e-05,0.13625349044799806,0.0,0.0,1.0,33.781302928904864,864775.6256090107,0.00016579802613705396,0.0002607179805636406,-2.3128442764282227,0.0025065803900361063,0.018165403604507448
379,310476800,7.319999999999999e-05,0.13639741897583008,0.0,0.0,1.0,33.75876704990316,867286.7870424432,0.0001421316177584231,0.0002614533994346857,-2.318183708190918,0.002113347500562668,0.013740232586860657
380,311296000,7.259999999999999e-05,0.13637541770935058,0.0,0.0,1.0,33.86208034314939,875259.0324482591,2.4523676256649195e-05,0.00026012924499809744,-2.320529556274414,0.0019057823345065116,0.010474365204572678
381,312115200,7.199999999999999e-05,0.13625648498535156,0.0,0.0,1.0,33.78176624021861,870223.2536900452,0.00017464670818299056,0.00025989466812461617,-2.3248910903930664,0.002145249769091606,0.013827022910118104
382,312934400,7.139999999999999e-05,0.13628754615783692,0.0,0.0,1.0,33.80546736486208,866328.182126226,0.00010286594042554497,0.00026000344660133124,-2.3300106048583986,0.0021919211372733115,0.012652222812175751
383,313753600,7.079999999999999e-05,0.1364198112487793,0.0,0.0,1.0,33.79730342638024,872944.7303851913,2.7364748530089855e-05,0.0002581682987511158,-2.3342660903930663,0.0017773641273379325,0.008333008736371994
384,314572800,7.019999999999999e-05,0.1363680076599121,0.0,0.0,1.0,33.801418732214294,874039.6467065172,0.00010668578324839473,0.00026014139875769616,-2.3377147674560548,0.0020930254831910133,0.012906491756439209
385,315392000,6.959999999999998e-05,0.13638103485107422,0.0,0.0,1.0,33.706533366247015,863009.653926602,6.568903918378056e-05,0.0002593833487480879,-2.3413921356201173,0.0018925946205854416,0.010824460536241531
386,316211200,6.899999999999998e-05,0.13626707077026368,0.0,0.0,1.0,33.80992281339002,864329.5099019452,0.00015809455653652548,0.00026191670913249253,-2.3456436157226563,0.0024851571768522264,0.017400392889976503
387,317030400,6.839999999999998e-05,0.13635937690734865,0.0,0.0,1.0,33.82918281520574,872399.7014489565,7.053394801914692e-06,0.00026091549079865217,-2.3493762969970704,0.0016667013987898827,0.00749816820025444
388,317849600,6.779999999999998e-05,0.13624192237854005,0.0,0.0,1.0,33.66463339240819,864834.3655451989,7.802515174262225e-05,0.0002597464714199305,-2.3535280227661133,0.0021266665309667586,0.011779052764177322
389,318668800,6.72e-05,0.13626482009887694,0.0,0.0,1.0,33.76753284190586,865183.4007445894,4.3756054947152737e-05,0.00025794703979045155,-2.35674991607666,0.0018747584894299508,0.009889040142297745
390,319488000,6.659999999999999e-05,0.13642497062683107,0.0,0.0,1.0,33.675353502137455,866617.7401338477,0.0002113244729116559,0.00025684048887342215,-2.3589757919311523,0.002709421515464783,0.020726682245731355
391,320307200,6.599999999999999e-05,0.1363610553741455,0.0,0.0,1.0,33.738408275975765,870356.8283894267,7.623962010256946e-05,0.0002573787700384855,-2.362472915649414,0.0018609471619129181,0.009833617508411408
392,321126400,6.539999999999999e-05,0.1363189697265625,0.0,0.0,1.0,33.718405463221984,868693.0692622819,4.019097104901448e-06,0.0002630328992381692,-2.366634559631348,0.0021569715812802316,0.01238427758216858
393,321945600,6.479999999999999e-05,0.13634334564208983,0.0,0.0,1.0,33.7368052696583,878612.0378007015,-0.00013696069363504647,0.000257374974898994,-2.371242713928223,0.0020194191485643385,0.008018921315670013
394,322764800,6.419999999999999e-05,0.13640592575073243,0.0,0.0,1.0,33.79487814952499,887179.2060386172,3.434538666624576e-05,0.00025871857069432737,-2.374631881713867,0.001960616372525692,0.01144726350903511
395,323584000,6.359999999999999e-05,0.13641886711120604,0.0,0.0,1.0,33.7911598565126,881497.477089079,-0.00010646356968209147,0.00025963056832551957,-2.378834915161133,0.0017190197482705115,0.006709107011556625
396,324403200,6.299999999999999e-05,0.13634512901306153,0.0,0.0,1.0,33.82219836485259,882403.1748741142,-2.9173766961321235e-05,0.0002587227150797844,-2.3844463348388674,0.0016920028254389762,0.005646974220871926
397,325222400,6.239999999999999e-05,0.13632681846618652,0.0,0.0,1.0,33.77446335132463,880564.8914611549,1.514304312877357e-05,0.00026219349820166826,-2.3894638061523437,0.0015886107459664345,0.007256714999675751
398,326041600,6.179999999999998e-05,0.1364383316040039,0.0,0.0,1.0,33.75463611637682,873690.4408970401,6.154534639790654e-05,0.0002570002572610974,-2.3942743301391602,0.0019595682621002196,0.010345458984375
399,326860800,6.119999999999998e-05,0.13645025253295898,0.0,0.0,1.0,33.89210537198627,869627.7441064753,0.0002736289519816637,0.0003303360659629107,-2.3981700897216798,0.0020651139318943025,0.01553601324558258
400,327680000,6.059999999999998e-05,0.1363292121887207,0.0,0.0,1.0,33.752575195714876,872882.8300350298,-0.00011592714581638574,0.00026604747399687766,-2.4019277572631834,0.0017820196226239204,0.007189331203699112
401,328499200,5.999999999999998e-05,0.13630832672119142,0.0,0.0,1.0,33.777232013868826,874462.7237845252,8.603493915870786e-05,0.0003386258613318205,-2.405877685546875,0.0020717086270451547,0.012458130717277527
402,329318400,5.939999999999998e-05,0.13639001846313475,0.0,0.0,1.0,33.65489777485836,873438.9974543233,0.0003615736961364746,0.0002630217699334025,-2.41013126373291,0.0030377667397260668,0.02456371933221817
403,330137600,5.879999999999998e-05,0.13635676383972167,0.0,0.0,1.0,33.82609592999257,882239.163429071,7.724766619503498e-05,0.0002608252456411719,-2.4133636474609377,0.0022122617810964584,0.011852173507213593
404,330956800,5.819999999999998e-05,0.13633213996887206,0.0,0.0,1.0,33.7707783641161,875432.0009345028,-6.856527761556208e-06,0.0002599202794954181,-2.4164813995361327,0.0017149336636066437,0.008362182974815368
405,331776000,5.759999999999998e-05,0.1363496971130371,0.0,0.0,1.0,33.772334889099994,874790.9810530755,-0.00012785029830411076,0.00025642730761319397,-2.42019100189209,0.0018444400280714034,0.007643067091703415
406,332595200,5.6999999999999976e-05,0.13636032104492188,0.0,0.0,1.0,33.625184214835436,882476.0390915485,1.033611042657867e-05,0.0002586656017228961,-2.425705146789551,0.0017302079126238824,0.007775755971670151
407,333414400,5.639999999999998e-05,0.13635595321655272,0.0,0.0,1.0,33.73146581954701,867403.3465341774,3.672373713925481e-05,0.00025436263531446456,-2.428933334350586,0.0019301464781165123,0.01143530234694481
408,334233600,5.5800000000000015e-05,0.13650741577148437,0.0,0.0,1.0,33.8178034205646,875758.2948028524,5.122870206832886e-05,0.00025808785576373337,-2.4304513931274414,0.0018778942525386811,0.009398683905601501
409,335052800,5.5200000000000014e-05,0.13643287658691405,0.0,0.0,1.0,33.835174382524514,881912.4733077196,0.00012107688235118985,0.00025906760711222885,-2.4330883026123047,0.0019531603902578354,0.01270727664232254
410,335872000,5.460000000000001e-05,0.13640523910522462,0.0,0.0,1.0,33.81415783177262,877298.6099763444,-6.643070373684168e-05,0.00025863545015454293,-2.436436080932617,0.001789257302880287,0.0070190437138080595
411,336691200,5.400000000000001e-05,0.13635400772094727,0.0,0.0,1.0,33.67591186969187,858632.7206779198,-6.402634899131954e-05,0.00026269520167261363,-2.4402660369873046,0.0017345255240797997,0.006282349675893783
412,337510400,5.340000000000001e-05,0.13623774528503418,0.0,0.0,1.0,33.67005807966388,878945.5702089753,2.3537888773716985e-05,0.00026010626461356876,-2.44290771484375,0.0018664777278900146,0.010346800088882446
413,338329600,5.280000000000001e-05,0.13640284538269043,0.0,0.0,1.0,33.8053940368675,881290.9768156593,1.0039680637419223e-05,0.000260029686614871,-2.444228172302246,0.002011268213391304,0.011128416657447815
414,339148800,5.220000000000001e-05,0.13633285522460936,0.0,0.0,1.0,33.87130391629792,880257.6247251456,0.00043266410939395427,0.0002606917405501008,-2.445813751220703,0.002326337620615959,0.018755251169204713
415,339968000,5.160000000000001e-05,0.13638187408447267,0.0,0.0,1.0,33.75024727992087,871259.4992481754,0.00034097007010132075,0.00027772444300353525,-2.4483718872070312,0.0026602758094668387,0.02332446277141571
416,340787200,5.1000000000000006e-05,0.13638553619384766,0.0,0.0,1.0,33.76347897774114,881688.7901400536,3.106023359578103e-05,0.000272513460367918,-2.451273536682129,0.0016806410625576974,0.007770874351263046
417,341606400,5.0400000000000005e-05,0.13642425537109376,0.0,0.0,1.0,33.86336633663366,880330.0508818732,-5.919669638387859e-05,0.0002603183267638087,-2.4544939041137694,0.0020612932741641997,0.011071778088808059
418,342425600,4.9800000000000004e-05,0.13633522987365723,0.0,0.0,1.0,33.78793146262726,879377.4427062793,-4.657453391700983e-05,0.00025591040030121804,-2.458082580566406,0.001458643190562725,0.004917968064546585
419,343244800,4.92e-05,0.13649500846862794,0.0,0.0,1.0,33.836369631522544,883606.5240820668,-0.00011992058716714382,0.000260422402061522,-2.462240791320801,0.0019184816628694534,0.006077758967876434
420,344064000,4.86e-05,0.13630656242370606,0.0,0.0,1.0,33.73114565342544,870873.283618331,0.0005986279807984829,0.0002963250270113349,-2.46636905670166,0.0034452106803655623,0.03389208614826202
421,344883200,4.800000000000001e-05,0.13637535095214845,0.0,0.0,1.0,33.90323784254384,863803.53653985,2.2675587388221176e-06,0.00026647616177797315,-2.4684337615966796,0.001749022863805294,0.007780637592077255
422,345702400,4.740000000000001e-05,0.13648151397705077,0.0,0.0,1.0,33.82463517190205,875092.5074306877,-1.5594426076859236e-05,0.0002597978338599205,-2.471255302429199,0.001583087258040905,0.005705812200903893
423,346521600,4.6800000000000006e-05,0.13640596389770507,0.0,0.0,1.0,33.82484076433121,875381.9684577705,-0.00010843497002497316,0.00025736354291439056,-2.475631904602051,0.0017977038398385048,0.008128052204847335
424,347340800,4.6200000000000005e-05,0.1363751220703125,0.0,0.0,1.0,33.70753475363988,876290.6598011155,9.68664651736617e-05,0.00025916022714227437,-2.478178787231445,0.0020741572603583335,0.011759641021490097
425,348160000,4.5600000000000004e-05,0.13643843650817872,0.0,0.0,1.0,33.841479524438576,882772.766097841,-1.3305283209774643e-05,0.00025656602811068295,-2.4808597564697266,0.0018117496743798255,0.009437257796525956
426,348979200,4.5e-05,0.13647183418273925,0.0,0.0,1.0,33.760156571899465,877504.7446396506,3.368882171344012e-05,0.0002598424442112446,-2.4839345932006838,0.0016280578449368477,0.007020141929388046
427,349798400,4.44e-05,0.1363702392578125,0.0,0.0,1.0,33.766663920243886,876188.7365265844,-8.7279942817986e-06,0.0002582574496045709,-2.4870214462280273,0.0019142456352710725,0.009424073249101638
428,350617600,4.38e-05,0.1362408924102783,0.0,0.0,1.0,33.897332724934664,882571.89108184,-6.54913776088506e-05,0.0002563695190474391,-2.490777778625488,0.0014879003167152405,0.005131592229008675
429,351436800,4.32e-05,0.13645696640014648,0.0,0.0,1.0,33.851026053924606,874770.6028874605,3.351534833200276e-05,0.0002576096216216683,-2.493672752380371,0.0018263289704918862,0.009549559652805328
430,352256000,4.26e-05,0.13638653755187988,0.0,0.0,1.0,33.79172681156432,872618.3906660684,-9.065821068361401e-05,0.00025573405437171457,-2.4955699920654295,0.0014211712405085564,0.005039551109075546
431,353075200,4.2e-05,0.13631146430969238,0.0,0.0,1.0,33.78798134466961,878636.401313172,-8.168878266587854e-05,0.0002587117720395327,-2.497913932800293,0.001622365228831768,0.006423339992761612
432,353894400,4.14e-05,0.1363047790527344,0.0,0.0,1.0,33.808675573148605,878308.0633540072,-0.00010352367535233497,0.00026125761214643715,-2.499068832397461,0.0015037461183965207,0.005080445110797882
433,354713600,4.08e-05,0.13626548767089844,0.0,0.0,1.0,33.83210019427107,874157.4444867694,-0.00011620783479884266,0.00025750310160219667,-2.5000181198120117,0.001660940982401371,0.006997436285018921
434,355532800,4.02e-05,0.13632942199707032,0.0,0.0,1.0,33.77091058920478,884145.0640976506,-7.814092095941305e-05,0.00025492808781564237,-2.5023214340209963,0.0016060641035437583,0.006304199248552323
435,356352000,3.96e-05,0.13638364791870117,0.0,0.0,1.0,33.74846423417852,878462.6600640992,2.6171485660597683e-05,0.00025824913755059244,-2.5040519714355467,0.001864992268383503,0.009907101094722748
436,357171200,3.9e-05,0.13641315460205078,0.0,0.0,1.0,33.7216142833635,880111.5259815957,5.235752905718982e-05,0.0002564734546467662,-2.5063283920288084,0.0021817106753587723,0.013455204665660858
437,357990400,3.84e-05,0.13642210006713867,0.0,0.0,1.0,33.795298969072164,886330.070376385,-1.4390458090929315e-06,0.0002579454332590103,-2.5078025817871095,0.0020657595247030257,0.011351926624774933
438,358809600,3.78e-05,0.13642807960510253,0.0,0.0,1.0,33.75750216111637,869069.7715454528,-6.530610844492912e-05,0.0002559520769864321,-2.5100208282470704,0.0015859728679060935,0.0045161135494709015
439,359628800,3.7199999999999996e-05,0.13621603965759277,0.0,0.0,1.0,33.72667271677254,866776.4006737649,5.783158121630549e-06,0.00025794957764446735,-2.5118480682373048,0.0016450418159365654,0.007424438744783402
440,360448000,3.6599999999999995e-05,0.13637788772583007,0.0,0.0,1.0,33.79535325189832,886409.9957160931,-9.626608225516975e-05,0.00025930153205990793,-2.513582229614258,0.001445854175835848,0.0039224855601787565
441,361267200,3.5999999999999994e-05,0.1364627742767334,0.0,0.0,1.0,33.840341330695026,874697.944550034,-2.483291318640113e-05,0.0002566803013905883,-2.515677833557129,0.0018797831609845162,0.010832764208316803
442,362086400,3.539999999999999e-05,0.1362406349182129,0.0,0.0,1.0,33.782321081572746,866792.9209444612,-2.1758022194262593e-05,0.0002580811502411962,-2.5176557540893554,0.0017347805202007293,0.007969485968351364
443,362905600,3.479999999999999e-05,0.13642452239990235,0.0,0.0,1.0,33.69454709698612,882698.3051603833,-2.7028832118958234e-05,0.00025625827256590126,-2.5194704055786135,0.0017155807465314866,0.008059202879667281
444,363724800,3.419999999999999e-05,0.1363171863555908,0.0,0.0,1.0,33.895283839178504,872991.3423294909,-0.0001802330370992422,0.0002565672853961587,-2.521883964538574,0.0017329173162579537,0.005134155228734017
445,364544000,3.36e-05,0.13637900352478027,0.0,0.0,1.0,33.86183367106406,873475.2690800626,-0.0001260816352441907,0.0002567852847278118,-2.524192237854004,0.001762503758072853,0.006343016773462296
446,365363200,3.2999999999999996e-05,0.13645899772644043,0.0,0.0,1.0,33.78744797461573,880091.0618678388,-8.988279732875526e-05,0.00025562257505953314,-2.5252599716186523,0.00144530413672328,0.0041149906814098355
447,366182400,3.2399999999999995e-05,0.13632784843444823,0.0,0.0,1.0,33.738257247721556,878825.4637284931,-4.348116053733975e-05,0.0002574258018285036,-2.5266000747680666,0.0015195468440651894,0.00475451722741127
448,367001600,3.1799999999999994e-05,0.13635397911071778,0.0,0.0,1.0,33.74739005343198,877177.9924534082,-0.00018204667139798403,0.00025656677316874264,-2.528713607788086,0.0015736611559987069,0.004370848834514618
449,367820800,3.119999999999999e-05,0.1363605308532715,0.0,0.0,1.0,33.73359980220867,884646.6062802628,-0.00012187539832666516,0.00025813360698521135,-2.530584716796875,0.0013572951778769494,0.004483276605606079
450,368640000,3.059999999999999e-05,0.13627565383911133,0.0,0.0,1.0,33.72139651694182,879347.4387089845,-0.00011501912958920003,0.0002584861591458321,-2.5311605453491213,0.0014795002527534962,0.004486571252346039
451,369459200,2.999999999999999e-05,0.1364565086364746,0.0,0.0,1.0,33.75550796853766,876690.6779705225,-5.6580285308882595e-05,0.0002543282695114613,-2.532559394836426,0.0014110091142356396,0.005052978917956352
452,370278400,2.939999999999999e-05,0.13646433830261231,0.0,0.0,1.0,33.7269431972649,885325.7857479291,-0.000103357108309865,0.0002556090010330081,-2.533512496948242,0.0013239976018667222,0.003408324345946312
453,371097600,2.879999999999999e-05,0.13621952056884765,0.0,0.0,1.0,33.714450486076785,877803.9509246597,-4.44560224423185e-05,0.0002553859958425164,-2.534615135192871,0.0012396265752613544,0.004028686881065368
454,371916800,2.819999999999999e-05,0.13647273063659668,0.0,0.0,1.0,33.754585835321215,870431.8231259045,-0.00012160609476268292,0.000257087592035532,-2.5360488891601562,0.0013069534674286843,0.003825439140200615
455,372736000,2.759999999999999e-05,0.13626840591430664,0.0,0.0,1.0,33.81354670636397,885261.4475838407,-0.0001607169397175312,0.00025841800961643455,-2.536709213256836,0.0017675615847110749,0.005737915635108948
456,373555200,2.699999999999999e-05,0.13629993438720703,0.0,0.0,1.0,33.76231633535004,879779.8198258089,-0.0001163124106824398,0.0002590830670669675,-2.5381305694580076,0.0015143098309636116,0.004466553032398224
457,374374400,2.6399999999999988e-05,0.1364898204803467,0.0,0.0,1.0,33.787631079184216,879628.051932541,-2.5503244251012803e-05,0.00025462978519499304,-2.540105628967285,0.0016262875869870186,0.006293945014476776
458,375193600,2.5799999999999987e-05,0.13636369705200196,0.0,0.0,1.0,33.66972363875637,881497.1071697952,-3.539796452969313e-05,0.00025720833800733087,-2.5412824630737303,0.001123653817921877,0.003289550170302391
459,376012800,2.5199999999999986e-05,0.13649143218994142,0.0,0.0,1.0,33.811863638237355,882008.6176948926,-9.586062515154481e-05,0.00025627824943512677,-2.5421689987182616,0.001451793499290943,0.0038619376718997955
460,376832000,2.4599999999999985e-05,0.13626750946044922,0.0,0.0,1.0,33.71144340088977,880630.6830050814,-0.0001335850916802883,0.0002588390139862895,-2.543275260925293,0.0014640767127275466,0.0029034432023763656
461,377651200,2.3999999999999987e-05,0.13644953727722167,0.0,0.0,1.0,33.66466893805673,876561.5120873967,-0.00017581924330443144,0.0002575418446213007,-2.5445308685302734,0.0014221456833183766,0.003926391899585724
462,378470400,2.3399999999999986e-05,0.1363220500946045,0.0,0.0,1.0,33.77030870049046,862813.9183416119,-8.161690784618259e-05,0.00025730810593813656,-2.5458797454833983,0.0014315529726445675,0.004356445372104644
463,379289600,2.2799999999999985e-05,0.13632412910461425,0.0,0.0,1.0,33.746549095554,869148.6149585694,-8.393314783461392e-05,0.00025747544132173064,-2.548019599914551,0.0009290422312915325,0.0016501467674970628
464,380108800,2.2199999999999984e-05,0.13638254165649413,0.0,0.0,1.0,33.66174899317827,886147.8344040292,-0.00011407247511669993,0.00025681848637759686,-2.5496578216552734,0.001373479515314102,0.003020751476287842
465,380928000,2.1599999999999983e-05,0.13640355110168456,0.0,0.0,1.0,33.71491985203453,876460.0613644043,-0.00014737378805875778,0.00026055569760501384,-2.551157760620117,0.001728404313325882,0.003530517965555191
466,381747200,2.0999999999999982e-05,0.1362660598754883,0.0,0.0,1.0,33.80175409564786,864855.6146166166,-0.00017808153061196207,0.0002558206906542182,-2.552682113647461,0.0015313588082790375,0.004114868119359016
467,382566400,2.0399999999999984e-05,0.13640837669372557,0.0,0.0,1.0,33.710637772934746,879373.3968966382,-8.587096235714852e-05,0.0002555924467742443,-2.5543277740478514,0.0016385655850172042,0.004079833626747131
468,383385600,1.9799999999999983e-05,0.13639135360717775,0.0,0.0,1.0,33.83927242662257,878228.1830156259,-8.53495323099196e-05,0.00025813186075538395,-2.5556968688964843,0.0011841765604913234,0.0019489748403429985
469,384204800,1.9199999999999982e-05,0.13636419296264649,0.0,0.0,1.0,33.844981412639406,875723.6655248934,-0.00010137972421944141,0.000256263162009418,-2.556346130371094,0.0014034094288945197,0.0053872067481279375
470,385024000,1.8600000000000015e-05,0.13649602890014648,0.0,0.0,1.0,33.8368029739777,884973.5953331462,-7.58900074288249e-05,0.000253648404031992,-2.5576475143432615,0.0013948073610663414,0.0029888909310102465
471,385843200,1.8000000000000014e-05,0.1364883804321289,0.0,0.0,1.0,33.79116085757788,879831.7817641275,-4.813120467588306e-05,0.00025796163827180864,-2.5591812133789062,0.0012331729754805564,0.002473633177578449
472,386662400,1.7400000000000013e-05,0.13628331184387207,0.0,0.0,1.0,33.66149413459559,875984.2437802757,-0.0001113763079047203,0.0002534114057198167,-2.5604841232299806,0.0014229108579456805,0.003087157942354679
473,387481600,1.6800000000000012e-05,0.1363225746154785,0.0,0.0,1.0,33.726691682817204,884590.3164014533,-0.00020484705455601216,0.00025507186073809863,-2.5618656158447264,0.0016794919967651368,0.003363647684454918
474,388300800,1.6200000000000014e-05,0.13643714904785156,0.0,0.0,1.0,33.85687755354711,880696.424419617,-0.00014072805643081666,0.00025538743939250707,-2.562763214111328,0.0013965958729386329,0.0028117677196860314
475,389120000,1.5600000000000013e-05,0.13637361526489258,0.0,0.0,1.0,33.718345190607394,874038.4744431174,-0.00012862080475315452,0.00025660102255642414,-2.563188362121582,0.0014530275948345661,0.0033752448856830598
476,389939200,1.5000000000000012e-05,0.13643205642700196,0.0,0.0,1.0,33.70774358130349,880625.0371542796,-0.00014430189039558173,0.0002582319313660264,-2.5634532928466798,0.0013180012814700604,0.002703246660530567
477,390758400,1.4400000000000011e-05,0.1364397621154785,0.0,0.0,1.0,33.87750124028444,881228.8406666034,-8.586774347350002e-05,0.00025725404266268014,-2.563687324523926,0.0010920234024524688,0.0014586180448532104
478,391577600,1.3800000000000012e-05,0.13626882553100586,0.0,0.0,1.0,33.71346669416374,874801.5755948599,-6.353278877213597e-05,0.00025704663712531326,-2.564060020446777,0.0011172526516020297,0.0025306399911642075
479,392396800,1.320000000000001e-05,0.13642455101013184,0.0,0.0,1.0,33.81262091960647,883446.324728275,-9.758684900589288e-05,0.00025395797565579413,-2.5650266647338866,0.001103818416595459,0.0017135011032223702
480,393216000,1.260000000000001e-05,0.1364356803894043,0.0,0.0,1.0,33.77314394252209,882941.6872720415,-0.00020631547085940837,0.00025511698331683876,-2.5657817840576174,0.001610725000500679,0.003883422166109085
481,394035200,1.2000000000000009e-05,0.13643589973449707,0.0,0.0,1.0,33.779861511829196,880207.0512694205,-0.00019580451771616936,0.00025520408526062964,-2.566567230224609,0.0015077336691319942,0.003199097141623497
482,394854400,1.140000000000001e-05,0.13638608932495117,0.0,0.0,1.0,33.78959976870018,888168.904584879,-0.00013561733067035675,0.0002559551037847996,-2.56737060546875,0.0013202867470681668,0.0023045649752020834
483,395673600,1.0800000000000008e-05,0.13624229431152343,0.0,0.0,1.0,33.654463369587525,882077.5417419942,-0.00011100349947810174,0.0002565005095675588,-2.5680665969848633,0.001290581002831459,0.0018656009808182717
484,396492800,1.0200000000000007e-05,0.1364705467224121,0.0,0.0,1.0,33.81552956733749,883182.5091742794,-0.00015971363754943013,0.00025324539747089146,-2.568387031555176,0.0014619392342865468,0.0026246337220072746
485,397312000,9.600000000000008e-06,0.13631412506103516,0.0,0.0,1.0,33.71436207392788,869177.5501680634,-0.0001976014580577612,0.00025641515385359525,-2.569003677368164,0.001561129279434681,0.0028071295469999312
486,398131200,9.000000000000007e-06,0.1364313220977783,0.0,0.0,1.0,33.70924729412733,866899.9986263388,-0.00016909842379391192,0.00025668186135590075,-2.569989013671875,0.0011623446829617024,0.001595703326165676
487,398950400,8.400000000000006e-06,0.13626212120056153,0.0,0.0,1.0,33.769554629132784,871802.945440042,-0.00010859714820981026,0.00025547386612743137,-2.5701488494873046,0.0012572610750794411,0.002455444447696209
488,399769600,7.800000000000007e-06,0.13644536972045898,0.0,0.0,1.0,33.80805081250516,876882.6846184094,-0.00015616609016433358,0.0002560583408921957,-2.5703378677368165,0.0015878932550549506,0.0028594972565770147
489,400588800,7.200000000000006e-06,0.1364727783203125,0.0,0.0,1.0,33.80966879242954,874625.4717806967,-0.00019244493450969457,0.00025578378699719906,-2.570990562438965,0.0014790394343435764,0.0020377196371555327
490,401408000,6.600000000000005e-06,0.13637953758239746,0.0,0.0,1.0,33.773929912907086,867510.6698494139,-0.0001036596018821001,0.00025505898520350456,-2.5715566635131837,0.0010133395902812482,0.0007968748919665814
491,402227200,6.000000000000004e-06,0.13639144897460936,0.0,0.0,1.0,33.82845084409136,868723.8818468334,-0.0001286144950427115,0.0002560104476287961,-2.571731758117676,0.0008404824882745742,0.001127197127789259
492,403046400,5.400000000000004e-06,0.13639653205871582,0.0,0.0,1.0,33.71892492591373,875853.7915903493,-0.00018213705625385045,0.00025665799621492623,-2.571991729736328,0.0013077759183943271,0.0016539303585886955
493,403865600,4.800000000000004e-06,0.13652660369873046,0.0,0.0,1.0,33.821887351778656,871975.5687785815,-0.0001946797128766775,0.00025525197852402923,-2.5723243713378907,0.0014878547750413417,0.0022230220958590506
494,404684800,4.200000000000003e-06,0.13634971618652345,0.0,0.0,1.0,33.77752066115703,871907.7273149039,-0.00012185625964775682,0.0002565647941082716,-2.5725168228149413,0.0013276508077979087,0.0015318600460886955
495,405504000,3.600000000000003e-06,0.1363848304748535,0.0,0.0,1.0,33.76338770802439,877263.3946319468,-0.00019187406869605183,0.0002581750741228461,-2.5726295471191407,0.0013265448622405529,0.002284911833703518
496,406323200,3.000000000000002e-06,0.13642929077148438,0.0,0.0,1.0,33.8397833457372,873348.8618193755,-0.00012370587792247533,0.00025715422816574574,-2.5728052139282225,0.0006832412909716368,0.0007437743712216616
497,407142400,2.400000000000002e-06,0.13642210006713867,0.0,0.0,1.0,33.751419869948144,871768.3850394803,-5.467994487844408e-05,0.00025677054654806855,-2.5728631973266602,0.0007550693582743407,0.0004608154762536287
498,407961600,1.8000000000000014e-06,0.13638259887695312,0.0,0.0,1.0,33.834325150838914,875279.7035956534,-7.561615202575923e-05,0.00025407904759049415,-2.5729097366333007,0.000591902295127511,0.0002116699004545808
499,408780800,1.200000000000001e-06,0.1364576816558838,0.0,0.0,1.0,33.79705070642996,875730.3027908221,-2.498000976629555e-05,0.000253885705024004,-2.572956657409668,0.00014451488386839627,0.0
500,409600000,6.000000000000005e-07,0.13641019821166991,0.0,0.0,1.0,33.7413643679584,868141.3276091368,-0.0001019597053527832,0.00025441464968025687,-2.572982406616211,0.0005273672286421061,0.0003935546614229679
