update,env_steps,lr,reward_per_step,cost_per_step,violation_rate,success_rate,mean_episode_length,steps_per_sec,policy_loss,value_loss,entropy,approx_kl,clip_frac
1,819200,0.0003,-0.00237253412604332,0.0,0.0,1.0,76.8,886750.7630136798,-0.015388505160808563,0.0028272127732634545,1.8464139938354491,0.01358879953622818,0.182794189453125
2,1638400,0.00029939999999999996,-0.0016463154554367066,0.0,0.0,1.0,304.38461538461536,878892.1646659648,-0.020917220413684844,0.0030647888779640198,1.8548227310180665,0.018642567098140717,0.2506245136260986
3,2457600,0.0002988,0.001733904629945755,0.0,0.0,1.0,503.1666666666667,880835.8167688448,-0.01863231360912323,0.002793271467089653,1.8456485748291016,0.015598653256893158,0.22184460163116454
4,3276800,0.0002982,0.0026775932312011717,0.0,0.0,1.0,713.7704918032787,886702.217470734,-0.016162730753421783,0.0027854830026626588,1.8175920486450194,0.011848479509353638,0.1660365104675293
5,4096000,0.00029759999999999997,0.005559040307998657,0.0,0.0,0.06097560975609756,993.9763719512196,881097.5552904656,-0.018573249876499175,0.006343916058540344,1.774146842956543,0.01072540357708931,0.14967859983444215
6,4915200,0.00029699999999999996,0.01227666974067688,0.0,0.0,0.8845208845208845,276.42997542997546,887443.0961087561,-0.014448471367359161,0.00925111323595047,1.7311367034912108,0.008942051231861115,0.12442395687103272
7,5734400,0.0002964,0.009050167798995971,0.0,0.0,0.9934782608695653,310.2826086956522,886012.051253451,-0.010577337443828582,0.012665985524654389,1.6907587051391602,0.006675495952367783,0.0853895366191864
8,6553600,0.0002958,0.010576157569885255,0.0,0.0,0.996011396011396,352.45641025641027,880849.6201848225,-0.009203136712312699,0.014235147833824157,1.655575942993164,0.006743126362562179,0.08197264671325684
9,7372800,0.00029519999999999997,0.011924352645874024,0.0,0.0,0.9957963568425969,317.16300794021487,869278.5338200845,-0.00886995866894722,0.015276680886745452,1.6287324905395508,0.007017917186021805,0.08783557415008544
10,8192000,0.00029459999999999995,0.017343453168869018,0.0,0.0,0.8194229778464709,410.3199381761978,872984.2160570548,-0.008626064658164978,0.017972241342067718,1.6041288375854492,0.006920469552278518,0.08724865913391114
11,9011200,0.000294,0.02759791612625122,0.0,0.0,0.9856509812196665,190.31926566786242,872783.8198565226,-0.008314280211925507,0.02050148546695709,1.5771178245544433,0.006671896576881409,0.08148842453956603
12,9830400,0.0002934,0.03373505115509033,0.0,0.0,0.9778537697443414,171.22162514248492,874458.6791697679,-0.00878530666232109,0.018587063252925872,1.5488652229309081,0.006980093568563462,0.08887964487075806
13,10649600,0.00029279999999999996,0.04108572006225586,0.0,0.0,0.99223377649072,127.31183361853363,879999.1160892533,-0.009465758502483369,0.015825000405311585,1.5187969207763672,0.0075934924185276035,0.10012633800506592
14,11468800,0.00029219999999999995,0.048300065994262696,0.0,0.0,0.9992089501638604,100.83094134930501,874207.223698607,-0.009830641001462937,0.012598034739494324,1.4857870101928712,0.007850415259599685,0.104327392578125
15,12288000,0.0002916,0.05505481243133545,0.0,0.0,0.9997991967871486,86.75612449799196,863695.9765646018,-0.009859172999858857,0.009796630591154099,1.4498324394226074,0.008084531128406524,0.10811275243759155
16,13107200,0.00029099999999999997,0.0622298002243042,0.0,0.0,1.0,74.3475898334794,878833.207032461,-0.009417013823986053,0.007924722880125046,1.4127985000610352,0.00816640704870224,0.11056967973709106
17,13926400,0.00029039999999999996,0.06994320869445801,0.0,0.0,1.0,66.01569895866204,875418.7775827646,-0.00850284770131111,0.006351093947887421,1.3730154037475586,0.007955712080001832,0.10648524761199951
18,14745600,0.00028979999999999994,0.07638775825500488,0.0,0.0,1.0,59.88797931925894,873533.6552993286,-0.007862329483032227,0.005242939293384552,1.3310882568359375,0.007622883468866348,0.09958057403564453
19,15564800,0.0002892,0.08321839332580566,0.0,0.0,1.0,55.341891170978926,881154.3358563773,-0.007755175977945328,0.004510972648859024,1.2885402679443358,0.007822944223880768,0.10333093404769897
20,16384000,0.00028859999999999997,0.0891491985321045,0.0,0.0,1.0,51.625989404799,876016.602422315,-0.007559088617563247,0.003865445405244827,1.2458070755004882,0.007798231393098831,0.10171202421188355
21,17203200,0.00028799999999999995,0.09467453956604004,0.0,0.0,1.0,48.56460591854673,873360.1800024748,-0.007417035847902298,0.003385952860116959,1.2014677047729492,0.007790452986955643,0.10106359720230103
22,18022400,0.00028739999999999994,0.09967742919921875,0.0,0.0,1.0,46.14331281477336,881563.7427026097,-0.007116559147834778,0.0029525510966777802,1.1572784423828124,0.007584083825349808,0.09738719463348389
23,18841600,0.0002868,0.1036637306213379,0.0,0.0,1.0,44.18686515827377,879905.6669880974,-0.006448175758123398,0.002623478136956692,1.1137267112731934,0.007378251850605011,0.09329368472099304
24,19660800,0.00028619999999999996,0.1077009105682373,0.0,0.0,1.0,42.72512192591055,877760.0873011989,-0.0062416594475507734,0.0023941420018672942,1.070487880706787,0.0070014335215091705,0.08546496033668519
25,20480000,0.00028559999999999995,0.11079240798950195,0.0,0.0,1.0,41.35655799467524,887129.151387436,-0.005642184987664223,0.0021651126444339752,1.0295166969299316,0.006509457528591156,0.07622095942497253
26,21299200,0.000285,0.11368071556091308,0.0,0.0,1.0,40.35355073175523,882403.5083755712,-0.0054994489997625354,0.0019362324848771096,0.9896842956542968,0.00648319125175476,0.07499437928199768
27,22118400,0.0002844,0.11616514205932617,0.0,0.0,1.0,39.388740074619726,882184.75371407,-0.004854603484272957,0.001741611398756504,0.9508473396301269,0.005980104953050613,0.06480078101158142
28,22937600,0.00028379999999999996,0.11801701545715332,0.0,0.0,1.0,38.87516056900899,886661.6210036649,-0.00427074134349823,0.0016671348363161086,0.9157102584838868,0.005628763139247895,0.058194929361343385
29,23756800,0.00028319999999999994,0.11973760604858398,0.0,0.0,1.0,38.25855477855478,882339.0408342285,-0.0037593167275190354,0.0015282187610864638,0.8821613311767578,0.005170821398496628,0.04989855289459229
30,24576000,0.0002826,0.12107093811035156,0.0,0.0,1.0,37.81870563289389,883449.7219915396,-0.003559766337275505,0.001441098004579544,0.8490028381347656,0.004903095215559006,0.04558948576450348
31,25395200,0.00028199999999999997,0.1224769401550293,0.0,0.0,1.0,37.454483136824784,880992.6595804342,-0.003063923120498657,0.0014082652516663075,0.8168464660644531,0.004564103856682778,0.03958081305027008
32,26214400,0.00028139999999999996,0.12376424789428711,0.0,0.0,1.0,37.128985638153736,871958.4901381478,-0.0029839714989066124,0.001308219786733389,0.787496280670166,0.004593537375330925,0.039629998803138736
33,27033600,0.00028079999999999994,0.12471849441528321,0.0,0.0,1.0,36.69045271178844,870221.3529597383,-0.002750585600733757,0.0012511067092418672,0.7587023735046386,0.00438636913895607,0.038033440709114075
34,27852800,0.0002802,0.12582423210144042,0.0,0.0,1.0,36.64083404179158,870316.499968181,-0.002450515516102314,0.0012256679125130176,0.7292125225067139,0.004141607135534286,0.031258657574653625
35,28672000,0.00027959999999999997,0.12637685775756835,0.0,0.0,1.0,36.380773147943145,877676.7795105517,-0.0022604642435908318,0.0011871091090142726,0.7015787124633789,0.0037284329533576964,0.027944090962409972
36,29491200,0.00027899999999999995,0.12706197738647462,0.0,0.0,1.0,36.29625027734635,871107.186538456,-0.002012700401246548,0.0011528167873620988,0.6752110958099365,0.0036109235137701035,0.02510620355606079
37,30310400,0.0002784,0.12749189376831055,0.0,0.0,1.0,36.08472264989223,873617.6512528079,-0.0019749969244003294,0.0011159220710396766,0.6500003337860107,0.003587115928530693,0.022225582599639894
38,31129600,0.0002778,0.1282752799987793,0.0,0.0,1.0,35.94144183601962,866200.7261169368,-0.001790831796824932,0.0010699770413339139,0.6261658191680908,0.003325087204575539,0.020112304389476775
39,31948800,0.0002772,0.12875661849975586,0.0,0.0,1.0,35.73541212385521,874986.9376326791,-0.001712402142584324,0.0010312902741134167,0.6013547420501709,0.0029918374493718147,0.017468383908271788
40,32768000,0.0002766,0.1291244602203369,0.0,0.0,1.0,35.54181881411928,887953.4939950112,-0.00150834321975708,0.0010024355724453926,0.5766902923583984,0.0031247712671756745,0.018966677784919738
41,33587200,0.000276,0.12967106819152832,0.0,0.0,1.0,35.381939048605716,879143.9491301407,-0.0012863246724009515,0.0009757539257407189,0.5540524959564209,0.0028669634833931924,0.0170069545507431
42,34406400,0.00027539999999999997,0.1302040672302246,0.0,0.0,1.0,35.399870550161815,877778.5806601731,-0.001543688215315342,0.0009298326447606086,0.5316250801086426,0.003230762481689453,0.019292967021465303
43,35225600,0.0002748,0.13031591415405275,0.0,0.0,1.0,35.291768856761756,887720.4210181914,-0.001354879606515169,0.000938126165419817,0.511648416519165,0.002964366227388382,0.016057373583316804
44,36044800,0.0002742,0.1309207534790039,0.0,0.0,1.0,35.11344808344422,874247.5998285171,-0.001285369973629713,0.0008958697319030762,0.4921286106109619,0.002895517461001873,0.01532568633556366
45,36864000,0.0002736,0.1308434200286865,0.0,0.0,1.0,35.08616925645306,872234.7056284937,-0.0011471510864794255,0.0008889065124094486,0.4698614597320557,0.0029481763020157816,0.015672972798347472
46,37683200,0.00027299999999999997,0.131531457901001,0.0,0.0,1.0,35.08286607028207,887439.2045015739,-0.00094746770337224,0.000855051539838314,0.44605422019958496,0.0024010222405195236,0.011800172924995422
47,38502400,0.0002724,0.13135095596313476,0.0,0.0,1.0,34.90666325398857,880749.3847388776,-0.0009770244359970093,0.0008601950481534004,0.4241140365600586,0.002449670247733593,0.011531251668930053
48,39321600,0.0002718,0.1318655014038086,0.0,0.0,1.0,34.9065798433776,875683.5217029983,-0.0009060353972017765,0.0008192786015570163,0.40445356369018554,0.0024247391149401663,0.01209057793021202
49,40140800,0.0002712,0.13205135345458985,0.0,0.0,1.0,34.74481881754609,884030.7715161688,-0.0009472941979765892,0.0008049836382269859,0.3837109565734863,0.0024155166000127794,0.01087927222251892
50,40960000,0.00027059999999999996,0.1320367431640625,0.0,0.0,1.0,34.87437635921709,881402.0007339268,-0.0009968732483685017,0.0008019858971238137,0.3621626615524292,0.002749721705913544,0.013246947526931762
51,41779200,0.00027,0.13237476348876953,0.0,0.0,1.0,34.5869133612132,866827.4401249983,-0.0007652826141566038,0.0007700101006776095,0.3440099716186523,0.0024284720420837402,0.011762940138578416
52,42598400,0.0002694,0.132776460647583,0.0,0.0,1.0,34.64529337273111,876573.167240104,-0.0007290061563253403,0.0007536221295595169,0.3243528366088867,0.002252594381570816,0.009959837049245834
53,43417600,0.0002688,0.13261616706848145,0.0,0.0,1.0,34.59439023359946,878089.3804324555,-0.0007688621059060097,0.0007710359524935484,0.3029004096984863,0.002277417853474617,0.01061425507068634
54,44236800,0.00026819999999999996,0.13278454780578614,0.0,0.0,1.0,34.57545815387214,873196.0110802915,-0.0007078581489622593,0.0007444425951689482,0.2843298435211182,0.0020416777580976484,0.009346801787614822
55,45056000,0.0002676,0.13294160842895508,0.0,0.0,1.0,34.56884379623758,873988.0368750304,-0.0007187099661678075,0.0007507824804633856,0.2655330657958984,0.0021512601524591446,0.009615112841129304
56,45875200,0.000267,0.13301231384277343,0.0,0.0,1.0,34.487875971612034,867190.1944824866,-0.0005911435931921005,0.0007308064494282007,0.24816384315490722,0.0022630494087934492,0.01119750812649727
57,46694400,0.00026639999999999997,0.1329660415649414,0.0,0.0,0.9998737001641897,34.546330989769714,871900.6753316246,-0.0006391843780875206,0.0007151942700147629,0.2318716049194336,0.0019582457840442657,0.00802575722336769
58,47513600,0.00026579999999999996,0.13323954582214356,0.0,0.0,1.0,34.386822260605804,879906.1158914135,-0.00069652758538723,0.0007180966902524232,0.21481719017028808,0.0021161869168281554,0.009094113111495971
59,48332800,0.0002652,0.1330463981628418,0.0,0.0,0.9998738435660218,34.54592094196804,877438.8479891622,-0.0006983115337789059,0.0007301827892661095,0.19883536100387572,0.0021350743249058724,0.009896360337734222
60,49152000,0.0002646,0.13355621337890625,0.0,0.0,0.9999156509636877,34.62426721774704,870814.0278552136,-0.0006301430985331535,0.0006677728611975908,0.18064482212066652,0.0021668918430805205,0.010302002727985381
61,49971200,0.00026399999999999997,0.1336308479309082,0.0,0.0,1.0,34.43731900784824,866966.5879090735,-0.0004914738703519106,0.0006487556267529726,0.16618276834487916,0.002147451415657997,0.010740112513303757
62,50790400,0.00026339999999999995,0.1336824893951416,0.0,0.0,1.0,34.42794320894585,877594.454832413,-0.000681390892714262,0.000624419841915369,0.1528852939605713,0.0020026547834277155,0.008564820140600204
63,51609600,0.0002628,0.13409795761108398,0.0,0.0,1.0,34.37940163038911,869423.4109715205,-0.0006042506080120802,0.000589315826073289,0.13897299766540527,0.0018805569037795068,0.007968748360872269
64,52428800,0.0002622,0.13412319183349608,0.0,0.0,1.0,34.29600803414512,874233.7423174301,-0.00048731681890785695,0.0005940022878348827,0.12239818572998047,0.0018434563651680946,0.007135497778654099
65,53248000,0.00026159999999999996,0.1339878273010254,0.0,0.0,1.0,34.26226084050464,879300.970499339,-0.00047543789260089396,0.0005821977742016315,0.10760858058929443,0.0018868183717131615,0.00826782062649727
66,54067200,0.000261,0.13430953979492188,0.0,0.0,1.0,34.31320501530591,880188.1317600551,-0.0004950230941176414,0.0005616763606667519,0.09607832431793213,0.0019015192985534668,0.007649781554937363
67,54886400,0.0002604,0.13422693252563478,0.0,0.0,1.0,34.31930693069307,876486.0417202022,-0.0004766289610415697,0.0005520502105355263,0.08396644592285156,0.001956405304372311,0.0080474853515625
68,55705600,0.00025979999999999997,0.13440163612365721,0.0,0.0,1.0,34.28876691666318,886833.802672095,-0.0005217641126364469,0.0005517442710697651,0.07063084840774536,0.0016564613208174706,0.006649413704872131
69,56524800,0.00025919999999999996,0.1344594955444336,0.0,0.0,1.0,34.253270364023905,880840.9786378654,-0.0005499942693859339,0.0005535087548196316,0.05494466423988342,0.0021432004868984222,0.010667232424020767
70,57344000,0.0002586,0.13429706573486327,0.0,0.0,1.0,34.28799799129561,880264.21175223,-0.00044324900954961777,0.0005422613117843867,0.0413837194442749,0.0017877992242574692,0.0066253662109375
71,58163200,0.000258,0.13449990272521972,0.0,0.0,1.0,34.23978485657105,886147.782625404,-0.0007284115068614483,0.000527627719566226,0.02521212100982666,0.002130788937211037,0.008869263529777526
72,58982400,0.00025739999999999997,0.13472082138061522,0.0,0.0,1.0,34.24751150146382,877558.938195852,-0.00021577258594334124,0.0006137162912636995,0.010790233314037324,0.002581395395100117,0.0172520712018013
73,59801600,0.00025679999999999995,0.13471223831176757,0.0,0.0,1.0,34.158022115585226,884939.9145629177,-0.00038292398676276207,0.0005046905484050512,-0.002432505786418915,0.0020444508641958236,0.009346804022789002
74,60620800,0.0002562,0.13472187042236328,0.0,0.0,1.0,34.274211782439394,875772.5237462154,-0.0003942587412893772,0.0004938407801091671,-0.012993469834327698,0.0018942352384328843,0.009742555022239686
75,61440000,0.0002556,0.1347760581970215,0.0,0.0,1.0,34.29058543312022,873121.3535401779,-0.00046736421063542366,0.0004935834091156721,-0.025494056940078735,0.0018243437632918357,0.007160154730081558
76,62259200,0.00025499999999999996,0.13475661277770995,0.0,0.0,1.0,34.06180804128861,868534.3795460516,-0.00043181320652365687,0.0004893670324236154,-0.03884905874729157,0.001844637654721737,0.00670141726732254
77,63078400,0.00025439999999999995,0.13481966018676758,0.0,0.0,1.0,34.189995410738874,869996.438609224,-0.00040850001387298106,0.0004813689738512039,-0.05270199179649353,0.0017323188483715057,0.007771850377321243
78,63897600,0.0002538,0.13476171493530273,0.0,0.0,1.0,34.13522078138681,869669.3730726324,-0.0004367319867014885,0.000474774744361639,-0.06644021868705749,0.0018204256892204284,0.00787036195397377
79,64716800,0.0002532,0.13493983268737794,0.0,0.0,1.0,34.06450137236963,862150.7884143458,-0.0003904161043465137,0.00046904548071324825,-0.08045681118965149,0.0017733683809638024,0.007889037579298019
80,65536000,0.00025259999999999996,0.13495698928833008,0.0,0.0,1.0,34.17596996245307,868049.1342635688,-0.00038629085756838324,0.00047269510105252266,-0.09617564678192139,0.0018004553392529487,0.007248533517122268
81,66355200,0.00025199999999999995,0.1350272560119629,0.0,0.0,1.0,34.19705233356926,874962.2179817535,-0.0003254957031458616,0.00046377773396670817,-0.11213653087615967,0.0018271902576088906,0.007743407785892486
82,67174400,0.0002514,0.13501329421997071,0.0,0.0,1.0,34.00519707300848,866201.6503396821,-0.00017895611235871912,0.0004562612157315016,-0.12291910648345947,0.0018001655116677284,0.007870117574930191
83,67993600,0.00025079999999999997,0.13515771865844728,0.0,0.0,1.0,34.10961698584513,877046.6493108805,-0.0003498838283121586,0.00044977138750255106,-0.13919458389282227,0.0016944929957389832,0.006321166455745697
84,68812800,0.00025019999999999996,0.13521580696105956,0.0,0.0,1.0,34.17932586142244,878380.2019326496,-0.0003022203920409083,0.00044680386781692505,-0.1566662073135376,0.0015010030008852481,0.005074828863143921
85,69632000,0.00024959999999999994,0.13515933990478515,0.0,0.0,1.0,34.16087156154777,869604.4100012614,-0.00030170842073857785,0.0004380781203508377,-0.168870210647583,0.001806902140378952,0.0091796875
86,70451200,0.000249,0.13525940895080565,0.0,0.0,1.0,34.04164071906008,864537.1122038275,-0.00018832935020327569,0.00043590432032942773,-0.17951065301895142,0.0016894537955522537,0.0064222395420074465
87,71270400,0.0002484,0.13513914108276368,0.0,0.0,1.0,34.05875504178968,868507.0084246217,-0.0002667608670890331,0.00043115350417792796,-0.19047194719314575,0.0016709191724658013,0.007163940370082856
88,72089600,0.0002478,0.13522699356079101,0.0,0.0,1.0,34.00373412994772,870548.5267300364,-0.00024362634867429732,0.00042707505635917185,-0.20130665302276612,0.0016219930723309517,0.005730590969324112
89,72908800,0.0002472,0.13512584686279297,0.0,0.0,1.0,34.01127240963354,869681.2343216861,-5.57588180527091e-05,0.00041544013656675817,-0.21629164218902588,0.0020062584429979325,0.010460569709539413
90,73728000,0.0002466,0.13525470733642578,0.0,0.0,1.0,33.99970957972037,880042.7633236826,-0.00023678364232182503,0.0004190103150904179,-0.23094472885131836,0.0020332401618361473,0.009183593839406968
91,74547200,0.000246,0.1352324104309082,0.0,0.0,1.0,34.0603365884064,884005.8547299643,-0.00032908255234360696,0.00041336575523018835,-0.2430276393890381,0.0017539596185088158,0.007235229760408401
92,75366400,0.0002454,0.13541825294494628,0.0,0.0,1.0,33.98833782942519,880698.296232471,-0.0003806948661804199,0.00040361033752560614,-0.25662569999694823,0.0017827069386839867,0.007896118611097337
93,76185600,0.0002448,0.13553720474243164,0.0,0.0,1.0,34.07782360538266,889568.0928560029,-0.00027575118001550437,0.00039273425936698915,-0.26912946701049806,0.001660902611911297,0.0067279055714607235
94,77004800,0.00024419999999999997,0.13541146278381347,0.0,0.0,1.0,34.05404957307469,883011.5645429798,-0.00033205954823642967,0.00040209074504673483,-0.2805532217025757,0.0018377456814050674,0.009075193852186202
95,77824000,0.00024359999999999999,0.13531198501586914,0.0,0.0,1.0,34.07295351450331,876026.6017730896,-0.00028178293723613024,0.00043255076743662355,-0.2933917999267578,0.001801365241408348,0.006946533173322678
96,78643200,0.000243,0.13551358222961427,0.0,0.0,1.0,34.05946642287234,885173.2645780896,-0.00014619966968894006,0.00038840421475470064,-0.3041778564453125,0.001694132387638092,0.006576783210039139
97,79462400,0.00024239999999999998,0.13532697677612304,0.0,0.0,1.0,33.88474295190713,871122.7460279486,-0.0002732703927904367,0.0003848084481433034,-0.3157897233963013,0.0016322437673807143,0.005937745422124862
98,80281600,0.0002418,0.13546110153198243,0.0,0.0,1.0,33.923324795505245,872920.2282098874,-0.0002825416857376695,0.00037667015567421913,-0.32327823638916015,0.0017476201057434082,0.008293089270591737
99,81100800,0.00024119999999999998,0.13549540519714356,0.0,0.0,1.0,34.058818635607324,882545.9148424986,-0.00024197876919060946,0.00038268838543444874,-0.3323400020599365,0.0017223259434103965,0.006756714731454849
100,81920000,0.0002406,0.13544341087341308,0.0,0.0,1.0,33.97466566990614,877918.5196023368,-0.00032018227502703665,0.0003734028898179531,-0.345863938331604,0.0018623121082782744,0.00792529210448265
101,82739200,0.00023999999999999998,0.13551095962524415,0.0,0.0,1.0,34.00124460670428,874534.3479166034,-0.0001836632494814694,0.00037966840900480745,-0.357965350151062,0.0018817579373717308,0.00929541140794754
102,83558400,0.0002394,0.1353655433654785,0.0,0.0,1.0,34.0180412371134,871240.6651370657,-0.00010214259382337331,0.0003815728472545743,-0.36691443920135497,0.001959148235619068,0.009723386913537978
103,84377600,0.0002388,0.1355259323120117,0.0,0.0,1.0,34.043283396273395,866834.3259247692,-0.00019718827679753302,0.0003622575895860791,-0.3771249055862427,0.0017073158174753188,0.00790100172162056
104,85196800,0.0002382,0.1356343650817871,0.0,0.0,1.0,33.9225707664294,872627.7985779456,-0.0002718112431466579,0.0003557298798114061,-0.3926121711730957,0.0018898285925388336,0.00920141339302063
105,86016000,0.0002376,0.1355702495574951,0.0,0.0,1.0,34.061967144936574,878911.4311635061,-0.00019132676534354686,0.0003608526661992073,-0.408101224899292,0.0017453012987971306,0.00754687562584877
106,86835200,0.000237,0.13560508728027343,0.0,0.0,1.0,33.93933366484336,872415.203096321,-0.000293993903324008,0.00035173650830984117,-0.4216147422790527,0.00210463497787714,0.010103393346071243
107,87654400,0.0002364,0.13569604873657226,0.0,0.0,1.0,33.94153451202849,866562.3526543125,-7.496409816667437e-05,0.0003498452017083764,-0.4341716289520264,0.0017814308404922486,0.0071442872285842896
108,88473600,0.00023579999999999999,0.13573366165161133,0.0,0.0,1.0,33.88420921853646,862014.2108005872,-0.0001736557809635997,0.0003505320753902197,-0.4450563907623291,0.001941937766969204,0.00938110277056694
109,89292800,0.0002352,0.13574729919433592,0.0,0.0,1.0,34.030977493563654,880241.6891961795,6.834313389845193e-05,0.0003477770136669278,-0.455112886428833,0.0022650159895420074,0.015074339509010316
110,90112000,0.00023459999999999998,0.13563854217529298,0.0,0.0,1.0,33.95653793617286,876704.0168885933,-0.0002278235275298357,0.00034828761126846073,-0.46444311141967776,0.001981394924223423,0.009782225638628007
111,90931200,0.000234,0.13558173179626465,0.0,0.0,1.0,33.95307564422278,878011.3336661834,-0.0002441540826112032,0.00034242747351527215,-0.47536263465881345,0.0018257390707731246,0.008188232034444808
112,91750400,0.00023339999999999998,0.13586293220520018,0.0,0.0,1.0,33.99792926364615,887647.3336218651,-0.0001772326068021357,0.00033687567338347435,-0.48827333450317384,0.0016554459929466248,0.006126343086361885
113,92569600,0.0002328,0.13578081130981445,0.0,0.0,1.0,33.953252032520325,883322.7184968981,-0.00014128937618806958,0.0003370353486388922,-0.5007514476776123,0.0017763171344995499,0.007072265446186066
114,93388800,0.00023219999999999998,0.13579054832458495,0.0,0.0,1.0,33.879113610054574,882749.3982978764,-0.0002727975370362401,0.00033254139125347135,-0.5105457305908203,0.0015779992565512658,0.005901000276207924
115,94208000,0.0002316,0.13575246810913086,0.0,0.0,1.0,33.92264643701032,887031.6642997772,-8.381488732993603e-05,0.0003311059670522809,-0.5200532913208008,0.0016563490033149719,0.006816405802965164
116,95027200,0.00023099999999999998,0.13578850746154786,0.0,0.0,1.0,33.850043340075125,879242.41656124,-0.0001318855443969369,0.000332411122508347,-0.5275787830352783,0.001748689077794552,0.007378052175045014
117,95846400,0.0002304,0.1358062744140625,0.0,0.0,1.0,33.938861006263224,856091.0549087811,-0.00010297584813088179,0.0003269722918048501,-0.5383701324462891,0.0022077588364481926,0.01323254406452179
118,96665600,0.00022979999999999997,0.13582827568054198,0.0,0.0,1.0,33.82029702970297,876282.4138850092,-2.0270356617402286e-05,0.0005075464025139809,-0.546017074584961,0.0021783605217933653,0.012684692442417145
119,97484800,0.0002292,0.13587717056274415,0.0,0.0,1.0,33.93856485511752,878668.4098092146,-0.0001806205022148788,0.00032501183450222014,-0.554408597946167,0.0015778383240103722,0.006150512769818306
120,98304000,0.00022859999999999997,0.13583330154418946,0.0,0.0,1.0,33.839673240366366,853739.8638136744,-0.0001782003208063543,0.0003299338277429342,-0.5657455444335937,0.0019271038472652435,0.0089202880859375
121,99123200,0.00022799999999999999,0.13581687927246094,0.0,0.0,1.0,33.912489133584465,876751.4373176472,-5.115874810144305e-05,0.00033203845378011466,-0.5713525772094726,0.0018807234242558478,0.009003660827875137
122,99942400,0.00022739999999999997,0.13595780372619629,0.0,0.0,1.0,33.9502920342985,879730.3621358661,-0.0002161229494959116,0.00032305831555277107,-0.5729498863220215,0.0017972024157643317,0.00777905136346817
123,100761600,0.00022679999999999998,0.1358864974975586,0.0,0.0,1.0,33.770329398167256,877213.5749287871,-0.00025037950836122037,0.00032009289134293795,-0.5836535453796386,0.002018335275352001,0.010151611268520355
124,101580800,0.00022619999999999997,0.13595922470092772,0.0,0.0,1.0,33.81005033418599,883359.7384945393,7.623296114616096e-05,0.00032411133870482447,-0.5958548545837402,0.002233792468905449,0.014892089366912841
125,102400000,0.00022559999999999998,0.1357737636566162,0.0,0.0,1.0,33.845508288891644,881780.1497171475,-4.912708536721766e-05,0.0003196501405909657,-0.6043118476867676,0.002130730636417866,0.012236085534095765
126,103219200,0.000225,0.1358180332183838,0.0,0.0,1.0,33.94119836248604,856739.3728899693,-6.323307752609253e-05,0.00032789437100291254,-0.614896011352539,0.0018935551866889,0.010152344405651093
127,104038400,0.00022439999999999998,0.135941219329834,0.0,0.0,1.0,33.88073394495413,856275.17102307,-0.00013471648562699557,0.0003172237891703844,-0.6257594108581543,0.001742258481681347,0.00765405148267746
128,104857600,0.0002238,0.13586727142333985,0.0,0.0,1.0,33.78821484730613,879500.2021995926,-0.0001280002179555595,0.00030711924191564324,-0.6330814361572266,0.0018563855439424515,0.00870947390794754
129,105676800,0.00022319999999999998,0.1360299301147461,0.0,0.0,1.0,33.8849648905411,877039.0004193895,-5.866213468834758e-05,0.00032416598405689,-0.6416154861450195,0.002269653230905533,0.012944091856479645
130,106496000,0.0002226,0.13587987899780274,0.0,0.0,1.0,33.900252682158985,860452.0504178826,-0.0001127065741457045,0.0003161904402077198,-0.6532709121704101,0.0018770596012473106,0.00915820300579071
131,107315200,0.00022199999999999998,0.13608590126037598,0.0,0.0,1.0,33.88156045954211,883645.9906244444,-7.199954707175494e-05,0.0003126152791082859,-0.6625283241271973,0.0017873279750347138,0.009160887449979782
132,108134400,0.0002214,0.135971736907959,0.0,0.0,1.0,33.970062611435914,861017.8332065013,-0.00023637146223336457,0.00031355649698525665,-0.6715789794921875,0.0018898645415902139,0.007761597633361816
133,108953600,0.00022079999999999997,0.13594358444213867,0.0,0.0,1.0,33.84963431263171,869812.1547497213,-0.0001483666943386197,0.0003086844459176064,-0.6852597713470459,0.0016731206327676774,0.005943725630640983
134,109772800,0.00022019999999999999,0.13599912643432618,0.0,0.0,1.0,33.87865242943465,874755.0119862148,-0.0001096257590688765,0.0003078808542340994,-0.6983433246612549,0.001893337443470955,0.009316284209489822
135,110592000,0.00021959999999999997,0.13607284545898438,0.0,0.0,1.0,33.844779936476506,880723.5694609839,-1.1607239139266312e-05,0.00030482239089906215,-0.7091469287872314,0.0021498754620552065,0.012299317121505737
136,111411200,0.00021899999999999998,0.13616113662719725,0.0,0.0,1.0,33.85047308184936,867370.937042974,-8.026995928958058e-05,0.000307915173470974,-0.7217554569244384,0.0019314488396048545,0.00977771133184433
137,112230400,0.00021839999999999997,0.1360470485687256,0.0,0.0,1.0,33.744474171640256,883302.4646855341,-7.673799991607666e-05,0.00030428050085902215,-0.7304234981536866,0.0019782833755016328,0.010325071960687637
138,113049600,0.00021779999999999998,0.13594701766967773,0.0,0.0,1.0,33.89230514233622,882633.9953637079,-0.00011055086506530642,0.00032193034421652557,-0.739031982421875,0.001790165901184082,0.008351564407348633
139,113868800,0.00021719999999999997,0.13614110946655272,0.0,0.0,1.0,33.88213886936024,876447.6629860019,-0.00012026953045278788,0.0003048060927540064,-0.7501313209533691,0.0017310056835412979,0.007014037668704986
140,114688000,0.00021659999999999998,0.13604462623596192,0.0,0.0,1.0,33.86235119047619,878725.0276052828,6.988960085436702e-05,0.0003084338270127773,-0.7605910301208496,0.002401404641568661,0.016092650592327118
141,115507200,0.00021599999999999996,0.13610946655273437,0.0,0.0,1.0,33.78739735072009,875899.4903664179,-6.869578501209617e-05,0.00030251878779381515,-0.7730850219726563,0.001970740407705307,0.009134642779827118
142,116326400,0.00021539999999999998,0.13613161087036132,0.0,0.0,1.0,33.84924892703863,867309.4836110388,3.4607280394993725e-05,0.0003078862326219678,-0.78455491065979,0.0023556359112262724,0.016030150651931762
143,117145600,0.00021479999999999996,0.13616058349609375,0.0,0.0,1.0,33.89752825735933,875415.5631242716,-9.280432132072747e-05,0.00029766294173896315,-0.7966110706329346,0.0020349858328700065,0.011752196401357651
144,117964800,0.00021419999999999998,0.13612053871154786,0.0,0.0,1.0,33.80856942554332,885673.9205144956,3.5857775947079064e-05,0.0002988256746903062,-0.8082722663879395,0.002226126939058304,0.012543454766273499
145,118784000,0.00021359999999999996,0.1360459518432617,0.0,0.0,1.0,33.78816392224836,880269.8230256777,-8.753587026149035e-05,0.00032252534292638303,-0.819910717010498,0.001921345666050911,0.01021106094121933
146,119603200,0.00021299999999999997,0.13611408233642577,0.0,0.0,1.0,33.86166645970446,883246.7627904282,-0.00014524923171848058,0.000365138566121459,-0.8343096733093261,0.002240422926843166,0.01155431941151619
147,120422400,0.00021239999999999996,0.13606388092041016,0.0,0.0,1.0,33.867362945838835,885155.1410707817,5.6437094463035466e-05,0.0003030956024304032,-0.8477544784545898,0.002469325065612793,0.015342772006988525
148,121241600,0.00021179999999999997,0.13620515823364257,0.0,0.0,1.0,33.801912455692026,878985.8213165025,5.750654963776469e-05,0.0002995405811816454,-0.8590291023254395,0.002495143562555313,0.019013914465904235
149,122060800,0.00021119999999999996,0.13598543167114258,0.0,0.0,1.0,33.734146441963,865462.0335798522,7.02193530742079e-05,0.000296816392801702,-0.8696392059326172,0.002180759236216545,0.01286340355873108
150,122880000,0.00021059999999999997,0.13606743812561034,0.0,0.0,1.0,33.830401125967626,869656.7017691092,-0.0001620194176211953,0.0002911578165367246,-0.8782835006713867,0.0018071597442030907,0.008719483017921447
151,123699200,0.00020999999999999998,0.13617727279663086,0.0,0.0,1.0,33.87258017913898,871798.7344353719,-9.170520352199673e-05,0.0002929572481662035,-0.8849671363830567,0.0018414273858070374,0.007891847938299178
152,124518400,0.00020939999999999997,0.13601442337036132,0.0,0.0,1.0,33.707875344777904,874869.1720288097,-7.728838827461004e-05,0.0002899118000641465,-0.8931883811950684,0.0019831061363220215,0.010138916224241257
153,125337600,0.00020879999999999998,0.13623132705688476,0.0,0.0,1.0,33.93295858477308,884618.9439737801,3.40683211106807e-05,0.00028857917059212925,-0.9010395050048828,0.0018766287714242936,0.009654662758111953
154,126156800,0.00020819999999999996,0.13616982460021973,0.0,0.0,1.0,33.86760014913625,878863.0411564303,-4.974263720214367e-06,0.0002939179539680481,-0.9081149101257324,0.0019309096038341521,0.01052270233631134
155,126976000,0.00020759999999999998,0.13622772216796875,0.0,0.0,1.0,33.84182682372391,869762.7511658361,0.00020668385550379754,0.0002903893357142806,-0.9168745994567871,0.0025850268080830573,0.018509888648986818
156,127795200,0.00020699999999999996,0.1361629295349121,0.0,0.0,1.0,33.80668316831683,886583.0360494707,-6.943579064682126e-05,0.00028926716186106205,-0.9253731727600097,0.0019142376258969307,0.00875830203294754
157,128614400,0.00020639999999999998,0.1361551856994629,0.0,0.0,1.0,33.77929784077798,883041.0977321975,0.00015594399301335215,0.00028855446726083755,-0.9341793060302734,0.0025611599907279015,0.017893680930137636
158,129433600,0.00020579999999999996,0.13618900299072265,0.0,0.0,1.0,33.82047888838344,882815.4500164961,-4.280370485503227e-05,0.0002836456289514899,-0.9446887016296387,0.0020482165738940237,0.011034178733825683
159,130252800,0.00020519999999999997,0.13626834869384766,0.0,0.0,1.0,33.839499052484136,886423.8274436918,-4.020200576633215e-05,0.0002877675695344806,-0.9543926239013671,0.0018622934818267821,0.008611205220222472
160,131072000,0.00020459999999999996,0.13617972373962403,0.0,0.0,1.0,33.872860635696824,875596.3519831452,-1.5488805365748705e-05,0.0002906966721639037,-0.9594779014587402,0.0019502658396959305,0.009636840224266053
161,131891200,0.00020399999999999997,0.13630517959594726,0.0,0.0,1.0,33.7345009044565,881252.9354425969,-0.00014096556697040796,0.00028600795194506646,-0.9671725273132324,0.0019280435517430305,0.00846264511346817
162,132710400,0.00020339999999999996,0.13613691329956054,0.0,0.0,1.0,33.81236576904015,877060.8066816917,-7.145071867853403e-06,0.0002853199606761336,-0.9795427322387695,0.002206611819565296,0.013045778870582581
163,133529600,0.00020279999999999997,0.13619223594665528,0.0,0.0,1.0,33.77705904165465,874561.0359468793,6.592246063519269e-06,0.00029281782917678356,-0.9896812438964844,0.0017892470583319663,0.008784911036491394
164,134348800,0.00020219999999999995,0.13627042770385742,0.0,0.0,1.0,33.79335534461411,871479.399014862,-8.992738439701497e-05,0.0002890123520046473,-1.001582145690918,0.0018043536692857742,0.007135620713233948
165,135168000,0.00020159999999999997,0.13627131462097167,0.0,0.0,1.0,33.82293172524886,880266.6446386839,0.00016387954819947482,0.00029518925584852694,-1.0113986015319825,0.0025609951466321946,0.018421874940395357
166,135987200,0.00020099999999999995,0.13614677429199218,0.0,0.0,1.0,33.76957023838984,876046.071553318,-0.00011237652506679296,0.00028821777086704967,-1.0231932640075683,0.001912836916744709,0.009541136771440506
167,136806400,0.00020039999999999997,0.1361337661743164,0.0,0.0,1.0,33.80692355244179,865793.0449900511,0.000348035991191864,0.0002970776055008173,-1.034693145751953,0.002969568036496639,0.02487573176622391
168,137625600,0.00019979999999999995,0.13620429039001464,0.0,0.0,1.0,33.806463595839524,881312.6592629906,0.00014949931064620615,0.00033893086947500706,-1.0446593284606933,0.0024682356044650076,0.01851464658975601
169,138444800,0.00019919999999999996,0.13620000839233398,0.0,0.0,1.0,33.801480317565336,876863.3642599053,-1.2510540545918048e-05,0.00030020505655556915,-1.05383243560791,0.002016521990299225,0.010716917365789414
170,139264000,0.00019859999999999995,0.136280574798584,0.0,0.0,1.0,33.739899613264214,872938.5632374159,0.00016971691511571407,0.00028265744913369417,-1.064764404296875,0.002456136979162693,0.017451536655426026
171,140083200,0.00019799999999999996,0.1362590026855469,0.0,0.0,1.0,33.799868008579445,881053.7806430997,-2.3033839534036814e-05,0.0002791955834254622,-1.0733363151550293,0.0019862810149788857,0.01062060371041298
172,140902400,0.00019739999999999995,0.13615777015686034,0.0,0.0,1.0,33.790346534653466,867177.7246268982,-0.00011783617082983255,0.00028774633537977936,-1.0793688774108887,0.0017523335292935372,0.007640869915485382
173,141721600,0.00019679999999999999,0.13641984939575194,0.0,0.0,1.0,33.80462947681136,857069.8732125541,5.283791688270867e-05,0.00028127559926360846,-1.0892560005187988,0.0021729890257120134,0.01342431753873825
174,142540800,0.0001962,0.13622127532958983,0.0,0.0,1.0,33.7740594385445,876744.8717346445,2.4275369651149958e-05,0.00028085121884942056,-1.098991870880127,0.0022911177948117256,0.013129638135433197
175,143360000,0.00019559999999999998,0.13631512641906737,0.0,0.0,1.0,33.75750577367206,876164.687475015,-5.480082472786307e-05,0.00028001100290566685,-1.106919765472412,0.002013241685926914,0.010645262897014618
176,144179200,0.000195,0.13623212814331054,0.0,0.0,1.0,33.79538976329161,876320.951665722,-1.1143270967295393e-05,0.00028280250262469053,-1.1153700828552247,0.0021102137863636015,0.012000610679388046
177,144998400,0.00019439999999999998,0.13630014419555664,0.0,0.0,1.0,33.72862667654077,887373.7327576827,6.831756036262959e-06,0.000281548616476357,-1.125856876373291,0.002078820765018463,0.011454589664936066
178,145817600,0.0001938,0.13638904571533203,0.0,0.0,1.0,33.86646785950961,880386.2900022969,-5.870716995559633e-05,0.0002803990850225091,-1.1361920356750488,0.0018880106508731842,0.00808435156941414
179,146636800,0.00019319999999999998,0.13626678466796874,0.0,0.0,1.0,33.755698854068264,878857.4822693066,0.0001476390054449439,0.0002806974574923515,-1.143987274169922,0.002444283477962017,0.0171238973736763
180,147456000,0.0001926,0.1360685920715332,0.0,0.0,1.0,33.746192893401016,888330.4917089705,0.00019909474067389966,0.0002921121194958687,-1.1520096778869628,0.00264850165694952,0.020625486969947815
181,148275200,0.00019199999999999998,0.13631549835205078,0.0,0.0,1.0,33.79773936718782,883077.0193959541,-1.1012022150680423e-05,0.0002796130022034049,-1.1630050659179687,0.0020074648782610893,0.010462401807308197
182,149094400,0.0001914,0.1362470245361328,0.0,0.0,1.0,33.75317499587663,869807.1193971914,0.00013545050751417875,0.0002841202076524496,-1.170541000366211,0.002324800193309784,0.014201414585113526
183,149913600,0.00019079999999999998,0.13633426666259765,0.0,0.0,1.0,33.773004366092756,885626.3062395408,0.0002889674156904221,0.00027990443632006643,-1.1742390632629394,0.002441472560167313,0.01734887957572937
184,150732800,0.0001902,0.13628984451293946,0.0,0.0,1.0,33.69468789861334,877244.380763807,9.999540634453297e-05,0.00028207788709551097,-1.1809323310852051,0.002392554096877575,0.015230712294578553
185,151552000,0.00018959999999999997,0.1363201141357422,0.0,0.0,1.0,33.776234440689144,869601.9361832323,1.982951071113348e-05,0.0002840802539139986,-1.1900062561035156,0.002267853543162346,0.01425439417362213
186,152371200,0.00018899999999999999,0.13647171020507812,0.0,0.0,1.0,33.90674988633076,875280.4236718641,2.9734440613538026e-05,0.0002772427862510085,-1.1976072311401367,0.0022913604974746705,0.013776609301567077
187,153190400,0.00018839999999999997,0.13630828857421876,0.0,0.0,1.0,33.80035569526015,866528.188356726,8.801018120720982e-05,0.00027752139139920474,-1.206466293334961,0.002203686162829399,0.014047972857952118
188,154009600,0.00018779999999999998,0.136271915435791,0.0,0.0,1.0,33.82050647529489,868902.332515713,0.00016675526276230813,0.00029074149206280707,-1.2141901969909668,0.0022336380556225778,0.013623657822608947
189,154828800,0.0001872,0.13628668785095216,0.0,0.0,1.0,33.78901734104046,875715.7718191257,0.0005192019045352936,0.0003565267892554402,-1.218796443939209,0.003115225210785866,0.028376099467277528
190,155648000,0.00018659999999999998,0.13638110160827638,0.0,0.0,1.0,33.76686940083833,879201.9842067537,-2.2614422778133304e-05,0.00032617365941405295,-1.226917552947998,0.0019239744171500206,0.009766478091478348
191,156467200,0.000186,0.13630083084106445,0.0,0.0,1.0,33.8088107549121,876133.3493882706,0.00013012075796723366,0.0002732832683250308,-1.2401752471923828,0.0023855794221162795,0.017692627012729646
192,157286400,0.00018539999999999998,0.13626874923706056,0.0,0.0,1.0,33.81282760328532,872018.4543888856,0.00011961993295699358,0.00027946948539465667,-1.2493709564208983,0.0023737842217087745,0.01669519245624542
193,158105600,0.0001848,0.13636107444763185,0.0,0.0,1.0,33.70365953947368,881415.287770245,3.227426786907017e-05,0.0002782294759526849,-1.25791015625,0.002217419072985649,0.013734863698482513
194,158924800,0.00018419999999999998,0.13633255004882813,0.0,0.0,1.0,33.87940446650124,876627.2685028499,2.086906897602603e-05,0.00027223099023103713,-1.2640619277954102,0.0018024569377303123,0.008986692130565643
195,159744000,0.0001836,0.13638010025024414,0.0,0.0,1.0,33.77759900990099,863519.7351356951,1.2061872985213995e-05,0.0002752033993601799,-1.2693296432495118,0.0021501343697309496,0.01210901215672493
196,160563200,0.00018299999999999998,0.13635087966918946,0.0,0.0,1.0,33.72318310669241,860094.8589632446,-7.900178316049278e-05,0.0002755613997578621,-1.2775217056274415,0.002051343023777008,0.01039111241698265
197,161382400,0.0001824,0.1362258243560791,0.0,0.0,1.0,33.8005209194642,877435.3256829159,0.00010077536571770907,0.0002771490486338735,-1.2882142066955566,0.002102331817150116,0.012435059994459152
198,162201600,0.00018179999999999997,0.13626329421997072,0.0,0.0,1.0,33.71943244910549,878144.0258304352,-0.00010678480612114072,0.0002765040611848235,-1.2985909461975098,0.0019937628880143166,0.010725951939821243
199,163020800,0.00018119999999999999,0.13626837730407715,0.0,0.0,1.0,33.6768320249887,887877.1509895679,-2.9611674835905433e-05,0.0002751224208623171,-1.3077145576477052,0.001840706542134285,0.008171507716178894
200,163840000,0.00018059999999999997,0.13628334999084474,0.0,0.0,1.0,33.753411667697385,879209.5313617517,3.666137345135212e-05,0.00027419771067798137,-1.3171627044677734,0.0022262148559093475,0.012905393540859223
201,164659200,0.00017999999999999998,0.13627130508422852,0.0,0.0,1.0,33.73979044633281,876177.6390325249,-3.403423761483282e-05,0.0002718678908422589,-1.3261499404907227,0.0022692920640110968,0.012537720799446105
202,165478400,0.00017939999999999997,0.13635964393615724,0.0,0.0,1.0,33.70998643259466,889102.9914826892,-1.2108479859307409e-05,0.0002775729401037097,-1.3358052253723145,0.0021197453141212465,0.011997070163488388
203,166297600,0.00017879999999999998,0.13636747360229493,0.0,0.0,1.0,33.71539126497345,883074.4044996743,-3.375419182702899e-05,0.00027876654639840125,-1.3431035041809083,0.002008889801800251,0.010051391273736953
204,167116800,0.00017819999999999997,0.1363275146484375,0.0,0.0,1.0,33.745522664580676,876360.3102972134,0.0002963184146210551,0.0002723295008763671,-1.3497749328613282,0.0027604147791862486,0.021116697788238527
205,167936000,0.0001776,0.13630807876586915,0.0,0.0,1.0,33.871155995198876,882521.56093348,5.087406025268137e-05,0.0002728658728301525,-1.3558526992797852,0.001903701201081276,0.010594728589057922
206,168755200,0.00017700000000000002,0.13638702392578125,0.0,0.0,1.0,33.76246913580247,874198.9971803715,-5.4420874221250415e-05,0.00027295779436826707,-1.3600272178649901,0.0021416781470179557,0.011633055657148362
207,169574400,0.0001764,0.13636981964111328,0.0,0.0,1.0,33.87520667989418,871555.7712992403,0.00019024460343644022,0.0002702644560486078,-1.3657581329345703,0.0021910438314080237,0.014918093383312226
208,170393600,0.00017580000000000002,0.13628060340881348,0.0,0.0,1.0,33.71189721204134,882729.3300025155,1.2983765918761491e-05,0.0002684188075363636,-1.3707588195800782,0.0023344030603766443,0.015299558639526367
209,171212800,0.0001752,0.13634799003601075,0.0,0.0,1.0,33.80421686746988,877261.7889310855,2.8392410604283215e-05,0.0002874317113310099,-1.3774310111999513,0.0019636832177639006,0.010822020471096039
210,172032000,0.00017460000000000002,0.13637542724609375,0.0,0.0,1.0,33.681833127825726,874379.1139269866,0.00015128707746043802,0.0028917005285620688,-1.3848623275756835,0.002421940118074417,0.017146728932857513
211,172851200,0.000174,0.1364000606536865,0.0,0.0,1.0,33.81988115870265,883179.2281366122,0.000288829579949379,0.0002700464567169547,-1.3893607139587403,0.002283323183655739,0.017137451469898222
212,173670400,0.0001734,0.13637027740478516,0.0,0.0,1.0,33.82744093837766,877734.4244059894,-2.3933450574986636e-05,0.00026846532709896566,-1.3969348907470702,0.0018991410732269287,0.009452270716428757
213,174489600,0.0001728,0.13639656066894532,0.0,0.0,1.0,33.751082340329035,870516.7553639115,-4.5638735173270106e-05,0.00026951604522764685,-1.4049162864685059,0.002128765918314457,0.0121368408203125
214,175308800,0.0001722,0.13648565292358397,0.0,0.0,1.0,33.817051582890784,883498.8442586041,0.0004125244449824095,0.00026844798121601344,-1.4099411010742187,0.003113342821598053,0.028093746304512023
215,176128000,0.0001716,0.13625768661499024,0.0,0.0,1.0,33.772291149710504,878433.4049119827,1.3470661360770465e-05,0.0002656069817021489,-1.4149662971496582,0.0022602008655667307,0.013921508193016052
216,176947200,0.000171,0.13643043518066406,0.0,0.0,1.0,33.87005042572539,874768.9197384504,1.7730158288031816e-05,0.00026725989300757647,-1.419438362121582,0.001990041323006153,0.00984802022576332
217,177766400,0.0001704,0.13630908012390136,0.0,0.0,1.0,33.8346970824035,882775.38585269,8.859680383466184e-06,0.00026798115577548743,-1.4286253929138184,0.0020849118009209633,0.01150488257408142
218,178585600,0.0001698,0.13621976852416992,0.0,0.0,1.0,33.828259430840504,881972.0488935747,0.00028543123044073583,0.00027144881896674634,-1.4383055686950683,0.0028053663671016695,0.02438964545726776
219,179404800,0.0001692,0.13637266159057618,0.0,0.0,1.0,33.80095587326439,866400.4048897644,0.00017105197766795755,0.00028954423032701015,-1.445485496520996,0.0028008706867694855,0.02120470702648163
220,180224000,0.0001686,0.13635767936706544,0.0,0.0,1.0,33.779730231407,879984.3713595218,0.0001905189943499863,0.0010766780935227871,-1.453469944000244,0.0023839613422751427,0.016123047471046446
221,181043200,0.000168,0.13641805648803712,0.0,0.0,1.0,33.82259528130672,883547.4259519726,0.00023071058094501496,0.0003101570997387171,-1.4644153594970704,0.0026401037350296972,0.019749876856803895
222,181862400,0.0001674,0.13638551712036132,0.0,0.0,1.0,33.790411015377,869718.5205361657,4.217982932459563e-05,0.00027230128180235626,-1.472742748260498,0.002079387009143829,0.012642820179462434
223,182681600,0.0001668,0.1363554286956787,0.0,0.0,1.0,33.84403669724771,879525.2479717832,0.0007924392819404602,0.00026736652944236994,-1.4769378662109376,0.0035637680441141127,0.03675634264945984
224,183500800,0.0001662,0.13637102127075196,0.0,0.0,1.0,33.710532807104094,881103.7967786758,0.00023301318287849426,0.0002723968587815762,-1.4845248222351075,0.002520543895661831,0.01993957459926605
225,184320000,0.0001656,0.13639142990112305,0.0,0.0,1.0,33.66029907156355,859269.5838864341,5.269292159937322e-06,0.0002658554818481207,-1.4928658485412598,0.002120219357311726,0.012108644098043441
226,185139200,0.000165,0.13635168075561524,0.0,0.0,1.0,33.75276539541027,881187.2539294712,0.00015407822793349623,0.00026621855795383453,-1.4999411582946778,0.002550098858773708,0.0184328630566597
227,185958400,0.0001644,0.13633705139160157,0.0,0.0,1.0,33.71486703111513,870682.038422349,0.0001270523644052446,0.00027145880740135907,-1.5096306800842285,0.0026475243270397187,0.018636099994182587
228,186777600,0.0001638,0.13641303062438964,0.0,0.0,1.0,33.82682695088197,865349.777824286,0.00018931583035737277,0.00027328149881213906,-1.520240879058838,0.002489180862903595,0.018177491426467896
229,187596800,0.0001632,0.13630975723266603,0.0,0.0,1.0,33.753383955100695,870834.3126206882,0.00011807366972789168,0.0002686404623091221,-1.5300283432006836,0.002309691347181797,0.014982908964157104
230,188416000,0.0001626,0.13635141372680665,0.0,0.0,1.0,33.725373257105254,880807.8515957706,0.00019392238464206458,0.00026679991278797386,-1.5397377014160156,0.0023609422147274016,0.015763427317142486
231,189235200,0.000162,0.1364711570739746,0.0,0.0,1.0,33.82932672449401,871862.4909897221,0.00015142695046961309,0.00026903795078396796,-1.5471039772033692,0.002270012907683849,0.015874509513378144
232,190054400,0.0001614,0.13641322135925293,0.0,0.0,1.0,33.82289345547578,874772.9259003702,0.0001657040207646787,0.00026933758053928616,-1.5519251823425293,0.0023155733942985535,0.014481689035892486
233,190873600,0.0001608,0.13645956993103028,0.0,0.0,1.0,33.67425893187518,881865.8350703643,0.00025659301318228247,0.00027076480910182,-1.56136474609375,0.0026217617094516756,0.020251342654228212
234,191692800,0.0001602,0.1365152931213379,0.0,0.0,1.0,33.86234734009522,877335.6397535879,3.616467001847923e-05,0.00027049796190112827,-1.5696622848510742,0.002193131111562252,0.011958495527505875
235,192512000,0.0001596,0.13652267456054687,0.0,0.0,1.0,33.92273666804465,874490.4426818865,5.028916639275849e-05,0.00027161603793501854,-1.5761688232421875,0.0025159116834402085,0.018232545256614684
236,193331200,0.000159,0.13642805099487304,0.0,0.0,1.0,33.75500783117633,882159.9267238738,0.0001704938942566514,0.00027937223203480246,-1.5837042808532715,0.002276996709406376,0.01483752429485321
237,194150400,0.0001584,0.1364704418182373,0.0,0.0,1.0,33.7016626882871,877385.9487578679,5.093360086902976e-05,0.0002807981800287962,-1.5922606468200684,0.002079658955335617,0.01183166354894638
238,194969600,0.0001578,0.13639366149902343,0.0,0.0,1.0,33.76612770169939,874973.1941907967,0.00030174474231898786,0.0008987138979136943,-1.5981509208679199,0.002816521190106869,0.023226070404052734
239,195788800,0.0001572,0.1366193962097168,0.0,0.0,1.0,33.79039894602495,883059.2014829615,0.000375298666767776,0.0002804453717544675,-1.602889633178711,0.0026503777131438254,0.021332523226737975
240,196608000,0.00015659999999999998,0.136397705078125,0.0,0.0,1.0,33.644417077175696,877851.2908901247,0.00020039812661707402,0.0002823465270921588,-1.6119537353515625,0.0023931071162223818,0.017145873606204988
241,197427200,0.000156,0.1365231132507324,0.0,0.0,1.0,33.80051973765623,880403.9453575372,0.00028717962559312584,0.00026872074231505395,-1.6217758178710937,0.0029204582795500757,0.02272631525993347
242,198246400,0.00015539999999999998,0.13641057968139647,0.0,0.0,1.0,33.67546999053848,875205.7787375731,1.935683249030262e-05,0.0002687369706109166,-1.6302488327026368,0.002128274738788605,0.01219824030995369
243,199065600,0.0001548,0.13656435966491698,0.0,0.0,1.0,33.863895781637716,872909.5689563403,6.322162225842476e-05,0.00026863026432693004,-1.640036392211914,0.0023727042600512503,0.01432543694972992
244,199884800,0.00015419999999999998,0.13647920608520508,0.0,0.0,1.0,33.80628769726514,881126.8685685076,0.0001855169888585806,0.0002661104779690504,-1.6482526779174804,0.002352825552225113,0.01691003441810608
245,200704000,0.0001536,0.13652496337890624,0.0,0.0,1.0,33.767055729081044,886486.7120082474,5.5227905977517364e-05,0.00027164758648723364,-1.6589725494384766,0.002411973848938942,0.015921509265899657
246,201523200,0.00015299999999999998,0.13633355140686035,0.0,0.0,1.0,33.73820628172851,881914.0054454887,0.0002667705062776804,0.0002731194952502847,-1.6702362060546876,0.002666684053838253,0.021580202877521514
247,202342400,0.0001524,0.1365687656402588,0.0,0.0,1.0,33.86073125387317,870747.9541148023,3.400729037821293e-05,0.0002698217285797,-1.6801860809326172,0.002314384840428829,0.013847044110298157
248,203161600,0.00015179999999999998,0.13642281532287598,0.0,0.0,1.0,33.67614501460845,879472.6172250487,0.00018268307903781533,0.00026521626859903334,-1.6877374649047852,0.0026671435683965684,0.020704588294029234
249,203980800,0.0001512,0.1365031433105469,0.0,0.0,1.0,33.674575158033,878153.8552899655,5.035279900766909e-05,0.0002669255249202251,-1.6919095993041993,0.0023554064333438872,0.01611364632844925
250,204800000,0.00015059999999999997,0.13656208038330078,0.0,0.0,1.0,33.84036356124768,876920.4717894801,6.70302368234843e-05,0.0002674582414329052,-1.6991146087646485,0.0021626055240631104,0.011899658292531968
251,205619200,0.00015,0.13651162147521972,0.0,0.0,1.0,33.741102725885604,882784.6895632716,6.553748389706015e-05,0.00026854306925088166,-1.7089645385742187,0.002085064351558685,0.012268799543380737
252,206438400,0.0001494,0.1364615058898926,0.0,0.0,1.0,33.761108594489976,878346.4949012023,-6.204466917552054e-05,0.0002705595921725035,-1.714494514465332,0.00187485683709383,0.009010008722543716
253,207257600,0.00014879999999999998,0.1365634822845459,0.0,0.0,1.0,33.78795011562603,875541.2371036867,0.0003081959905102849,0.0002674614312127233,-1.7201797485351562,0.002529509179294109,0.0190216064453125
254,208076800,0.0001482,0.13648689270019532,0.0,0.0,1.0,33.70817392735201,882782.4290126758,0.0001509929890744388,0.00027005362790077925,-1.7260423660278321,0.002081859111785889,0.014478148519992828
255,208896000,0.00014759999999999998,0.13640275955200196,0.0,0.0,1.0,33.705410739248414,877612.7947650084,0.00041079423390328885,0.0002889847848564386,-1.732365608215332,0.0027984242886304857,0.0225064679980278
256,209715200,0.000147,0.13639440536499023,0.0,0.0,1.0,33.78973407544836,873466.8459951468,0.00019575220067054034,0.00027600552421063184,-1.7388456344604493,0.002331315353512764,0.017390258610248566
257,210534400,0.00014639999999999998,0.13651817321777343,0.0,0.0,1.0,33.816735537190084,882528.1639561383,0.00020971407648175954,0.0004715509247034788,-1.7447992324829102,0.002666221559047699,0.02047485262155533
258,211353600,0.0001458,0.1365165901184082,0.0,0.0,1.0,33.78388399110159,878519.0175118954,0.00010562959359958768,0.00047650719061493875,-1.7506738662719727,0.0021938877180218697,0.01279943883419037
259,212172800,0.00014519999999999998,0.13646297454833983,0.0,0.0,1.0,33.66876336128926,878033.4466437438,0.00016220422694459557,0.00040518324822187425,-1.7519695281982421,0.0020310519263148307,0.01416369378566742
260,212992000,0.0001446,0.1365211296081543,0.0,0.0,1.0,33.79750072173877,883013.5871523893,1.8530365196056664e-05,0.00028936611488461494,-1.7558584213256836,0.001910896971821785,0.010199584811925889
261,213811200,0.00014399999999999998,0.13650979995727539,0.0,0.0,1.0,33.743780889621085,881117.4225810103,0.00037695125211030246,0.0002726834500208497,-1.7657791137695313,0.0028147937729954718,0.023610837757587433
262,214630400,0.0001434,0.13642383575439454,0.0,0.0,1.0,33.75037085874403,883635.6241713975,0.00025547833647578957,0.00027227047830820085,-1.7735517501831055,0.0022456200793385507,0.01510021984577179
263,215449600,0.00014279999999999997,0.13631758689880372,0.0,0.0,1.0,33.58839722256461,885845.0010393475,0.0003452377626672387,0.00027204263024032115,-1.7771514892578124,0.002615397796034813,0.020869144797325136
264,216268800,0.0001422,0.13652627944946288,0.0,0.0,1.0,33.700632495482175,881462.1267967054,0.00038966306019574406,0.00030027946922928095,-1.7836801528930664,0.0027739562094211577,0.02275366336107254
265,217088000,0.00014159999999999997,0.1365407371520996,0.0,0.0,1.0,33.67507083316224,885017.8690002547,0.00033103013411164286,0.000820046104490757,-1.7915103912353516,0.0027155602350831033,0.02080920934677124
266,217907200,0.00014099999999999998,0.13651010513305664,0.0,0.0,1.0,33.76114478947586,873634.2333311057,0.00014607412740588188,0.0002916859230026603,-1.7982257843017577,0.002428613230586052,0.016847045719623567
267,218726400,0.00014039999999999997,0.13661662101745606,0.0,0.0,1.0,33.787404501342145,872613.0496508165,0.00032647268380969763,0.00026629287749528884,-1.8059581756591796,0.0028121620416641235,0.023194827139377594
268,219545600,0.00013979999999999998,0.13653431892395018,0.0,0.0,1.0,33.801573894771536,887504.4674125266,6.755223730579019e-05,0.0002658865647390485,-1.8138973236083984,0.001977591589093208,0.011376340687274934
269,220364800,0.00013919999999999997,0.136585750579834,0.0,0.0,1.0,33.74385169927909,878908.4590774418,0.00017414088360965252,0.000266401213593781,-1.8196250915527343,0.002318190596997738,0.01615234911441803
270,221184000,0.00013859999999999998,0.13640205383300782,0.0,0.0,1.0,33.629533678756474,879775.2724857859,0.0002085766289383173,0.00026708797086030247,-1.8255950927734375,0.0024768896400928497,0.017193356156349184
271,222003200,0.00013799999999999997,0.1366262149810791,0.0,0.0,1.0,33.78211991434689,886238.9038451806,0.0005703621543943882,0.000267395400442183,-1.8336647033691407,0.0035018190741539002,0.033541622757911685
272,222822400,0.00013739999999999998,0.1365724563598633,0.0,0.0,1.0,33.70430240210596,880976.0945649089,0.00015304371481761336,0.0002650323556736112,-1.8393386840820312,0.002598300762474537,0.018472042679786683
273,223641600,0.00013679999999999996,0.13651626586914062,0.0,0.0,1.0,33.633347005742415,878937.944808293,0.000457568746060133,0.0002649978268891573,-1.8464418411254884,0.0032001368701457976,0.028077760338783266
274,224460800,0.00013619999999999998,0.1365591812133789,0.0,0.0,1.0,33.79157894736842,886349.4218672961,0.00014077230589464306,0.0002588246949017048,-1.8518903732299805,0.0025195544585585594,0.018612061440944672
275,225280000,0.00013559999999999996,0.13660881996154786,0.0,0.0,1.0,33.75817829297471,882565.1067565114,0.0008100681006908417,0.00026581548154354097,-1.858204460144043,0.003288178518414497,0.031055542826652526
276,226099200,0.00013499999999999997,0.13657035827636718,0.0,0.0,1.0,33.741524028966424,879074.0083442045,-1.966300478670746e-05,0.00027028054464608433,-1.8654308319091797,0.0022771960124373437,0.012989012897014618
277,226918400,0.0001344,0.13650053024291992,0.0,0.0,1.0,33.66525684720568,879970.0617870907,0.0001271507586352527,0.0002657494973391294,-1.8730209350585938,0.0023874035105109215,0.01499059796333313
278,227737600,0.00013379999999999997,0.13644429206848144,0.0,0.0,1.0,33.790234036405664,881467.3081547309,0.0002862345892935991,0.0002674397313967347,-1.8799619674682617,0.00258512943983078,0.019869506359100342
279,228556800,0.00013319999999999999,0.1367521858215332,0.0,0.0,1.0,33.72379778051788,881921.5906116654,0.00011243446497246622,0.00026370156556367876,-1.8882373809814452,0.0018422406166791916,0.009847412258386612
280,229376000,0.00013259999999999997,0.13644676208496093,0.0,0.0,1.0,33.697967764541,885795.4262025494,0.00027599900495260953,0.00026406280230730774,-1.8965950012207031,0.0023798249661922456,0.01713610887527466
281,230195200,0.00013199999999999998,0.13653553009033204,0.0,0.0,1.0,33.80678861956477,880894.8162507622,-1.9709909975063055e-05,0.00026269517838954924,-1.9059003829956054,0.0020021017640829085,0.01049768105149269
282,231014400,0.00013139999999999997,0.13668724060058593,0.0,0.0,1.0,33.81386440398715,885446.7674232003,4.731704830192029e-05,0.0002659163670614362,-1.9167900085449219,0.002152192033827305,0.011036008596420288
283,231833600,0.0001308,0.13641490936279296,0.0,0.0,1.0,33.73122317596567,873443.2822133335,0.00041011325083673,0.000354180671274662,-1.926428985595703,0.0026855016127228736,0.021720093488693238
284,232652800,0.0001302,0.13651023864746092,0.0,0.0,1.0,33.70453983686249,877851.8169865643,0.00015419801929965614,0.0002708757296204567,-1.933793067932129,0.002249932661652565,0.014950072765350342
285,233472000,0.0001296,0.1366557502746582,0.0,0.0,1.0,33.818773962155255,884027.4133175634,0.00014044544659554958,0.0002635858254507184,-1.9399410247802735,0.0020852301269769667,0.012627075612545013
286,234291200,0.000129,0.13655586242675782,0.0,0.0,1.0,33.692525783786,867813.8008731308,0.00028008401859551667,0.0002631508745253086,-1.9467840194702148,0.002558324486017227,0.01936962753534317
287,235110400,0.0001284,0.13661957740783692,0.0,0.0,1.0,33.78464519853214,880931.2779095139,0.00011033355258405209,0.00027883669827133417,-1.9526426315307617,0.00203371737152338,0.011973265558481216
288,235929600,0.0001278,0.1365139102935791,0.0,0.0,1.0,33.74347772328236,879708.730200395,9.367894963361323e-05,0.00026810793206095697,-1.9563541412353516,0.002275516279041767,0.014205075800418854
289,236748800,0.0001272,0.13660160064697266,0.0,0.0,1.0,33.78038520229307,863667.5527196066,0.00021019394043833017,0.00026500152889639137,-1.9635351181030274,0.0024483032524585725,0.016864381730556488
290,237568000,0.00012660000000000001,0.13661592483520507,0.0,0.0,1.0,33.71635525557659,867723.0385366869,5.9442396741360425e-05,0.0002689287066459656,-1.9695850372314454,0.0021225007250905035,0.01294250339269638
291,238387200,0.000126,0.1365370750427246,0.0,0.0,1.0,33.793409222139736,876446.9999354619,2.135030081262812e-06,0.0002641970291733742,-1.9752386093139649,0.002236209437251091,0.012821410596370698
292,239206400,0.0001254,0.13655443191528321,0.0,0.0,1.0,33.695553818944596,871237.7768474763,0.00045776423066854475,0.00027818039525300263,-1.9810121536254883,0.0030703166499733924,0.02692248523235321
293,240025600,0.0001248,0.13653605461120605,0.0,0.0,1.0,33.738253929071014,870242.9228943205,0.0004325524438172579,0.00029273740947246554,-1.985692024230957,0.0028974656015634537,0.025443843007087706
294,240844800,0.0001242,0.13643549919128417,0.0,0.0,1.0,33.68528273932011,876481.5648286061,7.851336267776788e-05,0.0002893330994993448,-1.9919147491455078,0.002046426758170128,0.011657471209764481
295,241664000,0.0001236,0.13664525032043456,0.0,0.0,1.0,33.745921898171034,879727.239774155,6.913550314493477e-05,0.0002669051522389054,-1.9974239349365235,0.0021135518327355385,0.01119397059082985
296,242483200,0.000123,0.1364630126953125,0.0,0.0,1.0,33.66329758823288,879789.3372519866,0.00013077505864202976,0.0002642784034833312,-2.0035057067871094,0.00216169860213995,0.013984251022338866
297,243302400,0.0001224,0.13637568473815917,0.0,0.0,1.0,33.67869783521277,865412.5562656963,0.00036648809909820554,0.0002658138517290354,-2.008810043334961,0.002775927260518074,0.023481079936027528
298,244121600,0.00012179999999999999,0.13658339500427247,0.0,0.0,1.0,33.70693696286854,875930.758517137,0.0003261037403717637,0.0013348695822060109,-2.0131805419921873,0.0026751207187771797,0.021379031240940094
299,244940800,0.00012119999999999999,0.13655338287353516,0.0,0.0,1.0,33.77297809257124,873932.6252243273,0.00039595686830580236,0.0015023675747215747,-2.014703369140625,0.003095269575715065,0.029375249147415163
300,245760000,0.00012059999999999999,0.1365620994567871,0.0,0.0,1.0,33.619497371879106,874355.7138367302,0.00014378264313563704,0.0003377397544682026,-2.015236663818359,0.0022172635421156884,0.013969357311725616
301,246579200,0.00011999999999999999,0.13642969131469726,0.0,0.0,1.0,33.72989121476842,882401.832903978,0.00012773664202541112,0.000286664254963398,-2.0206907272338865,0.0021068310365080834,0.012378783524036407
302,247398400,0.0001194,0.13656820297241212,0.0,0.0,1.0,33.632522459695615,871387.7820248655,0.0001223159721121192,0.00027075426187366246,-2.028903579711914,0.002157660759985447,0.013303223252296447
303,248217600,0.0001188,0.1366431427001953,0.0,0.0,1.0,33.79399389489316,877191.7595385324,0.0003344507655128837,0.0002663212362676859,-2.0353343963623045,0.002740935795009136,0.021357423067092894
304,249036800,0.0001182,0.13647216796875,0.0,0.0,1.0,33.759088286208886,872929.5022906016,0.0001394091872498393,0.00026445784606039525,-2.0428680419921874,0.0022895926609635352,0.014160278439521789
305,249856000,0.0001176,0.13659915924072266,0.0,0.0,1.0,33.75279047736727,883707.6619774803,4.968511639162898e-05,0.0002630105242133141,-2.046247673034668,0.002041531540453434,0.012781372666358948
306,250675200,0.000117,0.13650660514831542,0.0,0.0,1.0,33.82327408019843,880181.0625579513,0.00016704178415238857,0.000263439049012959,-2.0514543533325194,0.002665160037577152,0.01922668665647507
307,251494400,0.0001164,0.13666057586669922,0.0,0.0,1.0,33.72130608216474,884311.3952701744,0.00032110458705574273,0.00026256616692990067,-2.0578216552734374,0.002704881504178047,0.021415041387081148
308,252313600,0.0001158,0.13666238784790039,0.0,0.0,1.0,33.76116080629869,885137.167275111,4.917815094813704e-05,0.0002628048183396459,-2.0639509201049804,0.0022343769669532776,0.012848877906799316
309,253132800,0.0001152,0.13650182723999024,0.0,0.0,1.0,33.73667724518815,877047.8521755367,0.0002257262822240591,0.0002604857087135315,-2.072006607055664,0.0024734772741794586,0.016856567561626436
310,253952000,0.0001146,0.1366428565979004,0.0,0.0,1.0,33.83909184726522,883800.8972237555,0.00033355760388076305,0.00026494106277823447,-2.0792514801025392,0.0027344657108187677,0.02229308933019638
311,254771200,0.00011399999999999999,0.1366722869873047,0.0,0.0,1.0,33.8064582561061,883914.4313242544,-0.00010331132216379046,0.00025928046088665726,-2.087476348876953,0.0021026093512773515,0.00996374785900116
312,255590400,0.00011339999999999999,0.1365931224822998,0.0,0.0,1.0,33.75578756241489,864977.3539511361,6.319347303360701e-05,0.00026317851152271035,-2.09603328704834,0.002003438025712967,0.011164916306734085
313,256409600,0.00011279999999999999,0.1365780544281006,0.0,0.0,1.0,33.7112409479921,879023.5547663106,0.0001338126719929278,0.00026669367216527464,-2.102994918823242,0.002501952648162842,0.01841820925474167
314,257228800,0.00011219999999999999,0.13654438018798828,0.0,0.0,1.0,33.86845704339177,875585.0690265081,0.00011631825473159551,0.0002634471282362938,-2.11129150390625,0.002293781191110611,0.014399044215679169
315,258048000,0.00011159999999999999,0.13664901733398438,0.0,0.0,1.0,33.70379351444659,870970.9125484892,0.0003456053091213107,0.00026838274206966164,-2.11859130859375,0.0026820942759513853,0.02155993729829788
316,258867200,0.00011099999999999999,0.1365487289428711,0.0,0.0,1.0,33.718326070870674,865356.7514798759,0.0001228023087605834,0.00027631649281829597,-2.123748016357422,0.002244820073246956,0.014268553256988526
317,259686400,0.00011039999999999999,0.1365787887573242,0.0,0.0,1.0,33.707421425045254,876512.7568577321,0.0004987148102372884,0.00029065196868032216,-2.1268287658691407,0.0027967803180217743,0.023299314081668854
318,260505600,0.00010979999999999999,0.1366234016418457,0.0,0.0,1.0,33.800619067271974,871085.227388062,0.0019219323992729187,0.0004593908786773682,-2.1308637619018556,0.00505731962621212,0.059024423360824585
319,261324800,0.00010919999999999998,0.13649482727050782,0.0,0.0,1.0,33.69435762460931,871233.0021938345,0.00021426184102892875,0.00026457442436367273,-2.1350982666015623,0.0022627344354987145,0.016483034193515777
320,262144000,0.00010859999999999998,0.13655548095703124,0.0,0.0,1.0,33.796675350452794,873602.6977050682,0.00028329642955213783,0.0002640794729813933,-2.1389846801757812,0.0026647116988897323,0.02067505270242691
321,262963200,0.00010799999999999998,0.13665002822875977,0.0,0.0,1.0,33.673804249733365,870897.7803075834,0.0001948315417394042,0.00026400396600365637,-2.145617866516113,0.0024708962067961694,0.017931029200553894
322,263782400,0.00010739999999999998,0.13651159286499023,0.0,0.0,1.0,33.78207982846776,870588.4361338558,0.00014003443066030742,0.000260172295384109,-2.1516109466552735,0.002196188271045685,0.01398632824420929
323,264601600,0.00010679999999999998,0.13661094665527343,0.0,0.0,1.0,33.73687682982145,880921.3045680617,0.00044906442053616047,0.0002629177179187536,-2.1574195861816405,0.0029381487518548967,0.02401135563850403
324,265420800,0.00010619999999999998,0.13665786743164063,0.0,0.0,1.0,33.82546955624355,876433.9934751898,9.95841110125184e-05,0.0002626159461215138,-2.1623203277587892,0.0020801667124032974,0.012776491045951844
325,266240000,0.00010559999999999998,0.136522159576416,0.0,0.0,1.0,33.646846403217204,872037.148588738,0.0006666390225291252,0.00026695772539824246,-2.167647933959961,0.003409343212842941,0.03375316858291626
326,267059200,0.00010499999999999999,0.13647457122802734,0.0,0.0,1.0,33.612328654682756,882699.8840984209,0.00019073811126872896,0.000267557823099196,-2.1708593368530273,0.0025130338966846467,0.018184687197208404
327,267878400,0.00010439999999999999,0.13660106658935547,0.0,0.0,1.0,33.80592213790828,869644.043731704,0.0002556517720222473,0.00039051917847245934,-2.1731109619140625,0.002386951260268688,0.016843505203723907
328,268697600,0.00010379999999999999,0.13651125907897949,0.0,0.0,1.0,33.63203125,875054.048890699,0.0003534398972988129,0.00031361489091068505,-2.1783414840698243,0.0026240238919854166,0.020258788764476777
329,269516800,0.00010319999999999999,0.13671096801757812,0.0,0.0,1.0,33.87114637573353,888418.485005514,0.00010721771977841854,0.00033190343528985975,-2.185251235961914,0.002429049648344517,0.01664086729288101
330,270336000,0.00010259999999999999,0.1365251922607422,0.0,0.0,1.0,33.670718186671046,881799.1299945603,0.0002347935689613223,0.00026562470011413095,-2.1909141540527344,0.0024229662492871286,0.016752690076828003
331,271155200,0.00010199999999999999,0.13660365104675293,0.0,0.0,1.0,33.77245755727707,873399.2145819197,0.00029863722156733277,0.00026243089232593777,-2.1962217330932616,0.0025289397686719894,0.019365601241588593
332,271974400,0.00010139999999999998,0.13646228790283202,0.0,0.0,1.0,33.637176528762154,887509.1404499242,0.000844799354672432,0.0002630930161103606,-2.2022241592407226,0.0036109067499637605,0.036833861470222475
333,272793600,0.00010079999999999998,0.1365329933166504,0.0,0.0,1.0,33.63668740789258,883249.8731571052,0.0001953874249011278,0.00026538746897131205,-2.2098882675170897,0.00260396059602499,0.018944580852985383
334,273612800,0.00010019999999999998,0.13648698806762696,0.0,0.0,1.0,33.69083357322038,870735.5269704516,0.00019905397202819587,0.0002626703586429358,-2.2165302276611327,0.0022314868867397307,0.014243774116039276
335,274432000,9.959999999999998e-05,0.13665348052978515,0.0,0.0,1.0,33.79405100317225,871422.1193040697,0.00013781373854726553,0.0002613451099023223,-2.2237321853637697,0.0024180205538868902,0.01525634378194809
336,275251200,9.899999999999998e-05,0.1364569091796875,0.0,0.0,1.0,33.75772216716221,873558.1611260576,8.716314332559704e-05,0.0002650751732289791,-2.2299520492553713,0.002265576086938381,0.013643555343151093
337,276070400,9.839999999999998e-05,0.13650123596191407,0.0,0.0,1.0,33.72095610962291,874568.1347259018,1.9398289441596717e-05,0.00026285906787961724,-2.2355602264404295,0.002085688151419163,0.011994505673646927
338,276889600,9.779999999999998e-05,0.13664091110229493,0.0,0.0,1.0,33.73812949640288,876604.409033221,0.00017403840320184827,0.0002647956134751439,-2.240793228149414,0.002079838328063488,0.012457032501697541
339,277708800,9.719999999999998e-05,0.13662689208984374,0.0,0.0,1.0,33.76979188131053,879042.5564540954,7.658488466404379e-05,0.0002635846845805645,-2.2472082138061524,0.0020954210311174394,0.01178283765912056
340,278528000,9.659999999999998e-05,0.13647706031799317,0.0,0.0,1.0,33.665335693409624,874045.2084324538,0.00018233726732432842,0.00026490211021155117,-2.254733848571777,0.002220689319074154,0.014912964403629303
341,279347200,9.599999999999998e-05,0.13656776428222656,0.0,0.0,1.0,33.68147051566741,861119.2352572189,0.0003185345092788339,0.0002870340831577778,-2.258898162841797,0.002426516450941563,0.01930907666683197
342,280166400,9.539999999999997e-05,0.13649103164672852,0.0,0.0,1.0,33.65852757715036,875447.4728655464,0.00021009405609220266,0.00027609539683908223,-2.2633766174316405,0.0024221811443567278,0.016521358489990236
343,280985600,9.479999999999997e-05,0.13658664703369142,0.0,0.0,1.0,33.71516224674683,873055.7277347295,0.0005704888142645359,0.0002613770542666316,-2.2701465606689455,0.003242919221520424,0.03155432343482971
344,281804800,9.419999999999997e-05,0.13654040336608886,0.0,0.0,1.0,33.673558304903615,875515.3118562725,0.00011422429233789443,0.0002592087956145406,-2.2757427215576174,0.0022045882418751717,0.013869507610797882
345,282624000,9.360000000000001e-05,0.13665241241455078,0.0,0.0,1.0,33.81923235658275,883224.9578016842,0.00031032839324325324,0.00026099188253283503,-2.2822107315063476,0.002663370035588741,0.021149049699306487
346,283443200,9.300000000000001e-05,0.13651742935180664,0.0,0.0,1.0,33.77745247618655,876805.8730475861,9.246767731383443e-05,0.0002654175041243434,-2.287677192687988,0.0021095538511872293,0.011101683974266053
347,284262400,9.240000000000001e-05,0.13661251068115235,0.0,0.0,1.0,33.76494632535095,874371.6264397828,0.0004906304180622101,0.00027090427465736866,-2.292473030090332,0.003013163432478905,0.026715946197509766
348,285081600,9.180000000000001e-05,0.13654982566833496,0.0,0.0,1.0,33.68030197349526,886778.0194992385,0.0004906147252768279,0.0008011652156710624,-2.2953819274902343,0.0029850991442799566,0.026504021883010865
349,285900800,9.120000000000001e-05,0.13663864135742188,0.0,0.0,1.0,33.72634439594828,879580.3224680206,0.00018068942008540035,0.0005009308457374573,-2.2970157623291017,0.002362119033932686,0.016973631083965303
350,286720000,9.06e-05,0.13657717704772948,0.0,0.0,1.0,33.72206233040046,870576.4852879628,9.610062697902322e-05,0.00026871818117797376,-2.3004438400268556,0.0017044441774487495,0.0085263654589653
351,287539200,9e-05,0.1365213394165039,0.0,0.0,1.0,33.66492598684211,875278.2458096738,0.0005003140307962894,0.0002653095871210098,-2.3047616958618162,0.0032124925404787064,0.029324093461036684
352,288358400,8.94e-05,0.136492338180542,0.0,0.0,1.0,33.67623676731062,880004.0949378957,0.0002339426428079605,0.0002641545841470361,-2.3104440689086916,0.0026655280962586403,0.01992492824792862
353,289177600,8.88e-05,0.13655179977416992,0.0,0.0,1.0,33.78958427753286,878372.5685765778,0.0002443692181259394,0.00026462031528353693,-2.316419982910156,0.0022080471739172936,0.015435910224914551
354,289996800,8.82e-05,0.13656949996948242,0.0,0.0,1.0,33.69924719239788,883257.508149202,0.00015026479959487916,0.00026334321592003107,-2.321282958984375,0.0023118844255805016,0.014763793349266053
355,290816000,8.76e-05,0.13664810180664064,0.0,0.0,1.0,33.75997526793075,878112.132012121,-2.8571987058967352e-05,0.00026053290348500014,-2.3248886108398437,0.0019890442490577698,0.011292114853858948
356,291635200,8.7e-05,0.13651788711547852,0.0,0.0,1.0,33.747163895878884,877176.1252962439,0.0002461654832586646,0.0002594228368252516,-2.3300148010253907,0.0023428630083799362,0.016667847335338593
357,292454400,8.64e-05,0.1366822624206543,0.0,0.0,1.0,33.78866510152807,881025.7416222744,-3.1596049666404723e-06,0.0002617528894916177,-2.3372148513793944,0.0019367704167962073,0.01053796336054802
358,293273600,8.58e-05,0.136527099609375,0.0,0.0,1.0,33.71476772414928,869240.5781536622,0.00017275863792747258,0.00026057022623717787,-2.3415666580200196,0.001958358474075794,0.0114628903567791
359,294092800,8.52e-05,0.13666948318481445,0.0,0.0,1.0,33.69439190856015,856989.2072845711,0.00034638249780982733,0.0002616348443552852,-2.3453180313110353,0.002401142194867134,0.01815588176250458
360,294912000,8.46e-05,0.13654129981994628,0.0,0.0,1.0,33.75746561480319,880672.6497158922,0.00022847235668450595,0.00026076061185449363,-2.3498149871826173,0.002490714192390442,0.019328244030475616
361,295731200,8.4e-05,0.136630277633667,0.0,0.0,1.0,33.78395391894672,872093.907392324,8.37825471535325e-05,0.0002619438339024782,-2.354677200317383,0.002101287804543972,0.01230163648724556
362,296550400,8.34e-05,0.13651334762573242,0.0,0.0,1.0,33.798118967081926,870611.4176457654,0.0002646987326443195,0.00025702810380607844,-2.3608274459838867,0.002557938173413277,0.020047730207443236
363,297369600,8.28e-05,0.1366301155090332,0.0,0.0,1.0,33.76915139508007,875207.9368632169,0.00043529924005270004,0.00026149323675781486,-2.3652725219726562,0.0027448007836937903,0.023210690915584566
364,298188800,8.22e-05,0.13653621673583985,0.0,0.0,1.0,33.71050791692371,872035.9047477155,0.0002003050409257412,0.00026085153222084046,-2.3675138473510744,0.00250893235206604,0.018855953216552736
365,299008000,8.16e-05,0.13660113334655763,0.0,0.0,1.0,33.82191215323646,873575.5733913736,1.0324458708055318e-05,0.00026187500916421416,-2.3713815689086912,0.0021048054099082948,0.011577880382537842
366,299827200,8.1e-05,0.1366342544555664,0.0,0.0,1.0,33.80725230248214,871447.8806225664,0.00010911639546975493,0.0002612538868561387,-2.375773620605469,0.0020920591428875922,0.012186157703399658
367,300646400,8.04e-05,0.13660434722900391,0.0,0.0,1.0,33.74989709393266,874505.7963623333,0.00023975574877113103,0.0002579458290711045,-2.379700469970703,0.002564510889351368,0.01870495229959488
368,301465600,7.98e-05,0.13658888816833495,0.0,0.0,1.0,33.71889666529436,876582.9128628846,0.00015551019459962844,0.00025932539720088246,-2.384395790100098,0.0022385749965906144,0.014510008692741393
369,302284800,7.92e-05,0.13666581153869628,0.0,0.0,1.0,33.73441678666941,873857.8006568714,0.0008928119204938412,0.0002719136886298656,-2.3868688583374023,0.003624800220131874,0.039183574914932254
370,303104000,7.86e-05,0.13650250434875488,0.0,0.0,1.0,33.69416855553266,880523.8995335428,8.690185495652258e-05,0.00037162888329476116,-2.3893964767456053,0.0019340625032782555,0.011086058616638184
371,303923200,7.8e-05,0.13664031982421876,0.0,0.0,1.0,33.770028818443805,873920.3123577537,8.247758960351348e-05,0.00032257670536637304,-2.392344665527344,0.0019804432988166807,0.011699582636356353
372,304742400,7.74e-05,0.13657430648803712,0.0,0.0,1.0,33.756801251183276,861522.6227081108,0.00039225835353136064,0.00027379996608942745,-2.3946163177490236,0.0028030233457684516,0.02358398288488388
373,305561600,7.68e-05,0.13661422729492187,0.0,0.0,1.0,33.73614254557425,874567.698643856,0.00014477276708930732,0.00026504918932914736,-2.397988510131836,0.002339490316808224,0.015892088413238525
374,306380800,7.62e-05,0.1364889144897461,0.0,0.0,1.0,33.69864931642233,869495.8815174829,1.234235242009163e-07,0.0002610283670946956,-2.4035211563110352,0.001903962902724743,0.010209959745407105
375,307200000,7.56e-05,0.13656591415405273,0.0,0.0,1.0,33.748855434110126,865100.9774805936,0.00041597653180360796,0.00025702803395688534,-2.4083620071411134,0.002933737076818943,0.0260345458984375
376,308019200,7.5e-05,0.13666973114013672,0.0,0.0,1.0,33.728739606487196,870898.6098145532,0.00015246437396854162,0.0002607051748782396,-2.411680221557617,0.0024361664429306982,0.017749997973442077
377,308838400,7.439999999999999e-05,0.13656527519226075,0.0,0.0,1.0,33.73452420151465,870754.4911734345,0.00040926234796643255,0.00026285343337804077,-2.416281890869141,0.0030389778316020966,0.02686181664466858
378,309657600,7.379999999999999e-05,0.13655729293823243,0.0,0.0,1.0,33.79134313563522,871408.3475507478,0.00016794693656265735,0.0002605620538815856,-2.4220056533813477,0.0024717126041650774,0.01816674619913101
379,310476800,7.319999999999999e-05,0.13661523818969726,0.0,0.0,1.0,33.72338148742643,863325.3083844386,6.558855529874563e-05,0.00025695019867271184,-2.427727699279785,0.002082983776926994,0.01220398098230362
380,311296000,7.259999999999999e-05,0.1366177749633789,0.0,0.0,1.0,33.74717990942775,869005.1017045274,2.4010194465517998e-05,0.00025987252593040466,-2.4313257217407225,0.0017850667238235474,0.008666136115789414
381,312115200,7.199999999999999e-05,0.13650423049926758,0.0,0.0,1.0,33.657203894663326,866045.3344021837,6.104070926085114e-05,0.00026090417522937057,-2.4357423782348633,0.0018904197961091996,0.00913684293627739
382,312934400,7.139999999999999e-05,0.1366553020477295,0.0,0.0,1.0,33.64348111389083,862864.9795277504,9.743304690346122e-06,0.00025874355342239144,-2.440317153930664,0.0020993055775761606,0.011274051666259766
383,313753600,7.079999999999999e-05,0.136520938873291,0.0,0.0,1.0,33.70587023686921,867167.6665880715,2.863430418074131e-05,0.0002600866137072444,-2.446623992919922,0.001953643932938576,0.009793579578399658
384,314572800,7.019999999999999e-05,0.13647692680358886,0.0,0.0,1.0,33.610805710534954,876675.8684940184,7.219323888421058e-05,0.0002626040717586875,-2.4517078399658203,0.002239401824772358,0.013428469002246857
385,315392000,6.959999999999998e-05,0.1365568733215332,0.0,0.0,1.0,33.77793347895973,877346.8794878693,-3.789177571889013e-05,0.0002596328966319561,-2.45471076965332,0.0019312355667352676,0.0106691911816597
386,316211200,6.899999999999998e-05,0.136611385345459,0.0,0.0,1.0,33.831326298365404,869992.2078223281,0.00019193426705896855,0.0002582903485745192,-2.460397720336914,0.0027230670675635338,0.02167956829071045
387,317030400,6.839999999999998e-05,0.13649408340454103,0.0,0.0,1.0,33.684338141618376,875178.4650973016,0.00029693932738155125,0.00026346121449023486,-2.4666793823242186,0.002499137632548809,0.017290766537189483
388,317849600,6.779999999999998e-05,0.1365712356567383,0.0,0.0,1.0,33.75430714697882,862803.1344219551,3.973739803768695e-05,0.0002592050237581134,-2.4705820083618164,0.001921389065682888,0.010715575516223907
389,318668800,6.72e-05,0.13658184051513672,0.0,0.0,1.0,33.71414497988671,866882.1303963236,0.00021778875961899757,0.0003717353567481041,-2.474581718444824,0.002471579611301422,0.018357422947883607
390,319488000,6.659999999999999e-05,0.13666193008422853,0.0,0.0,1.0,33.74478801139413,860003.7372523973,0.00010188627056777478,0.0002659608609974384,-2.478389358520508,0.0020243067294359205,0.011173094063997269
391,320307200,6.599999999999999e-05,0.13667295455932618,0.0,0.0,1.0,33.777461652647204,875723.2947686294,8.695216092746704e-06,0.0002613979857414961,-2.4815412521362306,0.0018339494243264198,0.00941784754395485
392,321126400,6.539999999999999e-05,0.13662368774414063,0.0,0.0,1.0,33.64426942325047,876018.2783800273,0.0004744004923850298,0.0002886904403567314,-2.4843788146972656,0.0030096232891082763,0.026111212372779847
393,321945600,6.479999999999999e-05,0.13655089378356933,0.0,0.0,1.0,33.718148790355876,880328.9563971446,0.00043851584196090697,0.00046851332299411295,-2.488282585144043,0.0025925185531377793,0.021776491403579713
394,322764800,6.419999999999999e-05,0.1365494918823242,0.0,0.0,1.0,33.7986497056523,883961.4313012124,2.0321609918028115e-05,0.00026104075368493795,-2.492076301574707,0.0021392105147242544,0.01292126476764679
395,323584000,6.359999999999999e-05,0.13663501739501954,0.0,0.0,1.0,33.74666392092257,880585.0844968803,-5.644857810693793e-06,0.0002575266873463988,-2.495075798034668,0.0018214313313364983,0.008794677257537842
396,324403200,6.299999999999999e-05,0.13659354209899902,0.0,0.0,1.0,33.718388676295106,876738.8749255934,0.0004356823395937681,0.0002609169576317072,-2.4985382080078127,0.00274401493370533,0.023988038301467896
397,325222400,6.239999999999999e-05,0.13651050567626954,0.0,0.0,1.0,33.619600919691244,881539.075885665,0.00010692712385207415,0.00026017732452601197,-2.501687240600586,0.001968781091272831,0.009808712452650071
398,326041600,6.179999999999998e-05,0.13664751052856444,0.0,0.0,1.0,33.83556326395772,878577.8237412374,0.0002493805717676878,0.00025861747562885287,-2.5052972793579102,0.0022848673164844514,0.015000608563423157
399,326860800,6.119999999999998e-05,0.13659148216247557,0.0,0.0,1.0,33.75708285290727,874845.2980314033,9.683116222731769e-05,0.0002615125384181738,-2.5101314544677735,0.0019738135859370233,0.011084961891174316
400,327680000,6.059999999999998e-05,0.13648860931396484,0.0,0.0,1.0,33.71212121212121,881722.545381921,0.0004937446676194668,0.0002600026782602072,-2.514640235900879,0.0029084611684083938,0.024411621689796447
401,328499200,5.999999999999998e-05,0.13652111053466798,0.0,0.0,1.0,33.57549682442122,871618.3427342016,2.3726077051833273e-05,0.0002611503470689058,-2.518425178527832,0.0021168898791074755,0.012045164406299592
402,329318400,5.939999999999998e-05,0.13652928352355956,0.0,0.0,1.0,33.732295142751205,875657.7525666427,-2.1914525132160633e-05,0.00025655494537204506,-2.5219696044921873,0.0017844602465629579,0.009267333894968033
403,330137600,5.879999999999998e-05,0.13658754348754884,0.0,0.0,1.0,33.7515369063828,882982.5729058281,3.062565810978413e-05,0.0002599119674414396,-2.525131416320801,0.0018450848758220673,0.010928952693939209
404,330956800,5.819999999999998e-05,0.13666908264160157,0.0,0.0,1.0,33.68747946105817,868908.052221197,-7.905716774985194e-05,0.00025845104828476907,-2.5284852981567383,0.0017739489674568176,0.008669555187225342
405,331776000,5.759999999999998e-05,0.13647931098937988,0.0,0.0,1.0,33.6512928022362,866677.1983393548,-2.8325745370239018e-05,0.00025719532277435064,-2.5340309143066406,0.0016361728310585022,0.0063803717494010925
406,332595200,5.6999999999999976e-05,0.13667648315429687,0.0,0.0,1.0,33.77026971381511,882562.8798734407,0.0003632078878581524,0.0002629145281389356,-2.5375558853149416,0.002730819396674633,0.021177856624126433
407,333414400,5.639999999999998e-05,0.13660737991333008,0.0,0.0,1.0,33.80787343027099,878954.0358344072,2.1021408610977232e-05,0.0002609796123579144,-2.5399154663085937,0.0019028119742870331,0.009642580151557922
408,334233600,5.5800000000000015e-05,0.1366005516052246,0.0,0.0,1.0,33.718207259856776,874742.0228564601,-8.122464059852063e-05,0.00025954092852771283,-2.543021011352539,0.00186466034501791,0.008089721202850342
409,335052800,5.5200000000000014e-05,0.1365011978149414,0.0,0.0,1.0,33.71651987817928,883326.4567708155,-0.00010771085508167743,0.000260458467528224,-2.5466115951538084,0.001653442159295082,0.007447997480630875
410,335872000,5.460000000000001e-05,0.13656469345092773,0.0,0.0,1.0,33.704541714661836,868549.0295119343,4.5055756345391273e-05,0.000260090921074152,-2.5494556427001953,0.0017891686409711837,0.007938111573457718
411,336691200,5.400000000000001e-05,0.1366918659210205,0.0,0.0,1.0,33.8072358661612,873617.8284737905,1.846361410571262e-05,0.000261332793161273,-2.5524112701416017,0.00197514146566391,0.010007202625274658
412,337510400,5.340000000000001e-05,0.1365477180480957,0.0,0.0,1.0,33.734173033243856,874920.8189697645,1.6987859271466733e-05,0.00025872099213302134,-2.555601692199707,0.001902579888701439,0.008057981729507446
413,338329600,5.280000000000001e-05,0.13661863327026366,0.0,0.0,1.0,33.726387576516984,882333.342743686,-2.8583937091752886e-05,0.0002618271624669433,-2.5574670791625977,0.0015728769823908806,0.006629516929388046
414,339148800,5.220000000000001e-05,0.13664275169372558,0.0,0.0,1.0,33.659270216962526,879917.3524867321,3.348969621583819e-05,0.000259388517588377,-2.5584474563598634,0.0020131936296820642,0.01068969964981079
415,339968000,5.160000000000001e-05,0.13652399063110351,0.0,0.0,1.0,33.733941169190146,888755.7058233315,-2.696216688491404e-06,0.00025783884339034555,-2.5610544204711916,0.0018795937299728393,0.009703247994184493
416,340787200,5.1000000000000006e-05,0.13670768737792968,0.0,0.0,1.0,33.79235354573484,883707.4739805517,0.00022564227692782878,0.0002598079387098551,-2.565022850036621,0.0022644650191068648,0.017085570096969604
417,341606400,5.0400000000000005e-05,0.13651140213012694,0.0,0.0,1.0,33.579698261725156,880194.3121478916,0.00020604468882083892,0.0003806594992056489,-2.568611717224121,0.0021388497203588485,0.016747553646564484
418,342425600,4.9800000000000004e-05,0.13648338317871095,0.0,0.0,1.0,33.64440604040654,888693.0226304767,0.0004985805600881577,0.00031973335426300765,-2.5719268798828123,0.0026852983981370928,0.023390990495681763
419,343244800,4.92e-05,0.13655388832092286,0.0,0.0,1.0,33.66635141247584,882880.9606471938,0.00020068432204425334,0.0002840949920937419,-2.5755163192749024,0.0021080659702420236,0.012736573815345764
420,344064000,4.86e-05,0.1365725326538086,0.0,0.0,1.0,33.643124050425,873039.2163513342,1.8160807667300104e-05,0.0002645349828526378,-2.578642654418945,0.0019801221787929535,0.009693115949630737
421,344883200,4.800000000000001e-05,0.1365700626373291,0.0,0.0,1.0,33.72321502099975,883744.1497669511,6.943159678485244e-06,0.0002584479283541441,-2.581386375427246,0.0018682712689042091,0.009463011473417281
422,345702400,4.740000000000001e-05,0.13653812408447266,0.0,0.0,1.0,33.66035877016543,875079.063413619,5.272732232697308e-05,0.00025988982524722816,-2.5851825714111327,0.0019500769674777984,0.010725707560777665
423,346521600,4.6800000000000006e-05,0.1365039825439453,0.0,0.0,1.0,33.755018587360595,868240.5174729829,-4.342600295785815e-05,0.00025620870292186737,-2.5877403259277343,0.0015139616094529628,0.006687623262405395
424,347340800,4.6200000000000005e-05,0.13662376403808593,0.0,0.0,1.0,33.70188477805609,879611.1698552164,-1.1405719124013559e-05,0.00025580923538655044,-2.5896190643310546,0.001579330675303936,0.006733153015375137
425,348160000,4.5600000000000004e-05,0.13663311004638673,0.0,0.0,1.0,33.73763679749856,873571.9954927737,0.0002410543616861105,0.0002587903290987015,-2.5920841217041017,0.0025690337643027306,0.018745605647563935
426,348979200,4.5e-05,0.13648290634155275,0.0,0.0,1.0,33.60041858174655,871178.1090863385,-4.2716582538560036e-05,0.00025902807246893647,-2.594036674499512,0.0015985330566763878,0.007039795070886612
427,349798400,4.44e-05,0.13661223411560058,0.0,0.0,1.0,33.75159471583193,874161.057371588,2.9134855140000583e-06,0.0002583520719781518,-2.594715118408203,0.00178106352686882,0.007756957411766052
428,350617600,4.38e-05,0.13657052993774413,0.0,0.0,1.0,33.74146884272997,866316.9443612768,0.00011923996498808265,0.000258609838783741,-2.5965599060058593,0.002272024378180504,0.014466427266597748
429,351436800,4.32e-05,0.1365954113006592,0.0,0.0,1.0,33.75989435021254,871890.7440215675,-0.00010509251151233912,0.0002575024496763945,-2.5983373641967775,0.0018936140462756158,0.00839880332350731
430,352256000,4.26e-05,0.1365683174133301,0.0,0.0,1.0,33.695607468947934,873357.6333911202,-9.288675501011312e-05,0.00025752992369234564,-2.600922393798828,0.0015445155091583728,0.004775878041982651
431,353075200,4.2e-05,0.13655832290649414,0.0,0.0,1.0,33.7499690759906,872828.6635761372,-3.355404769536108e-05,0.00025964826345443727,-2.603946304321289,0.001641773246228695,0.007839111238718032
432,353894400,4.14e-05,0.13666268348693847,0.0,0.0,1.0,33.74473424387033,873008.0128463021,-1.3211890473030507e-05,0.00025872597470879557,-2.60689640045166,0.0016591804102063178,0.007244385033845902
433,354713600,4.08e-05,0.13673849105834962,0.0,0.0,1.0,33.84149713201007,860048.9340969736,-0.00013451650738716125,0.0002575675491243601,-2.6097091674804687,0.0014376262202858924,0.003675781562924385
434,355532800,4.02e-05,0.13649217605590822,0.0,0.0,1.0,33.64119970377685,871459.8461233722,-1.110940138460137e-05,0.0002604847541078925,-2.612280082702637,0.0021059585735201834,0.010902955383062362
435,356352000,3.96e-05,0.13661903381347656,0.0,0.0,1.0,33.71348707197764,881592.8111104094,-0.00010647120652720332,0.00025852567050606013,-2.614674758911133,0.001725507155060768,0.005666382610797882
436,357171200,3.9e-05,0.13663408279418945,0.0,0.0,1.0,33.73535353535353,875048.2854175732,6.546170916408301e-05,0.00025735797826200726,-2.615798568725586,0.0019427584484219551,0.011558472365140914
437,357990400,3.84e-05,0.13664042472839355,0.0,0.0,1.0,33.71952925685129,887891.6534542763,0.00012460636207833886,0.00025976067408919337,-2.6169612884521483,0.002181084081530571,0.014404790103435516
438,358809600,3.78e-05,0.13652756690979004,0.0,0.0,1.0,33.674650780608054,880582.0808051744,6.460178410634398e-05,0.0002557871863245964,-2.6176132202148437,0.001513777580112219,0.007259766012430191
439,359628800,3.7199999999999996e-05,0.13663779258728026,0.0,0.0,1.0,33.75666309101411,880626.3426475251,0.00027062627486884594,0.0002585283946245909,-2.617997741699219,0.0025551531463861464,0.02121497243642807
440,360448000,3.6599999999999995e-05,0.13667552947998046,0.0,0.0,1.0,33.80182335712223,887572.8174469442,-0.00014462197432294488,0.0002589195501059294,-2.6200862884521485,0.0018104111775755882,0.0049866933375597
441,361267200,3.5999999999999994e-05,0.1366441822052002,0.0,0.0,1.0,33.760978825080336,881895.6040071762,-1.2675976904574782e-05,0.0002576579339802265,-2.622928810119629,0.0012276357039809227,0.0037806399166584017
442,362086400,3.539999999999999e-05,0.13665067672729492,0.0,0.0,1.0,33.75186267649117,865493.8189894336,-5.730492994189262e-05,0.00026014079339802264,-2.6256845474243162,0.001878276653587818,0.00761084035038948
443,362905600,3.479999999999999e-05,0.1365971279144287,0.0,0.0,1.0,33.740900856389985,883210.2275996186,-3.5238228156231345e-05,0.00025833973195403813,-2.6273374557495117,0.0016972631216049193,0.0075437001883983616
444,363724800,3.419999999999999e-05,0.13662704467773437,0.0,0.0,1.0,33.7687013147591,879480.1235206472,-8.203657343983651e-05,0.00025875831488519907,-2.630097579956055,0.0013636422343552112,0.0040128171443939206
445,364544000,3.36e-05,0.1365805435180664,0.0,0.0,1.0,33.693669218737135,874790.4140315598,-5.833877949044108e-05,0.0002581188455224037,-2.633209800720215,0.001625494286417961,0.006918946653604508
446,365363200,3.2999999999999996e-05,0.13655441284179687,0.0,0.0,1.0,33.70688591983556,882715.9526055087,-3.817094839178026e-05,0.00026118375826627015,-2.6345212936401365,0.0015520469285547733,0.006579101085662842
447,366182400,3.2399999999999995e-05,0.13655263900756837,0.0,0.0,1.0,33.70878103001112,873297.7971763404,-2.1177856251597404e-05,0.0002553720027208328,-2.6357654571533202,0.0018678318709135055,0.008685789257287978
448,367001600,3.1799999999999994e-05,0.136641845703125,0.0,0.0,1.0,33.68416505533386,874218.7459498752,-0.00010167236905544996,0.0002592229982838035,-2.638301658630371,0.0015580842271447181,0.004827149584889412
449,367820800,3.119999999999999e-05,0.13650599479675293,0.0,0.0,1.0,33.6830942496609,884641.1294648615,-5.0886499229818584e-05,0.0002592723816633224,-2.6399574279785156,0.0012593869119882583,0.003945557028055191
450,368640000,3.059999999999999e-05,0.13656191825866698,0.0,0.0,1.0,33.62459440588163,874086.5706563741,-2.3425482504535465e-05,0.0002572477562353015,-2.641393852233887,0.0014434318989515304,0.005591551959514618
451,369459200,2.999999999999999e-05,0.1366623592376709,0.0,0.0,1.0,33.73549024450482,863308.5743244832,-0.00016614318592473866,0.0002572754630818963,-2.6437046051025392,0.0016374904662370682,0.005064575374126435
452,370278400,2.939999999999999e-05,0.13673316001892089,0.0,0.0,1.0,33.72982859961363,885189.9303531002,-0.00013234082143753767,0.0002594751073047519,-2.646791458129883,0.0016167035326361656,0.004433227702975273
453,371097600,2.879999999999999e-05,0.13658489227294923,0.0,0.0,1.0,33.720339681754474,873291.2942711604,-0.00012816746020689608,0.00025916919112205504,-2.6495813369750976,0.0017039574682712554,0.005746215581893921
454,371916800,2.819999999999999e-05,0.13663724899291993,0.0,0.0,1.0,33.74653392026988,876614.1391885618,-0.00021320509258657694,0.0002603018190711737,-2.651396560668945,0.0016592657193541527,0.005194457247853279
455,372736000,2.759999999999999e-05,0.1365687656402588,0.0,0.0,1.0,33.670619724109535,885541.8664218026,-4.470501735340804e-05,0.00026056233327835797,-2.652726745605469,0.0014572880230844022,0.004411620646715164
456,373555200,2.699999999999999e-05,0.13672428131103515,0.0,0.0,1.0,33.74649220260873,878562.6329975574,-5.9104885440319774e-05,0.0002579415449872613,-2.6534257888793946,0.00137079618871212,0.004468750208616257
457,374374400,2.6399999999999988e-05,0.13668054580688477,0.0,0.0,1.0,33.73064250411861,874437.734923114,-0.00013084685197100042,0.00026019187644124033,-2.6540782928466795,0.0015550213865935802,0.004335815832018852
458,375193600,2.5799999999999987e-05,0.13664419174194337,0.0,0.0,1.0,33.84958240304308,883999.8279221479,-4.7039633500389755e-05,0.0002566937822848558,-2.6551984786987304,0.0014656880870461465,0.004399901628494263
459,376012800,2.5199999999999986e-05,0.13669400215148925,0.0,0.0,1.0,33.7604299658169,880812.2058704583,-7.72104482166469e-05,0.0002591905649751425,-2.656098747253418,0.0015983916819095612,0.005894286185503006
460,376832000,2.4599999999999985e-05,0.13651933670043945,0.0,0.0,1.0,33.68737409036714,876199.0199767797,-0.00016781004378572107,0.0002585655776783824,-2.6573907852172853,0.0015911517664790153,0.006388671696186066
461,377651200,2.3999999999999987e-05,0.13664478302001953,0.0,0.0,1.0,33.72517920408668,887715.9497961722,-5.043834098614752e-05,0.0002610159106552601,-2.6586875915527344,0.0014678572304546833,0.004854248091578484
462,378470400,2.3399999999999986e-05,0.136641845703125,0.0,0.0,1.0,33.78122038646945,881409.9182366822,-7.01097771525383e-05,0.00025423564948141576,-2.660044479370117,0.001427111029624939,0.004737181961536408
463,379289600,2.2799999999999985e-05,0.13658735275268555,0.0,0.0,1.0,33.6788200881638,880791.4536076874,-9.367741877213121e-05,0.00025622383691370487,-2.6615928649902343,0.0014874089509248733,0.0035338137298822404
464,380108800,2.2199999999999984e-05,0.1365965461730957,0.0,0.0,1.0,33.7240669876147,877953.8677454224,-6.0654827393591404e-05,0.0002584477188065648,-2.6630762100219725,0.0011605633422732352,0.0023597413673996925
465,380928000,2.1599999999999983e-05,0.13650781631469727,0.0,0.0,1.0,33.60472460320715,878696.9652209625,1.6652478370815517e-05,0.0002559489570558071,-2.664093780517578,0.001668640971183777,0.007835450768470763
466,381747200,2.0999999999999982e-05,0.1365996265411377,0.0,0.0,1.0,33.65346371928671,877739.2828479541,-9.063815232366324e-05,0.0002561741741374135,-2.6648759841918945,0.0012391295284032821,0.003009887784719467
467,382566400,2.0399999999999984e-05,0.13668245315551758,0.0,0.0,1.0,33.65625256252562,881716.7677520418,-0.0001533720875158906,0.0002545978408306837,-2.6658935546875,0.0016822332516312599,0.004620483890175819
468,383385600,1.9799999999999983e-05,0.13662076950073243,0.0,0.0,1.0,33.72421321469764,875066.3769671477,-0.00011868375586345791,0.0002559089101850986,-2.6676538467407225,0.0016243776306509971,0.002815185487270355
469,384204800,1.9199999999999982e-05,0.13663780212402343,0.0,0.0,1.0,33.84683528583847,879945.7800679249,-0.0001276069087907672,0.0002592961071059108,-2.6693334579467773,0.0013155913911759853,0.0026954345405101774
470,385024000,1.8600000000000015e-05,0.1366478157043457,0.0,0.0,1.0,33.82336687561861,883813.7418447457,-0.00016427893424406648,0.00025982968509197235,-2.6712207794189453,0.0016178864985704421,0.0035295408219099046
471,385843200,1.8000000000000014e-05,0.13649965286254884,0.0,0.0,1.0,33.72003301010935,879149.5112024014,-0.00018180193146690726,0.00025749364867806436,-2.6729103088378907,0.0017782023176550865,0.004449585452675819
472,386662400,1.7400000000000013e-05,0.1367630386352539,0.0,0.0,1.0,33.77150250554506,879046.7039793095,-0.0001391445752233267,0.0002601804444566369,-2.6740413665771485,0.0013284354470670223,0.002781981974840164
473,387481600,1.6800000000000012e-05,0.13658234596252442,0.0,0.0,1.0,33.75316586231077,878325.9406642282,-9.949903469532728e-05,0.0002569948323071003,-2.674580192565918,0.0012402696534991263,0.002078002691268921
474,388300800,1.6200000000000014e-05,0.13668061256408692,0.0,0.0,1.0,33.78249773606652,866142.3910529568,-9.051914094015956e-05,0.00025781241711229084,-2.6754154205322265,0.0015065542422235012,0.0033265378326177595
475,389120000,1.5600000000000013e-05,0.13648147583007814,0.0,0.0,1.0,33.619393790044356,875978.1457094998,-8.202519966289401e-05,0.0002566272625699639,-2.6763931274414063,0.001215656939893961,0.001896117813885212
476,389939200,1.5000000000000012e-05,0.13650758743286132,0.0,0.0,1.0,33.653448630842085,884775.1470766147,-8.491439511999488e-05,0.0002561674453318119,-2.677506446838379,0.0009021737612783908,0.0020363768562674522
477,390758400,1.4400000000000011e-05,0.13664983749389648,0.0,0.0,1.0,33.67236782740659,881713.2092487545,-7.797748548910022e-05,0.0002604387700557709,-2.6779794692993164,0.001301266346126795,0.0027360839769244192
478,391577600,1.3800000000000012e-05,0.13654626846313478,0.0,0.0,1.0,33.65040717282224,877020.5071678535,-0.0001743258791975677,0.0002597780665382743,-2.6779544830322264,0.0014353226870298386,0.002787964418530464
479,392396800,1.320000000000001e-05,0.13660235404968263,0.0,0.0,1.0,33.736523493802245,874755.212939516,-0.00016327378107234837,0.00026068587321788074,-2.678649139404297,0.001531738694757223,0.0024394532665610313
480,393216000,1.260000000000001e-05,0.13659918785095215,0.0,0.0,1.0,33.655156858724624,879907.0836757091,-0.00020594643428921698,0.00025981252547353507,-2.679763984680176,0.0014120273292064667,0.0025029299780726434
481,394035200,1.2000000000000009e-05,0.1366243553161621,0.0,0.0,1.0,33.809959055378634,869154.3157922123,-0.0001727393362671137,0.0002583296969532967,-2.6806882858276366,0.0011854901909828185,0.0024505615234375
482,394854400,1.140000000000001e-05,0.13660367965698242,0.0,0.0,1.0,33.66259811778244,882905.164021833,-0.00011953117791563272,0.0002586217364296317,-2.6809696197509765,0.0010639258660376071,0.002125243656337261
483,395673600,1.0800000000000008e-05,0.13669593811035155,0.0,0.0,1.0,33.81246131627811,882490.7543318133,-0.00023978203535079956,0.00025712603237479923,-2.6811553955078127,0.001671093888580799,0.004216919094324112
484,396492800,1.0200000000000007e-05,0.13656402587890626,0.0,0.0,1.0,33.72523580048602,883491.8770704444,-0.00010405678767710924,0.00025990826543420553,-2.6811737060546874,0.0011172717437148093,0.0019938962534070013
485,397312000,9.600000000000008e-06,0.13665685653686524,0.0,0.0,1.0,33.723964764962545,884229.9057207775,-0.00017523125279694796,0.0002599586034193635,-2.681535339355469,0.00137431463226676,0.0027604982256889342
486,398131200,9.000000000000007e-06,0.13674510955810548,0.0,0.0,1.0,33.66616084977238,875725.4563191228,-0.0001319008762948215,0.00026097754016518593,-2.682176208496094,0.0009547010995447636,0.001748412847518921
487,398950400,8.400000000000006e-06,0.13658100128173828,0.0,0.0,1.0,33.68545761734042,857961.2289950923,-0.00020078192465007306,0.000258273514918983,-2.681956481933594,0.0012076460756361485,0.001901855506002903
488,399769600,7.800000000000007e-06,0.1366516876220703,0.0,0.0,1.0,33.79954601733388,882415.9229087589,-0.00012227552942931653,0.0002587661612778902,-2.6819910049438476,0.0011977214366197587,0.0015402833931148052
489,400588800,7.200000000000006e-06,0.13655636787414552,0.0,0.0,1.0,33.76865056466903,878332.4179045302,-0.0001613377593457699,0.00026094599161297083,-2.682230567932129,0.0014755483716726303,0.0018933104351162911
490,401408000,6.600000000000005e-06,0.1366969871520996,0.0,0.0,1.0,33.77873006716387,876174.4670001003,-0.00016822051256895065,0.0002589944517239928,-2.682638740539551,0.0011194240301847457,0.0014077146537601949
491,402227200,6.000000000000004e-06,0.13659759521484374,0.0,0.0,1.0,33.653105628309866,879646.1237677179,-0.00016130871372297407,0.0002579380525276065,-2.6830955505371095,0.0015082295052707196,0.002010375447571278
492,403046400,5.400000000000004e-06,0.13663873672485352,0.0,0.0,1.0,33.76654434502948,874438.2091246519,-0.00014447899302467705,0.00025642383843660355,-2.6832719802856446,0.0009221376851201058,0.0010469970293343067
493,403865600,4.800000000000004e-06,0.13665343284606934,0.0,0.0,1.0,33.682085440565764,875244.8025498035,-6.79885852150619e-05,0.00025494962465018035,-2.683467674255371,0.0005911541171371937,0.0003509521018713713
494,404684800,4.200000000000003e-06,0.13661160469055175,0.0,0.0,1.0,33.686130186274106,881895.8907051793,-0.0001337918802164495,0.00025978651829063895,-2.6837976455688475,0.0011854411102831363,0.001726684346795082
495,405504000,3.600000000000003e-06,0.1366140365600586,0.0,0.0,1.0,33.670148026315786,876614.8579675549,-0.0001579395029693842,0.0002568942494690418,-2.6839956283569335,0.0009469757787883282,0.0009794920682907105
496,406323200,3.000000000000002e-06,0.1367115592956543,0.0,0.0,1.0,33.80047054938705,874122.3727134059,-7.86895165219903e-05,0.0002569311065599322,-2.6840530395507813,0.0008669745177030564,0.0006055908277630806
497,407142400,2.400000000000002e-06,0.13660045623779296,0.0,0.0,1.0,33.620788589228624,871913.7519916246,-0.00010157519718632103,0.00025764130987226963,-2.684119987487793,0.0010442063212394714,0.0009633789770305157
498,407961600,1.8000000000000014e-06,0.1365497303009033,0.0,0.0,1.0,33.63474478910225,869817.1753232384,-0.00011078306706622243,0.00025856730062514546,-2.684229850769043,0.0011294604279100894,0.0009632568806409835
499,408780800,1.200000000000001e-06,0.13662896156311036,0.0,0.0,1.0,33.68743565457316,874143.9677233922,-3.869024803861976e-05,0.00025635901838541033,-2.6842885971069337,0.0005992703139781952,0.00022753905504941941
500,409600000,6.000000000000005e-07,0.13665647506713868,0.0,0.0,1.0,33.62343199147331,885314.340871811,-8.892490295693278e-05,0.0002558214822784066,-2.6843067169189454,0.0004914071410894394,0.0002864990383386612
