update,env_steps,lr,reward_per_step,cost_per_step,violation_rate,success_rate,mean_episode_length,steps_per_sec,policy_loss,value_loss,entropy,approx_kl,clip_frac
1,819200,0.0003,-0.00036756157875061034,0.0022159479558467865,0.006629638671875,1.0,74.81428571428572,708803.5563602201,-0.0044534184038639065,0.08716341257095336,1.8298860549926759,0.008122637867927551,0.11194312572479248
2,1638400,0.00029939999999999996,0.006912832260131836,0.001133592575788498,0.003026123046875,1.0,330.9874213836478,706990.3333400921,-0.004893552511930466,0.07273213863372803,1.8131502151489258,0.008240124583244324,0.11311630010604859
3,2457600,0.0002988,0.005057262182235718,0.00346164733171463,0.010792236328125,1.0,460.8958990536278,703974.5337142863,-0.003165252134203911,0.15473172664642335,1.7919668197631835,0.007414942979812622,0.09849610924720764
4,3276800,0.0002982,0.0075027537345886235,0.008496817350387573,0.025858154296875,1.0,663.4782096584216,704326.1737721183,-0.001913299597799778,0.36541128158569336,1.7705615997314452,0.0051660314202308655,0.05358399152755737
5,4096000,0.00029759999999999997,0.011445310115814209,0.003689853549003601,0.011883544921875,0.6082121471343028,816.3036783575706,707525.4061254081,-0.0034793194383382796,0.14456647634506226,1.7487167358398437,0.005700657144188881,0.06822057366371155
6,4915200,0.00029699999999999996,0.018619771003723144,0.005175089836120606,0.016029052734375,0.9857988165680474,216.85719921104536,709261.7314380481,-0.0033644210547208787,0.16391544342041015,1.723421859741211,0.005285963416099548,0.060732537508010866
7,5734400,0.0002964,0.021049568653106688,0.005014711618423462,0.015340576171875,0.9961449498843485,220.5129786687227,706801.8641076866,-0.0032209739089012145,0.14866173267364502,1.697639274597168,0.0049262125045061115,0.054942619800567624
8,6553600,0.0002958,0.025253937244415284,0.005985431671142578,0.01817138671875,0.9969478962284718,200.47242206235012,708006.3349362388,-0.0034564223140478136,0.16023414134979247,1.6742000579833984,0.0052804451435804365,0.06048559546470642
9,7372800,0.00029519999999999997,0.03147398948669434,0.006983873844146729,0.02156494140625,0.9968933379357956,168.79547808077322,711937.2629929001,-0.00314166396856308,0.15851173400878907,1.6505266189575196,0.005091023072600365,0.05461437702178955
10,8192000,0.00029459999999999995,0.03666134834289551,0.007721904516220093,0.024071044921875,0.9986524928881569,138.71867045964964,714320.6163184216,-0.002877464145421982,0.1677749276161194,1.6286613464355468,0.00475972481071949,0.049202021956443784
11,9011200,0.000294,0.04161839962005615,0.008290520310401917,0.025318603515625,0.9997349589186324,115.26239067055394,712022.3667730074,-0.002903697267174721,0.1571654796600342,1.607041358947754,0.004908047616481781,0.050325804948806764
12,9830400,0.0002934,0.045274391174316406,0.008945560455322266,0.02760986328125,1.0,102.96506390748631,711439.8351837156,-0.0027626486495137214,0.1406402349472046,1.5861761093139648,0.004718189314007759,0.04544042944908142
13,10649600,0.00029279999999999996,0.04969871997833252,0.008721491694450379,0.026883544921875,1.0,93.90821202355818,710709.7025218036,-0.002930331416428089,0.1269333243370056,1.5654415130615233,0.004804260656237602,0.04640112817287445
14,11468800,0.00029219999999999995,0.05318587303161621,0.008727964162826538,0.027264404296875,1.0,86.85582024342037,710099.1693202492,-0.00308039840310812,0.11781015396118164,1.5396614074707031,0.004817911610007286,0.046537470817565915
15,12288000,0.0002916,0.05743425846099853,0.009095441102981567,0.02776611328125,1.0,80.96090953072085,708617.9747492012,-0.0029158217832446097,0.11504170894622803,1.5157765388488769,0.004661022499203682,0.04339502453804016
16,13107200,0.00029099999999999997,0.06156369209289551,0.00894645094871521,0.0278076171875,1.0,74.81698521456906,704172.612904399,-0.0030492687597870826,0.10367813110351562,1.4910712242126465,0.004951296001672744,0.04785119593143463
17,13926400,0.00029039999999999996,0.06437169075012207,0.008660603761672974,0.02641357421875,1.0,70.9777567846101,698839.437734258,-0.002997848764061928,0.09723142385482789,1.4644975662231445,0.004945124313235283,0.04743712842464447
18,14745600,0.00028979999999999994,0.06865788459777832,0.008706430196762085,0.026802978515625,1.0,67.55544786366207,705865.2687840313,-0.002845081500709057,0.08681780099868774,1.4381723403930664,0.004762335121631623,0.044212883710861205
19,15564800,0.0002892,0.07062670707702637,0.008514757752418518,0.02643798828125,1.0,64.41446028513238,710121.6713130651,-0.0029587406665086747,0.080712229013443,1.4121029853820801,0.004668368026614189,0.041808095574378965
20,16384000,0.00028859999999999997,0.0737328577041626,0.008230960965156554,0.025721435546875,1.0,62.07640246653632,710151.1901875673,-0.0026853282004594805,0.07168201804161071,1.3875129699707032,0.0045711308717727665,0.040601685643196106
21,17203200,0.00028799999999999995,0.07559928894042969,0.007615616917610169,0.023690185546875,0.9999262536873156,60.65545722713864,704788.547866489,-0.0027303073555231096,0.06443166732788086,1.3613591194152832,0.004490425810217857,0.038171383738517764
22,18022400,0.00028739999999999994,0.07810275077819824,0.007645288705825806,0.024114990234375,1.0,58.65177294824135,706662.2477371272,-0.0025827821344137194,0.06011131405830383,1.3355156898498535,0.004393377900123596,0.03600389957427978
23,18841600,0.0002868,0.08042400360107421,0.0071073400974273684,0.022958984375,1.0,57.29444367465706,704380.8475253038,-0.0022338597103953362,0.054139983654022214,1.310310459136963,0.004186759516596794,0.033453738689422606
24,19660800,0.00028619999999999996,0.08151285171508789,0.006756017804145813,0.021939697265625,1.0,56.10309913114866,713005.3106092309,-0.00225013867020607,0.04868784546852112,1.2843080520629884,0.0040169086307287214,0.031120491027832032
25,20480000,0.00028559999999999995,0.08360674858093262,0.006626535654067994,0.021488037109375,1.0,54.72578390253645,711810.7857670676,-0.002074211835861206,0.046042484045028684,1.258593463897705,0.003876863047480583,0.02929455041885376
26,21299200,0.000285,0.08431838989257813,0.006188898086547851,0.01996826171875,1.0,54.026837270341204,709758.6199164259,-0.001955936476588249,0.04392175376415253,1.2327293395996093,0.00384177565574646,0.02908996045589447
27,22118400,0.0002844,0.08621295928955078,0.005666220188140869,0.018597412109375,1.0,52.97410940237493,708257.0884644318,-0.0018644260242581367,0.03805495798587799,1.2080986022949218,0.0037542521953582765,0.028468134999275207
28,22937600,0.00028379999999999996,0.08696699142456055,0.00536325454711914,0.017830810546875,1.0,52.29954507592747,715891.1905069678,-0.0017778960987925529,0.03529719412326813,1.184725856781006,0.003577972948551178,0.02641858160495758
29,23756800,0.00028319999999999994,0.08885828018188477,0.0055722975730896,0.018797607421875,1.0,51.638211895441344,710840.2007816575,-0.0017982617020606995,0.0330224871635437,1.158021831512451,0.0037276115268468856,0.027741089463233948
30,24576000,0.0002826,0.09028648376464844,0.005274203419685364,0.01795166015625,1.0,50.700973401946804,711964.9108638089,-0.0017405156046152114,0.03302204012870789,1.131953525543213,0.0036273207515478134,0.025343629717826843
31,25395200,0.00028199999999999997,0.09060481071472168,0.004863700866699219,0.016976318359375,1.0,50.32845227062094,704117.2211277188,-0.0015345728024840355,0.03060773015022278,1.10562744140625,0.00345296673476696,0.02465868890285492
32,26214400,0.00028139999999999996,0.0923045539855957,0.004393487274646759,0.01563720703125,0.9998177731883617,49.89260766567454,713098.5850257281,-0.0014450822956860066,0.028061404824256897,1.0779809951782227,0.003187098354101181,0.021546386182308197
33,27033600,0.00028079999999999994,0.09288047790527344,0.004491179287433624,0.015511474609375,0.9997602062226485,49.417241172591574,706741.648284084,-0.0013904228806495666,0.025895875692367554,1.049408531188965,0.0031440403312444688,0.021260257065296172
34,27852800,0.0002802,0.09444462776184082,0.004407236278057098,0.01526611328125,0.9997049451197922,48.98689956331878,707485.7446901706,-0.0013299113139510154,0.024744087457656862,1.0219129562377929,0.0030982555821537972,0.019837406277656556
35,28672000,0.00027959999999999997,0.09575853347778321,0.004039806723594666,0.014268798828125,0.9999413524133481,48.178112720661545,702540.7856181486,-0.0014144848100841045,0.02375008761882782,0.9948799133300781,0.0034198030829429627,0.02362341284751892
36,29491200,0.00027899999999999995,0.09668346405029297,0.004303561449050903,0.01506103515625,1.0,47.21249783224464,697134.9691173356,-0.001180930994451046,0.023143064975738526,0.9693486213684082,0.0028760075569152833,0.016698488593101503
37,30310400,0.0002784,0.0973697280883789,0.003777698278427124,0.0132958984375,0.9998278434523127,47.44347526684265,704957.4124036985,-0.0012321108020842074,0.02100425958633423,0.9415852546691894,0.0032248076051473616,0.020325562357902525
38,31129600,0.0002778,0.09822371482849121,0.0034399089217185975,0.012457275390625,0.9999430880427977,46.95435661032383,709119.0609084995,-0.0010046660900115967,0.02041771113872528,0.9170866966247558,0.003013314493000507,0.01846423149108887
39,31948800,0.0002772,0.09904352188110352,0.003479636311531067,0.012532958984375,1.0,46.33380369136987,708174.1040236801,-0.001091411616653204,0.018718698620796205,0.8918431282043457,0.0029486985877156258,0.01912195086479187
40,32768000,0.0002766,0.09933237075805663,0.0035582739114761353,0.012884521484375,1.0,46.206199537010896,703346.5582557237,-0.0010621168650686741,0.019057396054267883,0.863543701171875,0.0029068397358059882,0.019454711675643922
41,33587200,0.000276,0.09943285942077637,0.0033376365900039673,0.01205078125,1.0,45.941255756486576,705124.1498600837,-0.0010178358294069766,0.018886980414390565,0.838999080657959,0.003098348341882229,0.020049677789211275
42,34406400,0.00027539999999999997,0.10010624885559082,0.00322581946849823,0.0119677734375,1.0,45.666443738505265,705135.8559793747,-0.0009312534704804421,0.018042178452014924,0.8177417755126953,0.0027387147769331933,0.016979001462459564
43,35225600,0.0002748,0.10047006607055664,0.0030933111906051637,0.011295166015625,1.0,46.001229393685385,713560.0747293845,-0.0010544804856181145,0.01745951920747757,0.7946172237396241,0.002986573800444603,0.0199984073638916
44,36044800,0.0002742,0.10128477096557617,0.002991066575050354,0.010947265625,1.0,45.47925758161631,712761.334911887,-0.0010132496245205402,0.015705446898937225,0.7713534355163574,0.0032817840576171873,0.023955565690994263
45,36864000,0.0002736,0.10190177917480468,0.0026189371943473815,0.00996337890625,1.0,45.14991453933947,710082.9689174605,-0.0008861606009304523,0.013288493454456329,0.750173807144165,0.0029234835878014565,0.019770629703998566
46,37683200,0.00027299999999999997,0.10228334426879883,0.002773001790046692,0.01040771484375,1.0,44.886016322506435,711598.4986116493,-0.00103989252820611,0.013672536611557007,0.7265603542327881,0.0027916155755519866,0.018461178243160247
47,38502400,0.0002724,0.102843017578125,0.0027081602811813354,0.0100048828125,1.0,44.71253272251309,716390.5400118828,-0.0009041234850883483,0.01270563006401062,0.7023561000823975,0.0027694478631019592,0.017863769829273225
48,39321600,0.0002718,0.10307822227478028,0.0022171339392662048,0.008818359375,1.0,44.67290280353442,714400.3885423109,-0.0008557396940886974,0.011006706953048706,0.6795643329620361,0.0027066657319664957,0.017570190131664276
49,40140800,0.0002712,0.1030046558380127,0.0022563007473945618,0.008636474609375,1.0,44.59643594480061,706060.0639865865,-0.0008469437249004841,0.011627794802188873,0.6594265460968017,0.002766825072467327,0.0170374721288681
50,40960000,0.00027059999999999996,0.10295635223388672,0.001984044909477234,0.0079833984375,1.0,44.556788511749346,706973.7588165725,-0.0007343216333538294,0.01018986627459526,0.6345600128173828,0.0028145693242549895,0.01861913949251175
51,41779200,0.00027,0.10342669486999512,0.0018281027674674987,0.007393798828125,1.0,44.445741273546496,712214.2097472766,-0.0007661995477974415,0.009556599706411362,0.6111665725708008,0.002864058129489422,0.02096289098262787
52,42598400,0.0002694,0.10401236534118652,0.001978481113910675,0.00789306640625,1.0,44.3274657422954,711990.5591963321,-0.0009198766201734543,0.009596996754407883,0.5913897514343261,0.0027694297954440118,0.018109865486621857
53,43417600,0.0002688,0.1038594627380371,0.0019614417850971223,0.007664794921875,1.0,44.272688032804574,709942.0614394651,-0.0007336867973208427,0.0091570645570755,0.5708563327789307,0.0029914423823356627,0.021203973889350893
54,44236800,0.00026819999999999996,0.10402727127075195,0.001728796362876892,0.0070751953125,1.0,44.16066511904119,699158.2440526104,-0.0008549776859581471,0.00817149132490158,0.5498384952545166,0.0026197759434580803,0.018712279200553895
55,45056000,0.0002676,0.10375484466552734,0.0017074763774871827,0.0068505859375,1.0,44.262071945554716,702374.9796753688,-0.0007287132553756237,0.008533927798271179,0.526496696472168,0.00248347744345665,0.015919436514377595
56,45875200,0.000267,0.10467869758605958,0.001657092571258545,0.0066357421875,1.0,43.94326887019874,713249.9937146219,-0.0008036968298256397,0.008504017442464828,0.5062909126281738,0.0027693061158061026,0.018843136727809906
57,46694400,0.00026639999999999997,0.10456841468811034,0.001683712601661682,0.006888427734375,1.0,43.99914075506149,710773.8261176032,-0.0005930394865572453,0.008040127903223037,0.49016318321228025,0.002497776970267296,0.014991697669029237
58,47513600,0.00026579999999999996,0.10448188781738281,0.0015485358238220214,0.006339111328125,1.0,44.010520100907094,708323.5602934846,-0.0007632279768586159,0.008230456709861755,0.47345681190490724,0.0026069886982440947,0.016044433414936065
59,48332800,0.0002652,0.10498870849609375,0.0015538375079631806,0.00649169921875,1.0,43.76622821088654,703220.9452543216,-0.0006888420321047306,0.007337847352027893,0.4581315994262695,0.0025073232129216192,0.01616199016571045
60,49152000,0.0002646,0.10498879432678222,0.0014367684721946715,0.005948486328125,1.0,43.9448283250308,710298.2733264009,-0.0006936282850801944,0.007159104943275452,0.4396513938903809,0.002418002672493458,0.015007565915584564
61,49971200,0.00026399999999999997,0.1049289894104004,0.001462942510843277,0.006158447265625,1.0,43.845213305568905,713450.003967895,-0.0005668163765221834,0.007075705379247665,0.41859850883483884,0.0023199526593089105,0.014020140469074249
62,50790400,0.00026339999999999995,0.1057356834411621,0.001545233726501465,0.006346435546875,1.0,43.53486761493794,712246.5266635158,-0.0006701065693050623,0.0071647390723228455,0.4000497817993164,0.00236043743789196,0.013288454711437225
63,51609600,0.0002628,0.10535368919372559,0.0013408049941062926,0.005439453125,1.0,43.82703223733533,710159.6457551074,-0.0005942488554865122,0.007106746733188629,0.37885570526123047,0.0023354575037956237,0.01299084722995758
64,52428800,0.0002622,0.10527936935424805,0.0013196662068367005,0.00537353515625,1.0,43.58351928594198,714221.9669542824,-0.0005254545249044895,0.007902054488658905,0.3601038932800293,0.0022959157824516295,0.01199353113770485
65,53248000,0.00026159999999999996,0.1057256031036377,0.0014097195863723754,0.005780029296875,1.0,43.61684927135411,716672.8827461749,-0.0005162180867046117,0.006992039829492569,0.3437182903289795,0.0021368861198425293,0.011565918475389481
66,54067200,0.000261,0.10583527565002442,0.0013240687549114227,0.005416259765625,1.0,43.370089593383874,709145.9408994825,-0.0005156008061021567,0.00643688216805458,0.3260601282119751,0.002263569459319115,0.012534789741039276
67,54886400,0.0002604,0.10554588317871094,0.0013421186804771423,0.00575439453125,1.0,43.4802137339964,710861.3396837078,-0.0005500175524502992,0.006411301344633103,0.306268572807312,0.0021163737401366234,0.011611205339431763
68,55705600,0.00025979999999999997,0.10569974899291992,0.0012308736890554429,0.005458984375,1.0,43.35213883876446,708845.2566074679,-0.0006214959546923637,0.006167722120881081,0.2909178495407104,0.002038579620420933,0.01019909828901291
69,56524800,0.00025919999999999996,0.10580936431884766,0.0013142505288124085,0.005406494140625,1.0,43.29980984576379,712079.7032622014,-0.0006042000837624073,0.006331241875886917,0.27492308616638184,0.0024270152673125265,0.01502404808998108
70,57344000,0.0002586,0.10650803565979004,0.0011987431347370147,0.0052490234375,1.0,43.20492797973935,710993.573055306,-0.0003980765584856272,0.005683709681034088,0.2618568897247314,0.0017468512058258056,0.007605833560228347
71,58163200,0.000258,0.10652338027954102,0.0013123011589050292,0.005640869140625,1.0,43.16012451197636,708405.3726787094,-0.0004687509033828974,0.005916520953178406,0.24817402362823487,0.0020292362198233603,0.010183349251747131
72,58982400,0.00025739999999999997,0.10653018951416016,0.0012636658549308776,0.005299072265625,1.0,43.26520065390497,707914.3358378835,-0.00043439418077468873,0.005918425321578979,0.23268651962280273,0.0021412940695881844,0.012020018696784974
73,59801600,0.00025679999999999995,0.1069897747039795,0.001097121834754944,0.0049609375,1.0,43.09574523896963,699929.3940328714,-0.00048461807891726495,0.0053099382668733595,0.2137732744216919,0.001986056938767433,0.009919797629117965
74,60620800,0.0002562,0.10645418167114258,0.0010791324824094772,0.004642333984375,1.0,43.1917620378672,711955.8411815848,-0.0005096884444355965,0.005038417875766754,0.1937195897102356,0.002355372905731201,0.01291540265083313
75,61440000,0.0002556,0.10642490386962891,0.0010421107709407806,0.004527587890625,1.0,43.22415520059044,709810.5582485344,-0.0004925469402223825,0.0049823462963104245,0.17457728385925292,0.002148622274398804,0.01200903281569481
76,62259200,0.00025499999999999996,0.10673906326293946,0.0010368071496486663,0.004735107421875,1.0,42.97824716267339,707634.5456110318,-0.0004212875384837389,0.005060767382383346,0.1577961564064026,0.0020589957013726233,0.010610110312700271
77,63078400,0.00025439999999999995,0.10696229934692383,0.0010279805958271027,0.00469970703125,1.0,42.962776290229435,705517.2746254881,-0.0004901723004877567,0.0049304265528917314,0.14350805282592774,0.0018277747556567192,0.00888098105788231
78,63897600,0.0002538,0.10713035583496094,0.001042998656630516,0.00456787109375,1.0,43.033750394280304,713539.6817468292,-0.000470406748354435,0.004634173959493637,0.12392226457595826,0.00222522746771574,0.01168530210852623
79,64716800,0.0002532,0.10743308067321777,0.0010902973264455796,0.00495361328125,1.0,42.83422738399042,712489.6927688888,-0.00033373953774571417,0.005134077370166778,0.10489459037780761,0.0020691758021712304,0.011437254399061203
80,65536000,0.00025259999999999996,0.10710477828979492,0.0010328885167837144,0.00466552734375,1.0,42.88809974747475,712268.7426219264,-0.00036151863168925046,0.00487007163465023,0.0859034776687622,0.0020928451791405677,0.011726803332567214
81,66355200,0.00025199999999999995,0.10738007545471191,0.0010865969955921172,0.00481689453125,1.0,42.9406426037972,710078.5483439425,-0.000409272825345397,0.005171140283346176,0.06898521780967712,0.0018858222290873527,0.008814085274934769
82,67174400,0.0002514,0.10743512153625488,0.001006839945912361,0.004671630859375,1.0,42.719063545150505,716868.017439441,-0.00042621688917279246,0.004747224971652031,0.05178203582763672,0.0020338203758001328,0.01107165515422821
83,67993600,0.00025079999999999997,0.10789915084838868,0.00109118789434433,0.00474853515625,1.0,42.76711185308848,713296.6314707719,-0.00040584881789982317,0.004823379963636398,0.035486695170402524,0.002005123533308506,0.01064489632844925
84,68812800,0.00025019999999999996,0.10744071006774902,0.0010053835809230804,0.004686279296875,1.0,42.632519139628144,703543.131853686,-0.0004628061782568693,0.004476125165820122,0.02102596461772919,0.001928880624473095,0.00959203913807869
85,69632000,0.00024959999999999994,0.1078023910522461,0.0008877085894346237,0.0041845703125,1.0,42.793670687764376,704576.8385612855,-0.0006887711584568024,0.004022812098264694,0.004165610671043396,0.0022243574261665345,0.012809690833091737
86,70451200,0.000249,0.10784246444702149,0.000838143527507782,0.00380859375,1.0,42.69197498697238,704108.2830727829,-0.000580390589311719,0.004351884499192238,-0.012802082300186157,0.0021617703139781954,0.012680420279502868
87,71270400,0.0002484,0.10784238815307617,0.0008848141133785248,0.004237060546875,1.0,42.75886376690512,710677.763632687,-0.00034438618458807466,0.004127382859587669,-0.030514824390411376,0.0020289791747927664,0.011332641541957855
88,72089600,0.0002478,0.10807196617126465,0.0008310931921005249,0.00381103515625,1.0,42.75320212433615,707901.0080329507,-0.0003978785127401352,0.004056897759437561,-0.05079970359802246,0.002203693985939026,0.012566162645816803
89,72908800,0.0002472,0.10862167358398438,0.0008152569085359573,0.004053955078125,1.0,42.48146996319909,705639.4626656761,-0.00041014323942363263,0.003660450130701065,-0.0714937150478363,0.002306928113102913,0.013329464197158813
90,73728000,0.0002466,0.10801673889160156,0.0009225402772426605,0.00435302734375,1.0,42.643613414697754,705649.7306121594,-0.00030820502433925867,0.00396355651319027,-0.08747437000274658,0.0023160601034760476,0.01496569812297821
91,74547200,0.000246,0.10819122314453125,0.0009249690175056458,0.00416015625,1.0,42.42204161921524,700062.2868347305,-0.0004698864184319973,0.00435912050306797,-0.10684887170791627,0.002285512164235115,0.013954342901706695
92,75366400,0.0002454,0.10858614921569824,0.0008661251515150071,0.003990478515625,1.0,42.432760049730625,697324.4639885713,-0.00046125664375722407,0.00384722575545311,-0.12250740528106689,0.0020932165905833246,0.011769896000623703
93,76185600,0.0002448,0.10851901054382324,0.000898243635892868,0.004266357421875,1.0,42.41998548019083,708129.2377964244,-0.0004375223536044359,0.003832466155290604,-0.13313066959381104,0.0018289079889655113,0.008486572653055191
94,77004800,0.00024419999999999997,0.10884331703186036,0.00089400514960289,0.00426025390625,1.0,42.47481270989408,707469.1032581115,-0.00039058863185346124,0.003937695547938347,-0.14707428216934204,0.0020703615620732306,0.011509156227111817
95,77824000,0.00024359999999999999,0.10856740951538085,0.0008859781175851822,0.0041357421875,1.0,42.476773758239474,707299.1773205292,-0.00046721650287508967,0.003815709799528122,-0.16497740745544434,0.0021596521139144896,0.01168847680091858
96,78643200,0.000243,0.1086960792541504,0.0007925380766391754,0.00367431640625,1.0,42.37173913043478,702510.4138192046,-0.0004671604838222265,0.0037620469927787782,-0.1800641179084778,0.001996227540075779,0.010527710616588592
97,79462400,0.00024239999999999998,0.10905434608459473,0.0008457525074481964,0.0037841796875,1.0,42.20251468617953,712316.468694407,-0.00036357997450977566,0.003809715062379837,-0.19035215377807618,0.0019794067367911337,0.01072070300579071
98,80281600,0.0002418,0.10919140815734864,0.0008532679080963134,0.004107666015625,1.0,42.237864577965574,714227.1565077561,-0.00034792094957083466,0.0038682185113430023,-0.20439698696136474,0.0020560914650559424,0.011945434659719468
99,81100800,0.00024119999999999998,0.10928396224975585,0.0007928817719221115,0.003671875,1.0,42.24202868641007,710060.9525793089,-0.0004810074809938669,0.003784216195344925,-0.22005395889282225,0.0022322837263345718,0.012642334401607513
100,81920000,0.0002406,0.1090267276763916,0.0008548577129840851,0.003978271484375,1.0,42.29950967741935,710638.8323804586,-0.0003824979765340686,0.0037382300943136215,-0.23654501438140868,0.002394538000226021,0.015140622854232788
101,82739200,0.00023999999999999998,0.10896876335144043,0.0008168409019708633,0.003785400390625,1.0,42.12004535848668,708942.0192114804,-0.0004256242886185646,0.00320034995675087,-0.2519069194793701,0.001801212877035141,0.008504275232553482
102,83558400,0.0002394,0.10911256790161133,0.0007808825373649597,0.00384033203125,1.0,42.178388090349074,711615.0889099446,-0.00045579215511679647,0.0033050287514925004,-0.26519901752471925,0.001992843858897686,0.01070227101445198
103,84377600,0.0002388,0.1091397762298584,0.0007733310759067536,0.003509521484375,1.0,42.13069174632542,711707.2147446384,-0.0005153591744601726,0.0034170407801866532,-0.2786427021026611,0.00208632443100214,0.011140136420726776
104,85196800,0.0002382,0.10876714706420898,0.0006818054616451264,0.003419189453125,1.0,42.21389104053705,709982.4787046353,-0.0005790769122540951,0.003049958124756813,-0.2931570768356323,0.0023040128871798515,0.013911867141723632
105,86016000,0.0002376,0.10927485466003418,0.000806804746389389,0.00369140625,1.0,42.1707191692798,709744.0614623724,-0.00055522914044559,0.003355132043361664,-0.3094058036804199,0.002325461804866791,0.014582520723342896
106,86835200,0.000237,0.1093671703338623,0.000817442387342453,0.003875732421875,1.0,41.98896530486553,713104.8624718599,-0.00033603105694055555,0.003509590029716492,-0.325426983833313,0.0021992111578583717,0.013471923768520355
107,87654400,0.0002364,0.10949106216430664,0.0008252772688865661,0.003748779296875,1.0,42.108537086500924,711168.0693528682,-0.00042210468091070653,0.0033079423010349274,-0.3407890319824219,0.002163119800388813,0.013238036632537841
108,88473600,0.00023579999999999999,0.10973860740661621,0.0008019745349884033,0.003714599609375,1.0,42.01495288816059,709228.0920592009,-0.00036437250673770905,0.003546375408768654,-0.3526519536972046,0.002020104043185711,0.011605103313922883
109,89292800,0.0002352,0.10980329513549805,0.000888587236404419,0.003984375,1.0,42.083277712173334,707862.9174396364,-0.00042299977503716945,0.0034284379333257677,-0.36626718044281004,0.0023417280986905097,0.014899533987045289
110,90112000,0.00023459999999999998,0.10945899963378906,0.0008463935554027558,0.003809814453125,1.0,41.96100564391996,704103.2134568004,-0.0003544007427990437,0.003618539869785309,-0.376876974105835,0.001886886917054653,0.009048216789960862
111,90931200,0.000234,0.10996685981750488,0.0007989929616451264,0.0035986328125,1.0,41.95567158067158,710788.3495957344,-0.0003732755081728101,0.0031412530690431593,-0.3896737575531006,0.002000611089169979,0.010313966870307922
112,91750400,0.00023339999999999998,0.1098709774017334,0.0008306615054607391,0.003909912109375,1.0,41.981357234314984,711163.8718610893,-0.0004460460506379604,0.0032543793320655824,-0.40283546447753904,0.0021462975069880485,0.012960812449455262
113,92569600,0.0002328,0.11002699851989746,0.000801050215959549,0.00373291015625,1.0,41.79037274998725,709797.2493029729,-0.0004337941762059927,0.003281433880329132,-0.41770410537719727,0.0020955685526132584,0.012921874225139619
114,93388800,0.00023219999999999998,0.10984554290771484,0.0006978560984134674,0.003358154296875,1.0,41.71696861444246,711225.7147346492,-0.0003839356591925025,0.0029976991936564445,-0.4302829265594482,0.001867622509598732,0.010308713465929032
115,94208000,0.0002316,0.10991231918334961,0.0007920953631401062,0.003701171875,1.0,41.795778955954326,707551.7377148247,-0.00036552825476974247,0.003227151557803154,-0.44355125427246095,0.002192278951406479,0.013728758692741394
116,95027200,0.00023099999999999998,0.11015535354614257,0.000745341032743454,0.003626708984375,1.0,41.75690973992861,709809.9445050474,-0.0004922735504806041,0.002949671819806099,-0.45822620391845703,0.0022240960970520973,0.0129730224609375
117,95846400,0.0002304,0.11040668487548828,0.0007803991436958313,0.003798828125,1.0,41.71655386494326,697346.8795695363,-0.0004198996815830469,0.002820008620619774,-0.4749506950378418,0.0021969333291053774,0.013273683190345765
118,96665600,0.00022979999999999997,0.11021049499511719,0.0007874612510204315,0.003758544921875,1.0,41.7715116872512,704732.3182223251,-0.00023980652913451194,0.003096045181155205,-0.49033513069152834,0.0021513432264328005,0.013481324911117554
119,97484800,0.0002292,0.11037811279296875,0.0008436564356088638,0.003892822265625,1.0,41.74022929936306,699049.9645840385,-0.0004244293551892042,0.0031959589570760725,-0.5002670764923096,0.002223961427807808,0.013883177936077119
120,98304000,0.00022859999999999997,0.11048754692077636,0.0007541251182556153,0.003604736328125,1.0,41.73476338128399,699557.4755014417,-0.00046239164657890797,0.0036562729626894,-0.5116180419921875,0.0021242620423436165,0.011624878644943238
121,99123200,0.00022799999999999999,0.11031929016113282,0.0006996025145053863,0.003472900390625,1.0,41.822268714599176,704746.4239163636,-0.0003806021763011813,0.0030247194692492483,-0.5275352001190186,0.0023822886869311333,0.01601879745721817
122,99942400,0.00022739999999999997,0.110325927734375,0.00071345254778862,0.00351806640625,1.0,41.579940013217424,700575.3229580102,-0.0002985556144267321,0.0027899352833628656,-0.5406657218933105,0.0020738186314702032,0.01227746531367302
123,100761600,0.00022679999999999998,0.11059408187866211,0.0007987727969884873,0.0039794921875,1.0,41.538434307676745,702943.4367425722,-0.00046045067720115187,0.0029298119246959687,-0.5522657871246338,0.002094777673482895,0.011986935883760453
124,101580800,0.00022619999999999997,0.11059258460998535,0.000744151622056961,0.00369140625,1.0,41.4473203410475,700097.7464495202,-0.000498291291296482,0.002687821164727211,-0.5614124298095703,0.0021063076332211495,0.012856687605381011
125,102400000,0.00022559999999999998,0.11053009033203125,0.0007327535748481751,0.003468017578125,1.0,41.65072110501727,702886.0791086128,-0.00044261058792471886,0.0028960200026631354,-0.571339225769043,0.001999906077980995,0.011103270947933197
126,103219200,0.000225,0.11040891647338867,0.0006609277427196503,0.003255615234375,1.0,41.66245047241694,700965.4048303759,-0.0003669858444482088,0.0029790058732032778,-0.5827202320098877,0.001939622312784195,0.011008788645267487
127,104038400,0.00022439999999999998,0.11076333045959473,0.0006491602957248688,0.003238525390625,1.0,41.59497334348819,700236.6917452579,-0.0004672618117183447,0.002678198181092739,-0.5988740921020508,0.002389387600123882,0.015904906392097472
128,104857600,0.0002238,0.11051207542419433,0.0007493492960929871,0.0036962890625,1.0,41.44138070860155,699498.9607744461,-0.000457520829513669,0.0025705786421895025,-0.6134819507598877,0.002181216888129711,0.012956297397613526
129,105676800,0.00022319999999999998,0.11081426620483398,0.0007477984577417373,0.003607177734375,1.0,41.650862944162434,697200.3992268671,-0.0004142934922128916,0.0029317665845155715,-0.6237331867218018,0.0021343884989619257,0.013072264194488526
130,106496000,0.0002226,0.11108514785766602,0.0007289081811904907,0.003638916015625,1.0,41.53782194281079,701219.7738011421,-0.00041581257246434686,0.0027136106044054033,-0.635753583908081,0.002242138795554638,0.013926757872104645
131,107315200,0.00022199999999999998,0.11093605995178223,0.0006896200776100159,0.003504638671875,1.0,41.54323747586627,702861.7019964473,-0.00036805958952754734,0.002538011223077774,-0.6519964694976806,0.0023478239774703978,0.014845584332942963
132,108134400,0.0002214,0.1109791374206543,0.0007095786929130554,0.003338623046875,1.0,41.481269616280244,706791.501552364,-0.0004562154412269592,0.0026564372703433035,-0.6685795783996582,0.0022328330203890802,0.01354077160358429
133,108953600,0.00022079999999999997,0.11086854934692383,0.000645863190293312,0.0033203125,1.0,41.356653225806454,710178.2716191447,-0.0004314745310693979,0.002598267234861851,-0.6810606479644775,0.0020761584863066675,0.011587157845497131
134,109772800,0.00022019999999999999,0.11092559814453125,0.0007148388028144836,0.003463134765625,1.0,41.34424487730838,708921.3761114402,-0.0004524535499513149,0.0025605080649256707,-0.6912079334259034,0.0020926425233483313,0.012036256492137909
135,110592000,0.00021959999999999997,0.11099681854248047,0.0007068972289562225,0.003359375,1.0,41.46749241658241,709413.4415818243,-0.00034913232084363697,0.002837310917675495,-0.7028244018554688,0.002148498967289925,0.01320190280675888
136,111411200,0.00021899999999999998,0.11092854499816894,0.0006806111335754395,0.00320068359375,1.0,41.53547211820666,700316.7701008576,-0.00034675446804612877,0.00264356043189764,-0.7147077083587646,0.002197098918259144,0.013222412765026092
137,112230400,0.00021839999999999997,0.11092460632324219,0.0006068722158670425,0.002979736328125,1.0,41.48044183218484,703491.2511516311,-0.00034282284323126075,0.0025451499968767166,-0.7280476093292236,0.0022091222926974297,0.013420164585113525
138,113049600,0.00021779999999999998,0.11102537155151367,0.0006449195742607117,0.003223876953125,1.0,41.468716753634936,706706.3026938478,-0.0006174474954605102,0.0025032034143805506,-0.744691276550293,0.0022733747959136964,0.014700318872928619
139,113868800,0.00021719999999999997,0.11110610961914062,0.0005956831574440003,0.00286376953125,1.0,41.38684064127851,702867.6263956383,-0.00043637682683765887,0.0025856040418148043,-0.756842565536499,0.002271716110408306,0.014710690081119537
140,114688000,0.00021659999999999998,0.11103665351867675,0.0006186726689338684,0.00304931640625,1.0,41.44648271679806,707266.0566684462,-0.0003622030606493354,0.0023902008309960366,-0.7701085567474365,0.002298932522535324,0.014630617201328277
141,115507200,0.00021599999999999996,0.11095064163208007,0.0006737940758466721,0.003170166015625,1.0,41.468772142929446,701908.9429316947,-0.0005480736959725619,0.0024704314768314362,-0.7864745616912842,0.002346553094685078,0.014672850072383881
142,116326400,0.00021539999999999998,0.11112615585327149,0.0005769994482398033,0.002952880859375,1.0,41.33965117451356,704867.4619453911,-0.0004792173393070698,0.0022879054769873617,-0.800595474243164,0.002209082804620266,0.013134032487869263
143,117145600,0.00021479999999999996,0.11146195411682129,0.000650649145245552,0.00314453125,1.0,41.265351430445534,707093.6797546389,-0.000509674847126007,0.0028941897675395013,-0.814878273010254,0.002353126183152199,0.01559436172246933
144,117964800,0.00021419999999999998,0.11151403427124024,0.000642540231347084,0.00326171875,1.0,41.35739178746401,703950.6128685202,-0.0002939093858003616,0.002556467615067959,-0.8238043785095215,0.002128049358725548,0.012276120483875275
145,118784000,0.00021359999999999996,0.11128904342651368,0.0007220705598592758,0.003519287109375,1.0,41.22913627446049,705776.9688819074,-0.0002972797490656376,0.0027851756662130357,-0.8361077308654785,0.0025387991219758986,0.017838619649410248
146,119603200,0.00021299999999999997,0.11129467010498047,0.0006075986102223397,0.003011474609375,0.9999495764421138,41.35795683743445,705735.3199685356,-0.0004727627616375685,0.002440333180129528,-0.8520177841186524,0.0020606596022844314,0.012692016363143922
147,120422400,0.00021239999999999996,0.11138481140136719,0.0006140590086579323,0.003138427734375,1.0,41.34288312869486,695361.5387369121,-0.00036661268677562475,0.00230970773845911,-0.8658307075500489,0.0024397220462560655,0.0165214866399765
148,121241600,0.00021179999999999997,0.1116427230834961,0.0006996212899684906,0.003319091796875,1.0,41.28223488477636,698266.8673089412,-0.0004053078591823578,0.002388773486018181,-0.8753629684448242,0.0023617077618837356,0.016156983375549317
149,122060800,0.00021119999999999996,0.11163734436035157,0.0005671697854995728,0.003072509765625,1.0,41.20142656218606,716433.5331170517,-0.0004041339736431837,0.002198382467031479,-0.8864933967590332,0.0022377511486411095,0.013926635682582855
150,122880000,0.00021059999999999997,0.11140188217163086,0.00059293482452631,0.00316650390625,1.0,41.27371765773945,709106.0491305045,-0.00039293947629630565,0.002285085991024971,-0.8976519584655762,0.0022429630160331728,0.013928955793380738
151,123699200,0.00020999999999999998,0.11191684722900391,0.0005902443453669548,0.0030810546875,1.0,41.19384630828691,709798.5855734297,-0.00036833207122981547,0.0023784678429365157,-0.9078468322753906,0.0020608909428119658,0.012533566355705262
152,124518400,0.00020939999999999997,0.11192762374877929,0.0006272242218255997,0.00321533203125,1.0,41.26237349579578,700055.2065973092,-0.0004156278911978006,0.0021582720801234245,-0.9209980010986328,0.0021689776331186295,0.013197264075279236
153,125337600,0.00020879999999999998,0.11175125122070312,0.0006325345486402512,0.00322021484375,1.0,41.186117967057875,710469.8928760891,-0.0003494389355182648,0.002244507521390915,-0.9345048904418946,0.0018798919394612313,0.009790281951427459
154,126156800,0.00020819999999999996,0.11182765007019042,0.0006360612064599991,0.003114013671875,1.0,41.21082978190022,697224.3277395198,-0.000324537162669003,0.002287755347788334,-0.9513113975524903,0.0021578794345259666,0.014006102085113525
155,126976000,0.00020759999999999998,0.11159754753112792,0.0005981438606977462,0.003115234375,1.0,41.06607663682993,708404.3393187156,-0.000413642730563879,0.0022881414741277696,-0.9650735855102539,0.0020054833963513373,0.010673583298921586
156,127795200,0.00020699999999999996,0.11137953758239746,0.0005466066300868988,0.002913818359375,1.0,41.19096312714084,703484.8733073712,-0.00045924982987344265,0.002084963396191597,-0.9769960403442383,0.002093692310154438,0.012336061894893646
157,128614400,0.00020639999999999998,0.11174583435058594,0.0006152640655636788,0.003187255859375,1.0,41.20249205468395,700807.798285535,-0.00045397942885756494,0.0022554162889719008,-0.9890186309814453,0.0021546021103858947,0.01301880031824112
158,129433600,0.00020579999999999996,0.1117183494567871,0.000591840147972107,0.00308837890625,0.9999496297788747,41.22026897698081,701971.7484145096,-0.0004148367792367935,0.002222614362835884,-1.0014728546142577,0.002347451262176037,0.01554248034954071
159,130252800,0.00020519999999999997,0.11153656005859375,0.0006063023582100868,0.00308349609375,0.9999497714601436,41.279371138681,708244.0635342178,-0.00040987012907862664,0.0022303102537989616,-1.0115116119384766,0.0021837584674358366,0.011831298470497131
160,131072000,0.00020459999999999996,0.1116414451599121,0.0005900826305150986,0.003013916015625,0.9998993254807208,41.32281284606866,709943.421318638,-0.000380931468680501,0.002230541594326496,-1.0208955764770509,0.002270976826548576,0.014611934125423432
161,131891200,0.00020399999999999997,0.11186423301696777,0.0006077907979488373,0.003072509765625,0.9999496018546518,41.25592178207842,708641.5967056064,-0.000392119400203228,0.0022587718442082403,-1.0350558280944824,0.0021779151633381844,0.012994018197059632
162,132710400,0.00020339999999999996,0.11167458534240722,0.0006075049191713333,0.00302978515625,1.0,41.14192545025836,706141.7434685548,-0.0003695463528856635,0.002583242952823639,-1.0445947647094727,0.0022025862708687782,0.014320190250873565
163,133529600,0.00020279999999999997,0.11184129714965821,0.000596073642373085,0.003043212890625,0.9999497007192797,41.245158694230675,704972.2998983932,-0.000352230342105031,0.0020310524851083755,-1.053354835510254,0.002408624067902565,0.01624755859375
164,134348800,0.00020219999999999995,0.11239908218383789,0.0005489909648895264,0.00283203125,1.0,41.06704050468132,708026.321668139,-0.00036594378761947157,0.00210135355591774,-1.0659650802612304,0.002256336435675621,0.014466552436351776
165,135168000,0.00020159999999999997,0.11218507766723633,0.0005665350705385208,0.002979736328125,1.0,40.94884232634895,710174.1719530853,-0.0003877177834510803,0.0021924763917922975,-1.0782301902770997,0.0022980133071541786,0.014601561427116393
166,135987200,0.00020099999999999995,0.11219710350036621,0.0005075012147426605,0.002890625,1.0,41.08690631589517,702770.5569896195,-0.00047878744080662725,0.001895277388393879,-1.0910862922668456,0.0023164987564086915,0.013802854716777802
167,136806400,0.00020039999999999997,0.11204490661621094,0.0005597173050045967,0.003038330078125,1.0,40.98217772215269,707477.2482593615,-0.00042701857164502145,0.0020653782412409782,-1.1004571914672852,0.002240835875272751,0.014072999358177185
168,137625600,0.00019979999999999995,0.11211747169494629,0.0005763214826583862,0.00310302734375,1.0,41.00615893044915,712140.9398585816,-0.00033641583286225796,0.0019884215667843818,-1.1094499588012696,0.0021178100258111955,0.012755860388278962
169,138444800,0.00019919999999999996,0.112169771194458,0.0006124221161007881,0.0033740234375,1.0,41.066896827779445,717122.7090537981,-0.00028126519173383714,0.0020414261147379876,-1.1199676513671875,0.002124636061489582,0.01352880746126175
170,139264000,0.00019859999999999995,0.11226020812988281,0.0005627040565013886,0.0030126953125,1.0,40.993152054383685,713822.5138280697,-0.0003336494322866201,0.002048802562057972,-1.1336328506469726,0.0023198023438453673,0.014630740880966187
171,140083200,0.00019799999999999996,0.11225799560546874,0.0005748529732227326,0.003065185546875,1.0,40.88591443582687,702281.9257712625,-0.0002863191766664386,0.0022248124703764917,-1.1477306365966797,0.0023799782618880274,0.015736570954322814
172,140902400,0.00019739999999999995,0.11176031112670898,0.0006502389907836914,0.00337158203125,1.0,41.14687987127269,708041.2483040087,-0.00038874410092830657,0.0023672480136156084,-1.159673023223877,0.0021499671041965485,0.01266516000032425
173,141721600,0.00019679999999999999,0.11196756362915039,0.0005625475198030472,0.002938232421875,1.0,41.065148703545816,708275.4565416067,-0.000304065877571702,0.0021015722304582596,-1.171097755432129,0.002264537289738655,0.014648190140724182
174,142540800,0.0001962,0.11178035736083984,0.0005734636634588242,0.002877197265625,1.0,41.07476259860323,711689.6110136611,-0.00034307106398046017,0.0021943880245089533,-1.1828615188598632,0.002132229693233967,0.013276611268520356
175,143360000,0.00019559999999999998,0.11212804794311523,0.0005591665208339691,0.0029345703125,1.0,41.043115090281596,709929.0097007212,-0.0002958499826490879,0.001966014876961708,-1.19662504196167,0.00228746198117733,0.014399658143520355
176,144179200,0.000195,0.11179530143737793,0.0006035730987787247,0.003052978515625,0.9999499599679744,41.04078262610088,709015.7443007528,-0.00027407498564571144,0.0022592853754758837,-1.2090959548950195,0.002363322302699089,0.016150999069213866
177,144998400,0.00019439999999999998,0.11203660011291504,0.0005494872853159904,0.002872314453125,1.0,41.003412113001154,707028.6686497496,-0.00045991889201104643,0.0021841397508978845,-1.221010398864746,0.002576920948922634,0.017479367554187775
178,145817600,0.0001938,0.11226184844970703,0.000490194708108902,0.002607421875,0.9999498696611189,41.04085622618809,711704.9998703535,-0.0003035110654309392,0.001855681836605072,-1.231864833831787,0.0021783508360385894,0.012840819358825684
179,146636800,0.00019319999999999998,0.11216529846191406,0.0005227891355752945,0.0029541015625,0.99989986983078,41.16105937719035,708528.3997172087,-0.0003047469770535827,0.0018385203555226326,-1.242026424407959,0.0022227175533771513,0.015072757005691528
180,147456000,0.0001926,0.1120756721496582,0.000554606169462204,0.002808837890625,1.0,41.04730136436597,695000.5984387278,-0.0002781086368486285,0.0022875279188156127,-1.2528841972351075,0.002291414327919483,0.014259639382362365
181,148275200,0.00019199999999999998,0.11222178459167481,0.0005614608153700828,0.00288818359375,0.9998995277805687,41.2103888274892,707787.3539578371,-0.0003363049356266856,0.0021810131147503853,-1.2636428833007813,0.002316984161734581,0.015288692712783814
182,149094400,0.0001914,0.11241418838500977,0.0004323557019233704,0.002427978515625,1.0,41.012767875025034,707499.1400888117,-0.00038809007965028285,0.0018537798896431923,-1.2739763259887695,0.002059847116470337,0.012626342475414276
183,149913600,0.00019079999999999998,0.1122093677520752,0.000475865826010704,0.002647705078125,1.0,40.85703607733706,714245.4688659963,-0.0003842540085315704,0.0018054183572530746,-1.2877038955688476,0.002199150063097477,0.013244751095771789
184,150732800,0.0001902,0.1124502182006836,0.0004829808324575424,0.00263671875,1.0,40.89864289648956,712760.4827204889,-0.00026321897748857734,0.001800827868282795,-1.3022499084472656,0.0021581856533885004,0.013472290337085724
185,151552000,0.00018959999999999997,0.11228238105773926,0.0005045861750841141,0.002724609375,0.9999498596068993,41.057811873245086,701786.6407298503,-0.00041454462334513666,0.002081145904958248,-1.3154899597167968,0.0022384172305464746,0.013860473036766052
186,152371200,0.00018899999999999999,0.11222620964050294,0.00048529762774705886,0.002611083984375,1.0,40.94436120267706,709014.6907282162,-0.00029698803555220363,0.0018188027665019036,-1.3254277229309082,0.0022217810153961183,0.015149414539337158
187,153190400,0.00018839999999999997,0.11277145385742188,0.0004758498072624207,0.002568359375,0.9998504337421478,41.06306710539435,714945.8802966104,-0.00030669940169900654,0.0018953675404191016,-1.3350525856018067,0.0023087965324521064,0.014678585529327392
188,154009600,0.00018779999999999998,0.11234258651733399,0.0005157319083809853,0.002662353515625,1.0,40.98968761004075,714061.474256933,-0.000378546305000782,0.0028994664549827575,-1.3440646171569823,0.0020818710327148438,0.012855955958366394
189,154828800,0.0001872,0.11254021644592285,0.00042095694690942766,0.002564697265625,1.0,40.85259381073404,710445.9252304925,-0.0004508831538259983,0.0018265074118971824,-1.3528820991516113,0.002308117412030697,0.015164920687675476
190,155648000,0.00018659999999999998,0.1126426887512207,0.00048688173294067385,0.002529296875,1.0,40.98226630598136,704946.0112162184,-0.0003256220603361726,0.0018950562924146652,-1.3632681846618653,0.002094852924346924,0.013299684226512908
191,156467200,0.000186,0.11250036239624023,0.000495605356991291,0.0026708984375,0.9999499749874937,40.99479739869935,707479.1129754953,-0.0004206920973956585,0.0021367795765399934,-1.3760509490966797,0.0024258922785520554,0.01668139696121216
192,157286400,0.00018539999999999998,0.11251981735229492,0.0005295595154166221,0.002838134765625,0.9998999299509657,40.99419593715601,712367.9965850301,-0.0004150041379034519,0.002129233069717884,-1.3867161750793457,0.0023485301062464714,0.016143795847892762
193,158105600,0.0001848,0.1126546573638916,0.0004154648631811142,0.002161865234375,0.9999502289468445,40.930320525582324,708467.9273098178,-0.00038470022846013305,0.0018071195110678673,-1.3997528076171875,0.0022967692464590074,0.014838869869709014
194,158924800,0.00018419999999999998,0.11252407073974609,0.00045110613107681276,0.002362060546875,1.0,40.79586846963724,708387.079300716,-0.0004619474057108164,0.0019946519285440447,-1.4109685897827149,0.0022181272506713867,0.013751710951328277
195,159744000,0.0001836,0.11230137825012207,0.00041453372687101365,0.00223876953125,1.0,40.911723517055115,707884.3866529071,-0.00038546284195035697,0.0017971640452742576,-1.4212401390075684,0.0023957183584570885,0.015949465334415436
196,160563200,0.00018299999999999998,0.11260551452636719,0.000494341105222702,0.00262939453125,0.9999500099980004,41.0494401119776,711080.7612062653,-0.00018812085036188365,0.0028811220079660417,-1.4320565223693849,0.0022945737466216086,0.015898805856704713
197,161382400,0.0001824,0.11257415771484375,0.0005118217691779136,0.002633056640625,1.0,40.84060787244644,710673.3535935968,-0.0003458991181105375,0.0020476656034588816,-1.442555046081543,0.00252972599118948,0.018056397140026093
198,162201600,0.00018179999999999997,0.11213726997375488,0.00046190902590751646,0.002362060546875,1.0,40.80554585806194,707220.0966837477,-0.00034854842815548184,0.0019738458096981047,-1.4549640655517577,0.002358013950288296,0.016026121377944947
199,163020800,0.00018119999999999999,0.11242046356201171,0.00046924956142902375,0.0024853515625,1.0,40.87670343932511,707098.6691781501,-0.00036447625607252123,0.0020742736756801604,-1.465510082244873,0.002424483746290207,0.01687279939651489
200,163840000,0.00018059999999999997,0.11267794609069824,0.0004183562844991684,0.002276611328125,1.0,40.89673098070579,711512.789068445,-0.0004731878638267517,0.0018134912475943565,-1.4750187873840332,0.0024549514055252075,0.01678698807954788
201,164659200,0.00017999999999999998,0.11238252639770507,0.0004767537117004395,0.00250244140625,1.0,40.84986274020464,713806.9355144381,-0.00026076757349073886,0.0020511748269200327,-1.4849156379699706,0.002433403767645359,0.017654050886631013
202,165478400,0.00017939999999999997,0.11244665145874023,0.0004424677789211273,0.002498779296875,0.9999005272058092,40.892072018303,714060.4696889265,-0.0002503461204469204,0.001859877072274685,-1.4933341979980468,0.0024693500250577926,0.01769079566001892
203,166297600,0.00017879999999999998,0.11227588653564453,0.0005189264565706253,0.002445068359375,0.9999000299910027,40.834699590122966,708748.6671806306,-0.00034545883536338804,0.0018742099404335023,-1.5013171195983888,0.002555118128657341,0.018546876311302186
204,167116800,0.00017819999999999997,0.11284872055053712,0.00038516193628311155,0.00233642578125,0.999949947444817,40.9809299764753,699089.1736488057,-0.00029969820752739906,0.0016435056924819947,-1.5108476638793946,0.0022647835314273832,0.014603392779827118
205,167936000,0.0001776,0.11264305114746094,0.0004823903739452362,0.00249267578125,1.0,40.935834205151195,714060.9695089792,-0.0003375530708581209,0.0019074603915214539,-1.5243213653564454,0.0021590789780020713,0.01336340606212616
206,168755200,0.00017700000000000002,0.11280720710754394,0.00046623334288597106,0.00243408203125,0.9999500624219725,40.83705368289638,709004.6036512044,-0.00034684177953749897,0.0020047836005687714,-1.537741756439209,0.0023684371262788773,0.01573852449655533
207,169574400,0.0001764,0.112559814453125,0.0004703886806964874,0.0026171875,1.0,40.68548828416497,711032.7679187227,-0.0003410120960325003,0.002005988731980324,-1.546803092956543,0.0021059777587652206,0.012756346166133881
208,170393600,0.00017580000000000002,0.11278307914733887,0.0004451772943139076,0.002501220703125,0.9999001547601218,40.897758474364736,708974.1424236528,-0.0004296967294067144,0.0025922609493136406,-1.5564414978027343,0.002267279848456383,0.01467614620923996
209,171212800,0.0001752,0.11259509086608886,0.0005200514197349548,0.00274658203125,0.999950089838291,40.9239369135556,709729.4255808011,-0.00038812209386378526,0.0019608400762081146,-1.5644290924072266,0.0022827427834272384,0.015427123010158538
210,172032000,0.00017460000000000002,0.11284116744995117,0.0003918670862913132,0.00234130859375,1.0,40.83502639179365,713873.3231568761,-0.0002396026160567999,0.0016438260674476624,-1.5720239639282227,0.0022451009601354597,0.014469483494758606
211,172851200,0.000174,0.11255851745605469,0.000423189252614975,0.00242431640625,1.0,40.934983745936485,711400.3416973939,-0.0003497367724776268,0.0018432749435305595,-1.5825321197509765,0.002252166345715523,0.015013915300369263
212,173670400,0.0001734,0.1126685905456543,0.00041364438831806185,0.002547607421875,0.9999500948198423,40.82682902485278,710399.929870474,-0.00024291351437568664,0.0016157137230038642,-1.5948735237121583,0.0025598317384719848,0.018441405892372132
213,174489600,0.0001728,0.11268424987792969,0.0005067995563149452,0.00276611328125,1.0,40.80413601113541,712533.5327602549,-0.0003160246415063739,0.0018604397773742676,-1.6056230545043946,0.0022597279399633407,0.015248900651931763
214,175308800,0.0001722,0.11239505767822265,0.00045188724994659423,0.002431640625,0.9999006507376683,40.807560478863444,715051.2619588582,-0.0003609186038374901,0.0019118502736091615,-1.617373275756836,0.0022441744804382324,0.01458190530538559
215,176128000,0.0001716,0.11248985290527344,0.0004507735371589661,0.002432861328125,0.999950069902137,40.88536049530657,713870.8633250609,-0.0003138687228783965,0.0020173115655779837,-1.6273849487304688,0.0023691659793257714,0.016147460043430328
216,176947200,0.000171,0.11282949447631836,0.00047306723892688753,0.002470703125,1.0,40.87356436632378,710925.576260486,-0.0002840620931237936,0.00198734886944294,-1.6370183944702148,0.002438065409660339,0.01799279749393463
217,177766400,0.0001704,0.11271275520324707,0.00045043818652629853,0.00236328125,1.0,40.83221978460311,710857.0136815705,-0.00041597289964556694,0.0018141239881515503,-1.6441616058349608,0.00230701994150877,0.015313719213008881
218,178585600,0.0001698,0.11280841827392578,0.00048076514154672624,0.002537841796875,0.9999502413295517,40.794148380355274,713517.4965510659,-0.00023896116763353348,0.0019855840131640435,-1.6494157791137696,0.002400617301464081,0.016365234553813935
219,179404800,0.0001692,0.11297017097473144,0.00040367983281612395,0.002265625,1.0,40.806231306081756,710049.1161823389,-0.00033884274307638407,0.0016195766627788543,-1.6594112396240235,0.0025852566584944727,0.01825244426727295
220,180224000,0.0001686,0.11265626907348633,0.0003889022767543793,0.002357177734375,1.0,40.738446950793495,710590.6132808811,-0.0003374472493305802,0.0016665440052747726,-1.6671461105346679,0.0022605322301387787,0.01477355808019638
221,181043200,0.000168,0.11281977653503418,0.00043281808495521546,0.00239501953125,1.0,40.83019713261649,708701.4946459586,-0.00023523182608187199,0.0019348872825503348,-1.673899269104004,0.0023124672472476957,0.016466796398162842
222,181862400,0.0001674,0.11249004364013672,0.00045689787715673445,0.002462158203125,0.9999500224898795,40.96546554050677,716301.8602138152,-0.00023229082580655813,0.0018110688775777816,-1.68321533203125,0.002146499790251255,0.013991700112819671
223,182681600,0.0001668,0.11304500579833984,0.00038289643824100493,0.00225830078125,0.9999002394253791,40.93959497206704,703067.1652697107,-0.00033328353893011806,0.0015426808036863803,-1.6945878982543945,0.002156912349164486,0.013158203661441803
224,183500800,0.0001662,0.11314605712890625,0.0003974372148513794,0.002274169921875,1.0,40.67983088783885,703801.3241504213,-0.00029669865034520626,0.0017098337411880493,-1.7063121795654297,0.002385379932820797,0.01593566983938217
225,184320000,0.0001656,0.11325319290161133,0.00035569790750741956,0.00201171875,0.9999500948198423,40.8985427687394,700168.4769312951,-0.0003907735459506512,0.001467367075383663,-1.7162614822387696,0.002474251203238964,0.016953492164611818
226,185139200,0.000165,0.1128873348236084,0.0004109828546643257,0.002314453125,0.9999502140794583,40.77919944239769,699974.4016639607,-0.00030331825837492943,0.0016876323148608207,-1.727181625366211,0.0023837877437472344,0.017048339545726775
227,185958400,0.0001644,0.1128923225402832,0.0004471428319811821,0.002421875,1.0,40.84254831639769,699969.7341060846,-0.0003370920894667506,0.0018177704885601997,-1.7385847091674804,0.002211892232298851,0.014567750692367553
228,186777600,0.0001638,0.11269701004028321,0.0003826294094324112,0.0022119140625,1.0,40.8434138776327,706190.3838799411,-0.0002888430142775178,0.0016678133979439735,-1.7489496231079102,0.002353174611926079,0.016874025762081146
229,187596800,0.0001632,0.11310539245605469,0.0003539462387561798,0.002110595703125,0.9999501694239585,40.82658959537572,703547.4446998425,-0.00028991890139877795,0.0016448358073830605,-1.7603046417236328,0.00250721275806427,0.016923338174819946
230,188416000,0.0001626,0.11314042091369629,0.0004216247797012329,0.002359619140625,0.9999503992857497,40.69803085164426,701365.4674542703,-0.00033211223781108855,0.00174575075507164,-1.7675090789794923,0.0022155344486236572,0.014118771255016326
231,189235200,0.000162,0.11308252334594726,0.00044896498322486876,0.00251708984375,0.9999502413295517,40.77115987460815,700526.6538855658,-0.0002212364925071597,0.0016377566382288933,-1.7771163940429688,0.002258154936134815,0.014896728098392487
232,190054400,0.0001614,0.11264933586120605,0.0004226318746805191,0.002431640625,0.9999003835234348,40.89017283458684,700335.0856324873,-0.00031471317633986474,0.001656547747552395,-1.7869844436645508,0.002315115928649902,0.014769409596920014
233,190873600,0.0001608,0.11324316024780273,0.0004291081428527832,0.002464599609375,0.9999501818362975,40.739650276490806,704120.8916971841,-0.00030041220597922804,0.0023373087868094446,-1.7962955474853515,0.0023294739425182343,0.016151855885982513
234,191692800,0.0001602,0.1130872631072998,0.000391235277056694,0.002392578125,1.0,40.70962455303933,705044.5024103097,-0.0001563725294545293,0.0015520745888352393,-1.8089073181152344,0.0028842857107520105,0.025135621428489685
235,192512000,0.0001596,0.11314468383789063,0.0004658130556344986,0.002657470703125,0.9999502734957733,40.78547986076579,705573.373220476,-0.0002149897161871195,0.0020448606461286544,-1.821139144897461,0.002323291078209877,0.016472530364990235
236,193331200,0.000159,0.11312763214111328,0.00039869334548711774,0.00247314453125,1.0,40.746000099685986,710102.7534747549,-0.0003279640804976225,0.0018080897629261018,-1.8348913192749023,0.002400367707014084,0.016081546247005463
237,194150400,0.0001584,0.11324475288391113,0.000386565625667572,0.0023681640625,0.9999503598907917,40.8253164556962,711146.9270096183,-0.00030858702957630156,0.0015888417139649392,-1.8473560333251953,0.0023853905498981477,0.015736818313598633
238,194969600,0.0001578,0.11288765907287597,0.0004488832503557205,0.002625732421875,1.0,40.71210235475681,717492.686558539,-0.0002458751667290926,0.0018337590619921685,-1.8580312728881836,0.0025445180013775825,0.018377193808555604
239,195788800,0.0001572,0.11333052635192871,0.00043431036174297334,0.002537841796875,0.9999501694239585,40.85554116005581,715126.582272365,-0.0003223851788789034,0.0016510961577296257,-1.8706352233886718,0.002474512718617916,0.017905151844024657
240,196608000,0.00015659999999999998,0.11306238174438477,0.0003821219503879547,0.002384033203125,0.999950206642434,40.70661753722054,711899.2448426924,-0.0002600257517769933,0.001626783050596714,-1.8803045272827148,0.0023701274767518044,0.01722387820482254
241,197427200,0.000156,0.11324478149414062,0.00047448568046092987,0.0026025390625,1.0,40.644677363270574,703154.2976719986,-0.0003817173419520259,0.0017813505604863168,-1.889366912841797,0.0021898439154028893,0.013681519031524658
242,198246400,0.00015539999999999998,0.1130144214630127,0.00038874614983797073,0.002396240234375,1.0,40.67462405082138,705486.5375649247,-0.0003554581431671977,0.0015164148062467575,-1.8966192245483398,0.002227533608675003,0.015312868356704711
243,199065600,0.0001548,0.11286206245422363,0.0003811242431402206,0.002442626953125,0.9999500649156097,40.82937181663837,711161.2485437284,-0.00030934300739318135,0.0015637820586562156,-1.9050596237182618,0.0024844249710440636,0.016826170682907104
244,199884800,0.00015419999999999998,0.11311309814453124,0.00039837002754211426,0.002503662109375,0.9999006704742985,40.77447231189471,708838.7040577232,-0.0002958308905363083,0.0014456845819950104,-1.9138633728027343,0.0025032810866832734,0.01873938590288162
245,200704000,0.0001536,0.11308115005493163,0.00044609144330024717,0.002420654296875,1.0,40.57307101442093,708242.1830931666,-0.00046355589292943475,0.0016923287883400917,-1.9233341217041016,0.002442831918597221,0.016337889432907104
246,201523200,0.00015299999999999998,0.11285799980163574,0.0004350975900888443,0.0024853515625,0.9999502809128424,40.709789688261324,703658.977785866,-0.00046332571655511857,0.0017128260806202888,-1.9339632034301757,0.002390138618648052,0.016849486529827117
247,202342400,0.0001524,0.11325738906860351,0.00047473937273025514,0.0026611328125,1.0,40.69825448775166,711866.9129115015,-0.0003313283668830991,0.0016814090311527252,-1.9438714981079102,0.0024347588419914245,0.01748595982789993
248,203161600,0.00015179999999999998,0.11317667007446289,0.0003871726989746094,0.002298583984375,0.9999505073001732,40.57574857708488,710918.1092476846,-0.00021412726491689681,0.0017684416845440865,-1.9546194076538086,0.0025855254381895064,0.018888428807258606
249,203980800,0.0001512,0.11326461791992187,0.00037894569337368014,0.0025146484375,0.999950206642434,40.76397948513668,709119.2984391612,-0.0002880362793803215,0.0014207271859049797,-1.9667415618896484,0.002402536943554878,0.016123539209365843
250,204800000,0.00015059999999999997,0.11335235595703125,0.0004246810078620911,0.002454833984375,1.0,40.6545175047109,706804.3918937356,-0.00032307589426636694,0.0015505408868193627,-1.9772462844848633,0.002563103474676609,0.018685178458690645
251,205619200,0.00015,0.11322036743164063,0.00044356610625982283,0.002591552734375,1.0,40.53293797874969,708601.043825888,-0.00031027868390083314,0.0018944460898637772,-1.9858785629272462,0.0023119304329156875,0.015963746607303618
252,206438400,0.0001494,0.11344426155090331,0.0004204940050840378,0.002520751953125,1.0,40.55085924307142,711415.7075460175,-0.00026025637052953245,0.0015806151553988458,-1.9930553436279297,0.0024436473846435546,0.017422237992286684
253,207257600,0.00014879999999999998,0.11312707901000976,0.0003888560086488724,0.00251708984375,0.9999504312481412,40.60563101021116,711597.4392203238,-0.00023613208904862403,0.001580461673438549,-2.002792739868164,0.002364247478544712,0.015973146259784698
254,208076800,0.0001482,0.11306861877441406,0.0004839549958705902,0.00281005859375,0.9999502759683755,40.67878275570583,711259.348770295,-0.00015445832395926117,0.0023852907121181487,-2.0121625900268554,0.0024219980463385583,0.01677880585193634
255,208896000,0.00014759999999999998,0.11288919448852539,0.0004862917959690094,0.002886962890625,0.9999007444168735,40.65880893300248,710602.0572795747,-0.00032693776302039623,0.001991254836320877,-2.0192642211914062,0.002558726631104946,0.018898558616638184
256,209715200,0.000147,0.11335142135620117,0.00038253642618656157,0.002540283203125,0.9999503746712322,40.64830529502258,715711.2669571871,-0.00029224681202322245,0.0015045165084302426,-2.025930404663086,0.0022877233102917673,0.015381714701652527
257,210534400,0.00014639999999999998,0.11349199295043945,0.00039400432258844374,0.0025927734375,0.9999506684426027,40.502787232992944,713617.0865662207,-0.00033349141012877225,0.0014360517263412476,-2.0331756591796877,0.0023193610832095146,0.015605591237545013
258,211353600,0.0001458,0.11321552276611328,0.00036324188113212585,0.002286376953125,0.9999500249875063,40.7975512243878,712065.3119998085,-0.00034197154454886915,0.0014813316985964776,-2.0406826019287108,0.002282017469406128,0.015419796109199524
259,212172800,0.00014519999999999998,0.11294466972351075,0.0004211956262588501,0.0026025390625,0.9999006902030886,40.818858930433485,701950.0921342546,-0.00029517628718167543,0.0015575314871966838,-2.050540542602539,0.002237093076109886,0.015017330646514893
260,212992000,0.0001446,0.11318625450134277,0.000414697490632534,0.002626953125,1.0,40.651267801319904,697272.7142360287,-0.00034779668785631654,0.001647602953016758,-2.0592672348022463,0.002253443747758865,0.014550048112869262
261,213811200,0.00014399999999999998,0.11323524475097656,0.0004986903816461563,0.002720947265625,0.9999505024006335,40.53962282829283,705392.6629377744,-0.0003531494177877903,0.002071134001016617,-2.0676929473876955,0.0024603987112641335,0.017995119094848633
262,214630400,0.0001434,0.11319433212280273,0.0004186268150806427,0.00262451171875,0.999950544015826,40.50138476755687,705927.9436979094,-0.00023493568878620862,0.0018860744312405586,-2.077312469482422,0.0022217344492673876,0.014590457081794739
263,215449600,0.00014279999999999997,0.11305965423583984,0.00042656295001506804,0.002503662109375,0.9999503672821124,40.582390311693466,703737.6129200354,-0.00016068326076492667,0.0016859222203493118,-2.0855745315551757,0.0026271600276231767,0.021131226420402528
264,216268800,0.0001422,0.1130399227142334,0.0004088861867785454,0.002525634765625,1.0,40.63087481971453,702448.9465929432,-0.00033915296662598846,0.0016756836324930192,-2.092868423461914,0.0022159527987241747,0.014593872427940368
265,217088000,0.00014159999999999997,0.11324295043945312,0.00043839652091264724,0.002620849609375,0.9999004975124378,40.757462686567166,697515.8342306522,-0.0002511263592168689,0.0016057059168815614,-2.1003049850463866,0.002627277374267578,0.020183107256889342
266,217907200,0.00014099999999999998,0.11296783447265625,0.00041363898664712904,0.00266357421875,1.0,40.59680935394372,706672.0390506599,-0.0003237548051401973,0.0017826521769165992,-2.1078556060791014,0.0023577095940709113,0.017081663012504578
267,218726400,0.00014039999999999997,0.11318844795227051,0.0004064223915338516,0.00257080078125,0.9997515281021716,40.82105053918402,707390.3343463051,-0.00032249428331851957,0.0016879813745617866,-2.114422416687012,0.002149567753076553,0.014293211698532104
268,219545600,0.00013979999999999998,0.11305681228637696,0.00043575245887041093,0.00261962890625,0.9999506148451776,40.54427379129834,705484.7878746856,-0.00020139117259532213,0.001602327823638916,-2.120693588256836,0.002539226785302162,0.01869482100009918
269,220364800,0.00013919999999999997,0.1133861255645752,0.00041283491998910903,0.00259521484375,1.0,40.62111276701441,703443.9494369612,-0.00018758395453915,0.0016493003815412522,-2.1283355712890626,0.00203932486474514,0.012472291290760041
270,221184000,0.00013859999999999998,0.11332991600036621,0.0004708590358495712,0.00262451171875,0.9999010439859483,40.686507347484046,703876.8391264323,-0.00032496205531060693,0.002083478681743145,-2.1346059799194337,0.0024230796843767166,0.017894895374774934
271,222003200,0.00013799999999999997,0.11325787544250489,0.000372886061668396,0.00230224609375,0.9999503006808806,40.63083345758163,711099.445911185,-0.00028341037686914207,0.0026909628883004188,-2.1396869659423827,0.0022024711593985557,0.01372106820344925
272,222822400,0.00013739999999999998,0.11375956535339356,0.0003661195933818817,0.002265625,1.0,40.658327128319684,715942.9535417447,-0.00023502132389694453,0.0016308562830090524,-2.149776077270508,0.0024485722184181213,0.017853765189647673
273,223641600,0.00013679999999999996,0.11314659118652344,0.0003792029619216919,0.00229248046875,1.0,40.61830734081653,712941.4253272717,-0.0002078427467495203,0.0016134755685925483,-2.159626770019531,0.0023590575903654097,0.016783082485198976
274,224460800,0.00013619999999999998,0.11294784545898437,0.0003982505202293396,0.00225830078125,0.9999503253688341,40.681039193283986,711490.2366679035,-0.00015761444810777903,0.0018122870475053786,-2.1661251068115233,0.002242276258766651,0.01492895483970642
275,225280000,0.00013559999999999996,0.11329153060913086,0.000309747438877821,0.001961669921875,0.9999011466982998,40.6414590747331,716674.8333307642,-0.0002553896512836218,0.0014604172669351102,-2.1736812591552734,0.002215461619198322,0.014234618842601776
276,226099200,0.00013499999999999997,0.11316267013549805,0.00038184985518455503,0.0023779296875,0.9999500474549178,40.69888605824467,714936.5179048281,-0.00021605179645121098,0.0016296962276101112,-2.1823116302490235,0.0022163020446896555,0.014524535834789276
277,226918400,0.0001344,0.11313581466674805,0.00039457112550735475,0.00252685546875,0.9999504827927704,40.64184204010894,710310.448853415,-0.0003903750330209732,0.0014678820036351681,-2.191079330444336,0.0021793309599161146,0.013390378654003143
278,227737600,0.00013379999999999997,0.1133653450012207,0.00040210403501987456,0.00255615234375,0.9999505342303127,40.47388207360507,706881.1929290862,-0.00018575831782072783,0.0016894085332751275,-2.1998334884643556,0.0026419376954436302,0.02024487406015396
279,228556800,0.00013319999999999999,0.11326828956604004,0.0004050914943218231,0.002559814453125,0.9999504017458586,40.62136692788414,699398.1215013945,-0.00035912669263780115,0.0016271688044071197,-2.2072463989257813,0.0023128071799874304,0.015723875164985655
280,229376000,0.00013259999999999997,0.11327674865722656,0.000450328066945076,0.002794189453125,0.9999503598907917,40.64482501861504,713283.4040426484,-0.00024274254683405162,0.001994509622454643,-2.218856430053711,0.0027180468663573266,0.021818234026432036
281,230195200,0.00013199999999999998,0.11312023162841797,0.00039423536509275436,0.00252685546875,0.9998508946322068,40.76500994035785,711866.5274920007,-0.0002783928764984012,0.001513866614550352,-2.228934669494629,0.0022386603057384493,0.014406983554363251
282,231014400,0.00013139999999999997,0.1134495735168457,0.00038459248840808866,0.002686767578125,0.9999008477517227,40.69798225174756,708557.7745761578,-0.00045805033296346663,0.0014742727391421795,-2.2387550354003904,0.0023116514086723326,0.014951537549495696
283,231833600,0.0001308,0.11349796295166016,0.0003308415412902832,0.002374267578125,0.99990091652217,40.68912558830815,706728.532816691,-0.00030722897499799726,0.0014843194745481013,-2.2476720809936523,0.0025568660348653793,0.01773095577955246
284,232652800,0.0001302,0.11326431274414063,0.00037317659705877305,0.002578125,1.0,40.4686710584972,713189.4654308145,-0.000334422686137259,0.0014559554867446423,-2.256994438171387,0.0024061784148216247,0.016471803188323975
285,233472000,0.0001296,0.11360792160034179,0.0003515259176492691,0.002208251953125,1.0,40.581766777441594,712401.5963779861,-0.0004191878717392683,0.0015267634764313698,-2.267596626281738,0.00227778572589159,0.014968994259834289
286,234291200,0.000129,0.11352689743041992,0.0003058620914816856,0.002139892578125,0.9999503475670308,40.668172790466734,708936.6903379811,-0.00041961269453167916,0.0014109767973423005,-2.2762752532958985,0.002372981980443001,0.01588451862335205
287,235110400,0.0001284,0.11321242332458496,0.0004132261127233505,0.002481689453125,1.0,40.70889098960147,707292.6975423243,-0.0003842349164187908,0.0014938807114958763,-2.284069061279297,0.002234968729317188,0.015187011659145355
288,235929600,0.0001278,0.11313474655151368,0.0003772616386413574,0.002484130859375,1.0,40.70365938777545,713697.7998040508,-0.00047269631177186965,0.0013914507813751697,-2.290049171447754,0.002292005158960819,0.015989378094673157
289,236748800,0.0001272,0.1133317756652832,0.00040965937077999117,0.0024853515625,0.9998507611182967,40.78270818823998,713808.9545223862,-0.00037261468823999164,0.0015935886651277543,-2.296712875366211,0.00236807931214571,0.01577111631631851
290,237568000,0.00012660000000000001,0.11359763145446777,0.000355372317135334,0.00221435546875,0.9999014001183198,40.52174127391047,711493.3688602633,-0.00021864960435777903,0.0014550737105309963,-2.3063400268554686,0.00246355589479208,0.017623166739940643
291,238387200,0.000126,0.1135349464416504,0.0002917011082172394,0.00210693359375,0.999851411589896,40.62694403169886,710418.1906562807,-0.00024807946756482123,0.001290643122047186,-2.3150003433227537,0.0021730557084083555,0.013916505873203278
292,239206400,0.0001254,0.11332780838012696,0.00034073587507009505,0.002325439453125,0.999950295740345,40.673244197027685,714536.3640036419,-0.000358258537016809,0.0014062855392694474,-2.322735404968262,0.002256547659635544,0.014502805471420289
293,240025600,0.0001248,0.11333959579467773,0.0003713018074631691,0.00230224609375,0.9998510279074386,40.79888767504221,714969.6004412229,-0.00027797778602689505,0.001671471819281578,-2.3307043075561524,0.002552601881325245,0.018156492710113527
294,240844800,0.0001242,0.1135618782043457,0.0003379501029849052,0.0021630859375,1.0,40.38733089760047,707794.8208455521,-0.00043376707471907137,0.0014208263717591762,-2.337651824951172,0.0021060861647129057,0.012596070766448975
295,241664000,0.0001236,0.11359594345092773,0.0003299883008003235,0.002333984375,1.0,40.53294631338692,704924.7647766079,-0.00023560693953186273,0.0014009011909365654,-2.3442630767822266,0.0023386534303426743,0.015782961249351503
296,242483200,0.000123,0.11297928810119628,0.0002800898626446724,0.002169189453125,0.9999007394907936,40.73020993597697,700699.9859451433,-0.00034875974524766206,0.001303572952747345,-2.349094009399414,0.002443060092628002,0.01809374839067459
297,243302400,0.0001224,0.11310924530029297,0.0003197009861469269,0.0021142578125,0.9999500998003992,40.74930139720559,695531.9797398177,-0.00033975078258663416,0.0013757850043475627,-2.3581157684326173,0.0023374998942017554,0.016108031570911407
298,244121600,0.00012179999999999999,0.11322935104370117,0.00034301985055208207,0.00233154296875,0.9999503894428734,40.70074911941261,701706.1142164241,-0.0002916658530011773,0.001375915203243494,-2.367397117614746,0.0024242185056209562,0.017168702185153963
299,244940800,0.00012119999999999999,0.11342670440673829,0.00037997961044311523,0.002437744140625,0.9999505415698106,40.47292150947129,703621.0896042692,-0.00035325342323631046,0.00158388689160347,-2.374534034729004,0.002312653698027134,0.0157808855175972
300,245760000,0.00012059999999999999,0.11302362442016602,0.0004180248826742172,0.0026708984375,0.9999502858563262,40.58105891126025,703318.3612595382,-0.0004293994046747684,0.0016441762447357178,-2.380776214599609,0.0021866513416171074,0.013655151426792144
301,246579200,0.00011999999999999999,0.11321397781372071,0.00035748489201068876,0.002408447265625,0.9997027053810326,40.79174511941334,701430.9903269378,-0.00030499245040118696,0.0017256490886211396,-2.3864151000976563,0.0022006085142493247,0.014880000054836274
302,247398400,0.0001194,0.11327915191650391,0.00032697856426239013,0.002406005859375,0.9999505073001732,40.686067804998764,697331.9035787366,-0.00010946809779852629,0.0018187187612056731,-2.3945240020751952,0.002896476909518242,0.02375255823135376
303,248217600,0.0001188,0.11316434860229492,0.0003670902550220489,0.002425537109375,0.9999503992857497,40.58057636029959,699794.4388469835,-0.00035006329417228697,0.0016826774924993515,-2.4029449462890624,0.002341948077082634,0.01596655398607254
304,249036800,0.0001182,0.11330037117004395,0.00039583131670951845,0.0025537109375,1.0,40.60484631808928,703579.5927344721,-0.0002610205672681332,0.0014208462089300156,-2.4098926544189454,0.00243966169655323,0.016783200204372406
305,249856000,0.0001176,0.11355907440185548,0.0003687868267297745,0.002374267578125,1.0,40.44964117792625,705480.7464614921,-0.0003347151912748814,0.0015337692573666572,-2.4174219131469727,0.0023161085322499276,0.015683352947235107
306,250675200,0.000117,0.11289532661437988,0.00040610991418361665,0.00260009765625,0.9999504312481412,40.542579557846736,708309.0050397795,-0.0003853194415569305,0.0015426444821059703,-2.4247074127197266,0.0023433554917573927,0.016788086295127867
307,251494400,0.0001164,0.11331727981567383,0.00037245344370603564,0.00255126953125,0.9998510796723753,40.6620501365103,710572.030646019,-0.0001941510709002614,0.0014057653024792671,-2.4341194152832033,0.0022985221818089484,0.016008786857128143
308,252313600,0.0001158,0.1133881664276123,0.00038822107017040254,0.002550048828125,0.9999503894428734,40.64726893883018,710740.3699273722,-0.0003100711852312088,0.0015461198054254055,-2.4415584564208985,0.0022627318277955054,0.015493284165859222
309,253132800,0.0001152,0.11334534645080567,0.00035407163202762605,0.002347412109375,0.9997529278055047,40.6630923555863,716124.828972982,-0.0003752156160771847,0.0014487463980913163,-2.4474861145019533,0.0021979225799441337,0.013914063572883606
310,253952000,0.0001146,0.11384624481201172,0.0004211413115262985,0.002664794921875,0.9999505660190815,40.544416431855254,713781.9611191574,-9.009878267534077e-05,0.0019971752539277078,-2.4567386627197267,0.0027039598673582075,0.021260131895542145
311,254771200,0.00011399999999999999,0.11353950500488282,0.0004398976638913155,0.002611083984375,0.9999503598907917,40.55398361876396,711975.4913712584,-0.00032847546972334383,0.0018700940534472465,-2.464311408996582,0.0023254357278347016,0.015760374069213868
312,255590400,0.00011339999999999999,0.11339338302612305,0.00034353848546743394,0.00243896484375,1.0,40.72030537378544,705630.240392791,-0.00015202639624476433,0.0015251492150127888,-2.470856857299805,0.0026562415063381196,0.02186291366815567
313,256409600,0.00011279999999999999,0.11357397079467774,0.0003888186439871788,0.0024951171875,0.9998016168228934,40.751227495908346,712004.4641793348,-0.00022880455944687128,0.0015272791497409344,-2.4802648544311525,0.002321983687579632,0.015153318643569946
314,257228800,0.00011219999999999999,0.11362104415893555,0.00038447111845016477,0.002501220703125,1.0,40.47436594650714,710968.375488776,-0.0003535122610628605,0.0017057526856660843,-2.48547248840332,0.0024472776800394057,0.017857299745082857
315,258048000,0.00011159999999999999,0.11313900947570801,0.0003814101964235306,0.00249755859375,1.0,40.62138814417635,708451.015966285,-0.00025969392154365776,0.0013999832794070245,-2.489860725402832,0.0024727780371904375,0.018065550923347475
316,258867200,0.00011099999999999999,0.11364969253540039,0.0003497406095266342,0.002413330078125,0.9999502883276994,40.637552197255914,697404.9000023416,-0.0003434502752497792,0.0018879726529121398,-2.4968744277954102,0.0022601550444960594,0.016020141541957855
317,259686400,0.00011039999999999999,0.1132630729675293,0.0003277246281504631,0.0024365234375,1.0,40.52151335311573,701733.7865647987,-0.0003876775037497282,0.0012886636890470982,-2.507817268371582,0.002596668340265751,0.018492308259010316
318,260505600,0.00010979999999999999,0.11320581436157226,0.00038339514285326006,0.00249267578125,0.9999009802950787,40.490890187147244,708570.4230530112,-0.0002984324237331748,0.0012716286815702914,-2.5169328689575194,0.0022606173530220985,0.01576562374830246
319,261324800,0.00010919999999999998,0.1134494400024414,0.00036784395575523377,0.0025634765625,0.9999011173736775,40.60427172945713,711691.5771777323,-0.00017150974599644542,0.0017949389293789864,-2.5226850509643555,0.002487098053097725,0.018837282061576845
320,262144000,0.00010859999999999998,0.11348185539245606,0.0003550098091363907,0.002462158203125,0.9999008772364574,40.56024185954304,710020.7510457519,-0.0003675689222291112,0.0013883320614695549,-2.5313472747802734,0.0021511854603886603,0.013504515588283538
321,262963200,0.00010799999999999998,0.11315997123718262,0.00043282628059387206,0.002735595703125,0.9999501967229444,40.68016335474874,704419.2183833239,-0.0002836874220520258,0.0016258686780929565,-2.539796829223633,0.0023885570466518403,0.01702246218919754
322,263782400,0.00010739999999999998,0.11335368156433105,0.00039993181824684145,0.002623291015625,0.9999008919722497,40.597918731417245,707365.0952966888,-0.00030420396942645314,0.0014941930770874024,-2.545549011230469,0.002179630845785141,0.013523192703723907
323,264601600,0.00010679999999999998,0.11365945816040039,0.0004236937314271927,0.002823486328125,0.9999505170963432,40.72136176950863,711130.2560531917,-0.00030385558493435384,0.001492064818739891,-2.5525075912475588,0.002268461138010025,0.014817994832992554
324,265420800,0.00010619999999999998,0.1134560775756836,0.000370078906416893,0.0025830078125,0.9999010978142617,40.471713974878845,709650.4767646976,-0.00033874583896249534,0.0013510498218238353,-2.56092529296875,0.0021787069737911223,0.014609497785568238
325,266240000,0.00010559999999999998,0.1135036849975586,0.00033858224749565123,0.0023388671875,0.999950313027924,40.59206995925668,710632.3792502976,-0.00022832504473626613,0.0014482304453849793,-2.5704414367675783,0.0023744845762848853,0.016364869475364686
326,267059200,0.00010499999999999999,0.11361726760864257,0.0004067157953977585,0.002679443359375,0.9998516907257267,40.611133082855446,709457.1189654891,-0.0002709619468078017,0.0015804063528776168,-2.5777399063110353,0.0023551097139716147,0.016075928509235383
327,267878400,0.00010439999999999999,0.1136362075805664,0.0002613411657512188,0.0023095703125,0.9999503968253968,40.60178571428571,713131.2323058882,-0.00043262471444904804,0.0011008796282112598,-2.58229923248291,0.0022421475499868394,0.014006590843200684
328,268697600,0.00010379999999999999,0.11324904441833496,0.0003918175771832466,0.00265625,0.9999504017458586,40.53060212280528,714233.2234543842,-0.0001276255352422595,0.0013545472174882889,-2.588568687438965,0.0024304909631609915,0.01801696717739105
329,269516800,0.00010319999999999999,0.11319606781005859,0.0003465424105525017,0.0025146484375,0.9999012833168806,40.597433366238896,708736.5956743103,-0.0002906254958361387,0.0015878366306424142,-2.5965688705444334,0.002337324246764183,0.015122313797473908
330,270336000,0.00010259999999999999,0.11359550476074219,0.00034449540078639984,0.002432861328125,1.0,40.499876439480055,707746.1191914551,-0.00030758422799408435,0.0014685868285596372,-2.601925849914551,0.0023321300745010377,0.016432127356529234
331,271155200,0.00010199999999999999,0.11333622932434081,0.0003812743350863457,0.00254638671875,0.9999503968253968,40.542162698412696,711165.7184006305,-0.000335023389197886,0.0015308004803955555,-2.6065126419067384,0.002212715707719326,0.014790895581245422
332,271974400,0.00010139999999999998,0.1133327293395996,0.000332498773932457,0.002386474609375,0.9999010635666584,40.56937917388078,710482.2991026252,-0.00028481928166002035,0.0012027190998196602,-2.6141889572143553,0.0025571055710315706,0.018135622143745422
333,272793600,0.00010079999999999998,0.11359672546386719,0.0003790915384888649,0.0025439453125,0.9999008084114467,40.640281704111494,708596.4885586378,-0.0001924952492117882,0.0018656596541404725,-2.6208200454711914,0.0025251075625419618,0.01872009187936783
334,273612800,0.00010019999999999998,0.11319250106811524,0.0003281773626804352,0.0023681640625,0.999901102704841,40.52702368590219,705357.8596795653,-0.00011075404472649097,0.0014751141890883446,-2.627018928527832,0.002732039801776409,0.022658565640449525
335,274432000,9.959999999999998e-05,0.11342812538146972,0.00038636431097984316,0.002557373046875,1.0,40.37980816770494,694058.7033364059,-0.00022614055778831245,0.0014636212028563023,-2.6359830856323243,0.0025430278852581977,0.01877075284719467
336,275251200,9.899999999999998e-05,0.11310868263244629,0.0004091738909482956,0.00261962890625,0.9999504361617764,40.47967882632831,711327.7252378439,-0.0002562273293733597,0.0016482084989547729,-2.64694766998291,0.002268156222999096,0.013820555806159974
337,276070400,9.839999999999998e-05,0.11326425552368163,0.0003626909852027893,0.0024462890625,0.9999503253688341,40.602900998460086,710664.6180824114,-0.00023223902098834515,0.0014574142172932626,-2.6537969589233397,0.0023552874103188516,0.015850463509559633
338,276889600,9.779999999999998e-05,0.11345820426940918,0.00033563174307346346,0.00247314453125,0.9998509612996175,40.76899001440707,708416.563254835,-0.0003392854239791632,0.0014065547846257686,-2.6597970962524413,0.0023279665037989616,0.015662717819213866
339,277708800,9.719999999999998e-05,0.1132710838317871,0.00041912373155355453,0.00256591796875,0.9998020585906572,40.66983372921615,704278.1725599733,-0.0001277579925954342,0.0016501374542713166,-2.667770767211914,0.002465413510799408,0.017966552078723906
340,278528000,9.659999999999998e-05,0.113590087890625,0.00037544935941696166,0.0025537109375,0.9998509687034277,40.64227521112767,706211.4211983563,-0.00040153446607291696,0.0015883669257164001,-2.672423553466797,0.0022972188889980316,0.01621631383895874
341,279347200,9.599999999999998e-05,0.11345758438110351,0.0003602791577577591,0.00242431640625,0.999950308089843,40.698618564897636,714207.430255762,-0.00026830271817743776,0.0015308509580790996,-2.6749340057373048,0.0023375103250145913,0.015981444716453554
342,280166400,9.539999999999997e-05,0.11320314407348633,0.00036091700196266174,0.002615966796875,0.9999506245988249,40.41781464474399,714322.7309034843,-0.00032678600400686263,0.0015324046835303307,-2.680520439147949,0.00228344202041626,0.014317262172698974
343,280985600,9.479999999999997e-05,0.11335697174072265,0.00036868028342723847,0.00255126953125,0.9998023813052714,40.58435848031224,708175.7503399588,-0.00038361314218491314,0.0013856280595064164,-2.6866567611694334,0.002218875288963318,0.013261230289936065
344,281804800,9.419999999999997e-05,0.11339305877685547,0.0003592481464147568,0.00254150390625,0.9999006309931933,40.631887514284294,709924.1856653111,-0.0003670884994789958,0.0013911953195929528,-2.69213924407959,0.002173882909119129,0.014007079601287841
345,282624000,9.360000000000001e-05,0.11369807243347169,0.0003579013794660568,0.0025146484375,0.9999010146003464,40.605295718881464,714636.9767549287,-0.00029881605878472327,0.0026119126006960867,-2.696463394165039,0.00218622162938118,0.014671139419078827
346,283443200,9.300000000000001e-05,0.11346444129943847,0.00039547741413116456,0.002568359375,0.9998516467213926,40.57595687864702,715004.2727186977,-0.00016110383439809083,0.0015327552333474158,-2.701088523864746,0.002407025545835495,0.018186888098716734
347,284262400,9.240000000000001e-05,0.1136832332611084,0.0003597286343574524,0.002464599609375,0.999900882148875,40.610615521855486,704103.5692391918,-0.0003260931698605418,0.001515469141304493,-2.7068199157714843,0.0022475164383649825,0.014823728799819946
348,285081600,9.180000000000001e-05,0.11336682319641113,0.0003614829108119011,0.00256103515625,0.9999506830398974,40.38220644079499,705773.8982850658,-0.00031769752968102694,0.0014375247992575169,-2.7139726638793946,0.0023322083055973054,0.0150629922747612
349,285900800,9.120000000000001e-05,0.1138184928894043,0.0004524016007781029,0.002904052734375,0.9999505709060353,40.46878552716129,705162.2030586782,-0.0004411071073263884,0.0015197726897895336,-2.7199146270751955,0.0021511631086468695,0.013877317309379578
350,286720000,9.06e-05,0.11394909858703613,0.00033777546137571336,0.00262939453125,0.9999506538366641,40.53747841105354,710366.9005539556,-0.0002253060694783926,0.0012504448182880878,-2.724658203125,0.0022270571440458297,0.014938841760158538
351,287539200,9e-05,0.11373945236206055,0.0003853290900588036,0.00271240234375,0.9999506221607742,40.4248469286984,707376.2901490754,-0.000337031832896173,0.0013614000752568245,-2.73270263671875,0.0020971285179257394,0.012093261629343034
352,288358400,8.94e-05,0.11364765167236328,0.00030621696263551714,0.0024560546875,0.9999506708760852,40.43236977111287,705725.8057118258,-0.0002872960641980171,0.0012649813666939735,-2.7404184341430664,0.002301943488419056,0.015277467668056488
353,289177600,8.88e-05,0.11389942169189453,0.0003648865222930908,0.00264404296875,0.9999505415698106,40.48563232602997,696276.5642349947,-0.000387433310970664,0.0014586023055016995,-2.746575927734375,0.002332470379769802,0.015846799314022064
354,289996800,8.82e-05,0.11338638305664063,0.00034752428531646727,0.00258056640625,1.0,40.44270318370575,700483.170614125,-0.0003574880072847009,0.0013811007142066956,-2.752224349975586,0.002295287698507309,0.016142816841602327
355,290816000,8.76e-05,0.1133378028869629,0.0003646007925271988,0.002701416015625,1.0,40.51913733267229,706954.5283484777,-0.00027156430296599866,0.0015657559037208558,-2.755727195739746,0.0023500481620430946,0.015938840806484222
356,291635200,8.7e-05,0.1135263442993164,0.00040845785290002825,0.0027490234375,0.999751873356161,40.70195027542057,708675.691192901,-0.00023945008870214225,0.0016212612390518188,-2.759003257751465,0.0021526888012886047,0.014272092282772065
357,292454400,8.64e-05,0.11352300643920898,0.0003400619700551033,0.002392578125,1.0,40.52535336562222,706032.31177189,-0.0003616367233917117,0.001436886377632618,-2.7643417358398437,0.002107294090092182,0.01252465695142746
358,293273600,8.58e-05,0.11343728065490723,0.0003288201242685318,0.00250244140625,0.9999010733541079,40.5620517386358,702771.0634484563,-0.00028900140896439554,0.0014777936972677707,-2.769845199584961,0.002459236979484558,0.01702246069908142
359,294092800,8.52e-05,0.11358462333679199,0.0003620613366365433,0.00258056640625,0.9999504214179474,40.45696579077838,707500.7055906089,-0.0003338741837069392,0.0014527615159749985,-2.7741493225097655,0.0025485722348093987,0.019480347633361816
360,294912000,8.46e-05,0.11376678466796875,0.0003580406680703163,0.002650146484375,0.9999011564693091,40.499703469407926,714617.8307850952,-0.00026787575334310534,0.001364167220890522,-2.780567741394043,0.002141423709690571,0.012448973953723907
361,295731200,8.4e-05,0.11339109420776367,0.0003447900712490082,0.002451171875,0.9998518445355327,40.50743246580078,715007.8661664055,-0.0001592075452208519,0.0013222902081906796,-2.787928009033203,0.0023004522547125815,0.01632702648639679
362,296550400,8.34e-05,0.11378242492675782,0.0003259164094924927,0.0024462890625,0.9999013758074856,40.41456679323438,712162.2439811045,-0.0004558767192065716,0.0012732937932014466,-2.79485969543457,0.0024749375879764557,0.01691943556070328
363,297369600,8.28e-05,0.11354409217834473,0.00042028427124023436,0.002843017578125,0.999950512198743,40.56455683673974,711132.1604855407,-0.0003061002120375633,0.0018515286967158318,-2.8000934600830076,0.002249961160123348,0.015041625499725342
364,298188800,8.22e-05,0.11373632431030273,0.0003458215296268463,0.00239013671875,0.9997536217601262,40.56735981078151,715498.2775955553,-0.00031586941331624986,0.0014187091030180455,-2.804123306274414,0.002048848755657673,0.012408445030450821
365,299008000,8.16e-05,0.11382160186767579,0.00029652535915374755,0.002440185546875,1.0,40.56710728253874,709938.7636860621,-0.0002183739561587572,0.0012325914576649666,-2.8097356796264648,0.002179515175521374,0.014595335721969605
366,299827200,8.1e-05,0.11365055084228516,0.00033061273396015165,0.002506103515625,1.0,40.45957846823669,705921.8501829194,-0.00031036133877933026,0.001284735556691885,-2.8169301986694335,0.0020708221942186355,0.012858031690120697
367,300646400,8.04e-05,0.11372890472412109,0.0003757987916469574,0.0026123046875,1.0,40.316121714257534,704550.0371827136,-0.0002854085760191083,0.001534924004226923,-2.8224603652954103,0.0022339818999171255,0.014753542840480804
368,301465600,7.98e-05,0.11390992164611817,0.00035361945629119873,0.002623291015625,1.0,40.4445868033312,703753.4294984583,-0.00036563978064805267,0.0014978842809796333,-2.8277362823486327,0.0021434076130390166,0.013267579674720763
369,302284800,7.92e-05,0.11344816207885743,0.00033510636538267133,0.002613525390625,1.0,40.39907847800238,708420.0276026389,-0.00021950709633529187,0.0015467768535017967,-2.834364318847656,0.0024025186896324156,0.01771179437637329
370,303104000,7.86e-05,0.11353649139404297,0.0003431504964828491,0.002637939453125,1.0,40.484926361569634,708737.860569114,-0.0003018562914803624,0.001396757736802101,-2.8384132385253906,0.0021739805117249487,0.013998046517372131
371,303923200,7.8e-05,0.1134737777709961,0.0003813420608639717,0.002706298828125,0.9998023031680917,40.54430880245144,706288.0131696494,-0.00017729669343680143,0.0017579879611730575,-2.843048095703125,0.002231139503419399,0.01632165163755417
372,304742400,7.74e-05,0.11368171691894531,0.00036323484033346176,0.00266845703125,0.9999506660088802,40.451406018746916,695951.9171484524,-0.00034426271449774506,0.0017186686396598815,-2.8485294342041017,0.002174844965338707,0.014414551854133605
373,305561600,7.68e-05,0.11375650405883789,0.00036244254559278486,0.0025927734375,0.9998516247094317,40.54641673673277,700031.6859042295,-0.00032010802533477545,0.0012707315385341645,-2.8533973693847656,0.002017252519726753,0.011939332634210587
374,306380800,7.62e-05,0.1136370849609375,0.0003310728073120117,0.002606201171875,0.9999009557767543,40.64081612439954,706355.9430665777,-0.00019926743116229772,0.0013279841281473637,-2.85841064453125,0.0020580649375915526,0.01254540979862213
375,307200000,7.56e-05,0.11369394302368165,0.0004014201462268829,0.0028173828125,0.9999504656231425,40.60590449772142,709474.9294516522,-0.0003643014235422015,0.0015614055097103118,-2.8621076583862304,0.0020430747419595717,0.011923462152481079
376,308019200,7.5e-05,0.11388608932495117,0.00036961466073989866,0.00279541015625,1.0,40.51619122954467,710701.5132126929,-0.0005002733319997788,0.0014347217045724392,-2.8661371231079102,0.002018450014293194,0.012114746123552322
377,308838400,7.439999999999999e-05,0.11365633010864258,0.0003720405325293541,0.00281005859375,1.0,40.3175572519084,707107.8018344517,-0.00029265841003507377,0.0014138753525912763,-2.871607780456543,0.0023217713460326195,0.015998780727386475
378,309657600,7.379999999999999e-05,0.1137003993988037,0.0003423469513654709,0.0026318359375,0.9999506635749174,40.46400907790221,710317.6184534914,-0.00045243781059980395,0.001236370950937271,-2.8776355743408204,0.0022664688527584075,0.014890870451927185
379,310476800,7.319999999999999e-05,0.11381618499755859,0.0003531048446893692,0.002650146484375,1.0,40.374265830906666,717124.0895650298,-0.0005195330828428269,0.001460077241063118,-2.8841363906860353,0.0021221064031124114,0.013746948540210724
380,311296000,7.259999999999999e-05,0.11399735450744629,0.00038070131093263625,0.0026220703125,1.0,40.47651305379747,713850.3369987506,-0.0004187038168311119,0.0014204194769263268,-2.8899778366088866,0.0023567119613289835,0.01596642881631851
381,312115200,7.199999999999999e-05,0.11337259292602539,0.00031687192618846895,0.002637939453125,1.0,40.44188460968013,711975.8335429728,-0.0003964670468121767,0.001383465062826872,-2.896168327331543,0.0022508105263113975,0.014244873821735383
382,312934400,7.139999999999999e-05,0.11390871047973633,0.0003741052746772766,0.00264404296875,1.0,40.54393429645755,705177.1609673329,-0.0004285224247723818,0.0014354007318615914,-2.902101516723633,0.0019420996308326722,0.011476439237594605
383,313753600,7.079999999999999e-05,0.11367357254028321,0.00036940984427928923,0.002562255859375,0.9999009459660244,40.5578723193502,715049.4970552246,-0.0003876275382936001,0.0014663499779999257,-2.907119941711426,0.002122219838202,0.01291564702987671
384,314572800,7.019999999999999e-05,0.11363834381103516,0.0003660164773464203,0.0026513671875,0.9999507825573383,40.37370804213013,713776.8290035592,-0.00039409478195011615,0.0014196130447089671,-2.9122522354125975,0.0019321708008646966,0.011190186440944671
385,315392000,6.959999999999998e-05,0.11363183975219726,0.0003385880589485168,0.0027197265625,1.0,40.492414883628996,711577.3777274836,-0.00023365220986306667,0.0012833038344979286,-2.917502593994141,0.00219269972294569,0.014277099072933197
386,316211200,6.899999999999998e-05,0.11364075660705567,0.00033184781670570374,0.00253173828125,0.9999010635666584,40.47509275290626,709735.0949465204,-0.0003943271469324827,0.0014093827456235885,-2.922840690612793,0.0020459877327084542,0.013086670637130737
387,317030400,6.839999999999998e-05,0.11358451843261719,0.00031768888235092165,0.0024560546875,1.0,40.48530359355638,715651.8707739091,-0.0003418642794713378,0.0013869392685592174,-2.9280979156494142,0.0021848758682608605,0.013355101644992828
388,317849600,6.779999999999998e-05,0.11341197967529297,0.000306796096265316,0.0023828125,0.9999505489071309,40.63910592424092,713884.7243793363,-0.00031844438053667544,0.0012999270111322403,-2.9336994171142576,0.0019377250224351882,0.01063208058476448
389,318668800,6.72e-05,0.11367586135864258,0.00035910382866859435,0.002677001953125,1.0,40.500593530517364,711841.2488593046,-0.00037685097195208075,0.0015338482335209846,-2.9387006759643555,0.002022760361433029,0.011840942502021789
390,319488000,6.659999999999999e-05,0.11358026504516601,0.00037295721471309663,0.0026953125,0.9999010194991587,40.56839552608136,709789.4061898739,-0.0003377386834472418,0.0013403012417256832,-2.94317512512207,0.001960827223956585,0.010783081501722335
391,320307200,6.599999999999999e-05,0.11322381973266601,0.00032520756125450136,0.0025537109375,1.0,40.6187300955414,702428.4605621774,-0.00034914989955723284,0.0013657559640705586,-2.949441146850586,0.0023117078468203544,0.01468835473060608
392,321126400,6.539999999999999e-05,0.11397263526916504,0.0003701549768447876,0.002750244140625,0.9999505709060353,40.50615392219861,714243.8166816318,-0.0001931127393618226,0.0015975255519151688,-2.9524330139160155,0.0022602571174502374,0.014629150927066802
393,321945600,6.479999999999999e-05,0.1135213851928711,0.0003630608692765236,0.002554931640625,0.9998521147589471,40.53110519570147,712361.9673422741,-0.00033266108948737383,0.001545287575572729,-2.9540475845336913,0.0021659797057509422,0.014550779759883881
394,322764800,6.419999999999999e-05,0.11318093299865722,0.000343039482831955,0.00245849609375,1.0,40.39174134772491,709794.0962286746,-0.0004703851882368326,0.001683436892926693,-2.958548355102539,0.0021864209324121476,0.014814330637454987
395,323584000,6.359999999999999e-05,0.11354396820068359,0.00036067716777324674,0.0024658203125,0.9999012394449657,40.59957532961335,713555.3496958965,-0.00031212386675179006,0.002048997953534126,-2.961067962646484,0.0020817309617996217,0.012290405482053757
396,324403200,6.299999999999999e-05,0.11352832794189453,0.00030189149081707,0.002274169921875,0.9999506440945659,40.385222841913034,713300.668643234,-0.0004891281016170979,0.0012405155226588248,-2.9647747039794923,0.0022014159709215163,0.014002440869808197
397,325222400,6.239999999999999e-05,0.11386362075805664,0.00028722476214170455,0.0023828125,0.9999504778883772,40.655028970435296,712110.1850529938,-0.00030765642877668143,0.001236237771809101,-2.9697874069213865,0.0020151665434241296,0.0115544430911541
398,326041600,6.179999999999998e-05,0.1134914493560791,0.00032039880752563474,0.002354736328125,0.999950575792023,40.41115998616122,711088.4439009653,-0.000303063215687871,0.0012929425574839115,-2.974125289916992,0.0022193238139152525,0.01384912133216858
399,326860800,6.119999999999998e-05,0.11380634307861329,0.0003066151961684227,0.002376708984375,1.0,40.4261251480458,710806.6748717356,-0.0003408333286643028,0.0012008994817733765,-2.980018424987793,0.0020792193710803984,0.012646360695362091
400,327680000,6.059999999999998e-05,0.11370269775390625,0.00034539233893156053,0.002554931640625,0.9999014972419228,40.38568754925138,708630.5173351181,-0.0004532799590379,0.00139055997133255,-2.9834064483642577,0.0020667226985096932,0.01269238293170929
401,328499200,5.999999999999998e-05,0.11359493255615234,0.000341968759894371,0.002476806640625,0.9999507292077257,40.39658060701616,708308.1604672795,-0.00033001697156578305,0.001557488366961479,-2.9858848571777346,0.0020155031234025955,0.011963502317667008
402,329318400,5.939999999999998e-05,0.11363505363464356,0.0003054450824856758,0.002369384765625,0.999950411583854,40.56649806605177,706169.2249332252,-0.0004452729132026434,0.001320010144263506,-2.9898908615112303,0.002169341780245304,0.014015993475914002
403,330137600,5.879999999999998e-05,0.1137551212310791,0.0002954821847379208,0.00233154296875,0.9999507874015748,40.43238188976378,703473.1049178358,-0.00037014903500676155,0.0012401116080582141,-2.992645263671875,0.0021637901663780212,0.01362292468547821
404,330956800,5.819999999999998e-05,0.11370532035827637,0.00031350407749414444,0.002418212890625,1.0,40.386907114624506,706382.483794735,-0.00029048989526927473,0.0013911983929574489,-2.9972003936767577,0.002082734741270542,0.01301611214876175
405,331776000,5.759999999999998e-05,0.11367712020874024,0.00032419811934232713,0.002314453125,1.0,40.43244044677276,709903.0667965944,-0.00028347522020339967,0.0016478614881634713,-3.0009302139282226,0.0021373895928263665,0.013524779677391052
406,332595200,5.6999999999999976e-05,0.11357954025268555,0.00031821466982364657,0.00235595703125,0.9999506587062713,40.493363595993486,707979.7167773636,-0.00034217159263789655,0.0013475390151143074,-3.004581260681152,0.0020676055923104287,0.012615722417831422
407,333414400,5.639999999999998e-05,0.11322463035583497,0.0003464433178305626,0.00239990234375,0.9999504410744375,40.558429973238184,705171.7669962234,-0.0004108449444174767,0.0013952580280601977,-3.009054946899414,0.0020013062283396723,0.011503902077674866
408,334233600,5.5800000000000015e-05,0.11349542617797852,0.0002920227125287056,0.00227294921875,0.9999505660190815,40.48593603242869,703754.4513049808,-0.0003472137963399291,0.001401543989777565,-3.0128900527954103,0.002082948572933674,0.012486450374126434
409,335052800,5.5200000000000014e-05,0.11352132797241211,0.0003106110915541649,0.002286376953125,1.0,40.420849229549624,706461.8031834968,-0.0004517140798270702,0.0013587602414190769,-3.0165176391601562,0.001988517493009567,0.011450684070587159
410,335872000,5.460000000000001e-05,0.11337513923645019,0.00034956671297550204,0.00229736328125,0.9999506270366347,40.48059642539745,699794.9833375413,-0.00022729537449777125,0.0015238598920404912,-3.0209083557128906,0.0020620018243789674,0.013419924676418305
411,336691200,5.400000000000001e-05,0.11358071327209472,0.0004123688116669655,0.0026123046875,0.999901273570935,40.60168822193701,709002.9461924995,-0.00036191034596413376,0.0015985157340765,-3.024318504333496,0.0019137848168611527,0.011469480395317078
412,337510400,5.340000000000001e-05,0.11349874496459961,0.0003910481184720993,0.002540283203125,0.9999006260558482,40.65552022259764,709389.4401784145,-0.00037031054962426423,0.0017637554556131363,-3.0270809173583983,0.00207405723631382,0.012025758624076843
413,338329600,5.280000000000001e-05,0.11385379791259766,0.00034604158252477647,0.002470703125,1.0,40.50014817741776,709658.9758063861,-0.00032069573644548653,0.0013431779108941555,-3.0293785095214845,0.001996379904448986,0.011992795765399933
414,339148800,5.220000000000001e-05,0.11360696792602538,0.0003009318374097347,0.002264404296875,0.999900965585541,40.55815795989106,710476.919216071,-0.00036602879408746957,0.0013227783143520354,-3.032765197753906,0.0018963813781738281,0.010470215976238251
415,339968000,5.160000000000001e-05,0.11407798767089844,0.0003742598369717598,0.002523193359375,0.9999506148451776,40.567336658600425,715175.5561889369,-0.00034852421376854183,0.0014069090597331525,-3.037697982788086,0.0018159113824367523,0.010045651346445084
416,340787200,5.1000000000000006e-05,0.11364777565002442,0.000293206088244915,0.00236083984375,0.9999506026476981,40.451393005334914,712331.1785891015,-0.00036759036593139174,0.001491362415254116,-3.041798210144043,0.001962430216372013,0.01088879480957985
417,341606400,5.0400000000000005e-05,0.11371845245361328,0.00038813609629869463,0.0025244140625,1.0,40.43609727223401,705393.1344337141,-0.0003924179822206497,0.001623370684683323,-3.0451717376708984,0.0019547412171959876,0.010509155690670013
418,342425600,4.9800000000000004e-05,0.11393975257873536,0.0002818519249558449,0.002275390625,1.0,40.513324747374675,707917.4484469983,-0.0004214528016746044,0.001170908659696579,-3.048708915710449,0.0019293693825602532,0.009552732855081559
419,343244800,4.92e-05,0.11380355834960937,0.00030034128576517105,0.002353515625,1.0,40.54706260190721,711241.504222387,-0.00037485789507627485,0.0013215497136116027,-3.0525352478027346,0.00231388695538044,0.015428344905376434
420,344064000,4.86e-05,0.11379348754882812,0.0003346559032797813,0.002432861328125,1.0,40.441650197628455,708485.0411862702,-0.00035280000884085894,0.0014117361046373845,-3.0560930252075194,0.0020032808184623717,0.01149645671248436
421,344883200,4.800000000000001e-05,0.1131952953338623,0.00030240342020988465,0.002330322265625,1.0,40.50188118811881,707101.0129284107,-0.0003639665665104985,0.001387488190084696,-3.0589696884155275,0.0018175052478909492,0.01004955992102623
422,345702400,4.740000000000001e-05,0.1138923454284668,0.00034130878746509554,0.002412109375,0.9999504361617764,40.61151863600317,704708.114230383,-0.000346316141076386,0.0013228805735707283,-3.0615394592285154,0.0019060762599110604,0.01029370203614235
423,346521600,4.6800000000000006e-05,0.11327312469482421,0.00031712830066680907,0.0024658203125,1.0,40.38469155361917,707692.6111246775,-0.00037156851030886175,0.0014158362522721291,-3.0646591186523438,0.0020108575001358984,0.01128564402461052
424,347340800,4.6200000000000005e-05,0.11358403205871583,0.00037207983434200286,0.00244873046875,0.9999504140427431,40.70655030495364,709139.8721709488,-0.0003389478893950582,0.0016022775322198867,-3.0685325622558595,0.001793782226741314,0.009527342021465301
425,348160000,4.5600000000000004e-05,0.11371712684631348,0.0003165976330637932,0.002467041015625,0.9999009508716323,40.62405903328051,707239.5400606265,-0.00041206227615475655,0.001327312644571066,-3.0707061767578123,0.0018517324700951577,0.009465575963258744
426,348979200,4.5e-05,0.11362310409545899,0.00030523788183927535,0.00234619140625,0.9999504386182286,40.62313525301085,705625.5213009515,-0.00042982781305909155,0.001366477645933628,-3.0723623275756835,0.0017827235162258149,0.009177733957767487
427,349798400,4.44e-05,0.1139199447631836,0.0002982926368713379,0.0023876953125,0.9999505782346545,40.6224177127607,704413.5059952729,-0.00035853635054081676,0.0012778007425367833,-3.074870491027832,0.001735629141330719,0.008693848550319672
428,350617600,4.38e-05,0.1136240577697754,0.0003060134872794151,0.00230224609375,1.0,40.42483337447544,695715.1569162871,-0.0003142987843602896,0.0014425245113670825,-3.0782039642333983,0.0016726257279515266,0.007875366508960724
429,351436800,4.32e-05,0.11361665725708008,0.0003138984367251396,0.0024560546875,0.9999504312481412,40.530286507385746,705891.7169940681,-0.0003252509981393814,0.0013325175270438195,-3.0815145492553713,0.001679198443889618,0.007802490144968033
430,352256000,4.26e-05,0.11352887153625488,0.0003382192552089691,0.0023291015625,1.0,40.51176354290233,712809.606463295,-0.00033579051960259677,0.0014670987613499165,-3.0840789794921877,0.0017769142985343933,0.008368895947933197
431,353075200,4.2e-05,0.11373447418212891,0.0002935289591550827,0.00243896484375,0.9999505464615993,40.5440878294842,708057.4260672745,-0.0004649227485060692,0.0012219094671308995,-3.0867753982543946,0.0018775619566440583,0.009772460907697678
432,353894400,4.14e-05,0.1136212158203125,0.00033116519451141356,0.002459716796875,1.0,40.33862538211222,704843.2466929087,-0.0004822182469069958,0.0014051205478608608,-3.0911970138549805,0.0018554173409938812,0.008499265462160111
433,354713600,4.08e-05,0.1134128761291504,0.0003184623271226883,0.00236328125,0.9999506270366347,40.43779006615977,708620.9315642837,-0.0004076867364346981,0.0013537190854549408,-3.0941949844360352,0.0019320197403430938,0.01010729894042015
434,355532800,4.02e-05,0.11407354354858398,0.00035267625004053115,0.0024462890625,1.0,40.48414814814815,715756.1404622426,-0.0004948890302330256,0.0015110038220882416,-3.096236228942871,0.0019551556557416915,0.010975951701402665
435,356352000,3.96e-05,0.1138037109375,0.00027896326035261156,0.002313232421875,1.0,40.33866837387964,705833.2624177143,-0.0004208034370094538,0.0011251332238316537,-3.0983015060424806,0.0018942534923553466,0.009652464091777802
436,357171200,3.9e-05,0.11380273818969727,0.00032416172325611115,0.0024755859375,1.0,40.27828655834564,707580.7047839225,-0.0003517193952575326,0.0012833415530622005,-3.0997289657592773,0.0018065841868519783,0.008600951731204986
437,357990400,3.84e-05,0.11360336303710937,0.00030387409031391144,0.00234375,1.0,40.42878323613719,704793.2145452816,-0.0004407820757478476,0.001259116642177105,-3.1021167755126955,0.0019034961238503455,0.008574463427066803
438,358809600,3.78e-05,0.11362878799438476,0.00032613441348075864,0.002379150390625,0.9999506951977123,40.38886697564343,709648.6220546127,-0.0004088192246854305,0.0014169206842780113,-3.105364990234375,0.0019586849957704544,0.010230346024036408
439,359628800,3.7199999999999996e-05,0.11349653244018555,0.0003493458405137062,0.002457275390625,1.0,40.57382250867625,710129.5487162374,-0.0003802357707172632,0.0012863138690590858,-3.1081516265869142,0.0018364518880844116,0.00798632726073265
440,360448000,3.6599999999999995e-05,0.11350467681884766,0.0003371129184961319,0.00233154296875,0.999900965585541,40.57454815548403,707880.8645923596,-0.0003520939499139786,0.0012507854960858821,-3.110226058959961,0.0015892338007688523,0.00710778683423996
441,361267200,3.5999999999999994e-05,0.1138022518157959,0.0003002100810408592,0.00224365234375,0.9999506611407144,40.466153542530094,707140.6519881134,-0.0004909292794764042,0.001043141633272171,-3.112170600891113,0.0018170449882745742,0.009401002526283264
442,362086400,3.539999999999999e-05,0.11401224136352539,0.00030837301164865494,0.0022802734375,0.9999503771337832,40.606242556570066,704411.8892532593,-0.0003619220340624452,0.0012941026128828526,-3.114561080932617,0.0017725868150591851,0.008060058951377869
443,362905600,3.479999999999999e-05,0.11345908164978027,0.0003315173834562302,0.002276611328125,0.999901409839298,40.431282657990735,710554.103905274,-0.0003838736331090331,0.0014749457128345965,-3.1172189712524414,0.0019516844302415847,0.009681884199380875
444,363724800,3.419999999999999e-05,0.11338957786560058,0.00026458654552698137,0.00219970703125,0.9999506514015002,40.46826885116463,710060.4306867811,-0.00027302813250571487,0.0010374815203249455,-3.1196197509765624,0.0016232749447226524,0.007683593034744263
445,364544000,3.36e-05,0.1137039852142334,0.0002673470415174961,0.00212646484375,0.9999504533518307,40.5066144775306,704888.0873833357,-0.0004921156447380781,0.0012250114232301712,-3.121282196044922,0.001639947108924389,0.006760741770267487
446,365363200,3.2999999999999996e-05,0.11339302062988281,0.00029966216534376143,0.002359619140625,0.9999505904441919,40.4139038490044,704516.7347657834,-0.0004176683723926544,0.0011469664052128792,-3.1229482650756837,0.0020283877849578856,0.010807374119758606
447,366182400,3.2399999999999995e-05,0.11374943733215331,0.00028100915253162387,0.00208740234375,1.0,40.55149747948997,698452.1330480428,-0.0004981374368071556,0.0013113165274262427,-3.125888633728027,0.0016629302874207497,0.007229857891798019
448,367001600,3.1799999999999994e-05,0.11359033584594727,0.00024366352707147598,0.00208740234375,0.9999013417521705,40.4956590370955,713108.6244543103,-0.0003559195203706622,0.0013716047629714011,-3.1293460845947267,0.0016163386404514312,0.006308959424495697
449,367820800,3.119999999999999e-05,0.11338424682617188,0.00035129107534885405,0.002501220703125,0.9999503253688341,40.64656499925488,714379.6523306611,-0.00031873108819127085,0.0014865776523947717,-3.1312587738037108,0.0016591059044003486,0.00693322867155075
450,368640000,3.059999999999999e-05,0.11361298561096192,0.0003325539454817772,0.002357177734375,0.9999503992857497,40.575616288874556,711579.660309644,-0.0004825035575777292,0.0013545433990657329,-3.1332265853881838,0.0018334660679101944,0.009071899205446243
451,369459200,2.999999999999999e-05,0.1135614013671875,0.0002839430794119835,0.002200927734375,1.0,40.463420650189924,710221.2555970569,-0.00044248010963201525,0.0011416424997150898,-3.1355825424194337,0.0015055930241942405,0.006585936993360519
452,370278400,2.939999999999999e-05,0.11352137565612792,0.00039544697850942614,0.002567138671875,0.9999007197815836,40.51829238024324,707074.4079487076,-0.00033576993737369774,0.001621331088244915,-3.1366609573364257,0.0016119292005896569,0.007272704690694809
453,371097600,2.879999999999999e-05,0.1136002254486084,0.00027507077902555466,0.002222900390625,0.9999508067689886,40.468122786304605,710442.3948484441,-0.00046532894484698775,0.0013474575243890285,-3.137721633911133,0.0017835672944784165,0.0078117668628692625
454,371916800,2.819999999999999e-05,0.11387645721435546,0.0002548261359333992,0.00231201171875,1.0,40.3780403401226,703601.8578981712,-0.00048402645625174047,0.0011446157470345498,-3.139781188964844,0.0017828484997153282,0.008469481766223908
455,372736000,2.759999999999999e-05,0.1135486888885498,0.0003180189058184624,0.00226318359375,0.9998520782998866,40.60840195256644,700065.4438831428,-0.00036441534757614136,0.0012972787953913212,-3.142037582397461,0.0014931072480976581,0.005501099675893783
456,373555200,2.699999999999999e-05,0.11357938766479492,0.0003623214364051819,0.002476806640625,0.9999507024895242,40.402612768055214,700459.6846044244,-0.00035020727664232255,0.0014009734615683556,-3.1433204650878905,0.0015617857687175273,0.005476074293255806
457,374374400,2.6399999999999988e-05,0.11397329330444336,0.00038781147450208666,0.002724609375,1.0,40.43811930241775,696266.2314724199,-0.0004054782446473837,0.0014956034719944,-3.144718551635742,0.0015290077775716782,0.005835693702101708
458,375193600,2.5799999999999987e-05,0.11369527816772461,0.00030913347378373144,0.00232177734375,1.0,40.419358024691356,703580.7347523815,-0.0004099279176443815,0.0013745029456913472,-3.1468837738037108,0.0015835173428058625,0.006223388388752938
459,376012800,2.5199999999999986e-05,0.11365826606750488,0.00027513314038515093,0.0022509765625,0.9999506367854675,40.456017375851516,704232.562428304,-0.00043092193081974985,0.0012682095170021058,-3.1493778228759766,0.001616506278514862,0.006625611335039139
460,376832000,2.4599999999999985e-05,0.11344194412231445,0.0003256475180387497,0.002415771484375,0.9998014592743336,40.79356728048841,703437.8402243553,-0.00047809388488531115,0.001299869827926159,-3.1519598007202148,0.0016932519152760505,0.007046019285917282
461,377651200,2.3999999999999987e-05,0.11365056037902832,0.0003023292124271393,0.002396240234375,1.0,40.47927384250099,701402.1076180015,-0.0003700868459418416,0.0012402131222188472,-3.1533103942871095,0.0016604706645011902,0.006776488572359085
462,378470400,2.3399999999999986e-05,0.11378691673278808,0.0003285685926675797,0.00245361328125,1.0,40.35117931510905,699901.2377037454,-0.0004460616037249565,0.00135237080976367,-3.155288314819336,0.0015694845467805862,0.006220947578549385
463,379289600,2.2799999999999985e-05,0.11389909744262695,0.0002816106379032135,0.00221435546875,0.9999505195447798,40.5267194458189,697135.3376449078,-0.0004066075664013624,0.0011014937423169612,-3.1578947067260743,0.0016223514452576638,0.00679638609290123
464,380108800,2.2199999999999984e-05,0.11384346961975098,0.0003025618381798267,0.002376708984375,1.0,40.51577279255187,710850.7145674061,-0.0003613905981183052,0.001318538747727871,-3.1595319747924804,0.0017541179433465004,0.007138059288263321
465,380928000,2.1599999999999983e-05,0.1136502742767334,0.0003461936116218567,0.002440185546875,0.9999504435304029,40.603746469101544,709611.3733186394,-0.00038767335936427114,0.0013123517856001854,-3.160390281677246,0.0014377505518496036,0.004957273602485657
466,381747200,2.0999999999999982e-05,0.11356514930725098,0.00030694004148244856,0.002388916015625,0.999901132038163,40.5501507736418,703798.6558994855,-0.0004894936922937631,0.0012503059580922127,-3.1611505508422852,0.0016162326559424401,0.006248413771390915
467,382566400,2.0399999999999984e-05,0.11383686065673829,0.000288869421929121,0.002252197265625,1.0,40.50993672137631,708843.7378457773,-0.00045901108533144,0.0011666316539049148,-3.162110710144043,0.0014944786205887794,0.005519408732652664
468,383385600,1.9799999999999983e-05,0.11379611015319824,0.00028908146545290946,0.00239990234375,0.9999013612152299,40.48589465377786,710088.1300249565,-0.00039327098056674004,0.001112652663141489,-3.1637365341186525,0.00146526750177145,0.005658569559454918
469,384204800,1.9199999999999982e-05,0.11389471054077148,0.0003223348781466484,0.00256591796875,1.0,40.51437747035573,715312.5847355609,-0.00032560443505644796,0.0012767991982400417,-3.16568546295166,0.0014098151586949825,0.0042255867272615434
470,385024000,1.8600000000000015e-05,0.11396065711975098,0.0003464633971452713,0.0024609375,1.0,40.49458001286938,705347.3736988542,-0.00035131010226905344,0.0013888641260564327,-3.1666902542114257,0.0017622670158743859,0.006400632858276367
471,385843200,1.8000000000000014e-05,0.11380291938781738,0.0003216155990958214,0.002471923828125,1.0,40.37500616218881,711185.6349294487,-0.0003441495820879936,0.001267249695956707,-3.1673051834106447,0.0013993394561111927,0.00475451610982418
472,386662400,1.7400000000000013e-05,0.11379841804504394,0.00029663408175110815,0.00236083984375,0.9999507752891952,40.36288456805316,709859.9581991368,-0.00040663029067218305,0.0012666938826441764,-3.168276786804199,0.0013814197853207588,0.004026489704847336
473,387481600,1.6800000000000012e-05,0.11355006217956543,0.0002803184278309345,0.002406005859375,1.0,40.38421286468875,712154.4749306773,-0.0003820090554654598,0.0011605199426412583,-3.1697671890258787,0.0017127962782979012,0.005742553249001503
474,388300800,1.6200000000000014e-05,0.11399894714355469,0.00033131353557109834,0.002508544921875,1.0,40.340503027021704,713559.0919763079,-0.00038131042383611203,0.001313992589712143,-3.1709901809692385,0.0013495447114109994,0.004044922441244126
475,389120000,1.5600000000000013e-05,0.11362274169921875,0.0003668686747550964,0.00265380859375,0.999950495049505,40.46559405940594,712108.8696105878,-0.00045434022322297094,0.0013933628797531128,-3.1721181869506836,0.0016486376523971557,0.005754394084215164
476,389939200,1.5000000000000012e-05,0.11388357162475586,0.0003258518874645233,0.002333984375,0.9999012930609021,40.4686111933669,708612.559266071,-0.0003718010848388076,0.0012742423452436924,-3.1731924057006835,0.0015011521056294442,0.004982421174645424
477,390758400,1.4400000000000011e-05,0.11386672973632812,0.0002716074511408806,0.0022314453125,0.9999505831191935,40.488535283652894,709519.8410310021,-0.00041526760905981065,0.0010846581310033799,-3.1737104415893556,0.0012834909372031688,0.00400402694940567
478,391577600,1.3800000000000012e-05,0.11377082824707031,0.0002839470840990543,0.002254638671875,0.9999505831191935,40.47870132437241,714105.2097609395,-0.00042788414284586904,0.001230967976152897,-3.175144577026367,0.0013824371621012689,0.004410645365715027
479,392396800,1.320000000000001e-05,0.11381098747253418,0.0003268347680568695,0.002462158203125,0.9999507024895242,40.47902390929258,710568.4317074909,-0.0003802799852564931,0.0014734311029314996,-3.17672119140625,0.0013890140689909458,0.004087647795677185
480,393216000,1.260000000000001e-05,0.11403274536132812,0.0003009667806327343,0.002308349609375,1.0,40.439928716400175,709266.5617733314,-0.0003959348425269127,0.0012315706349909305,-3.1776329040527345,0.001283226441591978,0.0035982664674520494
481,394035200,1.2000000000000009e-05,0.11366204261779785,0.000343315415084362,0.002474365234375,0.99995068547194,40.448170431008975,711491.0727318017,-0.000372109399177134,0.001802443340420723,-3.1781890869140623,0.0015298970974981785,0.005890258401632309
482,394854400,1.140000000000001e-05,0.1135508155822754,0.00036073245108127596,0.00259765625,1.0,40.38499111900533,712942.2463138389,-0.0004288999829441309,0.0015882018953561783,-3.1784025192260743,0.001651047356426716,0.0068652346730232235
483,395673600,1.0800000000000008e-05,0.11372962951660157,0.00033873789012432096,0.002447509765625,0.9999506465304511,40.467722830915015,713966.537970175,-0.0004260930698364973,0.0013572567142546177,-3.178907012939453,0.001606973260641098,0.00493151880800724
484,396492800,1.0200000000000007e-05,0.11365999221801758,0.0003268177062273026,0.002467041015625,1.0,40.305979706432865,710149.3192425385,-0.00031797681003808975,0.0012679228559136391,-3.179769515991211,0.0011817013844847679,0.0030812986195087435
485,397312000,9.600000000000008e-06,0.11378990173339844,0.0002965150773525238,0.002392578125,1.0,40.33144322272077,698155.8403710277,-0.0003739695064723492,0.0012496746145188808,-3.1804853439331056,0.0015041684731841088,0.004080688208341598
486,398131200,9.000000000000007e-06,0.11369049072265625,0.0003984711691737175,0.002625732421875,0.9999012979321916,40.60371119774959,715790.7153444497,-0.0003818125696852803,0.001566748693585396,-3.181416893005371,0.001573953777551651,0.004950195178389549
487,398950400,8.400000000000006e-06,0.11369125366210937,0.00030031377449631693,0.002518310546875,0.9999505806770447,40.497998517420314,712418.0494564151,-0.0003729001386091113,0.001235640235245228,-3.1820837020874024,0.0015330570749938488,0.004027099162340164
488,399769600,7.800000000000007e-06,0.11362558364868164,0.0003762336075305939,0.002640380859375,1.0,40.297599684558136,708137.7959296585,-0.000300048035569489,0.002072509005665779,-3.1823062896728516,0.0014664517715573312,0.003829345479607582
489,400588800,7.200000000000006e-06,0.11406475067138672,0.00029876116663217543,0.002406005859375,1.0,40.397638573263514,703392.0435658832,-0.0002840898698195815,0.0013376298360526563,-3.182638740539551,0.0015083747915923596,0.0034006353467702865
490,401408000,6.600000000000005e-06,0.11356229782104492,0.0003431347757577896,0.00255615234375,0.9999015117939627,40.39444526517949,704634.1045899623,-0.0002580158179625869,0.0014333304017782212,-3.1830068588256837,0.0012893869541585445,0.002739868313074112
491,402227200,6.000000000000004e-06,0.11371423721313477,0.00031783405691385267,0.00236083984375,1.0,40.49720449260304,712061.1212027048,-0.0003360716160386801,0.0013064215891063213,-3.1833181381225586,0.0011319443583488464,0.0029645998030900953
492,403046400,5.400000000000004e-06,0.11413810729980468,0.00026408689096570016,0.00223388671875,0.9999506124061636,40.461823389964444,710067.3595102833,-0.0002829173114150763,0.00115260174497962,-3.1837980270385744,0.0010454317554831505,0.0024730224162340165
493,403865600,4.800000000000004e-06,0.11396111488342285,0.000346829742193222,0.002467041015625,1.0,40.45100167768677,707378.0688602565,-0.00027950135990977286,0.0013189535588026048,-3.1840404510498046,0.0011841272003948688,0.0030661620199680328
494,404684800,4.200000000000003e-06,0.11360671043395996,0.0003163805976510048,0.0026318359375,0.9999010341926864,40.55668266613885,706957.8808240405,-0.0004035071935504675,0.0011986452154815197,-3.184181976318359,0.001837371103465557,0.005780517309904099
495,405504000,3.600000000000003e-06,0.11374149322509766,0.0003185507282614708,0.002696533203125,1.0,40.42778379442749,709878.5757937375,-0.0002696226118132472,0.0012830018997192383,-3.184362030029297,0.0013986151665449143,0.0028391111642122268
496,406323200,3.000000000000002e-06,0.11363012313842774,0.00036460068076848984,0.0028173828125,1.0,40.29541973417659,711473.5920532142,-0.00021142647601664067,0.0015383675694465638,-3.1845640182495116,0.001015892531722784,0.0016722416505217553
497,407142400,2.400000000000002e-06,0.11324531555175782,0.000346200056374073,0.002552490234375,0.9999506806076149,40.46054448609193,708548.5218106994,-0.00017688913503661753,0.0015870289877057075,-3.1847238540649414,0.000758850621059537,0.0012972412630915641
498,407961600,1.8000000000000014e-06,0.11393020629882812,0.0003023174963891506,0.002384033203125,0.9999508671940255,40.29376504692183,706113.9091596539,-0.00024137431755661966,0.0013031408190727234,-3.184792900085449,0.0010825688019394874,0.002029540576040745
499,408780800,1.200000000000001e-06,0.11374137878417968,0.0003617129847407341,0.002501220703125,1.0,40.49649970420035,710320.5650910999,-0.0001497679390013218,0.0015083251520991326,-3.184830665588379,0.0007175411563366651,0.0012447508983314038
500,409600000,6.000000000000005e-07,0.11403107643127441,0.00028379902243614197,0.002379150390625,1.0,40.281028368794324,714006.9056139239,-9.350305772386492e-05,0.0011248638853430747,-3.1848323822021483,0.0003292327281087637,8.630370139144361e-05
