update,env_steps,lr,reward_per_step,cost_per_step,violation_rate,success_rate,mean_episode_length,steps_per_sec,policy_loss,value_loss,entropy,approx_kl,clip_frac
1,819200,0.0003,-0.013110058307647705,0.0,0.0,1.0,59.81553398058252,862128.0097280021,-0.00653160884976387,0.02577950954437256,1.827392578125,0.0063975855708122255,0.08086779117584228
2,1638400,0.00029939999999999996,0.002744918763637543,0.0,0.0,1.0,247.4,864627.1333907832,-0.02116823345422745,0.021313506364822387,1.797153854370117,0.012880800664424897,0.19429423809051513
3,2457600,0.0002988,0.0144720458984375,0.0,0.0,1.0,557.2127659574468,839840.9567156181,-0.01970337927341461,0.017164839804172514,1.7604312896728516,0.011814235150814057,0.17693870067596434
4,3276800,0.0002982,0.014327514171600341,0.0,0.0,1.0,703.7068837897854,845958.8474161013,-0.009662826359272004,0.017731723189353944,1.7280622482299806,0.007722865790128708,0.09998695254325866
5,4096000,0.00029759999999999997,0.013558746576309203,0.0,0.0,0.7131075110456554,784.7932253313696,868796.0043399931,-0.007833750545978546,0.020552101731300353,1.6958391189575195,0.005990760028362274,0.06961267590522766
6,4915200,0.00029699999999999996,0.017348865270614622,0.0,0.0,0.9944301628106256,240.9408740359897,858195.9025064553,-0.007921148836612702,0.02019670605659485,1.66376953125,0.006052518263459206,0.0726686954498291
7,5734400,0.0002964,0.019342684745788576,0.0,0.0,0.9997129735935706,260.13633754305397,849975.4399539494,-0.007931879162788391,0.020587547123432158,1.631797981262207,0.0059781987220048904,0.07241650819778442
8,6553600,0.0002958,0.022461161613464356,0.0,0.0,1.0,227.18796250616674,851999.778869651,-0.007889815419912339,0.020747527480125427,1.601712989807129,0.005802497640252114,0.07037147283554077
9,7372800,0.00029519999999999997,0.027236461639404297,0.0,0.0,1.0,184.688,845306.971845575,-0.006725426763296127,0.02003149539232254,1.5720091819763184,0.005306045711040497,0.06073620319366455
10,8192000,0.00029459999999999995,0.03162386655807495,0.0,0.0,1.0,151.40536358947912,864056.0556045036,-0.005740665644407272,0.01820000261068344,1.5422444343566895,0.004334162175655365,0.043900272250175475
11,9011200,0.000294,0.03636783123016357,0.0,0.0,1.0,130.64551060309822,863423.6191782203,-0.0053508799523115155,0.015357084572315216,1.509456253051758,0.0041543073952198025,0.04054236114025116
12,9830400,0.0002934,0.040781712532043456,0.0,0.0,1.0,115.27739771965125,858731.3985289895,-0.005020809918642044,0.011875513195991515,1.4784003257751466,0.004408320412039757,0.04287474751472473
13,10649600,0.00029279999999999996,0.04482004642486572,0.0,0.0,1.0,103.95118052139695,869991.1952533599,-0.005064314231276512,0.008031242340803147,1.447222900390625,0.0046565491706132885,0.046488165855407715
14,11468800,0.00029219999999999995,0.04893375396728516,0.0,0.0,1.0,94.73141326188882,867754.4624830256,-0.006229845434427261,0.00543423630297184,1.4147010803222657,0.005874903127551079,0.06715931296348572
15,12288000,0.0002916,0.05234858989715576,0.0,0.0,1.0,87.9676087646872,867761.1725424654,-0.00763159841299057,0.003977983817458152,1.3820476531982422,0.007432974874973297,0.09712940454483032
16,13107200,0.00029099999999999997,0.055808372497558593,0.0,0.0,1.0,82.03105835806133,868065.5927888086,-0.009124372899532319,0.0034461259841918946,1.3461589813232422,0.008609818667173386,0.11813951730728149
17,13926400,0.00029039999999999996,0.05973122596740723,0.0,0.0,1.0,77.12449092928544,858417.4600364426,-0.00954657793045044,0.0031794514507055283,1.3089284896850586,0.008967186510562896,0.12562671899795533
18,14745600,0.00028979999999999994,0.06334794998168945,0.0,0.0,1.0,72.47509410837783,851561.0068733244,-0.009325957298278809,0.002993723563849926,1.2719255447387696,0.00888250395655632,0.12302306890487671
19,15564800,0.0002892,0.0666122055053711,0.0,0.0,1.0,68.68455931080186,869679.680548003,-0.00892156884074211,0.002806694433093071,1.2380431175231934,0.008651068806648255,0.12093054056167603
20,16384000,0.00028859999999999997,0.07002633094787597,0.0,0.0,1.0,65.532816087404,866769.7459788657,-0.00819493606686592,0.0026664108037948607,1.2048139572143555,0.008347149193286895,0.11460742950439454
21,17203200,0.00028799999999999995,0.07323000431060792,0.0,0.0,1.0,62.655781380832764,866693.9082524935,-0.007950446009635926,0.002470635809004307,1.1723152160644532,0.008376052975654602,0.11475034952163696
22,18022400,0.00028739999999999994,0.07631095409393311,0.0,0.0,1.0,60.06374154114822,860165.56918889,-0.007702893763780594,0.0022977527230978014,1.1379785537719727,0.008374487608671188,0.11422642469406127
23,18841600,0.0002868,0.07917011260986329,0.0,0.0,1.0,57.670634364934884,860138.9616518768,-0.007164714485406875,0.002183903381228447,1.101399803161621,0.008173343539237977,0.10978138446807861
24,19660800,0.00028619999999999996,0.0826334571838379,0.0,0.0,1.0,55.5575483783966,866151.8274384455,-0.006823386251926422,0.0020475760102272034,1.065331268310547,0.007976199686527252,0.1053345799446106
25,20480000,0.00028559999999999995,0.08504978179931641,0.0,0.0,1.0,53.847021984473876,875367.832565703,-0.00629151314496994,0.0019613226875662805,1.030265998840332,0.0076559573411941525,0.09915759563446044
26,21299200,0.000285,0.08701511383056641,0.0,0.0,1.0,52.420012787723785,870381.7684282096,-0.0057235945016145704,0.001837257295846939,0.993415355682373,0.007077578455209732,0.08889806270599365
27,22118400,0.0002844,0.08963590621948242,0.0,0.0,1.0,51.053397152980665,867550.3011980171,-0.005242070183157921,0.0017691688612103463,0.9581214904785156,0.006703146547079086,0.08050575852394104
28,22937600,0.00028379999999999996,0.09194637298583984,0.0,0.0,1.0,49.911912396394214,875460.9752569201,-0.005062815919518471,0.0016747917979955673,0.9236321449279785,0.006523103266954422,0.07696947455406189
29,23756800,0.00028319999999999994,0.09391471862792969,0.0,0.0,1.0,48.960978520286396,872535.3254650284,-0.004639254510402679,0.00157927256077528,0.8877299308776856,0.00607229545712471,0.067988520860672
30,24576000,0.0002826,0.09533428192138672,0.0,0.0,1.0,48.008682898210616,865873.047388105,-0.004516567289829254,0.0015428151935338974,0.8538479804992676,0.00585109144449234,0.06473680734634399
31,25395200,0.00028199999999999997,0.09691383361816407,0.0,0.0,1.0,47.41748469800208,872183.3701272919,-0.004014391452074051,0.001469939388334751,0.8207284927368164,0.005505304783582687,0.057486933469772336
32,26214400,0.00028139999999999996,0.09856101036071778,0.0,0.0,1.0,46.773541963015646,874510.7106364119,-0.0037731360644102097,0.0014046311378479003,0.7902186870574951,0.005267933011054993,0.05288720726966858
33,27033600,0.00028079999999999994,0.0992094612121582,0.0,0.0,1.0,46.19614129823377,870408.8175035183,-0.0037857942283153535,0.0013140867464244365,0.7614975452423096,0.005143043026328087,0.050109374523162845
34,27852800,0.0002802,0.1000247573852539,0.0,0.0,1.0,45.72364386463734,862200.3172930267,-0.003262584283947945,0.001266649179160595,0.7315263271331787,0.004987049102783203,0.047300896048545836
35,28672000,0.00027959999999999997,0.10142311096191406,0.0,0.0,1.0,45.26244268905706,873354.7323491029,-0.0032039131969213487,0.001250570733100176,0.7034804344177246,0.004775563254952431,0.04377563297748566
36,29491200,0.00027899999999999995,0.10238080024719239,0.0,0.0,1.0,44.86502026065053,873217.4608692459,-0.0029859237372875215,0.0012000523507595061,0.6765101909637451,0.004571818560361862,0.04014037549495697
37,30310400,0.0002784,0.10284637451171875,0.0,0.0,1.0,44.68704996727035,866005.1097421629,-0.0029253851622343062,0.001152697391808033,0.6488102912902832,0.004408825188875198,0.036575806140899655
38,31129600,0.0002778,0.10402494430541992,0.0,0.0,1.0,44.142250416644266,873926.8439534784,-0.002611909806728363,0.0011123434640467166,0.6223026275634765,0.004065130650997162,0.03212536871433258
39,31948800,0.0002772,0.10419897079467773,0.0,0.0,1.0,44.003438272268184,870598.135949491,-0.002426191233098507,0.0010833787731826306,0.596787691116333,0.004023493081331253,0.03024657368659973
40,32768000,0.0002766,0.10523065567016601,0.0,0.0,1.0,43.6773043987022,859760.8625188103,-0.0024381525814533233,0.001037509273737669,0.5704048156738282,0.004054760932922364,0.03105114996433258
41,33587200,0.000276,0.10554718017578125,0.0,0.0,1.0,43.53973720462011,850835.665328229,-0.002367616072297096,0.001016294863075018,0.5452175617218018,0.0039005499333143235,0.029475709795951842
42,34406400,0.00027539999999999997,0.10608720779418945,0.0,0.0,1.0,43.20924445385715,845227.7732485357,-0.0020148511976003647,0.0009816303849220277,0.5221022605895996,0.003627272695302963,0.02452685236930847
43,35225600,0.0002748,0.1067446517944336,0.0,0.0,1.0,42.915376569037655,851315.3487997456,-0.0020529188215732573,0.0009811529889702797,0.5002118110656738,0.003588612750172615,0.024782709777355194
44,36044800,0.0002742,0.10730951309204101,0.0,0.0,1.0,43.00462476350641,844559.552519251,-0.0018118519335985183,0.0009425437077879905,0.4803775787353516,0.0033774100244045257,0.022528690099716187
45,36864000,0.0002736,0.1079774570465088,0.0,0.0,1.0,42.60031063939943,866543.0086821923,-0.0019097063690423966,0.0009191316552460193,0.4605704307556152,0.003432883694767952,0.024587276577949523
46,37683200,0.00027299999999999997,0.107953519821167,0.0,0.0,1.0,42.45631067961165,857792.6694615819,-0.0019544776529073714,0.0008825686760246754,0.4391822814941406,0.0034394174814224242,0.02335461527109146
47,38502400,0.0002724,0.10816855430603027,0.0,0.0,1.0,42.429274101687895,873309.9416397989,-0.0017397833988070488,0.0008733815513551236,0.41913418769836425,0.003258974850177765,0.02124597132205963
48,39321600,0.0002718,0.1086631965637207,0.0,0.0,1.0,42.22576327034959,874567.2634317991,-0.0014836727641522884,0.0008654514327645302,0.39825119972229006,0.002863414213061333,0.016903804242610933
49,40140800,0.0002712,0.10882953643798828,0.0,0.0,1.0,42.34263092527427,869917.7654405098,-0.0014359454624354839,0.0008279496803879737,0.3758676290512085,0.0029704609885811807,0.018338382244110107
50,40960000,0.00027059999999999996,0.10925613403320313,0.0,0.0,1.0,42.21583659189134,869534.4566727972,-0.0014709913171827792,0.0008150598965585232,0.35269181728363036,0.0026654401794075967,0.016570070385932924
51,41779200,0.00027,0.10932074546813965,0.0,0.0,1.0,41.8053029528967,861383.2496795922,-0.0013132099993526936,0.0007787485606968403,0.3301532506942749,0.0027951279655098913,0.016149409115314484
52,42598400,0.0002694,0.10993877410888672,0.0,0.0,1.0,41.80620194510922,872155.8327455594,-0.0013429775834083557,0.0007733994629234075,0.31123952865600585,0.0029925335198640822,0.01738488972187042
53,43417600,0.0002688,0.10962862968444824,0.0,0.0,1.0,41.90417413572343,868210.4423015197,-0.001334221288561821,0.0007513520773500204,0.29698915481567384,0.0026085568591952325,0.015605224668979645
54,44236800,0.00026819999999999996,0.11059321403503418,0.0,0.0,1.0,41.704312846886296,875656.5824967278,-0.0013223682530224324,0.0007123685441911221,0.279001784324646,0.002703259326517582,0.015285032987594604
55,45056000,0.0002676,0.11055777549743652,0.0,0.0,1.0,41.55497010842031,850586.7504655498,-0.0012191741727292538,0.0007116591092199087,0.2606818199157715,0.002621467784047127,0.015889036655426025
56,45875200,0.000267,0.110733642578125,0.0,0.0,1.0,41.48692661710413,852970.8271069594,-0.001285101193934679,0.0006678455043584109,0.24170076847076416,0.0027109604328870774,0.01567614674568176
57,46694400,0.00026639999999999997,0.1113820457458496,0.0,0.0,1.0,41.23943165213886,849927.1008932188,-0.001147969625890255,0.0006297843996435404,0.22287347316741943,0.0027158223092556,0.016541993618011473
58,47513600,0.00026579999999999996,0.11151683807373047,0.0,0.0,1.0,41.263995968757875,852376.1673036191,-0.0012382757849991322,0.0006158275995403528,0.2047358512878418,0.0024888023734092714,0.015055663883686066
59,48332800,0.0002652,0.1119319248199463,0.0,0.0,1.0,41.09330323551543,860962.9204986778,-0.0010719728656113149,0.0006009406875818968,0.18667043447494508,0.002435464784502983,0.014308962225914
60,49152000,0.0002646,0.11227019309997559,0.0,0.0,1.0,41.163861336539426,873696.2021180108,-0.0013289418071508407,0.0005696828477084637,0.17038074731826783,0.0027965275570750237,0.017337645590305328
61,49971200,0.00026399999999999997,0.11245594024658204,0.0,0.0,1.0,40.89778867320392,864631.4645036539,-0.001256615947932005,0.0005691186524927616,0.15569533109664918,0.002509856969118118,0.014540526270866393
62,50790400,0.00026339999999999995,0.11251866340637207,0.0,0.0,1.0,40.93877856501347,864563.2946675331,-0.0010828005149960517,0.0005441627465188504,0.1396685242652893,0.002587486058473587,0.013847167789936065
63,51609600,0.0002628,0.11248371124267578,0.0,0.0,1.0,40.857919952091024,864414.8553907233,-0.0012663503177464009,0.0005367723293602467,0.12092905044555664,0.0025562068447470667,0.01598535031080246
64,52428800,0.0002622,0.11276374816894531,0.0,0.0,1.0,40.86698917759713,873433.9015925374,-0.001200694590806961,0.0005177826154977083,0.10392652750015259,0.002762397937476635,0.014991456270217895
65,53248000,0.00026159999999999996,0.11322644233703613,0.0,0.0,1.0,40.764094143404485,859358.9452307809,-0.0011376986280083657,0.0004982091020792722,0.08858982920646667,0.002402888983488083,0.012869016826152801
66,54067200,0.000261,0.11347661972045898,0.0,0.0,1.0,40.770995778495156,865506.2909222293,-0.0011433349922299386,0.00048473598435521125,0.07406218647956848,0.002425285428762436,0.013810425996780396
67,54886400,0.0002604,0.11352977752685547,0.0,0.0,1.0,40.60748822216712,866419.9084873744,-0.0010539235547184945,0.00046781720593571665,0.05814887285232544,0.002312488295137882,0.013213865458965302
68,55705600,0.00025979999999999997,0.11363504409790039,0.0,0.0,1.0,40.398123456790124,859977.6658465741,-0.0008946874178946019,0.0004636666737496853,0.038158276677131654,0.0021925449371337892,0.012284056842327118
69,56524800,0.00025919999999999996,0.11354059219360352,0.0,0.0,1.0,40.497288770580695,860000.7985435561,-0.0009688181802630424,0.0004510501865297556,0.022198472917079926,0.002248256653547287,0.012627805769443511
70,57344000,0.0002586,0.11395523071289063,0.0,0.0,1.0,40.43182379376759,860465.6236593251,-0.0009840800426900386,0.0004474075511097908,0.011692769825458527,0.0021255319938063622,0.011646726727485656
71,58163200,0.000258,0.11418834686279297,0.0,0.0,1.0,40.284287682014956,867096.2757518537,-0.0009747641161084175,0.00042757568880915644,-0.002406574785709381,0.0023745592683553697,0.013757078349590302
72,58982400,0.00025739999999999997,0.11404350280761719,0.0,0.0,1.0,40.29298107255521,863588.3914411613,-0.0008070160634815693,0.0004241734743118286,-0.016306258738040924,0.002059612050652504,0.01050683632493019
73,59801600,0.00025679999999999995,0.11427144050598144,0.0,0.0,1.0,40.08325180982195,860092.4990862579,-0.0008131880313158035,0.00041507864370942115,-0.03234684467315674,0.0020102592185139655,0.01108691245317459
74,60620800,0.0002562,0.11453211784362793,0.0,0.0,1.0,40.08896605693045,861151.7135338121,-0.0009487763978540898,0.00040942584164440634,-0.04729091227054596,0.002200150489807129,0.012031373381614686
75,61440000,0.0002556,0.11484081268310548,0.0,0.0,1.0,40.27560448201297,867513.7484454922,-0.0008280420675873757,0.0004036313854157925,-0.05763124227523804,0.0019381966441869736,0.010239379107952118
76,62259200,0.00025499999999999996,0.11480011940002441,0.0,0.0,1.0,40.01386447959383,864039.7078163831,-0.0008393941447138786,0.00039217122830450537,-0.07184185981750488,0.0021810226142406465,0.012918458878993988
77,63078400,0.00025439999999999995,0.11523176193237304,0.0,0.0,1.0,39.976256642777045,860599.4678634469,-0.0008099168539047241,0.00039230808615684507,-0.0878856897354126,0.0021635517477989197,0.011911742389202118
78,63897600,0.0002538,0.11517308235168457,0.0,0.0,1.0,40.03420641125879,862960.338078051,-0.0008393839001655578,0.0003781533567234874,-0.10754203796386719,0.002187342755496502,0.012502196431159972
79,64716800,0.0002532,0.11519319534301758,0.0,0.0,1.0,39.996731228960336,871291.4200059598,-0.0008212818764150142,0.00037331541534513235,-0.12563565969467164,0.0020636145025491716,0.01025109589099884
80,65536000,0.00025259999999999996,0.11553413391113282,0.0,0.0,1.0,39.902361666829314,869228.1690875953,-0.0007064240053296089,0.0003650059225037694,-0.14223973751068114,0.0019123781472444533,0.010393553972244262
81,66355200,0.00025199999999999995,0.11528226852416992,0.0,0.0,1.0,39.76905546935609,869469.1916777396,-0.0006906238850206137,0.00037523864302784203,-0.16122368574142457,0.0020506609231233596,0.009621093422174454
82,67174400,0.0002514,0.11570240020751953,0.0,0.0,1.0,39.85845570358845,877191.8570766093,-0.0005870325025171041,0.0003967307973653078,-0.17760136127471923,0.0019071416929364205,0.010133545100688934
83,67993600,0.00025079999999999997,0.1159179973602295,0.0,0.0,1.0,39.648201996704465,872838.1427137583,-0.0005561856087297201,0.000361367198638618,-0.19644778966903687,0.00215825904160738,0.012101684510707856
84,68812800,0.00025019999999999996,0.1155476188659668,0.0,0.0,1.0,39.83810171467431,869528.3126889599,-0.0005228131543844938,0.0003588635940104723,-0.21281962394714354,0.0018798453733325005,0.009133058041334153
85,69632000,0.00024959999999999994,0.11570793151855469,0.0,0.0,1.0,39.692154674688275,861425.9156768098,-0.0007168429438024759,0.0003496295074000955,-0.2273880958557129,0.0020090704783797264,0.009763793647289276
86,70451200,0.000249,0.11589725494384766,0.0,0.0,1.0,39.69684505951805,863807.4168102393,-0.0005588457453995944,0.0003471430391073227,-0.24192228317260742,0.0019303027540445328,0.009547974914312363
87,71270400,0.0002484,0.11575204849243165,0.0,0.0,1.0,39.717155055307586,843279.5003484514,-0.0006997331045567989,0.00034190018195658924,-0.2571908712387085,0.002097712643444538,0.010802855342626571
88,72089600,0.0002478,0.11617055892944336,0.0,0.0,1.0,39.6281951975213,864283.5885980059,-0.0005563928745687008,0.00034728334285318854,-0.27017190456390383,0.0017704708501696587,0.00848986878991127
89,72908800,0.0002472,0.11607810020446778,0.0,0.0,1.0,39.62833992476126,862138.154424512,-0.0006736760959029197,0.0003375758184120059,-0.28121147155761717,0.0018279483541846276,0.008676514774560929
90,73728000,0.0002466,0.1159079360961914,0.0,0.0,1.0,39.650595410978795,869773.5373210016,-0.000668955035507679,0.0003352170344442129,-0.29190003871917725,0.0020237578079104423,0.009367917478084565
91,74547200,0.000246,0.11657187461853027,0.0,0.0,1.0,39.535169082125606,859215.9608925915,-0.00043958984315395355,0.00033203475177288053,-0.3025031805038452,0.0018433861434459687,0.009429809451103211
92,75366400,0.0002454,0.1162324047088623,0.0,0.0,1.0,39.48479884365213,863430.9150396506,-0.000451164785772562,0.0003273369278758764,-0.3154511690139771,0.0020640961825847625,0.010601073503494263
93,76185600,0.0002448,0.1165663719177246,0.0,0.0,1.0,39.56073637417858,860925.3133879367,-0.0006365283858031035,0.00032490696758031846,-0.33166351318359377,0.002015879191458225,0.009431640803813934
94,77004800,0.00024419999999999997,0.11674263000488282,0.0,0.0,1.0,39.46783766829127,869554.7366691049,-0.0004997117910534143,0.00032263987231999635,-0.34983534812927247,0.0021000949665904043,0.011585327982902526
95,77824000,0.00024359999999999999,0.11668996810913086,0.0,0.0,1.0,39.42467201691576,865543.5664300763,-0.0005828936118632555,0.0003248430788516998,-0.3669382095336914,0.0017514456063508987,0.008181887120008469
96,78643200,0.000243,0.11702165603637696,0.0,0.0,1.0,39.31600442031423,862119.4240393057,-0.0004657660610973835,0.000325227715075016,-0.3838889360427856,0.0017708133906126021,0.007706787437200546
97,79462400,0.00024239999999999998,0.11668679237365723,0.0,0.0,1.0,39.49316058183219,863838.2462320623,-0.0004937152378261089,0.00032375489827245473,-0.3980533599853516,0.0016591107472777368,0.007330566644668579
98,80281600,0.0002418,0.11694963455200195,0.0,0.0,1.0,39.41804185710849,868857.9494738423,-0.0003157437080517411,0.0003379507223144174,-0.41043267250061033,0.00207664929330349,0.01082775965332985
99,81100800,0.00024119999999999998,0.11675835609436035,0.0,0.0,1.0,39.51735441573467,866067.3855407132,-0.00047426545061171057,0.00031578764319419863,-0.42160992622375487,0.00178371611982584,0.007231200486421585
100,81920000,0.0002406,0.11703468322753906,0.0,0.0,1.0,39.36542154791626,862999.2230570605,-0.000447023194283247,0.0003117164596915245,-0.43668246269226074,0.001976683735847473,0.009559081494808197
101,82739200,0.00023999999999999998,0.11722317695617676,0.0,0.0,1.0,39.38911872233981,873791.4146123227,-0.0004299586173146963,0.000309687084518373,-0.44741482734680177,0.0017188996076583861,0.007021851092576981
102,83558400,0.0002394,0.11679150581359864,0.0,0.0,1.0,39.36506789945103,874130.7161480576,-0.0004986502230167389,0.0003129905555397272,-0.4577155590057373,0.0016760678961873054,0.007065184414386749
103,84377600,0.0002388,0.11730125427246094,0.0,0.0,1.0,39.3408818308305,870307.1588336395,-0.0002522796159610152,0.0003201137995347381,-0.4713001251220703,0.002463112398982048,0.01629638671875
104,85196800,0.0002382,0.11728652954101562,0.0,0.0,1.0,39.28827619275953,873031.5683120305,-0.00033303212840110066,0.0003161914646625519,-0.4823575973510742,0.0019418779760599137,0.009834597259759903
105,86016000,0.0002376,0.117255859375,0.0,0.0,1.0,39.32095210672809,875870.5033637207,-0.0005186704918742179,0.0003130589844658971,-0.49537229537963867,0.0018429651856422425,0.008635007590055466
106,86835200,0.000237,0.11722579956054688,0.0,0.0,1.0,39.2059878521211,871649.5756764116,-0.00037050684913992883,0.00031408390495926144,-0.5091602325439453,0.0017554940655827521,0.007736083120107651
107,87654400,0.0002364,0.1174555778503418,0.0,0.0,1.0,39.22130715824755,868869.6375453982,-0.00044525875709950925,0.00030534490942955015,-0.5222976207733154,0.0019955234602093697,0.010370605438947678
108,88473600,0.00023579999999999999,0.11726966857910157,0.0,0.0,1.0,39.11070780399274,851680.6993685877,-0.000519731268286705,0.00029753835406154394,-0.5369631290435791,0.0019526539370417594,0.008954347670078277
109,89292800,0.0002352,0.11748692512512207,0.0,0.0,1.0,39.209301211743856,848845.2778595438,-0.00031263192649930713,0.0002989899134263396,-0.5475814819335938,0.00192501749843359,0.008977416157722472
110,90112000,0.00023459999999999998,0.11767342567443848,0.0,0.0,1.0,39.14250965803405,850257.0298159191,-0.0004346014931797981,0.0003005858277902007,-0.5570471286773682,0.0018489314243197441,0.00901843085885048
111,90931200,0.000234,0.11749822616577149,0.0,0.0,1.0,39.15577217125382,852445.3197272999,-0.0005074578337371349,0.0002943963743746281,-0.5689268112182617,0.0016084862872958183,0.007318115234375
112,91750400,0.00023339999999999998,0.11786984443664551,0.0,0.0,1.0,39.033379494771026,850291.6319338308,-0.0002954603871330619,0.00029755905270576475,-0.5831305503845214,0.0019736308604478836,0.0089533694088459
113,92569600,0.0002328,0.11784499168395995,0.0,0.0,1.0,39.23958780592529,855818.4438130704,-0.0002621377119794488,0.000300004705786705,-0.590551233291626,0.001798710785806179,0.007966551929712296
114,93388800,0.00023219999999999998,0.11738237380981445,0.0,0.0,1.0,39.0369432230931,854366.4063962026,-0.0003272764850407839,0.0002903189277276397,-0.6011324405670166,0.0017154600471258163,0.007444702088832855
115,94208000,0.0002316,0.1177985954284668,0.0,0.0,1.0,39.087443411960926,855697.2654928251,-0.0004934955853968859,0.0002992211375385523,-0.6182348728179932,0.002071905881166458,0.01122705191373825
116,95027200,0.00023099999999999998,0.11797317504882812,0.0,0.0,1.0,39.03138842581567,852770.9788259036,-0.00024418956600129603,0.00029237442649900915,-0.6367607116699219,0.002153496816754341,0.011816892027854919
117,95846400,0.0002304,0.11781149864196777,0.0,0.0,1.0,38.95659010769084,852992.8059994368,-0.0003363767405971885,0.00028836512938141824,-0.6519534111022949,0.0018891356885433197,0.009451783448457717
118,96665600,0.00022979999999999997,0.11808870315551757,0.0,0.0,1.0,38.912529663028,856776.3193365504,-0.00047448803670704367,0.00028778552077710626,-0.6626800060272217,0.0019978730008006094,0.00969226062297821
119,97484800,0.0002292,0.11794511795043945,0.0,0.0,1.0,39.02077773541746,858589.8898804054,-0.0003029550658538938,0.00028774195816367866,-0.6720649242401123,0.0017950279638171197,0.008316772431135178
120,98304000,0.00022859999999999997,0.11822916030883789,0.0,0.0,1.0,39.092251977508816,857301.5214846093,-0.00044017708860337733,0.0002897070487961173,-0.6826151371002197,0.001961902529001236,0.00894787535071373
121,99123200,0.00022799999999999999,0.11794961929321289,0.0,0.0,1.0,39.036879973316815,854323.161890283,-0.000222772522829473,0.0002963867271319032,-0.693095588684082,0.001920812577009201,0.009706907719373704
122,99942400,0.00022739999999999997,0.1177842903137207,0.0,0.0,1.0,38.95748226443841,856625.2190236523,-0.0002572313649579883,0.00028603810351341964,-0.7067920684814453,0.001980670727789402,0.009973632544279099
123,100761600,0.00022679999999999998,0.11814891815185546,0.0,0.0,1.0,39.03160604471564,872895.255096517,-0.00030501228757202626,0.00028637228533625605,-0.7218641757965087,0.0017794396728277207,0.00851415991783142
124,101580800,0.00022619999999999997,0.118366060256958,0.0,0.0,1.0,39.10957202904088,872922.1286202102,-0.0004194514825940132,0.00027976457495242356,-0.7340021133422852,0.0019314257428050042,0.009006468951702118
125,102400000,0.00022559999999999998,0.11846458435058593,0.0,0.0,1.0,38.94260349411318,869437.9682672849,-0.00028982947114855053,0.0002774667693302035,-0.7457408905029297,0.0017617709934711456,0.008284179866313935
126,103219200,0.000225,0.11825769424438476,0.0,0.0,1.0,38.90955704315625,877904.471215727,-0.00022441884502768516,0.0002863685833290219,-0.7574514865875244,0.0017463738098740579,0.007392577081918717
127,104038400,0.00022439999999999998,0.1182124137878418,0.0,0.0,1.0,39.04827619138573,873698.3473813692,-0.00017734298016875983,0.0002789228223264217,-0.7666028499603271,0.0018121505156159401,0.008960327506065369
128,104857600,0.0002238,0.11833294868469238,0.0,0.0,1.0,39.05465442610474,869985.6230469723,-0.00022436436265707015,0.0002779036527499557,-0.7776280879974365,0.0019313350319862365,0.010199949145317078
129,105676800,0.00022319999999999998,0.11826272010803222,0.0,0.0,1.0,38.937253222967506,876825.6405715812,-0.00026500446256250143,0.00028307957109063864,-0.7898427963256835,0.0018207289278507233,0.00856640487909317
130,106496000,0.0002226,0.11831436157226563,0.0,0.0,1.0,39.045411226531975,864807.5504382676,-0.00032774570863693955,0.00027686364483088256,-0.8005330085754394,0.001620098575949669,0.007208007574081421
131,107315200,0.00022199999999999998,0.11860933303833007,0.0,0.0,1.0,38.925648964039055,856139.4302036448,-0.0003363793948665261,0.0002796670189127326,-0.8102442741394043,0.0015955507755279542,0.006733031570911407
132,108134400,0.0002214,0.11880876541137696,0.0,0.0,1.0,38.84845043766264,862593.6145312851,-0.0001920062117278576,0.0002773357089608908,-0.8204252243041992,0.0018695499747991562,0.008113402128219604
133,108953600,0.00022079999999999997,0.11854348182678223,0.0,0.0,1.0,38.8353375627308,870095.3976668495,-0.00027023949660360814,0.0002735998947173357,-0.8305525779724121,0.0018818683922290802,0.007566527277231216
134,109772800,0.00022019999999999999,0.11844831466674804,0.0,0.0,1.0,38.80470308788598,868160.2063979121,-0.0004205347038805485,0.00027434430085122586,-0.8411511421203614,0.001931457221508026,0.008241819590330124
135,110592000,0.00021959999999999997,0.11839406967163085,0.0,0.0,1.0,39.0016155088853,863909.2108090703,-0.00021760400850325822,0.0002889657858759165,-0.8522800445556641,0.0019678618758916856,0.010494015365839004
136,111411200,0.00021899999999999998,0.11849648475646973,0.0,0.0,1.0,38.85627434216776,858881.7441831336,-0.0003113490296527743,0.0002784161362797022,-0.8609728813171387,0.0017548710107803344,0.007860475033521653
137,112230400,0.00021839999999999997,0.1185678482055664,0.0,0.0,1.0,38.861455474590706,869878.1760076609,-0.00025721387937664985,0.00027492372319102285,-0.8682727813720703,0.0021173881366848947,0.010995970666408538
138,113049600,0.00021779999999999998,0.11840641021728515,0.0,0.0,1.0,38.94138653461575,867176.7228733854,-0.0002823628485202789,0.00027093493845313786,-0.8776223182678222,0.001827085204422474,0.008640746772289275
139,113868800,0.00021719999999999997,0.11842486381530762,0.0,0.0,1.0,38.871927493594,862804.358411203,-0.00020726153161376715,0.0002735807094722986,-0.8878978729248047,0.0019523026421666145,0.009910766035318375
140,114688000,0.00021659999999999998,0.11897684097290039,0.0,0.0,1.0,38.8115331851081,863203.8845098645,1.3354237307794391e-05,0.0003308184212073684,-0.898958969116211,0.0024178577587008476,0.01664123684167862
141,115507200,0.00021599999999999996,0.1189341926574707,0.0,0.0,1.0,38.79481835835741,871135.1794825379,-0.0002644580788910389,0.0002725461032241583,-0.9080659866333007,0.001698797382414341,0.007716309279203415
142,116326400,0.00021539999999999998,0.11876162528991699,0.0,0.0,1.0,38.75371509701846,867765.1804790328,-0.00021614243742078542,0.0002688285429030657,-0.917230224609375,0.001812848262488842,0.007957154512405395
143,117145600,0.00021479999999999996,0.11882844924926758,0.0,0.0,1.0,38.70951862545558,864537.3692451675,-0.0002623618580400944,0.0002685425104573369,-0.9278176307678223,0.0017786519601941109,0.007779908925294876
144,117964800,0.00021419999999999998,0.11876075744628906,0.0,0.0,1.0,38.902849556682945,873890.0883387232,-0.00016223120037466287,0.0002661636332049966,-0.938881778717041,0.002022784575819969,0.010649049282073974
145,118784000,0.00021359999999999996,0.11897426605224609,0.0,0.0,1.0,38.75801418439716,875097.9238953093,-5.764235975220799e-05,0.00026487414725124837,-0.9481066703796387,0.001806742325425148,0.009666383266448975
146,119603200,0.00021299999999999997,0.11921302795410156,0.0,0.0,1.0,38.65003304692664,872027.6142218907,-0.00023526428267359734,0.0002645258326083422,-0.9608453750610352,0.0018645351752638816,0.008951048552989959
147,120422400,0.00021239999999999996,0.11890311241149902,0.0,0.0,1.0,38.75534835289663,871666.0094878534,-0.000301424297504127,0.00026954882778227327,-0.9735618591308594,0.0019649764522910117,0.010312743484973907
148,121241600,0.00021179999999999997,0.11874189376831054,0.0,0.0,1.0,38.79882553513923,876655.330992403,-0.000184374931268394,0.00026626710314303637,-0.9834433555603027,0.001724318414926529,0.00731823667883873
149,122060800,0.00021119999999999996,0.11885526657104492,0.0,0.0,1.0,38.67807021688797,873050.2045903553,-0.00021897663827985525,0.00026485808193683625,-0.9929021835327149,0.0021703317761421204,0.011243897676467895
150,122880000,0.00021059999999999997,0.11912522315979004,0.0,0.0,1.0,38.78019483590277,870106.2546904644,-0.0001506805536337197,0.00027130832895636556,-1.0031927108764649,0.002162906713783741,0.01145971640944481
151,123699200,0.00020999999999999998,0.11914085388183594,0.0,0.0,1.0,38.598935769448104,867716.5670306439,-0.0003058547154068947,0.0002639480167999864,-1.0147064208984375,0.002021097764372826,0.00933215394616127
152,124518400,0.00020939999999999997,0.11919593811035156,0.0,0.0,1.0,38.62251061821614,872129.7070160735,-0.0001949370140209794,0.000267452304251492,-1.0258585929870605,0.002003389596939087,0.009412232041358947
153,125337600,0.00020879999999999998,0.11909238815307617,0.0,0.0,1.0,38.64696169088507,856482.5545028566,-0.0001742961350828409,0.00026123791467398406,-1.0356233596801758,0.001751561462879181,0.007379394769668579
154,126156800,0.00020819999999999996,0.11929350852966308,0.0,0.0,1.0,38.72657210401891,847918.82496301,-0.00018696978222578763,0.00026404594536870717,-1.0481821060180665,0.0020078131929039955,0.010641355812549592
155,126976000,0.00020759999999999998,0.11911348342895507,0.0,0.0,1.0,38.65950616118219,869459.7724667459,-9.370869374834002e-05,0.0002655117539688945,-1.0580036163330078,0.001725373975932598,0.007769531756639481
156,127795200,0.00020699999999999996,0.11913047790527344,0.0,0.0,1.0,38.56063103367082,850568.6874480555,-0.0001787932706065476,0.00027058606501668693,-1.067242431640625,0.0019162695854902268,0.009947265684604644
157,128614400,0.00020639999999999998,0.11918363571166993,0.0,0.0,1.0,38.574027927970285,854019.9947387691,-0.00014423570828512312,0.0002633826341480017,-1.0767884254455566,0.001963963359594345,0.009932861477136613
158,129433600,0.00020579999999999996,0.1193014907836914,0.0,0.0,1.0,38.61126308838789,862527.5136498598,-0.00016291012289002538,0.0002671402879059315,-1.0868667602539062,0.002020343579351902,0.01115710511803627
159,130252800,0.00020519999999999997,0.11901559829711914,0.0,0.0,1.0,38.621152216887886,861608.5277474149,-3.934370470233261e-05,0.0002630742033943534,-1.096199893951416,0.002080535516142845,0.011509155482053756
160,131072000,0.00020459999999999996,0.11907978057861328,0.0,0.0,1.0,38.53261790454674,869390.504917891,-9.234031895175577e-05,0.00025903384666889904,-1.1065908432006837,0.0018083903938531875,0.007448972016572952
161,131891200,0.00020399999999999997,0.11924365997314453,0.0,0.0,1.0,38.63043888626711,865771.4358119864,-2.2919874754734338e-05,0.0002601527376100421,-1.1209470748901367,0.0021971164271235464,0.013795651495456696
162,132710400,0.00020339999999999996,0.11956089973449707,0.0,0.0,1.0,38.564751246120565,864050.5192744427,3.2357609597966073e-06,0.0002591740805655718,-1.1326547622680665,0.0020468952134251595,0.011053708195686341
163,133529600,0.00020279999999999997,0.1194206428527832,0.0,0.0,1.0,38.66562927335314,871315.3017462782,-4.928677226416767e-05,0.0002688557608053088,-1.140977668762207,0.0015622357837855815,0.006919066607952118
164,134348800,0.00020219999999999995,0.11953851699829102,0.0,0.0,1.0,38.6682397357244,868363.690241607,-0.00020686963107436896,0.0002596480073407292,-1.1483188629150392,0.002056875079870224,0.012308228015899658
165,135168000,0.00020159999999999997,0.11901535034179687,0.0,0.0,1.0,38.50917129150597,847283.6426383763,-0.0002950029680505395,0.000261768396012485,-1.157282543182373,0.001964198611676693,0.009418822824954987
166,135987200,0.00020099999999999995,0.11926126480102539,0.0,0.0,1.0,38.52718030780816,847445.3089406289,-0.0002689664717763662,0.00025755020324140786,-1.168314266204834,0.00187766645103693,0.008250977098941802
167,136806400,0.00020039999999999997,0.11922813415527343,0.0,0.0,1.0,38.55823689904977,846613.3706992209,-8.851361781125888e-06,0.0002612358657643199,-1.1794299125671386,0.002224807254970074,0.014236083626747132
168,137625600,0.00019979999999999995,0.11916259765625,0.0,0.0,1.0,38.54773348412025,858975.7977684237,3.791213093791157e-05,0.0003249432658776641,-1.1895684242248534,0.0020787913352251055,0.014369507133960725
169,138444800,0.00019919999999999996,0.11934391975402832,0.0,0.0,1.0,38.536930748965,867976.0062074489,-0.00023334557190537452,0.00025455583818256855,-1.2004788398742676,0.0019107455387711524,0.00791662633419037
170,139264000,0.00019859999999999995,0.11952689170837402,0.0,0.0,1.0,38.53946687978939,870950.4202693835,-0.000188135146163404,0.0002598641673102975,-1.2089143753051759,0.0017460359260439873,0.006682250648736954
171,140083200,0.00019799999999999996,0.1194620132446289,0.0,0.0,1.0,38.58536125259385,861877.0814995582,-0.00021206655073910952,0.0002566383685916662,-1.2169503211975097,0.0017120162025094031,0.00719580203294754
172,140902400,0.00019739999999999995,0.11956995964050293,0.0,0.0,1.0,38.52214342741746,868301.5138484548,-3.308552259113639e-05,0.00026060133241117,-1.227238941192627,0.002227249927818775,0.014290161430835724
173,141721600,0.00019679999999999999,0.11968097686767579,0.0,0.0,1.0,38.411207946771626,841813.7365894181,-6.118468008935452e-05,0.0002592022996395826,-1.2394246101379394,0.0022159740328788757,0.012773802876472473
174,142540800,0.0001962,0.11982687950134277,0.0,0.0,1.0,38.58998162197823,828724.1236356978,-7.515021716244518e-05,0.00025657524820417167,-1.2495427131652832,0.0020298203453421593,0.009583372622728348
175,143360000,0.00019559999999999998,0.11960194587707519,0.0,0.0,1.0,38.4961627195254,852427.9029907301,-0.00020939456298947335,0.00025876108556985853,-1.262996292114258,0.0019536694511771203,0.008650269359350204
176,144179200,0.000195,0.11935087203979493,0.0,0.0,1.0,38.48335833489593,819019.8827125512,-0.00014502728590741752,0.00026000053621828557,-1.2760908126831054,0.002007102221250534,0.009861205518245698
177,144998400,0.00019439999999999998,0.11997942924499512,0.0,0.0,1.0,38.40550053972873,843924.3983012798,-0.00013869695831090212,0.00025447111111134293,-1.2852917671203614,0.0018843011930584908,0.008643309026956559
178,145817600,0.0001938,0.11947653770446777,0.0,0.0,1.0,38.42482894366857,853221.1649275378,-0.0001338372239843011,0.0002585046226158738,-1.2951234817504882,0.001804174855351448,0.008672485500574112
179,146636800,0.00019319999999999998,0.11948196411132812,0.0,0.0,1.0,38.47320003754811,860397.2584540237,-0.0002347650472074747,0.0002594007411971688,-1.3062103271484375,0.0020132629200816155,0.010651487112045287
180,147456000,0.0001926,0.11971071243286133,0.0,0.0,1.0,38.610653228465125,842387.5747413335,-0.00017565148882567883,0.0002609699498862028,-1.3192270278930665,0.0019334549084305762,0.011008910089731216
181,148275200,0.00019199999999999998,0.11956986427307129,0.0,0.0,1.0,38.62958591057179,834560.4650268985,-0.00013152332976460457,0.0002558767795562744,-1.330920696258545,0.0017329048365354537,0.006806641072034836
182,149094400,0.0001914,0.11985530853271484,0.0,0.0,1.0,38.43761446348908,848089.3687888379,6.86393934302032e-05,0.00026499261148273947,-1.3396196365356445,0.0020714210346341132,0.012599368393421174
183,149913600,0.00019079999999999998,0.1195033073425293,0.0,0.0,1.0,38.43788120484189,851967.1490499222,-0.00012840903364121913,0.00025998600758612154,-1.3455737113952637,0.001861702837049961,0.009595092386007309
184,150732800,0.0001902,0.11965501785278321,0.0,0.0,1.0,38.508256880733946,853445.9136584818,1.4090245531406254e-05,0.00026012922171503305,-1.3505578994750977,0.0017541879788041115,0.00928576961159706
185,151552000,0.00018959999999999997,0.11998947143554688,0.0,0.0,1.0,38.420150756121544,856154.453331994,-3.0802589026279745e-05,0.00025715441443026067,-1.3578315734863282,0.001985032856464386,0.011561522632837296
186,152371200,0.00018899999999999999,0.11945768356323243,0.0,0.0,1.0,38.61753326413136,853535.141148286,6.255284533835947e-05,0.00026015264447778466,-1.367917823791504,0.002476322278380394,0.01585705578327179
187,153190400,0.00018839999999999997,0.11987239837646485,0.0,0.0,1.0,38.49957714715279,863576.825099775,-0.00019824011251330377,0.0002553133061155677,-1.3771937370300293,0.001859675906598568,0.008972900360822678
188,154009600,0.00018779999999999998,0.11998256683349609,0.0,0.0,1.0,38.48466488187497,869970.241821736,0.00010002980707213283,0.0002573592821136117,-1.3845494270324707,0.0018893834203481674,0.011473020911216736
189,154828800,0.0001872,0.1195754051208496,0.0,0.0,1.0,38.540836981593934,877496.650498774,-0.0001004111603833735,0.0002528982236981392,-1.3941375732421875,0.0017449766397476195,0.0071379393339157104
190,155648000,0.00018659999999999998,0.11991168975830079,0.0,0.0,1.0,38.46078799249531,872435.6834554188,-0.00013443446950986982,0.0002522911876440048,-1.4046639442443847,0.0016265613958239555,0.006227416917681694
191,156467200,0.000186,0.1197235107421875,0.0,0.0,1.0,38.51174947021427,869586.6321381252,-0.00019429870881140232,0.0002499279798939824,-1.4165121078491212,0.001882180944085121,0.008258422464132309
192,157286400,0.00018539999999999998,0.11972089767456055,0.0,0.0,1.0,38.425769914817934,877472.4965529629,-5.255930591374636e-05,0.00025680938269942997,-1.4229310035705567,0.0020486682653427122,0.011156372725963593
193,158105600,0.0001848,0.1199958610534668,0.0,0.0,1.0,38.437268246890405,873805.0940447039,-4.866074596066028e-05,0.0002550128381699324,-1.4276867866516114,0.0016666386276483537,0.0068322762846946715
194,158924800,0.00018419999999999998,0.11992327690124512,0.0,0.0,1.0,38.43898201624642,843396.6725813667,0.0002664622850716114,0.0002728613093495369,-1.4342748641967773,0.0024474743753671647,0.017475830018520357
195,159744000,0.0001836,0.11968036651611329,0.0,0.0,1.0,38.462282307656196,845559.234315855,-0.00016610131133347749,0.0002587324939668179,-1.4431853294372559,0.001872776634991169,0.009414308518171311
196,160563200,0.00018299999999999998,0.11975932121276855,0.0,0.0,1.0,38.430819826168666,868659.1566691766,-0.00010578186484053732,0.00025397096760571003,-1.4536565780639648,0.0018160020932555198,0.008586791157722474
197,161382400,0.0001824,0.11993659973144531,0.0,0.0,1.0,38.34176682411261,868937.4366651478,-0.000101206183899194,0.0002554087666794658,-1.462753677368164,0.0018746232613921165,0.008670532703399658
198,162201600,0.00018179999999999997,0.11967294692993163,0.0,0.0,1.0,38.38185900734434,856161.5101948432,3.785148728638887e-05,0.00025522042997181413,-1.4691805839538574,0.0022302309051156046,0.013737791776657104
199,163020800,0.00018119999999999999,0.11977899551391602,0.0,0.0,1.0,38.49865939131662,853486.4158241682,-9.16401157155633e-05,0.00025434186682105064,-1.4783910751342773,0.0022893570363521575,0.01321764886379242
200,163840000,0.00018059999999999997,0.11952313423156738,0.0,0.0,1.0,38.48194411833764,852251.858614309,5.288212560117245e-05,0.0002570291515439749,-1.4876219749450683,0.002379269152879715,0.014257203042507171
201,164659200,0.00017999999999999998,0.12005322456359863,0.0,0.0,1.0,38.411057353562875,869902.2702586749,7.35841691493988e-05,0.0002518202643841505,-1.4951223373413085,0.0022018168121576307,0.01333337277173996
202,165478400,0.00017939999999999997,0.11990627288818359,0.0,0.0,1.0,38.366085207875415,865828.1808750632,-1.6945868264883756e-05,0.00025075017474591733,-1.5033454895019531,0.002184068225324154,0.013990111649036407
203,166297600,0.00017879999999999998,0.11983058929443359,0.0,0.0,1.0,38.447410395946704,863054.0448304253,-5.376135814003646e-05,0.00033800434321165087,-1.514857292175293,0.0019946688786149024,0.009813476353883743
204,167116800,0.00017819999999999997,0.11999094963073731,0.0,0.0,1.0,38.45882076579751,867074.4162112216,0.00010065222159028053,0.0002572769531980157,-1.524381446838379,0.0020768724381923674,0.011885254830121993
205,167936000,0.0001776,0.11994715690612794,0.0,0.0,1.0,38.36390490926994,862740.4012132738,-6.165919476188719e-05,0.0002509501529857516,-1.5312506675720214,0.0017357854172587394,0.007430907338857651
206,168755200,0.00017700000000000002,0.12019336700439454,0.0,0.0,1.0,38.53809322630615,866571.4012096823,0.00026904831174761056,0.00025460668839514253,-1.5386445999145508,0.0024101007729768753,0.016784058511257173
207,169574400,0.0001764,0.12017822265625,0.0,0.0,1.0,38.34485342324623,849317.527365093,-0.00011304621584713459,0.0002535128267481923,-1.550663375854492,0.0019609974697232246,0.00969836488366127
208,170393600,0.00017580000000000002,0.11995612144470215,0.0,0.0,1.0,38.44514857062386,855429.9726758464,5.698344320990145e-05,0.00024716109037399293,-1.5599082946777343,0.0020080476999282835,0.01009240821003914
209,171212800,0.0001752,0.11998517990112305,0.0,0.0,1.0,38.50694084984236,865260.1806277384,-0.0001026702462695539,0.00025381541345268486,-1.567970085144043,0.0018706522881984712,0.009168091416358947
210,172032000,0.00017460000000000002,0.11991058349609375,0.0,0.0,1.0,38.3631601103887,866367.640438428,-5.699304165318608e-05,0.0002507483586668968,-1.577003002166748,0.0019268456846475602,0.010078366845846176
211,172851200,0.000174,0.12003413200378418,0.0,0.0,1.0,38.39855818743563,857563.5406680165,-5.035416688770056e-06,0.0002527039963752031,-1.584764003753662,0.0019204484298825264,0.010646971315145493
212,173670400,0.0001734,0.11967954635620118,0.0,0.0,1.0,38.45188559620532,872270.2077943777,-3.9508414920419456e-05,0.0002483999589458108,-1.5923371315002441,0.001778719201683998,0.008740109950304031
213,174489600,0.0001728,0.1201766586303711,0.0,0.0,1.0,38.37875807811183,863067.2012886906,0.0009390902705490589,0.0004088627640157938,-1.598546028137207,0.0031919069588184357,0.029592159390449523
214,175308800,0.0001722,0.11986091613769531,0.0,0.0,1.0,38.30506175149701,854746.1280284041,-7.685680757276713e-05,0.0002806088188663125,-1.6031623840332032,0.0018359709531068802,0.008872316032648087
215,176128000,0.0001716,0.12002908706665039,0.0,0.0,1.0,38.41359387477101,838289.8690418208,5.441336543299258e-05,0.0002500960370525718,-1.6111547470092773,0.0022450646385550497,0.01349511295557022
216,176947200,0.000171,0.11989604949951171,0.0,0.0,1.0,38.53878357401571,852086.8075884482,-5.8761349646374586e-05,0.0002504374133422971,-1.6207242965698243,0.0016619859263300896,0.007592650502920151
217,177766400,0.0001704,0.12001649856567383,0.0,0.0,1.0,38.36319104268719,838536.7710119033,9.147487580776214e-05,0.000246754614636302,-1.6282649993896485,0.002237354964017868,0.014841309189796448
218,178585600,0.0001698,0.12018831253051758,0.0,0.0,1.0,38.34960799962443,870988.5506342693,-8.968770271167159e-05,0.00024665254168212416,-1.6340801239013671,0.0018148338422179222,0.009199339896440506
219,179404800,0.0001692,0.12001298904418946,0.0,0.0,1.0,38.40765196216166,844591.3763220576,0.00011698983144015074,0.0002437009010463953,-1.6442230224609375,0.00251969825476408,0.01677868664264679
220,180224000,0.0001686,0.1200732421875,0.0,0.0,1.0,38.44840208362664,848172.890444058,-6.230674916878343e-05,0.0002438592491671443,-1.6556461334228516,0.002024690993130207,0.01021728441119194
221,181043200,0.000168,0.12029845237731934,0.0,0.0,1.0,38.3557957789321,845531.0746500684,-0.00020072637125849723,0.0002409904496744275,-1.6660285949707032,0.0021719902753829954,0.011971802264451981
222,181862400,0.0001674,0.12032127380371094,0.0,0.0,1.0,38.41281991077718,825291.1171743794,0.00011691572144627571,0.0002445915015414357,-1.6760065078735351,0.0022788729518651964,0.013976317644119263
223,182681600,0.0001668,0.12012441635131836,0.0,0.0,1.0,38.364041674488455,831218.0161534136,-0.0001270401058718562,0.00024375738576054573,-1.6833892822265626,0.001902792602777481,0.008873779326677322
224,183500800,0.0001662,0.12013579368591308,0.0,0.0,1.0,38.30828327978768,838384.474422921,0.00014589026104658843,0.00024938005954027175,-1.6908287048339843,0.002652004174888134,0.020353756844997406
225,184320000,0.0001656,0.11993796348571778,0.0,0.0,1.0,38.377793427230046,870574.8783389918,-0.00014683195622637867,0.0002453348599374294,-1.6989871978759765,0.0017815815284848214,0.008421265333890916
226,185139200,0.000165,0.12006645202636719,0.0,0.0,1.0,38.479357474989435,853063.2463385755,3.7151994183659555e-05,0.0002464188961312175,-1.7083288192749024,0.002291516959667206,0.014987550675868988
227,185958400,0.0001644,0.11992863655090331,0.0,0.0,1.0,38.262684200708826,855135.7171311037,0.00013751673977822066,0.0002493817126378417,-1.7180736541748047,0.0020994661375880242,0.012336059659719466
228,186777600,0.0001638,0.12004465103149414,0.0,0.0,1.0,38.3304119604443,833016.4804751046,-1.934738829731941e-05,0.0002451714128255844,-1.7266706466674804,0.0020598821341991425,0.01106591671705246
229,187596800,0.0001632,0.1201203727722168,0.0,0.0,1.0,38.27875589595106,850723.7725873662,1.6404503548983483e-05,0.00024016827810555697,-1.7376285552978517,0.0022457154467701913,0.013305662572383881
230,188416000,0.0001626,0.12034769058227539,0.0,0.0,1.0,38.25143443578859,876903.9450335085,-8.763076621107758e-05,0.00024181485641747714,-1.7486248016357422,0.0016985660418868064,0.0072207011282444
231,189235200,0.000162,0.12007136344909668,0.0,0.0,1.0,38.23483182860083,873674.885437569,-8.928116876631975e-05,0.00024249600246548653,-1.7560945510864259,0.0017204852774739265,0.007637939602136612
232,190054400,0.0001614,0.12014387130737304,0.0,0.0,1.0,38.3106673525698,869941.5708610683,-5.384781397879124e-05,0.0002415733179077506,-1.7645614624023438,0.001673797145485878,0.007031981647014618
233,190873600,0.0001608,0.12002836227416992,0.0,0.0,1.0,38.38142542523781,865703.1985739742,0.00017256154678761958,0.00024244405794888736,-1.772323226928711,0.0020562905818223955,0.01276867389678955
234,191692800,0.0001602,0.12011619567871094,0.0,0.0,1.0,38.3211880261927,850096.4115890574,0.000254990067332983,0.00025017191655933856,-1.7777769088745117,0.0025995349511504172,0.019316771626472475
235,192512000,0.0001596,0.11993474006652832,0.0,0.0,1.0,38.359898857463946,869996.8608942241,6.812129868194461e-06,0.00030919716227799653,-1.7830551147460938,0.002150656096637249,0.012658202648162841
236,193331200,0.000159,0.12011483192443848,0.0,0.0,1.0,38.41171787186212,841126.2140634822,8.0062571214512e-06,0.0002453305060043931,-1.7889179229736327,0.00206910390406847,0.011153686791658401
237,194150400,0.0001584,0.12042720794677735,0.0,0.0,1.0,38.31544974039946,863286.9500339914,-4.856982850469649e-05,0.00024094765540212394,-1.7981943130493163,0.0016518108546733855,0.006689820438623428
238,194969600,0.0001578,0.12039179801940918,0.0,0.0,1.0,38.31066099078449,860403.9311697134,0.00011069233296439052,0.0002486582612618804,-1.8058979034423828,0.0022008372470736504,0.013633546233177186
239,195788800,0.0001572,0.12017902374267578,0.0,0.0,1.0,38.30962852063254,868473.6368485541,0.00038613260257989166,0.000341337313875556,-1.812545394897461,0.0028839755803346636,0.023713500797748567
240,196608000,0.00015659999999999998,0.12020563125610352,0.0,0.0,1.0,38.258252789839844,842252.7050191857,-6.567235686816275e-06,0.00024675787426531315,-1.8178451538085938,0.00197159331291914,0.010171020030975341
241,197427200,0.000156,0.12010252952575684,0.0,0.0,1.0,38.341430373242396,858180.1713217907,4.517384222708642e-05,0.00023973891511559487,-1.8277433395385743,0.0022254563868045808,0.013365601003170014
242,198246400,0.00015539999999999998,0.11974984169006347,0.0,0.0,1.0,38.30042557171585,847321.5761479719,0.0007556598633527756,0.0008735441602766514,-1.8373447418212892,0.002951597236096859,0.02548767328262329
243,199065600,0.0001548,0.12012794494628906,0.0,0.0,1.0,38.300721243911575,850469.1417946945,-3.825511084869504e-05,0.000251898099668324,-1.8445941925048828,0.001945844478905201,0.009810665249824524
244,199884800,0.00015419999999999998,0.12028091430664062,0.0,0.0,1.0,38.12223461609965,847917.3592166316,4.058611812070012e-05,0.00024040350690484046,-1.8513324737548829,0.002365371212363243,0.015582515299320221
245,200704000,0.0001536,0.12015224456787109,0.0,0.0,1.0,38.380063765941486,843759.9869165635,1.8238741904497147e-05,0.00024086255580186845,-1.8567796707153321,0.0021291986107826234,0.010487672686576844
246,201523200,0.00015299999999999998,0.12005796432495117,0.0,0.0,1.0,38.35399100618325,866446.4662827649,0.0006851823069155216,0.00024816265795379877,-1.8595861434936523,0.0030879834666848183,0.027994266152381896
247,202342400,0.0001524,0.12036168098449707,0.0,0.0,1.0,38.39363397712357,864011.8656107516,0.00010144711704924702,0.0002749499166384339,-1.8654680252075195,0.0021176474168896676,0.01243542656302452
248,203161600,0.00015179999999999998,0.12005910873413086,0.0,0.0,1.0,38.27200374531835,872585.7590984543,-1.837341405916959e-05,0.0002395112067461014,-1.8765068054199219,0.00222437996417284,0.013758055865764618
249,203980800,0.0001512,0.12063276290893554,0.0,0.0,1.0,38.33870064407729,869574.9305713276,1.2169609544798731e-05,0.00023806134704500436,-1.889333724975586,0.0020503537729382516,0.01151391640305519
250,204800000,0.00015059999999999997,0.12036996841430664,0.0,0.0,1.0,38.14712044322361,847234.513908993,6.6069784224964675e-06,0.00024230920244008302,-1.8993186950683594,0.002238919772207737,0.012760865688323974
251,205619200,0.00015,0.1203752326965332,0.0,0.0,1.0,38.215624126037106,864564.0564911818,0.0004115710500627756,0.00024027545005083083,-1.907708740234375,0.0028047146275639533,0.0221348837018013
252,206438400,0.0001494,0.12019889831542968,0.0,0.0,1.0,38.16582538792298,860199.1347622133,0.0001135102822445333,0.00024190263357013465,-1.9190616607666016,0.0026582619175314903,0.01911364942789078
253,207257600,0.00014879999999999998,0.12025205612182617,0.0,0.0,1.0,38.29111566399702,874488.6578045124,-0.00014523107092827557,0.00023939032107591628,-1.9269489288330077,0.0018663721159100533,0.007922849804162978
254,208076800,0.0001482,0.1200407600402832,0.0,0.0,1.0,38.24223980523433,858645.913252506,0.0005144987255334855,0.00024987771175801756,-1.9337299346923829,0.002635892294347286,0.020603151619434358
255,208896000,0.00014759999999999998,0.12036022186279297,0.0,0.0,1.0,38.30376130029509,866092.2543218419,-6.500863237306476e-05,0.0002438121009618044,-1.9430639266967773,0.0018850428983569144,0.00908532589673996
256,209715200,0.000147,0.12050119400024414,0.0,0.0,1.0,38.252328614008945,872765.668204163,3.507342771627009e-05,0.00023860861547291278,-1.9517791748046875,0.00203545019030571,0.010277220606803894
257,210534400,0.00014639999999999998,0.12010360717773437,0.0,0.0,1.0,38.37097227426002,866651.8079597986,0.0003180932952091098,0.00023813045118004084,-1.9610265731811523,0.002607782743871212,0.02123730182647705
258,211353600,0.0001458,0.1202637481689453,0.0,0.0,1.0,38.12703204830469,866097.2098717692,2.8667630976997317e-05,0.0002388495486229658,-1.9664783477783203,0.0018168417736887932,0.008427001535892487
259,212172800,0.00014519999999999998,0.12031050682067872,0.0,0.0,1.0,38.39327265903547,867671.8069075547,9.370185434818268e-05,0.00023641681764274836,-1.972313117980957,0.0021518826484680175,0.012704098224639892
260,212992000,0.0001446,0.12037568092346192,0.0,0.0,1.0,38.246109994860056,867532.7642282917,0.00021970309317111968,0.00023979139514267444,-1.9818584442138671,0.0023558415472507478,0.015432983636856079
261,213811200,0.00014399999999999998,0.12030863761901855,0.0,0.0,1.0,38.22075313025603,863858.5655398772,-9.05315246200189e-06,0.00023558628745377064,-1.9903465270996095,0.00208048690110445,0.012020019441843032
262,214630400,0.0001434,0.12046749114990235,0.0,0.0,1.0,38.307588139154795,837795.7317938682,-0.00010701410938054323,0.00023809056729078292,-1.9952430725097656,0.0020485291257500648,0.011453737318515778
263,215449600,0.00014279999999999997,0.12032581329345703,0.0,0.0,1.0,38.30402844710616,863324.3049199224,0.0001897576032206416,0.00024111878592520953,-2.001891326904297,0.002436972409486771,0.01589977592229843
264,216268800,0.0001422,0.1201453971862793,0.0,0.0,1.0,38.345560026200054,868352.2249443637,0.00016456932062283158,0.00023949812166392803,-2.009755516052246,0.0022345837205648422,0.014393797516822815
265,217088000,0.00014159999999999997,0.12037246704101562,0.0,0.0,1.0,38.11602826329491,849801.5925153521,0.00020465534180402756,0.00023947018198668956,-2.0164413452148438,0.0023579524829983713,0.014424197375774384
266,217907200,0.00014099999999999998,0.11996847152709961,0.0,0.0,1.0,38.3160825417622,861989.1980659271,-4.11432731198147e-05,0.000239691068418324,-2.0260927200317385,0.0020402926951646806,0.01087365746498108
267,218726400,0.00014039999999999997,0.12034965515136718,0.0,0.0,1.0,38.253974191135214,847450.4383654898,-4.3906038627028465e-07,0.00023987672757357358,-2.0350318908691407,0.0020431187003850937,0.010393066704273224
268,219545600,0.00013979999999999998,0.12012743949890137,0.0,0.0,1.0,38.27078761846958,847433.8886920933,3.2558062230236827e-06,0.0002447478706017137,-2.043217658996582,0.0021188884973526003,0.011862669140100479
269,220364800,0.00013919999999999997,0.12020813941955566,0.0,0.0,1.0,38.20703653585927,863117.2721131119,-3.9950216887518764e-05,0.00024045926984399556,-2.0495853424072266,0.0020931247621774674,0.01169409155845642
270,221184000,0.00013859999999999998,0.12041242599487305,0.0,0.0,1.0,38.276453542718265,862520.4992516302,0.00016643902054056526,0.0002380764577537775,-2.052659606933594,0.0022736214101314544,0.014932617545127869
271,222003200,0.00013799999999999997,0.12041986465454102,0.0,0.0,1.0,38.333006169377455,862650.1444965759,0.0003272327361628413,0.00023906936403363943,-2.057870101928711,0.0024890432134270666,0.0190091535449028
272,222822400,0.00013739999999999998,0.12039484024047852,0.0,0.0,1.0,38.26442307692308,872023.9521675056,-6.69191824272275e-05,0.00023765580262988806,-2.065603256225586,0.002005915716290474,0.01047375351190567
273,223641600,0.00013679999999999996,0.12032161712646484,0.0,0.0,1.0,38.33962528617484,868230.7852780325,-0.0001264498452655971,0.0002481372794136405,-2.070766067504883,0.001953090727329254,0.00991576984524727
274,224460800,0.00013619999999999998,0.12011100769042969,0.0,0.0,1.0,38.25207327929532,859526.8573095152,-1.4547600585501642e-06,0.0002763606840744615,-2.076465034484863,0.0020862678065896034,0.012040282040834427
275,225280000,0.00013559999999999996,0.12029789924621583,0.0,0.0,1.0,38.30883451624953,869296.6672140858,2.656912838574499e-05,0.00023586668539792298,-2.0845878601074217,0.001994541473686695,0.01017797738313675
276,226099200,0.00013499999999999997,0.12042618751525878,0.0,0.0,1.0,38.18263263496804,868457.940980112,-0.00014513644855469466,0.0002356569515541196,-2.0952484130859377,0.00212185587733984,0.011118894815444947
277,226918400,0.0001344,0.12050443649291992,0.0,0.0,1.0,38.24411805977829,865674.4780357153,0.0002049180679023266,0.00023860489018261432,-2.1028411865234373,0.0023228419944643975,0.015376712381839752
278,227737600,0.00013379999999999997,0.12037517547607422,0.0,0.0,1.0,38.38992859476362,870796.352440359,6.141694029793143e-05,0.00023746432270854712,-2.111226463317871,0.0023553185164928436,0.0147857666015625
279,228556800,0.00013319999999999999,0.1202630615234375,0.0,0.0,1.0,38.22431875643787,843704.9366377435,1.8200642080046238e-05,0.00023811901919543744,-2.1198001861572267,0.0018813682720065117,0.00944836437702179
280,229376000,0.00013259999999999997,0.12015115737915039,0.0,0.0,1.0,38.297038936815106,873349.2778266204,6.726985448040068e-05,0.00023754490539431571,-2.1276729583740233,0.002199680544435978,0.013703857362270356
281,230195200,0.00013199999999999998,0.12011646270751954,0.0,0.0,1.0,38.18875333052868,866871.9489295677,0.00010284986346960067,0.00023523801937699317,-2.1352956771850584,0.002341697737574577,0.01618688851594925
282,231014400,0.00013139999999999997,0.12034278869628906,0.0,0.0,1.0,38.34084967320261,860394.5655373789,9.118373855017125e-05,0.000239730766043067,-2.142925262451172,0.002353641204535961,0.01553625762462616
283,231833600,0.0001308,0.12024328231811524,0.0,0.0,1.0,38.15677136732221,860632.996365282,-0.00011079829419031739,0.00023645723704248666,-2.1506372451782227,0.0020419685170054436,0.009517697989940644
284,232652800,0.0001302,0.12033117294311524,0.0,0.0,1.0,38.27868699148976,871641.2145416362,-8.686481742188334e-05,0.00024045412428677082,-2.158563423156738,0.0019599799066781997,0.009197751432657242
285,233472000,0.0001296,0.12024971961975098,0.0,0.0,1.0,38.494942366502,869131.6294855388,0.0002475485438480973,0.00023862763773649931,-2.167770576477051,0.0028895677998661993,0.023093505203723906
286,234291200,0.000129,0.12028171539306641,0.0,0.0,1.0,38.331169134476156,863760.359458694,-4.62835596408695e-05,0.00024278922937810422,-2.177888298034668,0.0020639348775148393,0.011241943389177323
287,235110400,0.0001284,0.12037603378295898,0.0,0.0,1.0,38.2366836282153,866145.5944883185,0.00020859825890511273,0.0005328984465450048,-2.186512565612793,0.0022237446159124375,0.014125119149684905
288,235929600,0.0001278,0.12060482025146485,0.0,0.0,1.0,38.15679799060421,871073.3674918412,3.2738863956183196e-05,0.0002512725768610835,-2.193567657470703,0.001925499364733696,0.00921020433306694
289,236748800,0.0001272,0.12027284622192383,0.0,0.0,1.0,38.32788267816146,866417.7025942322,0.00018193841679021717,0.00024329139851033687,-2.1997455596923827,0.002454439178109169,0.01663550138473511
290,237568000,0.00012660000000000001,0.12046006202697754,0.0,0.0,1.0,38.26484188892522,860582.2461410116,0.0003945288248360157,0.0003470202209427953,-2.2067777633666994,0.002606780268251896,0.01946435570716858
291,238387200,0.000126,0.12064707756042481,0.0,0.0,1.0,38.256603244355105,834743.8852162845,4.487528349272907e-05,0.00026043360121548177,-2.216119956970215,0.0023438919335603712,0.015059572458267213
292,239206400,0.0001254,0.12071115493774415,0.0,0.0,1.0,38.27472834957795,872237.6033428407,-0.00015731250168755652,0.00023526076693087817,-2.224041557312012,0.001901635155081749,0.009813231974840164
293,240025600,0.0001248,0.12013233184814454,0.0,0.0,1.0,38.274836295603365,870189.5899739545,-0.00011747829848900438,0.0002380652818828821,-2.2294841766357423,0.0018696831539273262,0.008411989361047745
294,240844800,0.0001242,0.12031619071960449,0.0,0.0,1.0,38.39791335267147,854514.7373792809,-8.513691136613488e-05,0.00023861860390752553,-2.2343191146850585,0.0017054136842489243,0.006831908226013183
295,241664000,0.0001236,0.12028249740600586,0.0,0.0,1.0,38.229024413057715,870121.5400194442,-1.2373088975436985e-05,0.0002360809361562133,-2.238383102416992,0.0020183192566037176,0.010672606527805328
296,242483200,0.000123,0.1207487678527832,0.0,0.0,1.0,38.220403786077306,863476.4228262629,6.639654748141766e-05,0.00023881129454821347,-2.2437345504760744,0.0021407976746559143,0.012501707673072815
297,243302400,0.0001224,0.12039233207702636,0.0,0.0,1.0,38.19525300191562,866652.203308822,-0.0001738920691423118,0.00023402520455420017,-2.250130271911621,0.0021894905716180802,0.012104978412389755
298,244121600,0.00012179999999999999,0.12045141220092774,0.0,0.0,1.0,38.33369098712446,866463.3608340045,0.0002341662999242544,0.00023769692052155733,-2.2571924209594725,0.0024019988253712655,0.017692138254642487
299,244940800,0.00012119999999999999,0.12043367385864258,0.0,0.0,1.0,38.259610444205705,873116.9993552438,-2.910541370511055e-05,0.0002448394894599915,-2.265220069885254,0.0018994448706507682,0.00976526141166687
300,245760000,0.00012059999999999999,0.12008501052856445,0.0,0.0,1.0,38.182782137518686,866139.593396929,0.00012094253906980157,0.00023694410920143126,-2.271784210205078,0.002150798588991165,0.013177858293056488
301,246579200,0.00011999999999999999,0.12034722328186036,0.0,0.0,1.0,38.248321834793956,865421.8494613245,3.0542502645403144e-05,0.0002334265736863017,-2.27673397064209,0.0020058341324329376,0.011436034739017487
302,247398400,0.0001194,0.12017498970031738,0.0,0.0,1.0,38.253103126458235,855909.6176833361,-7.57198256906122e-05,0.00023304771166294814,-2.2825864791870116,0.002067291922867298,0.010727538168430329
303,248217600,0.0001188,0.1202191162109375,0.0,0.0,1.0,38.226214953271025,862602.0751654913,-0.00010335473343729973,0.00023841476067900657,-2.2901206970214845,0.0018494477495551108,0.008546263724565507
304,249036800,0.0001182,0.12016721725463868,0.0,0.0,1.0,38.219046284620056,837490.6517845815,1.0657321399776266e-05,0.00023501389659941196,-2.297013282775879,0.002100512199103832,0.012046875804662705
305,249856000,0.0001176,0.12042288780212403,0.0,0.0,1.0,38.30361142217245,849088.4502222618,-8.64582252688706e-06,0.00023591399658471346,-2.3041255950927733,0.0020193472504615785,0.01072399914264679
306,250675200,0.000117,0.12048585891723633,0.0,0.0,1.0,38.30890811316343,838600.4676167326,0.0001952354214154184,0.00023777100723236798,-2.3101600646972655,0.0021487129852175713,0.013849365711212158
307,251494400,0.0001164,0.12043534278869629,0.0,0.0,1.0,38.25757505018908,838663.4540374938,-0.00013220640830695628,0.00023774669971317054,-2.316782760620117,0.0019065234810113907,0.00865490734577179
308,252313600,0.0001158,0.12032652854919433,0.0,0.0,1.0,38.30689735796119,838281.9279376698,0.00046362164430320264,0.00023664378095418216,-2.3236297607421874,0.0026543177664279938,0.020474365353584288
309,253132800,0.0001152,0.12006902694702148,0.0,0.0,1.0,38.15343668285394,840782.7166439537,-8.562069851905107e-05,0.00023436592891812325,-2.3330499649047853,0.0019004488363862037,0.009473997354507446
310,253952000,0.0001146,0.12020620346069336,0.0,0.0,1.0,38.288584347177554,861171.8657594194,0.000671232771128416,0.00023657768033444882,-2.3413406372070313,0.002909592352807522,0.024535523355007173
311,254771200,0.00011399999999999999,0.12026966094970704,0.0,0.0,1.0,38.26713417484806,858282.7863849546,-2.4304290127474816e-05,0.0002339322818443179,-2.349889373779297,0.0020336559042334556,0.010240966081619262
312,255590400,0.00011339999999999999,0.12020731925964355,0.0,0.0,1.0,38.26568764568765,858114.5312014046,-0.00013111205771565437,0.00023572167847305537,-2.3595245361328123,0.0018080251291394233,0.008859741687774658
313,256409600,0.00011279999999999999,0.12049574851989746,0.0,0.0,1.0,38.11603395205671,844640.367685425,6.261522066779435e-05,0.00023274128325283526,-2.367948532104492,0.001922573707997799,0.010031858086585998
314,257228800,0.00011219999999999999,0.12058283805847168,0.0,0.0,1.0,38.16824820913573,855295.5899696407,-1.6153209435287864e-05,0.000234890915453434,-2.3753419876098634,0.002004455029964447,0.010427979379892349
315,258048000,0.00011159999999999999,0.12026939392089844,0.0,0.0,1.0,38.32523976608187,872161.8746879197,6.097411387600005e-05,0.00023434960749000311,-2.3813198089599608,0.0021949527785182,0.01353173702955246
316,258867200,0.00011099999999999999,0.12034360885620117,0.0,0.0,1.0,38.264723740133576,873398.6044839511,-2.3443426471203567e-07,0.00023426471743732692,-2.3863367080688476,0.0020266177132725717,0.011301390826702118
317,259686400,0.00011039999999999999,0.12027144432067871,0.0,0.0,1.0,38.21008599738269,851824.7994933993,7.71008082665503e-05,0.0002331854309886694,-2.392378234863281,0.002273065038025379,0.0135612815618515
318,260505600,0.00010979999999999999,0.12062034606933594,0.0,0.0,1.0,38.26907461850763,869595.4707940955,1.6975851031020285e-05,0.00023287234362214803,-2.3984941482543944,0.001998112164437771,0.010606569051742554
319,261324800,0.00010919999999999998,0.12050867080688477,0.0,0.0,1.0,38.05719600093001,849722.7155161409,0.00019238456152379513,0.00023524649441242218,-2.4039966583251955,0.002269374020397663,0.015022219717502594
320,262144000,0.00010859999999999998,0.12013351440429687,0.0,0.0,1.0,38.25138701104947,858326.2582685741,-5.247820809017867e-06,0.00023249490186572075,-2.4075565338134766,0.0019197385758161546,0.0089991457760334
321,262963200,0.00010799999999999998,0.1203699016571045,0.0,0.0,1.0,38.14982513406388,869721.9368720724,4.432675486896187e-05,0.00023481533862650393,-2.4127069473266602,0.0019473809748888015,0.011866576969623566
322,263782400,0.00010739999999999998,0.12046697616577148,0.0,0.0,1.0,38.301870032725574,852844.5484906052,0.00012124559143558144,0.0002354259602725506,-2.420894432067871,0.0019430557265877723,0.010941039770841599
323,264601600,0.00010679999999999998,0.12021196365356446,0.0,0.0,1.0,38.152234636871505,861746.788156487,1.746525231283158e-05,0.00023475431371480226,-2.427863883972168,0.0021852143108844757,0.013391111791133881
324,265420800,0.00010619999999999998,0.12036474227905274,0.0,0.0,1.0,38.22031125858765,848215.5382616459,6.471180240623653e-05,0.00023648724891245365,-2.433663177490234,0.002250509336590767,0.013237547874450684
325,266240000,0.00010559999999999998,0.12062938690185547,0.0,0.0,1.0,38.29656748437646,864131.0904720931,0.00015328804729506374,0.0002467891201376915,-2.439388084411621,0.002231159619987011,0.013907834887504578
326,267059200,0.00010499999999999999,0.12053819656372071,0.0,0.0,1.0,38.243369661817674,863169.5468031274,1.2773124035447836e-05,0.0002453227061778307,-2.443597984313965,0.002122056111693382,0.012559446692466735
327,267878400,0.00010439999999999999,0.12045719146728516,0.0,0.0,1.0,38.3921302578019,867919.5751036314,0.00023095954675227403,0.00023846703115850686,-2.4478242874145506,0.0025352997705340385,0.018430665135383606
328,268697600,0.00010379999999999999,0.1205543327331543,0.0,0.0,1.0,38.28532050084097,869987.4100259735,0.00014872734900563955,0.00024174237623810768,-2.4499040603637696,0.0022092599421739577,0.014282712340354919
329,269516800,0.00010319999999999999,0.12046531677246093,0.0,0.0,1.0,38.25265075435564,865509.128134866,-0.00015293484320864082,0.00023440211080014706,-2.4536260604858398,0.0019797105342149734,0.009254027903079987
330,270336000,0.00010259999999999999,0.12067607879638671,0.0,0.0,1.0,38.24827038145101,862501.1710242139,-3.418025153223425e-05,0.00023559655528515577,-2.458997917175293,0.0019539764150977136,0.01045519784092903
331,271155200,0.00010199999999999999,0.12032280921936035,0.0,0.0,1.0,38.33482977927422,871512.3427162047,0.00012476820265874266,0.0002337748883292079,-2.4656118392944335,0.0022862792015075684,0.015001952648162842
332,271974400,0.00010139999999999998,0.12058032035827637,0.0,0.0,1.0,38.211408299491204,868172.0882115655,0.00020797913894057273,0.0002374793868511915,-2.4709863662719727,0.0023019326850771903,0.015322266519069672
333,272793600,0.00010079999999999998,0.12062410354614257,0.0,0.0,1.0,38.153932061423916,864017.013588896,-5.050295731052756e-05,0.0002325566951185465,-2.4744342803955077,0.0016466038301587104,0.008051392436027528
334,273612800,0.00010019999999999998,0.12054006576538086,0.0,0.0,1.0,38.29926597783908,862499.416569636,5.4153392557054755e-05,0.00022786932531744243,-2.4776290893554687,0.0019672684371471404,0.010431762039661407
335,274432000,9.959999999999998e-05,0.12045989990234375,0.0,0.0,1.0,38.13427825438269,869630.6187217116,0.0001539167482405901,0.00023487168364226817,-2.481425476074219,0.0021725280210375788,0.013494749367237092
336,275251200,9.899999999999998e-05,0.12050337791442871,0.0,0.0,1.0,38.124947783708514,840519.1348762102,-7.860446348786354e-05,0.0002369179157540202,-2.4868133544921873,0.0018907507881522178,0.008145630359649658
337,276070400,9.839999999999998e-05,0.12015442848205567,0.0,0.0,1.0,38.14796346351011,847556.9503185687,0.0002394586568698287,0.00025495621375739577,-2.4903345108032227,0.0022218270227313043,0.014369629323482513
338,276889600,9.779999999999998e-05,0.12052760124206544,0.0,0.0,1.0,38.264000373343286,853212.8908301631,1.9387331849429757e-05,0.00031168160494416953,-2.493616485595703,0.002063274569809437,0.011384031176567078
339,277708800,9.719999999999998e-05,0.12075348854064942,0.0,0.0,1.0,38.23284279373978,856467.372251482,-0.00011199741857126355,0.0002340536331757903,-2.5007205963134767,0.002061987109482288,0.010307863354682922
340,278528000,9.659999999999998e-05,0.12050574302673339,0.0,0.0,1.0,38.06404238509086,876782.2782158499,-2.344755921512842e-06,0.000228190328925848,-2.508106994628906,0.002199888043105602,0.013368774950504304
341,279347200,9.599999999999998e-05,0.12054609298706055,0.0,0.0,1.0,38.196816208393635,871989.8475212456,8.254581480287016e-05,0.00022617727518081665,-2.5148042678833007,0.0020243089646101,0.010345946997404099
342,280166400,9.539999999999997e-05,0.12072555541992187,0.0,0.0,1.0,38.24408456620152,868291.5889340651,0.00014367322437465192,0.00022897764574736357,-2.5202999114990234,0.002189461514353752,0.013607300817966461
343,280985600,9.479999999999997e-05,0.12049358367919921,0.0,0.0,1.0,38.179702048417134,866476.6615584742,2.552506048232317e-05,0.0002274796599522233,-2.5261695861816404,0.001840389147400856,0.008580324053764344
344,281804800,9.419999999999997e-05,0.12041316032409669,0.0,0.0,1.0,38.145030709101064,871448.8467259218,0.00011186723131686449,0.00022937417961657047,-2.53232421875,0.002625870332121849,0.019565671682357788
345,282624000,9.360000000000001e-05,0.12048327445983886,0.0,0.0,1.0,38.186229722170424,866312.1797632282,0.0002914033597335219,0.00023252142127603293,-2.536677360534668,0.0023428475484251975,0.016838622093200684
346,283443200,9.300000000000001e-05,0.12042864799499511,0.0,0.0,1.0,38.21869743973089,864877.4591560863,-5.39558008313179e-05,0.0002288997871801257,-2.5403474807739257,0.001573316752910614,0.005938476696610451
347,284262400,9.240000000000001e-05,0.1207841968536377,0.0,0.0,1.0,38.21668608715917,873261.7531266996,0.0002581750974059105,0.0002297737170010805,-2.5432580947875976,0.0023574711754918098,0.01728222370147705
348,285081600,9.180000000000001e-05,0.12023093223571778,0.0,0.0,1.0,38.16831176087159,869503.0457133941,8.322930079884827e-05,0.00023136234376579522,-2.546939468383789,0.002164347656071186,0.013349854946136474
349,285900800,9.120000000000001e-05,0.12066007614135742,0.0,0.0,1.0,38.07813736903376,865559.1956707572,0.00018522348254919053,0.00022847626823931932,-2.5524063110351562,0.002226725220680237,0.013804928958415985
350,286720000,9.06e-05,0.1202610683441162,0.0,0.0,1.0,38.19335501858736,873557.7616200879,-2.701429184526205e-06,0.00022915939334779977,-2.5587682723999023,0.002016858384013176,0.010695067793130874
351,287539200,9e-05,0.120433349609375,0.0,0.0,1.0,38.1710975096949,871631.5925251332,-4.692126240115613e-05,0.0002271922305226326,-2.5649482727050783,0.0018472127616405488,0.008974122256040573
352,288358400,8.94e-05,0.12013277053833007,0.0,0.0,1.0,38.13663698662067,866374.393280974,-6.170939886942505e-05,0.00022877641022205352,-2.571137046813965,0.002317987568676472,0.013981077075004577
353,289177600,8.88e-05,0.12072404861450195,0.0,0.0,1.0,38.36554818207309,865595.7118786816,-2.006793802138418e-05,0.00024242398794740438,-2.57742862701416,0.00210384838283062,0.011314695328474044
354,289996800,8.82e-05,0.1208342170715332,0.0,0.0,1.0,38.18061838362169,872206.6088957617,-3.262058307882398e-05,0.00023027306888252498,-2.581624984741211,0.0019727110862731933,0.01113879308104515
355,290816000,8.76e-05,0.12070325851440429,0.0,0.0,1.0,38.18499208639791,868782.9465905939,3.540621546562761e-05,0.000225133472122252,-2.587723731994629,0.001977874152362347,0.009327513724565506
356,291635200,8.7e-05,0.12053979873657227,0.0,0.0,1.0,38.06804843968328,865423.1734886727,-6.208851118572056e-05,0.00022798452991992235,-2.5939374923706056,0.0016825025901198386,0.007163940370082856
357,292454400,8.64e-05,0.12028506278991699,0.0,0.0,1.0,38.25541954774808,876227.3804123788,4.099332727491856e-07,0.00022919028997421266,-2.5988544464111327,0.0019226165488362313,0.009775757044553756
358,293273600,8.58e-05,0.12051088333129883,0.0,0.0,1.0,38.24872717081601,872086.8089494974,-4.572728648781777e-05,0.00022908556275069714,-2.6041189193725587,0.001774907112121582,0.007631469517946243
359,294092800,8.52e-05,0.1204043197631836,0.0,0.0,1.0,38.24547236743839,859161.5351923968,0.0002274664118885994,0.00025831731036305425,-2.6076597213745116,0.002329491078853607,0.014723631739616393
360,294912000,8.46e-05,0.12064014434814453,0.0,0.0,1.0,38.237629298294664,861781.1269503768,4.599305102601647e-05,0.0002370622707530856,-2.6106292724609377,0.0018370047211647034,0.009494993835687637
361,295731200,8.4e-05,0.12072389602661132,0.0,0.0,1.0,38.199860107251105,876910.637794129,4.4887984404340384e-05,0.00022611781023442745,-2.6162391662597657,0.0019865650683641434,0.010410155355930328
362,296550400,8.34e-05,0.12039402961730956,0.0,0.0,1.0,38.203758101366155,872614.7487527143,-4.418997268658131e-05,0.00023050899617373943,-2.6228227615356445,0.0018391026183962821,0.008534056693315506
363,297369600,8.28e-05,0.12040122032165528,0.0,0.0,1.0,38.18977966180649,868987.9123674633,4.2774342000484465e-05,0.000231290515512228,-2.629348373413086,0.0019236115738749504,0.010077147930860519
364,298188800,8.22e-05,0.12072783470153808,0.0,0.0,1.0,38.13099725440923,871773.7176638213,-1.0954536264762282e-05,0.00022935112938284873,-2.6358285903930665,0.001642843149602413,0.006811521947383881
365,299008000,8.16e-05,0.12021517753601074,0.0,0.0,1.0,38.232936785630976,864710.6237443681,-8.986335597001016e-05,0.0002259354805573821,-2.64141845703125,0.0017932133749127388,0.007347778230905533
366,299827200,8.1e-05,0.12038639068603516,0.0,0.0,1.0,38.09074384787472,863862.0189246469,-9.35372430831194e-05,0.00022618784569203854,-2.6464195251464844,0.001877065934240818,0.009095702320337296
367,300646400,8.04e-05,0.12070417404174805,0.0,0.0,1.0,38.19961746594514,836396.4559009706,0.00024808680173009633,0.0002246783347800374,-2.6521636962890627,0.0020139282569289207,0.012525391578674317
368,301465600,7.98e-05,0.1205916690826416,0.0,0.0,1.0,38.20613319662581,845004.9495738025,4.21076052589342e-05,0.00022682833950966598,-2.656108856201172,0.0019263993948698045,0.011313600093126297
369,302284800,7.92e-05,0.12034183502197265,0.0,0.0,1.0,38.154715401785715,871850.1080583519,-3.4091208362951875e-05,0.00022960808128118514,-2.6590362548828126,0.0018291568383574485,0.008475585281848908
370,303104000,7.86e-05,0.12050268173217774,0.0,0.0,1.0,38.13448275862069,868235.1534262537,-4.694512172136456e-05,0.00023661626037210226,-2.663106155395508,0.001973246596753597,0.010650022327899933
371,303923200,7.8e-05,0.12040044784545899,0.0,0.0,1.0,38.19378001585304,864464.2195359776,-7.546325214207173e-05,0.00022571750450879336,-2.668580436706543,0.0017193600535392762,0.006820191442966461
372,304742400,7.74e-05,0.12051553726196289,0.0,0.0,1.0,38.23996444278095,864526.7008834464,-6.506965728476643e-05,0.00022779074497520925,-2.6737482070922853,0.0017942234873771668,0.008314331620931625
373,305561600,7.68e-05,0.12045101165771484,0.0,0.0,1.0,38.272490100163054,870921.1560656063,4.187755403108895e-05,0.00022762473672628404,-2.67871208190918,0.0022327566519379618,0.01362268328666687
374,306380800,7.62e-05,0.1202473545074463,0.0,0.0,1.0,38.13686955711824,867959.5033312545,-8.427902357652784e-05,0.00022849731612950563,-2.683583068847656,0.001763354241847992,0.00808691531419754
375,307200000,7.56e-05,0.12051891326904297,0.0,0.0,1.0,38.20783287376735,863449.2610749728,-0.0001368758617900312,0.00022805272601544857,-2.68936824798584,0.001811911165714264,0.0077696539461612705
376,308019200,7.5e-05,0.12038375854492188,0.0,0.0,1.0,38.27940557969998,870010.3174366131,-0.00016996709164232015,0.00022451907861977815,-2.6952529907226563,0.0016917554661631585,0.006790648400783539
377,308838400,7.439999999999999e-05,0.1207159423828125,0.0,0.0,1.0,38.26904784108925,869603.185771223,-0.00013990105362609028,0.00022894162684679032,-2.7009519577026366,0.0015735629945993423,0.0056160885840654375
378,309657600,7.379999999999999e-05,0.12060028076171875,0.0,0.0,1.0,38.15038118259576,868116.7743306695,-5.4586253827437756e-05,0.00022661089897155762,-2.705086898803711,0.0016565237194299698,0.005824462696909905
379,310476800,7.319999999999999e-05,0.12053070068359376,0.0,0.0,1.0,38.10640577684603,866646.2118458693,-7.129397708922624e-05,0.00023060450330376626,-2.7110918045043944,0.0018236123025417328,0.007536498457193374
380,311296000,7.259999999999999e-05,0.12009830474853515,0.0,0.0,1.0,38.12886693999255,877650.7933189058,1.674297818681225e-05,0.00034214600455015896,-2.718309211730957,0.001904343068599701,0.009618651121854782
381,312115200,7.199999999999999e-05,0.12062870025634766,0.0,0.0,1.0,38.22764946917489,872254.4468373499,0.0004947719629853964,0.0007637121248990298,-2.721966361999512,0.0027317063882946967,0.0229250505566597
382,312934400,7.139999999999999e-05,0.12060841560363769,0.0,0.0,1.0,38.086046511627906,841217.1001396634,0.00012710632290691137,0.00031435142736881974,-2.7228113174438477,0.0019768303260207175,0.01176452413201332
383,313753600,7.079999999999999e-05,0.12049218177795411,0.0,0.0,1.0,38.371169818403644,864092.5384643887,-4.351391107775271e-05,0.0002352882642298937,-2.7250034332275392,0.0018629571422934532,0.008800902962684631
384,314572800,7.019999999999999e-05,0.1204412841796875,0.0,0.0,1.0,38.31715876655281,877001.4426187655,-0.000147151539567858,0.00023276391439139844,-2.7286754608154298,0.0016739899292588234,0.006014525517821312
385,315392000,6.959999999999998e-05,0.12049323081970215,0.0,0.0,1.0,38.25219380134428,871614.2723511364,-8.44365160446614e-05,0.0002263425849378109,-2.7320636749267577,0.001869017817080021,0.009510011225938798
386,316211200,6.899999999999998e-05,0.12046685218811035,0.0,0.0,1.0,38.23845362752431,860908.5601706891,-0.00011276620207354427,0.0002253634389489889,-2.7344099044799806,0.0019121794030070305,0.008362060040235519
387,317030400,6.839999999999998e-05,0.12075702667236328,0.0,0.0,1.0,38.19727162678089,870168.375622746,0.00036334556061774493,0.00022639376111328603,-2.7383682250976564,0.0028416045010089875,0.02268700897693634
388,317849600,6.779999999999998e-05,0.1207609748840332,0.0,0.0,1.0,38.235047121395915,866699.2276527624,-3.3198291203007105e-05,0.00022549626883119344,-2.741709518432617,0.0018128274008631707,0.009612181782722473
389,318668800,6.72e-05,0.12062810897827149,0.0,0.0,1.0,38.072805835617714,866279.9522182129,0.0003495182143524289,0.00023046843707561493,-2.7453147888183596,0.0019844913855195045,0.012186276912689208
390,319488000,6.659999999999999e-05,0.12055156707763671,0.0,0.0,1.0,38.2454176577585,866233.8234343219,-0.00010026302188634873,0.00022662365809082984,-2.749124526977539,0.0016168301925063133,0.006675049662590027
391,320307200,6.599999999999999e-05,0.12068455696105956,0.0,0.0,1.0,38.09547528163113,873188.5252050817,-5.633655237033963e-05,0.0002255649073049426,-2.7533489227294923,0.0016940051689743995,0.007531005889177322
392,321126400,6.539999999999999e-05,0.12057690620422364,0.0,0.0,1.0,38.18968486710422,858141.0048458608,-5.4366973927244544e-05,0.00022937904577702284,-2.7571361541748045,0.0017001625150442124,0.008457031100988388
393,321945600,6.479999999999999e-05,0.1205148696899414,0.0,0.0,1.0,38.20957242542032,843913.8239189904,-8.804229437373579e-05,0.00022515468299388885,-2.7622169494628905,0.0018713120371103287,0.008759766817092896
394,322764800,6.419999999999999e-05,0.12028495788574219,0.0,0.0,1.0,38.189106145251394,844754.0212263385,-9.921850869432092e-05,0.0002276820130646229,-2.7668004989624024,0.0016477378085255623,0.007650390267372131
395,323584000,6.359999999999999e-05,0.12056713104248047,0.0,0.0,1.0,38.20080994274543,867595.2702096079,-9.353233035653829e-05,0.00022679006215184928,-2.77142276763916,0.0016409406438469888,0.006586670875549316
396,324403200,6.299999999999999e-05,0.12080849647521973,0.0,0.0,1.0,38.112894222718396,864793.8919470769,-6.818512338213623e-05,0.00022468515671789647,-2.7755170822143556,0.001894471049308777,0.009627563506364822
397,325222400,6.239999999999999e-05,0.12066869735717774,0.0,0.0,1.0,38.226862882504086,864496.4170523905,-8.579576388001442e-05,0.0002303930465131998,-2.7796693801879884,0.001655123382806778,0.006953246891498566
398,326041600,6.179999999999998e-05,0.12032548904418945,0.0,0.0,1.0,38.330399775301935,864496.744589965,0.00018446419853717088,0.00022635585628449917,-2.783946228027344,0.002115960791707039,0.012802979350090027
399,326860800,6.119999999999998e-05,0.12053211212158203,0.0,0.0,1.0,38.26836448598131,871416.6606219214,7.641700358362869e-06,0.00023019530344754459,-2.787885284423828,0.001619018241763115,0.006409912556409836
400,327680000,6.059999999999998e-05,0.12064070701599121,0.0,0.0,1.0,38.175849232201024,874440.7246615756,7.273152587004006e-05,0.00022644703276455402,-2.791371536254883,0.0018998783081769944,0.010645385086536407
401,328499200,5.999999999999998e-05,0.12033348083496094,0.0,0.0,1.0,38.18775662560657,870280.9635653775,9.252903982996941e-05,0.00022676130756735802,-2.7951486587524412,0.0017904706299304962,0.008406738936901092
402,329318400,5.939999999999998e-05,0.12034860610961914,0.0,0.0,1.0,38.30018235376631,870730.1738549798,-6.836834363639354e-05,0.00022868753876537085,-2.798448181152344,0.0015844348818063736,0.005913939699530602
403,330137600,5.879999999999998e-05,0.12034404754638672,0.0,0.0,1.0,38.252438967464876,876258.5440952741,-4.5111787039786576e-05,0.0002263575792312622,-2.7997493743896484,0.0017675641924142838,0.007478029280900955
404,330956800,5.819999999999998e-05,0.12021414756774902,0.0,0.0,1.0,38.25609984107694,849376.4722701939,-7.475995225831866e-05,0.00022835270501673222,-2.802406120300293,0.0015057149343192578,0.00543188564479351
405,331776000,5.759999999999998e-05,0.12049458503723144,0.0,0.0,1.0,38.215215261905875,851105.0862522154,-0.0001632205443456769,0.00023146369494497776,-2.8052576065063475,0.001804162934422493,0.0070611581206321715
406,332595200,5.6999999999999976e-05,0.12061507225036622,0.0,0.0,1.0,38.24614452779201,857809.8775918835,-3.968429518863559e-05,0.00023035819176584483,-2.8082399368286133,0.0016057873144745827,0.005932495370507241
407,333414400,5.639999999999998e-05,0.12031888961791992,0.0,0.0,1.0,38.3362662048954,848811.3439902357,-1.7404982645530254e-05,0.00022768191993236542,-2.811522674560547,0.0016085848212242127,0.00719287171959877
408,334233600,5.5800000000000015e-05,0.12060761451721191,0.0,0.0,1.0,38.21669933725381,856056.0239636413,-4.5107491314411166e-05,0.00022570239380002022,-2.8158123016357424,0.0016550295054912566,0.006825683265924453
409,335052800,5.5200000000000014e-05,0.12059616088867188,0.0,0.0,1.0,38.207837648705386,863286.7062328424,-0.00010261668357998132,0.00022524187806993723,-2.818882942199707,0.0014509601518511773,0.0046481933444738385
410,335872000,5.460000000000001e-05,0.1203707504272461,0.0,0.0,1.0,38.199290912483676,855606.4997198627,-0.00013418974122032524,0.00022805563639849424,-2.8216880798339843,0.0015821432694792747,0.006399168819189072
411,336691200,5.400000000000001e-05,0.12071913719177246,0.0,0.0,1.0,38.29300761362044,857092.6353120006,-0.00010817542206496001,0.00022667921148240567,-2.825496482849121,0.001723429746925831,0.006775511801242829
412,337510400,5.340000000000001e-05,0.12064151763916016,0.0,0.0,1.0,38.23716244578144,868316.9886991314,-5.722312489524484e-05,0.000225300551392138,-2.829282760620117,0.0016540447250008583,0.007604128122329712
413,338329600,5.280000000000001e-05,0.12043828964233398,0.0,0.0,1.0,38.163019642607196,865933.7307429975,-0.00014524061698466538,0.00022336209658533335,-2.8328739166259767,0.0015676230192184447,0.0059791263192892075
414,339148800,5.220000000000001e-05,0.12048538208007813,0.0,0.0,1.0,38.22887965254752,861535.6472900488,-0.00024054090026766063,0.00022998771164566277,-2.8367794036865233,0.0018235942348837852,0.006276001036167145
415,339968000,5.160000000000001e-05,0.12029882431030274,0.0,0.0,1.0,38.32227466006261,862856.3381028154,-0.00011391396401450038,0.00022844194900244473,-2.841587448120117,0.0016296856105327607,0.0058912340551614765
416,340787200,5.1000000000000006e-05,0.12041226387023926,0.0,0.0,1.0,38.210312835097206,868118.4844557447,-6.90287328325212e-05,0.0002272322541102767,-2.8460309982299803,0.0014213535934686661,0.004887450858950615
417,341606400,5.0400000000000005e-05,0.12039227485656738,0.0,0.0,1.0,38.14780299147291,858577.434833188,3.451629891060293e-06,0.0002292207209393382,-2.8486202239990233,0.0016309870406985283,0.0075024418532848355
418,342425600,4.9800000000000004e-05,0.12042073249816894,0.0,0.0,1.0,38.29259501965924,838467.6923048473,0.00012830942869186402,0.00022850148379802704,-2.850602912902832,0.0018253559246659279,0.010212159901857375
419,343244800,4.92e-05,0.12053594589233399,0.0,0.0,1.0,38.16822603919378,858340.8006188439,-0.0001390669960528612,0.0002283609937876463,-2.8542333602905274,0.0016436951234936714,0.0053383782505989075
420,344064000,4.86e-05,0.12043170928955078,0.0,0.0,1.0,38.08718902580795,845076.4966179926,-3.096120781265199e-05,0.0002307560993358493,-2.856174278259277,0.0014658329077064992,0.004934937134385109
421,344883200,4.800000000000001e-05,0.12046222686767578,0.0,0.0,1.0,38.13403740578766,859836.6659194658,-4.0579013875685634e-05,0.00023078753147274256,-2.858287811279297,0.002024407498538494,0.010935299843549729
422,345702400,4.740000000000001e-05,0.12042680740356446,0.0,0.0,1.0,38.10991158678455,865899.9855105288,-0.00010631263721734285,0.00022792911622673273,-2.860765266418457,0.0018213029950857162,0.008548948913812637
423,346521600,4.6800000000000006e-05,0.12063583374023437,0.0,0.0,1.0,38.22741055184961,868499.635745394,-5.5044086184352634e-05,0.00022624379489570855,-2.8638835906982423,0.0017727075144648552,0.008328000456094742
424,347340800,4.6200000000000005e-05,0.12050130844116211,0.0,0.0,1.0,38.08981924631755,873751.9676345132,-2.348602138226852e-05,0.00022622367832809688,-2.866773986816406,0.0016426198184490205,0.00606994591653347
425,348160000,4.5600000000000004e-05,0.12075274467468261,0.0,0.0,1.0,38.185600224121025,871144.2217669071,-7.40939809475094e-05,0.00022568118292838336,-2.870214080810547,0.0014325433410704135,0.004163818433880806
426,348979200,4.5e-05,0.12035739898681641,0.0,0.0,1.0,38.092159687688806,870939.8161824617,-0.000102842110209167,0.0002265392802655697,-2.8748495101928713,0.0018498923629522324,0.007188354432582855
427,349798400,4.44e-05,0.1205384635925293,0.0,0.0,1.0,38.28309905197777,866911.8780097975,-1.9306459580548108e-05,0.00022867973893880844,-2.878131294250488,0.0017267294228076936,0.00836486890912056
428,350617600,4.38e-05,0.12070055961608887,0.0,0.0,1.0,38.17405078034009,862943.3290519478,-4.9125886289402845e-05,0.00022890705149620772,-2.880174255371094,0.0013837270438671113,0.004519409313797951
429,351436800,4.32e-05,0.12059353828430176,0.0,0.0,1.0,38.1453003401836,868257.5234133225,-0.00013686376623809338,0.00022560837678611278,-2.8829509735107424,0.0015213541686534882,0.005990355834364891
430,352256000,4.26e-05,0.12060603141784668,0.0,0.0,1.0,38.26820048534628,839067.5067228029,-0.00016577269416302444,0.00023045744746923446,-2.8851345062255858,0.0014579836279153824,0.005089842900633812
431,353075200,4.2e-05,0.12055456161499023,0.0,0.0,1.0,38.29813490394054,858645.2492032218,-8.047402952797711e-05,0.0002288135001435876,-2.8865671157836914,0.00175519660115242,0.007259034365415573
432,353894400,4.14e-05,0.12020967483520507,0.0,0.0,1.0,38.17687456201822,860637.667541681,-7.596042705699801e-05,0.00022830606903880834,-2.887563133239746,0.0012980121187865733,0.0037639159709215164
433,354713600,4.08e-05,0.12065652847290038,0.0,0.0,1.0,38.20300927004239,860065.4427941156,-7.995658088475466e-05,0.00022722629364579916,-2.8885908126831055,0.0016240747645497322,0.00574365183711052
434,355532800,4.02e-05,0.120509033203125,0.0,0.0,1.0,38.15959624151084,840701.2038825988,-0.0002464473946020007,0.00022820932790637016,-2.8895198822021486,0.001380600780248642,0.0044371336698532104
435,356352000,3.96e-05,0.12026668548583984,0.0,0.0,1.0,38.194555980950604,855422.2182556331,-0.00021954185795038938,0.00022972137667238713,-2.8920568466186523,0.0016498245298862458,0.005822021141648292
436,357171200,3.9e-05,0.12060639381408692,0.0,0.0,1.0,38.327711068541795,856841.3890888157,-0.00010705571621656418,0.0002275944221764803,-2.8946178436279295,0.0013752794824540616,0.0040588371455669405
437,357990400,3.84e-05,0.12042709350585938,0.0,0.0,1.0,38.20861932110006,865562.8089523371,-0.0001412807614542544,0.00022893957793712616,-2.897241401672363,0.0014060662128031255,0.0038410644978284837
438,358809600,3.78e-05,0.12071489334106446,0.0,0.0,1.0,38.11056865206677,867604.5386723577,-0.00011348599800840021,0.00022608512081205844,-2.899960517883301,0.0015846574679017067,0.00498352013528347
439,359628800,3.7199999999999996e-05,0.1205295467376709,0.0,0.0,1.0,38.09127741815303,862354.2742375939,-3.477131831459701e-05,0.00022779935970902444,-2.902031135559082,0.0016124742105603218,0.005720947310328484
440,360448000,3.6599999999999995e-05,0.12075496673583984,0.0,0.0,1.0,38.16420964516579,861134.559276013,-0.00022535778116434814,0.0002247872995212674,-2.904864501953125,0.001685895211994648,0.005287355184555054
441,361267200,3.5999999999999994e-05,0.12066533088684082,0.0,0.0,1.0,38.320048705099985,868526.7456965562,-0.00018577190348878503,0.00022367683704942464,-2.908621406555176,0.0014285506680607797,0.0036225583404302596
442,362086400,3.539999999999999e-05,0.12061004638671875,0.0,0.0,1.0,38.2006439270216,867299.8879376289,-0.00014009920414537191,0.00022798003628849984,-2.912723350524902,0.0014916581101715564,0.004322632029652595
443,362905600,3.479999999999999e-05,0.12081422805786132,0.0,0.0,1.0,38.169415153063596,865406.6185422621,-0.00010008703684434294,0.00022570209112018346,-2.916740608215332,0.0015469888225197793,0.0054466545581817625
444,363724800,3.419999999999999e-05,0.1205156421661377,0.0,0.0,1.0,38.18482771483191,842152.079301735,-0.00012346046278253198,0.00022624421399086714,-2.9199245452880858,0.0014783747494220734,0.0044290777295827866
445,364544000,3.36e-05,0.12050992012023926,0.0,0.0,1.0,38.239595997381464,845812.573962386,-0.00014540479751303791,0.00022512853611260651,-2.922479248046875,0.0014391692355275154,0.003962281346321106
446,365363200,3.2999999999999996e-05,0.12040594100952148,0.0,0.0,1.0,38.276409849086576,857525.8970004648,-0.00013048294931650162,0.00022232341580092908,-2.9246843338012694,0.0011998788453638554,0.0026978760957717895
447,366182400,3.2399999999999995e-05,0.12054466247558594,0.0,0.0,1.0,38.19678471575023,855825.4087468219,-0.0001923935255035758,0.00022112338338047265,-2.9270017623901365,0.0015606224536895753,0.00428173691034317
448,367001600,3.1799999999999994e-05,0.1205685043334961,0.0,0.0,1.0,38.069156615284314,857373.9215168958,-0.0002197874942794442,0.00022378552239388227,-2.928084945678711,0.0014091109856963157,0.0035792235285043716
449,367820800,3.119999999999999e-05,0.12069252014160156,0.0,0.0,1.0,38.06346849772664,857589.5261027409,-9.722440736368299e-05,0.00022751176729798316,-2.929270553588867,0.0013891027309000492,0.004855834692716598
450,368640000,3.059999999999999e-05,0.12074461936950684,0.0,0.0,1.0,38.14592154855521,862698.2498569493,-9.972886182367802e-05,0.0002260222565382719,-2.930613899230957,0.001558789424598217,0.005382811650633812
451,369459200,2.999999999999999e-05,0.12045392990112305,0.0,0.0,1.0,38.2677536908989,849438.0017121693,-0.00010541813680902124,0.00022563152015209198,-2.9312341690063475,0.0013159643858671188,0.0031280525028705595
452,370278400,2.939999999999999e-05,0.12016525268554687,0.0,0.0,1.0,38.29876081365443,864995.8359395285,-0.00013436204753816127,0.00022468101233243942,-2.932343101501465,0.0014560840092599392,0.0051004629582166675
453,371097600,2.879999999999999e-05,0.12061111450195312,0.0,0.0,1.0,38.13942442022911,861507.9940708583,-1.1257479491177946e-05,0.00022877363953739406,-2.9344654083251953,0.0016982391476631164,0.006197509169578552
454,371916800,2.819999999999999e-05,0.12061866760253906,0.0,0.0,1.0,38.17981249125425,868000.8710150578,-5.4851791355758904e-05,0.0002250841585919261,-2.936577033996582,0.001497446559369564,0.005581054091453552
455,372736000,2.759999999999999e-05,0.12071961402893067,0.0,0.0,1.0,38.27136382750082,869187.2518516618,-0.00021007806062698365,0.00022210862953215839,-2.9382396697998048,0.0016702814027667046,0.005253540351986885
456,373555200,2.699999999999999e-05,0.12059433937072754,0.0,0.0,1.0,38.04106280193237,861296.1426381608,-0.00010845707729458808,0.00022528066765516996,-2.9400697708129884,0.0014963991940021514,0.0034174803644418717
457,374374400,2.6399999999999988e-05,0.1204758358001709,0.0,0.0,1.0,38.288932510749675,862557.2674353153,-7.951890002004802e-05,0.00022555356845259665,-2.941915512084961,0.0015179334208369256,0.004723266512155533
458,375193600,2.5799999999999987e-05,0.12071555137634277,0.0,0.0,1.0,38.17411502369228,870681.3888068796,-0.0001472152303904295,0.0002243847120553255,-2.943332862854004,0.001439462509006262,0.0032915037125349047
459,376012800,2.5199999999999986e-05,0.12067652702331542,0.0,0.0,1.0,38.08199701659519,853827.6462251883,-0.0001348138554021716,0.0002231568330898881,-2.944469451904297,0.0012011404149234294,0.0029254147782921793
460,376832000,2.4599999999999985e-05,0.12092471122741699,0.0,0.0,1.0,38.10121589010581,864767.3475802917,-0.0001745008397847414,0.0002250532153993845,-2.945888900756836,0.0013750141486525535,0.0035311270505189894
461,377651200,2.3999999999999987e-05,0.12068937301635742,0.0,0.0,1.0,38.10414146114472,859051.9319875219,-0.00020911572501063346,0.00022534262388944625,-2.9479331970214844,0.0015189477242529392,0.0036348879337310793
462,378470400,2.3399999999999986e-05,0.12062110900878906,0.0,0.0,1.0,38.13705843974275,848424.1392595677,-6.170436390675604e-05,0.00022327196784317495,-2.949555206298828,0.0012897791340947152,0.002871215343475342
463,379289600,2.2799999999999985e-05,0.12076864242553711,0.0,0.0,1.0,38.19115862197741,859347.7614005296,-0.00020583081059157848,0.00022268770262598992,-2.950149726867676,0.0016504639759659767,0.004704467579722404
464,380108800,2.2199999999999984e-05,0.12068090438842774,0.0,0.0,1.0,38.22945476556316,859707.9081650187,-0.00014150009956210853,0.00022420610766857863,-2.950666809082031,0.001251659169793129,0.004239135608077049
465,380928000,2.1599999999999983e-05,0.12053106307983398,0.0,0.0,1.0,38.255081538245875,868354.1625236197,-0.00022436559665948153,0.00022475137375295163,-2.9512657165527343,0.0012924847193062305,0.003157837688922882
466,381747200,2.0999999999999982e-05,0.12063167572021484,0.0,0.0,1.0,38.17773009283015,871624.2576077176,-0.0002483931137248874,0.00022188490256667138,-2.952079200744629,0.001739572547376156,0.004646362736821175
467,382566400,2.0399999999999984e-05,0.12071285247802735,0.0,0.0,1.0,38.122998883097544,874825.6599375581,-0.00017216973938047886,0.0002252037636935711,-2.953175354003906,0.0013528879731893539,0.002779540605843067
468,383385600,1.9799999999999983e-05,0.12065906524658203,0.0,0.0,1.0,38.23494312884579,871349.0856339465,-0.0001874341513030231,0.00022448897361755372,-2.9544088363647463,0.001418530661612749,0.002769775688648224
469,384204800,1.9199999999999982e-05,0.12045660018920898,0.0,0.0,1.0,38.30455736477634,868946.2028984093,-0.0002105716848745942,0.0002261438174173236,-2.9560523986816407,0.0013770475052297115,0.0033724363893270493
470,385024000,1.8600000000000015e-05,0.12076004028320313,0.0,0.0,1.0,38.024692504061264,876502.5049085539,-0.0002161674899980426,0.00022510404232889414,-2.957907295227051,0.0015051177702844142,0.003296142816543579
471,385843200,1.8000000000000014e-05,0.12042970657348633,0.0,0.0,1.0,38.23265020959478,862909.733946609,-0.00012014346430078149,0.00022667313460260629,-2.9586889266967775,0.0011985551565885544,0.002721679583191872
472,386662400,1.7400000000000013e-05,0.12061914443969726,0.0,0.0,1.0,38.08793817792468,849081.5750449649,-0.00010097373742610217,0.00022513179574161767,-2.959294319152832,0.001049496978521347,0.0017977297306060792
473,387481600,1.6800000000000012e-05,0.12079808235168457,0.0,0.0,1.0,38.185565566500166,853529.5197548149,-0.00020270622335374355,0.00022585559636354447,-2.9607318878173827,0.00132024297490716,0.0027166752144694327
474,388300800,1.6200000000000014e-05,0.12055222511291504,0.0,0.0,1.0,38.03601056680725,860771.3191046871,-0.00013216381194069982,0.0002276025013998151,-2.9614847183227537,0.0010304650291800498,0.001849365420639515
475,389120000,1.5600000000000013e-05,0.12072162628173828,0.0,0.0,1.0,38.160537614336384,861299.631861067,-0.0003131439909338951,0.00022601496893912554,-2.962985038757324,0.001794208213686943,0.003804565221071243
476,389939200,1.5000000000000012e-05,0.1205908203125,0.0,0.0,1.0,38.04005748991608,853517.8879356347,-0.00013671163469552994,0.00023032336030155421,-2.9644006729125976,0.0014259891584515571,0.003333373740315437
477,390758400,1.4400000000000011e-05,0.12064064025878907,0.0,0.0,1.0,38.25595071408569,853614.5397216082,-0.00012697394704446195,0.00022504911758005619,-2.9653114318847655,0.001152176409959793,0.0016077883541584016
478,391577600,1.3800000000000012e-05,0.12054402351379395,0.0,0.0,1.0,38.10435267857143,864769.341247201,-0.0002522427821531892,0.00022487384267151357,-2.966342544555664,0.001517015602439642,0.0036760248243808747
479,392396800,1.320000000000001e-05,0.12059744834899902,0.0,0.0,1.0,38.217829638273045,864775.9157371633,-0.0001374507904984057,0.00022493498399853707,-2.967667007446289,0.0011123060248792171,0.0015059816651046276
480,393216000,1.260000000000001e-05,0.12068092346191406,0.0,0.0,1.0,38.12767641035189,869213.5737220129,-0.00015685439575463533,0.00022485416848212482,-2.9686656951904298,0.0013856815174221992,0.0022858887910842895
481,394035200,1.2000000000000009e-05,0.12069231033325195,0.0,0.0,1.0,38.041923951901204,865328.5876761272,-0.00019136930350214243,0.00022399749141186476,-2.9695499420166014,0.0015900790691375732,0.003477293998003006
482,394854400,1.140000000000001e-05,0.12056720733642579,0.0,0.0,1.0,38.19707517637714,874505.3864253841,-0.00021654029842466116,0.00022461307235062123,-2.970399856567383,0.0014824854210019113,0.003094482421875
483,395673600,1.0800000000000008e-05,0.12080137252807617,0.0,0.0,1.0,38.22483800289031,870753.1630661868,-0.00017976888921111822,0.00022885422222316266,-2.9709753036499023,0.0014074673876166345,0.003274901956319809
484,396492800,1.0200000000000007e-05,0.12087284088134766,0.0,0.0,1.0,38.08397548974097,866335.200784469,-0.00016792668029665946,0.0002248148201033473,-2.9716459274291993,0.001304471306502819,0.0020167239010334013
485,397312000,9.600000000000008e-06,0.12056810379028321,0.0,0.0,1.0,38.21510895431851,871674.3495030492,-0.0002076505683362484,0.00022706445306539536,-2.972250747680664,0.0013010475784540176,0.0023897705599665643
486,398131200,9.000000000000007e-06,0.12053319931030274,0.0,0.0,1.0,37.95234117592464,860724.9795994326,-0.0002204868011176586,0.0002237407024949789,-2.972938346862793,0.0015943586826324464,0.0026082765311002732
487,398950400,8.400000000000006e-06,0.12069154739379882,0.0,0.0,1.0,38.25179587648101,854256.2360936679,-0.00014153048396110536,0.00022732766810804606,-2.973674201965332,0.0010587337426841259,0.001336547639220953
488,399769600,7.800000000000007e-06,0.12041568756103516,0.0,0.0,1.0,38.13383626711372,852609.0570117956,-8.579064160585403e-05,0.00022960510104894639,-2.9740884780883787,0.001050444319844246,0.0009658204391598702
489,400588800,7.200000000000006e-06,0.12060727119445801,0.0,0.0,1.0,38.242583060365,853274.3648544798,-0.00012244940735399722,0.00022791263181716205,-2.9745210647583007,0.0011494895443320274,0.001342163234949112
490,401408000,6.600000000000005e-06,0.1204738426208496,0.0,0.0,1.0,38.16425975961987,866181.3938081644,-0.0001285681501030922,0.00022888458333909513,-2.9748666763305662,0.0011140317656099796,0.0012685546651482582
491,402227200,6.000000000000004e-06,0.12077693939208985,0.0,0.0,1.0,38.13736161503396,874022.8751061823,-0.00017916708020493388,0.00022596281487494708,-2.975037956237793,0.001220456324517727,0.0025566402822732926
492,403046400,5.400000000000004e-06,0.12049098014831543,0.0,0.0,1.0,38.21354021060479,861511.3274334427,-0.00023053656332194805,0.00022843223996460438,-2.975210762023926,0.0014377650804817677,0.0019560543820261954
493,403865600,4.800000000000004e-06,0.12070332527160645,0.0,0.0,1.0,38.07676927369106,868552.6512893607,-0.00012979194289073349,0.00022625494748353958,-2.9755666732788084,0.0011908592656254768,0.0016818849369883537
494,404684800,4.200000000000003e-06,0.12058727264404297,0.0,0.0,1.0,38.11294599246406,871481.079890017,-0.00012632362777367234,0.00023222353775054216,-2.9758169174194338,0.0007351311389356852,0.0009030760265886784
495,405504000,3.600000000000003e-06,0.1206635856628418,0.0,0.0,1.0,38.18806206607334,866931.0511192275,-0.00020129517652094363,0.00022524897940456867,-2.9759859085083007,0.001215471513569355,0.0016682129353284836
496,406323200,3.000000000000002e-06,0.12083651542663575,0.0,0.0,1.0,38.15987694602405,852580.9235247954,-0.0002073494950309396,0.00022478061728179455,-2.9761930465698243,0.0011057434603571892,0.0017255859449505806
497,407142400,2.400000000000002e-06,0.12039142608642578,0.0,0.0,1.0,38.17742987606001,858755.0555043385,-0.0001590159721672535,0.0002231669146567583,-2.9763513565063477,0.0008564927615225315,0.0009986571967601776
498,407961600,1.8000000000000014e-06,0.12082542419433594,0.0,0.0,1.0,38.20248626501537,870928.4920892245,-0.00011816659243777395,0.00023098799865692854,-2.9763935089111326,0.0006594656966626644,0.0005258788354694843
499,408780800,1.200000000000001e-06,0.12064261436462402,0.0,0.0,1.0,38.07630709064668,846711.1507605694,-4.682799626607448e-05,0.0002282985020428896,-2.97641544342041,0.00043853013776242735,0.0001472167787142098
500,409600000,6.000000000000005e-07,0.12103187561035156,0.0,0.0,1.0,38.29521897469418,846469.7623733891,-7.124881376512349e-05,0.00022869391832500697,-2.976422119140625,0.0002783718053251505,7.080077921273187e-06
