update,env_steps,lr,reward_per_step,cost_per_step,violation_rate,success_rate,mean_episode_length,steps_per_sec,policy_loss,value_loss,entropy,approx_kl,clip_frac
1,819200,0.0003,-0.00011123829521238804,0.0010590894520282744,0.002984619140625,1.0,84.87096774193549,757248.7512315229,-0.004441632330417633,0.07120645046234131,1.8387132644653321,0.008156472444534301,0.11154223680496216
2,1638400,0.00029939999999999996,-0.0006305254995822906,0.0008401451259851455,0.00285888671875,1.0,276.3181818181818,752832.8481529213,-0.005841536074876785,0.04518178701400757,1.8267040252685547,0.011347652971744537,0.16913710832595824
3,2457600,0.0002988,0.0016582614183425902,0.0002749280817806721,0.001146240234375,1.0,493.51724137931035,755209.3547682952,-0.008566422760486603,0.013806071877479554,1.7901134490966797,0.011186917126178742,0.16507872343063354
4,3276800,0.0002982,0.00251706600189209,0.00032217420637607573,0.001107177734375,1.0,706.7096774193549,759509.2625018962,-0.006644454598426819,0.019353435933589937,1.7538837432861327,0.009841345995664597,0.14157296419143678
5,4096000,0.00029759999999999997,0.0029452669620513914,7.219781633466482e-05,0.000286865234375,0.026102845210127904,996.7564604541896,758401.9984133116,-0.008997944742441177,0.008867833763360977,1.7139585494995118,0.00868687331676483,0.11893872022628785
6,4915200,0.00029699999999999996,0.010043840408325195,0.0009348030388355255,0.00256103515625,0.7274220032840722,357.0197044334975,764932.0687117784,-0.004418247938156128,0.061152446269989016,1.6810766220092774,0.00574725903570652,0.06900511980056763
7,5734400,0.0002964,0.004125220775604248,0.0005639794468879699,0.00185546875,0.906801007556675,328.1536523929471,760111.4553663548,-0.0060722678899765015,0.03325266540050507,1.6558343887329101,0.008693274110555649,0.12232956886291504
8,6553600,0.0002958,0.003824959397315979,0.00086740143597126,0.002733154296875,0.9525773195876288,429.9319587628866,761269.2402232914,-0.0046968873590230945,0.04467851221561432,1.6280525207519532,0.0077756747603416445,0.1046562671661377
9,7372800,0.00029519999999999997,0.004923696517944336,0.0009603739529848099,0.002928466796875,0.97,480.9214285714286,767671.748802274,-0.003909379243850708,0.047026333212852475,1.6006006240844726,0.006009552255272865,0.07360546588897705
10,8192000,0.00029459999999999995,0.006889235973358154,0.0004354572668671608,0.00155517578125,0.29435359456957727,826.455106448627,760406.8856270481,-0.004685747995972633,0.022263187170028686,1.5710824966430663,0.004912799969315529,0.05546862483024597
11,9011200,0.000294,0.023397190570831297,0.0008191996067762375,0.00243408203125,0.9026381909547738,220.9663944723618,757715.6935782271,-0.004127569496631622,0.04813531339168549,1.5387192726135255,0.004190051928162575,0.04405042231082916
12,9830400,0.0002934,0.021072275638580322,0.001008506342768669,0.003302001953125,0.9589864158829676,210.5778474399164,760994.9453987143,-0.0037338733673095703,0.051881706714630126,1.5153888702392577,0.004514999315142631,0.04750085175037384
13,10649600,0.00029279999999999996,0.023480114936828615,0.0013581612706184388,0.004261474609375,0.9828437132784958,206.15652173913043,757636.1082305016,-0.0037201762199401854,0.06790830492973328,1.499755573272705,0.005315960198640823,0.05989148020744324
14,11468800,0.00029219999999999995,0.02171595573425293,0.0006875523924827576,0.002271728515625,0.9957390146471371,175.128362183755,761905.2040158294,-0.005049656331539154,0.029265475273132325,1.4851815223693847,0.005987656861543655,0.07186583876609802
15,12288000,0.0002916,0.01761962652206421,0.0007580985128879547,0.002286376953125,0.9632020658489348,194.50193673337637,756376.6154812428,-0.004473331198096275,0.03598041832447052,1.474256992340088,0.006997556239366531,0.09183825850486756
16,13107200,0.00029099999999999997,0.017118163108825683,0.00038948170840740203,0.001253662109375,0.9414996767937944,219.96735617323853,758448.9581309413,-0.005658867582678795,0.018793767690658568,1.4651073455810546,0.00717238113284111,0.09486231207847595
17,13926400,0.00029039999999999996,0.020766305923461913,0.0005115842446684838,0.00162841796875,0.9200710479573713,234.17863486424764,747639.7352804159,-0.005073996260762215,0.023879179358482362,1.4561982154846191,0.006734844297170639,0.08673619031906128
18,14745600,0.00028979999999999994,0.02895590305328369,0.0006593675911426545,0.002113037109375,0.9396660082600108,208.25139163224995,750166.1223077659,-0.005268434807658195,0.028268352150917053,1.4381254196166993,0.006166721135377884,0.0754498302936554
19,15564800,0.0002892,0.03981458187103271,0.00089152030646801,0.0029443359375,0.9740607033025805,156.04118197620002,760611.0765450137,-0.005106764659285545,0.03342758119106293,1.417304515838623,0.006003067269921303,0.07274952530860901
20,16384000,0.00028859999999999997,0.049969568252563476,0.0009066600352525711,0.002952880859375,0.9933507739263135,111.90963592762154,754431.3266013489,-0.005644122511148453,0.028006109595298766,1.3935606002807617,0.006425275653600693,0.08160985708236694
21,17203200,0.00028799999999999995,0.05727177619934082,0.0010034840553998948,0.003251953125,0.9995193694126694,86.4360280688263,758444.6670808854,-0.00481342151761055,0.029487678408622743,1.3676007270812989,0.006404615938663483,0.07993091940879822
22,18022400,0.00028739999999999994,0.061876502037048337,0.0008674981445074082,0.002808837890625,0.9998212849611294,74.81208113662765,752149.5680225544,-0.00497608482837677,0.02213961035013199,1.338010883331299,0.0065418116748332976,0.08213048577308654
23,18841600,0.0002868,0.06706942081451416,0.0009726986289024353,0.0031689453125,1.0,69.90094339622641,759086.6814833884,-0.004627736657857895,0.023291005194187163,1.305278205871582,0.006680212914943695,0.08300100564956665
24,19660800,0.00028619999999999996,0.07075949668884278,0.0010847197473049163,0.00346923828125,1.0,64.98628741576556,762593.895928964,-0.004023754224181175,0.02345584034919739,1.2744168281555175,0.006409873068332672,0.07786962389945984
25,20480000,0.00028559999999999995,0.07324901103973389,0.0012218960374593734,0.0037841796875,1.0,62.382442054234204,761279.1670855517,-0.003378952294588089,0.025148704648017883,1.2443209648132325,0.005988942086696624,0.06868115067481995
26,21299200,0.000285,0.07642702102661132,0.0010015367716550826,0.00324951171875,0.9999268685095802,60.211276875822726,765975.4934765612,-0.0036849569529294967,0.018410855531692506,1.2150609970092774,0.0061318807303905485,0.0714139461517334
27,22118400,0.0002844,0.07876894950866699,0.0009970098733901977,0.00327880859375,0.9999296171171171,58.037302927927925,760714.5076945644,-0.0033484034240245817,0.01737540066242218,1.1885318756103516,0.00579913966357708,0.0654245674610138
28,22937600,0.00028379999999999996,0.0809490966796875,0.0010660843551158906,0.0032080078125,0.9998626845176793,57.1863371095091,762882.9329886024,-0.002966106683015823,0.020992006361484527,1.1616706848144531,0.005764427781105042,0.06330896615982055
29,23756800,0.00028319999999999994,0.08422122955322266,0.0011333422362804412,0.003406982421875,1.0,54.81251660908849,768242.8988681199,-0.002752918191254139,0.019415658712387086,1.1347476959228515,0.00546397715806961,0.058320796489715575
30,24576000,0.0002826,0.0853589916229248,0.0010287728160619735,0.003106689453125,0.9998698509793714,53.771067872714255,753006.2871957595,-0.0025951432064175604,0.01669880300760269,1.1100265502929687,0.005232250317931175,0.05499171614646912
31,25395200,0.00028199999999999997,0.08786137580871582,0.001082189604640007,0.0033935546875,0.9999365200279312,52.07585856662223,759470.2867512023,-0.0025657104328274728,0.017744415998458864,1.0862377166748047,0.005272354558110237,0.05507591366767883
32,26214400,0.00028139999999999996,0.0896823501586914,0.001066254824399948,0.003387451171875,0.9999374960935058,51.65797862366398,753560.0952479435,-0.002615249902009964,0.015948100388050078,1.060554599761963,0.005267130210995674,0.053394156694412234
33,27033600,0.00028079999999999994,0.09165931701660156,0.0010116857290267945,0.003223876953125,0.9999391134924501,50.46212859230395,755788.1415678923,-0.0025453777983784676,0.014556455612182616,1.0329277992248536,0.005208268761634827,0.05270715951919556
34,27852800,0.0002802,0.09375975608825683,0.0010592956840991975,0.003204345703125,1.0,49.321150068456454,758243.9372937231,-0.0022378193214535715,0.014216728508472443,1.0055739402770996,0.004968376457691192,0.04770471751689911
35,28672000,0.00027959999999999997,0.09520355224609375,0.0010173647850751878,0.003133544921875,1.0,48.07375423036527,752513.593850629,-0.001993033289909363,0.01394471973180771,0.9817103385925293,0.004721183329820633,0.04520117044448853
36,29491200,0.00027899999999999995,0.09707281112670899,0.001071496084332466,0.00334716796875,1.0,47.2927249741409,759180.4618971746,-0.0020365994423627853,0.013563558459281921,0.9560109138488769,0.004734834283590316,0.04309240281581879
37,30310400,0.0002784,0.09846457481384277,0.0010854099690914155,0.003319091796875,1.0,46.457823822463766,745501.8906095204,-0.00183358583599329,0.013218763470649719,0.9338067054748536,0.004479073733091354,0.040859374403953555
38,31129600,0.0002778,0.09953876495361329,0.0010027557611465455,0.003238525390625,0.9998879112256908,46.18528274393319,749411.6816041966,-0.0017568405717611312,0.011987442523241043,0.9108125686645507,0.004362601041793823,0.03591222763061523
39,31948800,0.0002772,0.10094924926757813,0.0009447960555553437,0.002926025390625,1.0,45.43138444567016,751173.8170637739,-0.0018167544156312942,0.011353488266468047,0.8892670631408691,0.004553740471601486,0.03979700207710266
40,32768000,0.0002766,0.10245095252990723,0.001093398481607437,0.00332275390625,1.0,44.7970714713407,755442.4059090937,-0.0014267842285335063,0.01236334815621376,0.8671096801757813,0.0038881443440914156,0.032035768032073975
41,33587200,0.000276,0.10356815338134766,0.0009777692705392838,0.002967529296875,1.0,44.52186889515954,755633.7083519116,-0.0013993636704981327,0.010997193306684494,0.8408539772033692,0.003987253084778786,0.03361413478851318
42,34406400,0.00027539999999999997,0.10440364837646485,0.001047036126255989,0.003287353515625,1.0,43.881941478000854,756922.9243453181,-0.0013979581184685231,0.011311941593885422,0.8157473564147949,0.004157016426324845,0.036488527059555055
43,35225600,0.0002748,0.10549114227294921,0.0011595164984464646,0.00361572265625,1.0,43.59596174282678,762755.868249164,-0.0013705662451684475,0.01239231377840042,0.7932454586029053,0.004198362678289413,0.03778857290744782
44,36044800,0.0002742,0.106339111328125,0.0010864323377609254,0.003355712890625,1.0,43.231962557846025,759798.6321528581,-0.0012639548629522323,0.011433165520429611,0.7712925434112549,0.004035255312919617,0.03231493830680847
45,36864000,0.0002736,0.10706937789916993,0.0010148701071739197,0.003232421875,1.0,42.87177740515615,763674.404065545,-0.001118427235633135,0.010633983463048936,0.7483507633209229,0.003400067239999771,0.02804711163043976
46,37683200,0.00027299999999999997,0.10772622108459473,0.0010007932782173158,0.0031591796875,1.0,42.61817237798546,766116.4887832772,-0.0012348735705018043,0.010366949439048766,0.7254496097564698,0.004136129841208458,0.0355520099401474
47,38502400,0.0002724,0.10849482536315919,0.0010991112142801284,0.0034130859375,1.0,42.41410852713178,760933.3305460134,-0.0010328756645321846,0.011315304785966873,0.7066839218139649,0.0037111688405275347,0.02948351502418518
48,39321600,0.0002718,0.10928226470947265,0.0011303500831127166,0.00340087890625,1.0,42.059608769317656,765234.6342320038,-0.0010377782396972179,0.01219741627573967,0.6874688625335693,0.00387318953871727,0.0309641033411026
49,40140800,0.0002712,0.10947779655456542,0.0010425909608602524,0.003182373046875,1.0,41.798808129170276,751620.2198117943,-0.0009579122066497803,0.010367603600025177,0.6674456119537353,0.0038295499980449677,0.029895135760307313
50,40960000,0.00027059999999999996,0.10998224258422852,0.0011588753759860992,0.003507080078125,1.0,41.68325953071716,756425.4849859048,-0.0007968507707118988,0.01135796755552292,0.6487070083618164,0.0029818732291460037,0.024377687275409697
51,41779200,0.00027,0.11036998748779298,0.0011415571719408035,0.003465576171875,1.0,41.537294499695555,749160.9449172765,-0.0007562951184809207,0.011143694818019866,0.6290104866027832,0.0030270637944340706,0.024210207164287567
52,42598400,0.0002694,0.11085804939270019,0.001223636269569397,0.00367431640625,1.0,41.391223203026485,754690.3664432307,-0.0007728859316557645,0.011949092149734497,0.6086179733276367,0.0032450836151838303,0.02694152593612671
53,43417600,0.0002688,0.11120368003845214,0.001154620200395584,0.003458251953125,1.0,41.2381119935659,757274.2132285277,-0.0007177104242146015,0.011469902843236924,0.5907419204711915,0.0031211553141474724,0.025154662132263184
54,44236800,0.00026819999999999996,0.11125526428222657,0.0011284611374139785,0.003389892578125,1.0,41.06653973344022,747727.7000548064,-0.0006892574951052665,0.011233542114496231,0.5722456455230713,0.003446684032678604,0.02710558772087097
55,45056000,0.0002676,0.1120488166809082,0.0010055153071880341,0.0030908203125,1.0,40.888578274760384,754945.004501636,-0.0007429013028740882,0.009935936331748963,0.5542258262634278,0.00312464814633131,0.025109368562698364
56,45875200,0.000267,0.11233861923217774,0.001070844754576683,0.003251953125,1.0,40.81273967827083,751754.5430636189,-0.0006969834212213755,0.010213840752840042,0.5393606185913086,0.0032017309218645095,0.024474483728408814
57,46694400,0.00026639999999999997,0.11220906257629394,0.0011022017896175384,0.0033935546875,1.0,40.81702509854798,748392.1414827749,-0.0006885855458676815,0.010319177806377412,0.5259949207305908,0.0032292988151311876,0.024649780988693238
58,47513600,0.00026579999999999996,0.11284929275512695,0.001138213276863098,0.00348876953125,1.0,40.80697743763045,738534.9193380718,-0.0007012641057372093,0.010804107785224915,0.5108556747436523,0.003119373507797718,0.02546020448207855
59,48332800,0.0002652,0.11295133590698242,0.0011980396509170532,0.003603515625,1.0,40.52217751949536,755699.9750947471,-0.0005724580027163029,0.01128922626376152,0.49202775955200195,0.0028516000136733057,0.022303584218025207
60,49152000,0.0002646,0.11355844497680664,0.0010849104821681976,0.003314208984375,1.0,40.44147288727201,752779.4686817387,-0.0006170812994241714,0.010245189070701599,0.4740269184112549,0.0030325962230563163,0.022740475833415985
61,49971200,0.00026399999999999997,0.11404966354370118,0.0011292825639247894,0.00354736328125,1.0,40.31914998036906,757302.583715543,-0.0004943291656672955,0.010458403080701829,0.4584172248840332,0.002800254710018635,0.02132019102573395
62,50790400,0.00026339999999999995,0.11401939392089844,0.0011100850999355317,0.003458251953125,1.0,40.16030646824812,764349.315420189,-0.0005369000136852264,0.01026618555188179,0.44286694526672366,0.0029106296598911284,0.022706414759159087
63,51609600,0.0002628,0.11406548500061035,0.0011861932277679444,0.0035546875,1.0,40.15979406717333,758756.5671066454,-0.0005607835482805967,0.011325743794441224,0.4270679473876953,0.003224477544426918,0.02725769281387329
64,52428800,0.0002622,0.1144108772277832,0.0011129669845104217,0.003409423828125,1.0,40.035426337649646,764027.1472233045,-0.000547424890100956,0.010604402422904969,0.4115182876586914,0.0026791797950863837,0.020549437403678893
65,53248000,0.00026159999999999996,0.11498517990112304,0.0012732726335525513,0.00392578125,1.0,39.84473799232674,757328.7214299683,-0.0004533297847956419,0.011242174357175828,0.39472274780273436,0.0028105128556489946,0.02007812410593033
66,54067200,0.000261,0.11487506866455079,0.0010493415594100951,0.003233642578125,1.0,39.97223171148309,761915.5464222593,-0.0005871269851922989,0.00987059623003006,0.37536418437957764,0.0029889503493905067,0.02094409167766571
67,54886400,0.0002604,0.11537219047546386,0.00118152879178524,0.003599853515625,1.0,39.76496555738818,765429.5271301271,-0.00039066867902874946,0.01082414910197258,0.3555844783782959,0.00262225866317749,0.017857547104358672
68,55705600,0.00025979999999999997,0.1156571388244629,0.0011498639732599259,0.003538818359375,1.0,39.775912408759126,753029.399336064,-0.0003909300547093153,0.010733787715435029,0.3401846647262573,0.0029880588874220846,0.02246667444705963
69,56524800,0.00025919999999999996,0.11616256713867187,0.0012188614904880524,0.003681640625,1.0,39.63140327964011,754359.270542883,-0.00034533117432147267,0.01118462234735489,0.3288489580154419,0.002566491812467575,0.01745922863483429
70,57344000,0.0002586,0.11620290756225586,0.0010713414847850799,0.00335205078125,1.0,39.59795455641854,750410.3822314367,-0.0004410651978105307,0.009654900431632996,0.31463046073913575,0.0026712615042924883,0.01692834198474884
71,58163200,0.000258,0.11598079681396484,0.001188690662384033,0.003699951171875,1.0,39.6028066779579,752381.1338996694,-0.00043286294676363467,0.01094188094139099,0.29925994873046874,0.002406515367329121,0.01416320949792862
72,58982400,0.00025739999999999997,0.11612627029418945,0.001145845279097557,0.003465576171875,1.0,39.54118783196523,753816.5035508368,-0.0005074049346148968,0.010480789095163345,0.2813535690307617,0.002671927772462368,0.017785525321960448
73,59801600,0.00025679999999999995,0.11650833129882812,0.001071433573961258,0.00333740234375,1.0,39.32860565404887,750700.4536029436,-0.00034824672620743514,0.009571432322263717,0.2655851125717163,0.002460807003080845,0.015040527284145355
74,60620800,0.0002562,0.11660906791687012,0.0011726678162813186,0.0035498046875,1.0,39.37765164269565,755963.1739896154,-0.00034700403921306133,0.011028527468442916,0.25134711265563964,0.0023110905662178994,0.014510497450828552
75,61440000,0.0002556,0.11668429374694825,0.0011715804040431975,0.0036376953125,1.0,39.31684832188986,750489.8510004461,-0.0003052625572308898,0.010273231565952301,0.2372436761856079,0.0024283146485686302,0.014467163383960724
76,62259200,0.00025499999999999996,0.11679574966430664,0.0011942514777183533,0.003714599609375,1.0,39.40189568899153,755292.1530542884,-0.0003424951108172536,0.010397367179393768,0.22582855224609374,0.0024379480630159376,0.016310180723667144
77,63078400,0.00025439999999999995,0.11740812301635742,0.0012202630937099457,0.003729248046875,1.0,39.27065690636812,742909.7157777144,-0.0002982283243909478,0.010558030009269715,0.21157076358795165,0.0022890085354447367,0.0128903791308403
78,63897600,0.0002538,0.11714988708496094,0.0012002157419919968,0.00364501953125,1.0,39.15964533908459,751284.0283621395,-0.0003275488037616014,0.010892441868782044,0.19453805685043335,0.002578064426779747,0.017199704051017763
79,64716800,0.0002532,0.11748741149902343,0.001134898066520691,0.003441162109375,1.0,39.138023067391096,753515.7585493681,-0.0003260514931753278,0.010215406864881515,0.17681514024734496,0.002542192116379738,0.01616161912679672
80,65536000,0.00025259999999999996,0.11761952400207519,0.0011561226844787598,0.003505859375,1.0,39.02990618600886,759212.215651812,-0.0002986723557114601,0.010809193551540374,0.1637534976005554,0.0023643532767891884,0.014052852988243103
81,66355200,0.00025199999999999995,0.11754228591918946,0.001206659898161888,0.003668212890625,1.0,39.11692969870875,765288.7061412532,-0.000397351011633873,0.010573558509349823,0.1511467933654785,0.0026095367968082426,0.016112548112869263
82,67174400,0.0002514,0.11766386032104492,0.0013099575042724609,0.003963623046875,1.0,39.20068790904314,758211.9858975657,-0.00025174999609589577,0.011444405466318131,0.14035359621047974,0.0022363340482115745,0.012919798493385315
83,67993600,0.00025079999999999997,0.1176624870300293,0.0011045022308826446,0.003402099609375,1.0,39.05691095726904,764093.2437880103,-0.0002687992062419653,0.009715299308300018,0.1298911452293396,0.0024122374132275583,0.013145998120307922
84,68812800,0.00025019999999999996,0.1180397891998291,0.0012606815993785859,0.003804931640625,1.0,38.935955910300265,757857.9064454164,-0.00024318667128682138,0.011044348776340484,0.11710286140441895,0.0023645747452974318,0.014607420563697815
85,69632000,0.00024959999999999994,0.11793587684631347,0.0011058150231838227,0.003485107421875,1.0,39.00988452216889,762897.5533395035,-0.00035931351594626905,0.009723763167858123,0.10210511684417725,0.0025213588029146194,0.015461668372154236
86,70451200,0.000249,0.11827577590942383,0.0012479926645755767,0.00376953125,1.0,38.98411032113375,759547.5704741196,-0.0003380536334589124,0.010765262693166733,0.08955876231193542,0.0022672971710562704,0.012657353281974792
87,71270400,0.0002484,0.11809713363647462,0.0010912284255027772,0.003297119140625,1.0,38.876700639962074,752181.3218200275,-0.0003719654865562916,0.009572257101535798,0.07913306951522828,0.002536878176033497,0.014551754295825958
88,72089600,0.0002478,0.1181258487701416,0.0011456690728664399,0.00349365234375,1.0,38.911594065056114,760416.0345237332,-0.0003012283472344279,0.009738843142986297,0.06955785751342773,0.0024603255093097686,0.01536584347486496
89,72908800,0.0002472,0.11850278854370117,0.001190561056137085,0.00351806640625,1.0,38.84821513114289,755651.6957332526,-0.00032477707136422394,0.010678716003894806,0.05623931884765625,0.0024075938388705255,0.014545287191867828
90,73728000,0.0002466,0.11807350158691406,0.0012574046850204468,0.003814697265625,1.0,38.82089693751778,754604.1382245899,-0.00025806496851146223,0.010631632804870606,0.0407389760017395,0.0023926306515932084,0.013012081384658813
91,74547200,0.000246,0.11844653129577637,0.0011691242456436158,0.00364013671875,1.0,38.81608596856656,761078.1343239711,-0.00020884734112769365,0.009828303754329682,0.025682324171066286,0.002259034849703312,0.014188110828399658
92,75366400,0.0002454,0.11858026504516601,0.0011735207587480546,0.003590087890625,1.0,38.69174711338255,756581.0140081365,-0.0002791619161143899,0.00962112694978714,0.008430002629756928,0.002515978366136551,0.01421215683221817
93,76185600,0.0002448,0.11844608306884766,0.0012023337930440903,0.003717041015625,1.0,38.84098236298122,763465.3476075572,-0.00023411186411976815,0.010302004218101502,-0.007949687540531158,0.0023018164560198785,0.014168456196784973
94,77004800,0.00024419999999999997,0.11883090972900391,0.0011086475849151612,0.003536376953125,1.0,38.81770783960565,756774.4225497644,-0.00019589194562286139,0.009197249263525008,-0.019985714554786684,0.00228696595877409,0.012620970606803894
95,77824000,0.00024359999999999999,0.11894064903259277,0.001247825026512146,0.003779296875,1.0,38.7328449905482,760673.4437313882,-0.0002726838458329439,0.010379265248775481,-0.02810984253883362,0.0023988379165530206,0.013593627512454987
96,78643200,0.000243,0.11918091773986816,0.0011705920100212098,0.003531494140625,1.0,38.66784136829246,762000.2153960203,-0.00031232552137225864,0.010126876085996628,-0.03609046936035156,0.0021348586305975914,0.011766722053289413
97,79462400,0.00024239999999999998,0.11890317916870118,0.0010987588763237,0.00342529296875,1.0,38.70184183043767,753577.6919055312,-0.0003134059719741344,0.008974703401327134,-0.04629586637020111,0.0023108813911676407,0.013159544765949249
98,80281600,0.0002418,0.11917287826538087,0.0011046744883060455,0.00333984375,1.0,38.66977445025192,752829.1841970293,-0.0002700482727959752,0.009529574960470199,-0.05720391273498535,0.0023590127006173135,0.012683957815170288
99,81100800,0.00024119999999999998,0.11881142616271972,0.0011933761835098266,0.003572998046875,1.0,38.76659559346127,754747.2109437442,-0.00013855050783604384,0.00953420102596283,-0.06837010979652405,0.002255573496222496,0.012894533574581146
100,81920000,0.0002406,0.11884525299072266,0.001280275136232376,0.0037939453125,1.0,38.630340673818935,763048.8148674478,-0.0002247162163257599,0.010175368189811707,-0.07811979055404664,0.0021690076217055322,0.012184325605630875
101,82739200,0.00023999999999999998,0.11904960632324219,0.0011324019730091096,0.00356689453125,1.0,38.63769415986025,766061.961249925,-0.00027642822824418544,0.008886414021253586,-0.08971952199935913,0.002309836447238922,0.013124632835388183
102,83558400,0.0002394,0.11910585403442382,0.0011023799329996108,0.00350830078125,1.0,38.528786453433675,761891.6491817136,-0.0002718103583902121,0.008496119827032089,-0.10160290002822876,0.0019395925104618073,0.00931750312447548
103,84377600,0.0002388,0.1193226146697998,0.0010552549362182618,0.003345947265625,1.0,38.433465085639,760987.74053349,-0.000280200457200408,0.008313353359699249,-0.11076338291168213,0.001966482400894165,0.009201782196760178
104,85196800,0.0002382,0.1193931007385254,0.0011574086546897889,0.003531494140625,1.0,38.719225514674704,760613.6768165709,-0.0002772454638034105,0.008744729310274124,-0.12229193449020385,0.0022418351843953134,0.012363649159669875
105,86016000,0.0002376,0.11962220191955567,0.0011606702208518981,0.003629150390625,1.0,38.54717514124294,754914.4116958859,-0.0002847547177225351,0.00862397775053978,-0.13728731870651245,0.002222393453121185,0.013533934950828552
106,86835200,0.000237,0.11929033279418945,0.0011580573767423629,0.0036279296875,1.0,38.52711721026412,765876.8920211137,-0.0002668990986421704,0.008623665571212769,-0.14989615678787233,0.0019912958145141602,0.009703124314546585
107,87654400,0.0002364,0.11951584815979004,0.0013179460167884827,0.003907470703125,1.0,38.57535021932928,756673.146857134,-0.00019620605744421482,0.009614182263612747,-0.16136058568954467,0.002302718162536621,0.012793213129043579
108,88473600,0.00023579999999999999,0.11938840866088868,0.0011544500291347504,0.0034716796875,1.0,38.418967699592145,760062.6681726477,-0.000249984604306519,0.00872403010725975,-0.17639182806015014,0.002332327887415886,0.013544310629367829
109,89292800,0.0002352,0.11985597610473633,0.0012387119233608246,0.003724365234375,1.0,38.32827999251357,756978.1282134454,-0.00016292459331452848,0.009103047847747802,-0.1889752984046936,0.0020280953496694563,0.010745607316493988
110,90112000,0.00023459999999999998,0.11963506698608399,0.0012254728376865386,0.00364990234375,1.0,38.472241775775494,759209.3435066324,-0.0001955677755177021,0.009112372994422913,-0.19376412630081177,0.0020287146791815756,0.011611692607402802
111,90931200,0.000234,0.1196817970275879,0.001177246570587158,0.0036279296875,1.0,38.52945874835557,763945.634949925,-0.0003258368233218789,0.008550581336021424,-0.20107197761535645,0.0021074851974844933,0.011140257865190507
112,91750400,0.00023339999999999998,0.11989587783813477,0.0011986511200666428,0.0036572265625,1.0,38.38990438695163,757015.2935949039,-0.0002834376879036427,0.009346431493759156,-0.21307504177093506,0.002221892401576042,0.012374389916658401
113,92569600,0.0002328,0.11977915763854981,0.0012487515062093734,0.003795166015625,1.0,38.36015361558636,762027.8224546277,-0.0002490527927875519,0.009019892662763596,-0.22377605438232423,0.0021600980311632157,0.011945678293704987
114,93388800,0.00023219999999999998,0.11973663330078126,0.001261674016714096,0.003876953125,1.0,38.2710027100271,758809.9050953112,-0.00022526565007865428,0.008861580491065979,-0.2357252836227417,0.0020850224420428274,0.011108276247978211
115,94208000,0.0002316,0.11978620529174805,0.0011315669119358062,0.003455810546875,1.0,38.371972075153444,758354.3599659647,-0.00023401686921715737,0.008051348477602005,-0.24539096355438234,0.002328239940106869,0.013644164800643921
116,95027200,0.00023099999999999998,0.11985404968261719,0.0012161055952310562,0.003663330078125,1.0,38.38126055149128,762419.5460310838,-0.0002286361763253808,0.008715000748634339,-0.24944872856140138,0.001974467560648918,0.009788572788238525
117,95846400,0.0002304,0.11991366386413574,0.0011751574277877807,0.00356689453125,1.0,38.3794718112006,756382.2010702105,-0.00019112108275294305,0.008015191555023194,-0.25824651718139646,0.002190333791077137,0.011588377505540847
118,96665600,0.00022979999999999997,0.12019399642944335,0.0012071961164474487,0.00366455078125,1.0,38.27846089111225,750248.1909730416,-0.00028802980668842795,0.008327940851449967,-0.27406888008117675,0.002263547480106354,0.012052854895591736
119,97484800,0.0002292,0.1200684928894043,0.0011550094187259673,0.003502197265625,1.0,38.467213883677296,757112.8347333285,-0.00024970127269625665,0.00827493965625763,-0.2838718891143799,0.0020897811278700828,0.010760498046875
120,98304000,0.00022859999999999997,0.12007265090942383,0.0011946491897106171,0.0035986328125,1.0,38.23156762822011,763174.8148245165,-0.00023877115454524757,0.008128868043422699,-0.2905100107192993,0.0018511148169636726,0.009580809623003006
121,99123200,0.00022799999999999999,0.12039535522460937,0.001200544461607933,0.00362548828125,1.0,38.263937567176036,767790.836977247,-0.0002664327155798674,0.007958865910768508,-0.3035177946090698,0.0021347887814044952,0.011028318852186202
122,99942400,0.00022739999999999997,0.12022344589233398,0.0012634547054767608,0.00386962890625,1.0,38.16474257517922,761734.7141535933,-0.0002164343371987343,0.007947428524494171,-0.31585063934326174,0.0021460440009832384,0.01075708046555519
123,100761600,0.00022679999999999998,0.12022318840026855,0.0012664207816123962,0.0038134765625,1.0,38.333021646640795,758882.5910141098,-0.0002146175131201744,0.008292081207036972,-0.32372298240661623,0.0018327075988054276,0.007964842021465302
124,101580800,0.00022619999999999997,0.1203242588043213,0.0012006358802318573,0.003660888671875,1.0,38.3796161606682,753505.7142510872,-0.00016659360844641923,0.007898451387882232,-0.3335453987121582,0.0020528053864836693,0.009889893233776093
125,102400000,0.00022559999999999998,0.12045443534851075,0.0011740513890981675,0.00364013671875,1.0,38.215754862179935,757711.7561030868,-0.0002423516707494855,0.0077926009893417355,-0.34235079288482667,0.0019256711006164552,0.009080322086811065
126,103219200,0.000225,0.12034936904907227,0.0012128008902072907,0.0036669921875,1.0,38.36741856982404,761320.9387759255,-0.00017096082447096706,0.008182043582201004,-0.3499969244003296,0.0018539668992161751,0.008542483299970626
127,104038400,0.00022439999999999998,0.12023736953735352,0.0012040290236473084,0.00377685546875,1.0,38.415119114612644,754208.4401724221,-0.0001415924169123173,0.007568144053220749,-0.3570955514907837,0.0016382891684770585,0.006541992723941803
128,104857600,0.0002238,0.12040487289428711,0.0012025223672389985,0.00368896484375,1.0,38.191833123806866,761227.9635133812,-0.0002697383053600788,0.007848956435918809,-0.36402502059936526,0.001748964935541153,0.008704956620931625
129,105676800,0.00022319999999999998,0.12044904708862304,0.001251794546842575,0.003839111328125,1.0,38.21160138356549,757148.4087643772,-0.00019237856613472105,0.007876507937908173,-0.37233068943023684,0.001816280372440815,0.008418335020542145
130,106496000,0.0002226,0.12035959243774413,0.0011790156364440917,0.003709716796875,1.0,38.31684373098704,759129.9330076149,-0.0002323053078725934,0.007296844571828842,-0.3831857442855835,0.0019368385896086694,0.009728270024061203
131,107315200,0.00022199999999999998,0.12067476272583008,0.0012323297560214996,0.00370361328125,1.0,38.083488285608034,762849.4323227762,-0.00019385685445740818,0.007450653612613678,-0.3965772151947021,0.0018494276329874993,0.008412230014801025
132,108134400,0.0002214,0.12058570861816406,0.0012067408859729766,0.0037060546875,1.0,38.238832416301406,756297.8082992572,-0.00015654764138162136,0.0073169715702533725,-0.40891141891479493,0.0018769031390547752,0.008560669422149659
133,108953600,0.00022079999999999997,0.12059770584106445,0.0012563973665237426,0.003892822265625,1.0,38.09282034621989,760051.9614369655,-0.00022538341581821442,0.0073084630072116855,-0.4185665130615234,0.0020282452926039694,0.01051940694451332
134,109772800,0.00022019999999999999,0.12058879852294922,0.001133614480495453,0.003565673828125,1.0,38.0979835141806,757487.5464845771,-0.0001452969154343009,0.007140689343214035,-0.42645854949951173,0.0018696421757340431,0.009348756074905396
135,110592000,0.00021959999999999997,0.12005483627319335,0.0012199346721172332,0.00370849609375,1.0,38.20626839179784,759073.9230736534,-0.00012258547358214855,0.007382477074861527,-0.4328503131866455,0.002097483351826668,0.011049313843250275
136,111411200,0.00021899999999999998,0.1206838321685791,0.0011275556683540344,0.003505859375,1.0,38.13600335695636,765237.8537254208,-0.00020551676861941816,0.0068590141832828525,-0.4400954246520996,0.0020060764625668527,0.009843384474515915
137,112230400,0.00021839999999999997,0.12057385444641114,0.0011362187564373017,0.00357421875,1.0,38.1501210653753,756201.6007485931,-0.0003589248051866889,0.006622196733951568,-0.4509087562561035,0.0021228166297078133,0.011790890991687775
138,113049600,0.00021779999999999998,0.12063892364501953,0.0012465012818574906,0.003785400390625,0.9999535467087843,38.133971291866025,752146.1855018015,-0.00015481406589969992,0.00745500698685646,-0.46307764053344724,0.0017908452078700065,0.007856200635433196
139,113868800,0.00021719999999999997,0.12049978256225585,0.0011863186955451965,0.003603515625,1.0,38.176937441643325,762522.138182403,-0.00011088006431236863,0.006925939023494721,-0.4753697395324707,0.0017068464308977126,0.007178833335638046
140,114688000,0.00021659999999999998,0.12051915168762208,0.0011949291080236436,0.003671875,1.0,38.263925111773474,763285.249092603,-0.000244638929143548,0.006867878884077072,-0.48303637504577634,0.002125782519578934,0.011067505180835723
141,115507200,0.00021599999999999996,0.12065886497497559,0.0013685396313667297,0.004061279296875,1.0,38.18274819809346,765968.8399933007,-9.24640626180917e-05,0.007807181030511856,-0.4925394535064697,0.0018022725358605384,0.008082153648138047
142,116326400,0.00021539999999999998,0.12084150314331055,0.0011809558421373367,0.0035595703125,1.0,38.22111116302977,756857.9567564001,-0.00016948942793533207,0.007656556367874145,-0.5059983730316162,0.0020361855626106263,0.01067834347486496
143,117145600,0.00021479999999999996,0.12067468643188477,0.0012554296851158143,0.003721923828125,1.0,38.03456916152383,752162.3034370529,-0.0002871723845601082,0.007054651528596878,-0.5191292762756348,0.0021694494411349297,0.012776733934879303
144,117964800,0.00021419999999999998,0.1208773136138916,0.0011607997119426727,0.00358154296875,1.0,38.044346412816346,750452.9648638347,-0.0001971246674656868,0.006734082847833634,-0.5325596809387207,0.002094306796789169,0.010081420093774796
145,118784000,0.00021359999999999996,0.12076368331909179,0.0012971776723861694,0.003985595703125,1.0,38.08427620244913,752993.2990244416,-0.0002471116604283452,0.007138603180646896,-0.5425333023071289,0.0018780915066599845,0.008723389357328415
146,119603200,0.00021299999999999997,0.1208741569519043,0.0012566952407360077,0.003822021484375,1.0,38.19096834264432,756283.2170999467,-0.00016636031214147806,0.006625228375196457,-0.5520338535308837,0.0021467495709657667,0.012711793184280396
147,120422400,0.00021239999999999996,0.1208502197265625,0.0012820595502853393,0.00388671875,1.0,38.051322505800464,751321.6357401706,-0.0002452536020427942,0.007195546478033066,-0.5607177257537842,0.0019635289907455446,0.01030627340078354
148,121241600,0.00021179999999999997,0.12090865135192871,0.001160498410463333,0.00359619140625,1.0,38.00399869809829,756838.5912597226,-0.000188573997002095,0.006435825675725937,-0.5670342445373535,0.0020593233406543733,0.00926525890827179
149,122060800,0.00021119999999999996,0.1208901596069336,0.0012036821246147157,0.00370361328125,1.0,38.003387785409316,750778.9380088596,-0.00015553461853414773,0.006568679958581925,-0.5775768280029296,0.0018980104476213455,0.008562988042831421
150,122880000,0.00021059999999999997,0.12091726303100586,0.001203617975115776,0.0037548828125,1.0,38.07403975350971,757579.8012519798,-0.00029003899544477463,0.006319767981767655,-0.588279914855957,0.00206210482865572,0.011216916888952256
151,123699200,0.00020999999999999998,0.12124469757080078,0.001250643879175186,0.00381591796875,1.0,37.96474850215968,750927.5545710644,-0.00013996419729664922,0.006531558185815811,-0.5949656009674072,0.001749803125858307,0.00793139636516571
152,124518400,0.00020939999999999997,0.12100156784057617,0.00124032199382782,0.00375732421875,1.0,38.1142365631393,754691.9272740544,-0.00016801164019852877,0.0065258704125881195,-0.6055744171142579,0.001817898079752922,0.00798950120806694
153,125337600,0.00020879999999999998,0.12103370666503906,0.0011926274746656418,0.0036572265625,1.0,37.912401665895416,756383.5845125789,-0.0003056355519220233,0.006254538893699646,-0.6150611400604248,0.002094028517603874,0.010683715343475342
154,126156800,0.00020819999999999996,0.12113736152648925,0.0012576085329055785,0.003726806640625,1.0,38.01528952504879,754622.0486223903,-0.00021052677184343337,0.0066205598413944244,-0.6217631816864013,0.0018824797123670578,0.009267943352460862
155,126976000,0.00020759999999999998,0.12099534034729004,0.001302122473716736,0.003963623046875,1.0,37.94130182997452,762998.8397906477,-0.0001838636351749301,0.006625503301620483,-0.6268028259277344,0.0017886601388454437,0.0076177969574928285
156,127795200,0.00020699999999999996,0.1209439468383789,0.0012030959129333495,0.003671875,1.0,37.98031769554948,759288.7627560962,-0.00019948394037783146,0.006546085327863693,-0.6349456787109375,0.0021442051976919172,0.01014062538743019
157,128614400,0.00020639999999999998,0.12108549118041992,0.0012027412652969361,0.0037109375,1.0,38.03329309063893,763762.6572580264,-0.00016559192445129157,0.005889337509870529,-0.646260118484497,0.001886768639087677,0.00946948304772377
158,129433600,0.00020579999999999996,0.12098298072814942,0.0010902516543865204,0.0033349609375,1.0,37.95191059172695,753978.994606336,-0.0001782063627615571,0.005523800477385521,-0.6555892944335937,0.0019760577008128164,0.010220825672149658
159,130252800,0.00020519999999999997,0.12129400253295898,0.0013462483882904052,0.00405517578125,1.0,38.12617973871403,761885.6574117594,-9.059100411832333e-05,0.006509348005056381,-0.6637017726898193,0.0019251327961683274,0.010105101764202118
160,131072000,0.00020459999999999996,0.12114527702331543,0.0012768399715423584,0.00379150390625,1.0,38.0126159554731,765401.7165071437,-0.0002555811544880271,0.006224710121750831,-0.6695499420166016,0.002010619081556797,0.010025636851787567
161,131891200,0.00020399999999999997,0.12099449157714844,0.0012073670327663421,0.003719482421875,1.0,38.03406450413607,760864.9153953069,-0.0002088149543851614,0.005806334316730499,-0.6796750545501709,0.0018933683633804322,0.008903563767671586
162,132710400,0.00020339999999999996,0.12119690895080566,0.0011070116609334945,0.003497314453125,1.0,37.9884993507698,750331.2018329647,-0.00024526589550077915,0.0054338440299034115,-0.6930028915405273,0.001766587607562542,0.007199706882238388
163,133529600,0.00020279999999999997,0.12141858100891113,0.001237514391541481,0.0038134765625,1.0,38.04631090487239,735167.201202352,-0.0002149498788639903,0.005768732726573944,-0.700183629989624,0.0018844867125153541,0.009547241032123566
164,134348800,0.00020219999999999995,0.12110528945922852,0.0012625397741794586,0.003887939453125,1.0,38.03252636959249,746414.5142465469,-0.00020688648801296948,0.006003611907362938,-0.7088851928710938,0.0018128758296370507,0.008330322057008743
165,135168000,0.00020159999999999997,0.12138387680053711,0.0012324145436286927,0.003714599609375,1.0,37.95151346590646,745214.2044910053,-0.00015065128682181239,0.006037588790059089,-0.7224746227264405,0.002086961455643177,0.010540405660867691
166,135987200,0.00020099999999999995,0.12124015808105469,0.0012962067127227784,0.00396240234375,1.0,37.99531300756416,744087.3115970427,-0.00015712468884885312,0.006208666041493416,-0.7340880393981933,0.0018212642520666123,0.008975585550069809
167,136806400,0.00020039999999999997,0.12125351905822754,0.0013122142851352693,0.003980712890625,1.0,37.93383409839106,740178.02289854,-0.00010458223987370729,0.006251681596040726,-0.7459661960601807,0.0020018585026264192,0.009983520209789275
168,137625600,0.00019979999999999995,0.12120904922485351,0.0011947917938232421,0.003609619140625,1.0,37.94960396498217,748489.1040923583,-0.00016379362205043435,0.005604291334748268,-0.7548682212829589,0.0021355113014578818,0.01238745152950287
169,138444800,0.00019919999999999996,0.12123022079467774,0.0012234339118003844,0.00370849609375,0.9999072528287887,38.03774809868299,741785.7490818499,-0.00025325752794742585,0.0055122699588537214,-0.7600528717041015,0.001899070106446743,0.009589962661266327
170,139264000,0.00019859999999999995,0.12126653671264648,0.0012734463810920714,0.00393310546875,0.9999537165602147,37.981162640007405,748306.1195076298,-0.00017422802047803999,0.005770758166909218,-0.7670324325561524,0.002274921163916588,0.013034909963607788
171,140083200,0.00019799999999999996,0.1211837100982666,0.001140565574169159,0.0034716796875,1.0,38.007292489200616,745153.9763628709,-0.00017513013444840907,0.0050839118659496306,-0.7723782062530518,0.001819007284939289,0.009798339754343032
172,140902400,0.00019739999999999995,0.1214776611328125,0.001200392097234726,0.003651123046875,1.0,38.01404793917196,750995.9403374502,-0.0001849086256697774,0.005654735118150711,-0.7814507961273194,0.0018037166446447372,0.008724242448806763
173,141721600,0.00019679999999999999,0.12126384735107422,0.0012652850151062011,0.003790283203125,1.0,37.987987570149805,745251.7206017727,-0.00026903485413640735,0.0060027606785297396,-0.7918593883514404,0.002043486759066582,0.011455322057008744
174,142540800,0.0001962,0.12139748573303223,0.00110547736287117,0.003350830078125,1.0,37.94122275188596,755062.8274651648,-0.00017553756479173898,0.005088638141751289,-0.8024837493896484,0.001971779204905033,0.010961424559354782
175,143360000,0.00019559999999999998,0.12124755859375,0.0012958946824073792,0.00385498046875,1.0,37.96661727937772,767067.329840928,-0.00014443971449509262,0.005708317831158638,-0.815031909942627,0.0016432201489806175,0.006628784537315369
176,144179200,0.000195,0.12147069931030273,0.0012710991501808167,0.003775634765625,1.0,37.85933018780646,760630.3982995867,-0.0002687348052859306,0.00576661117374897,-0.8266095161437989,0.0019050836563110352,0.00912170261144638
177,144998400,0.00019439999999999998,0.12105342864990234,0.0011908556520938873,0.003636474609375,1.0,37.933299459559336,759198.6817669328,-0.0002623993204906583,0.005530641600489617,-0.8397543907165528,0.001853283867239952,0.007964719831943513
178,145817600,0.0001938,0.12131455421447754,0.0013607218861579895,0.003988037109375,1.0,37.87171632785668,746998.2200421068,-0.00020709445234388114,0.0058351650834083555,-0.8495516777038574,0.0017274193465709685,0.008132201433181763
179,146636800,0.00019319999999999998,0.12146839141845703,0.0010980063676834107,0.003416748046875,1.0,37.897130181616525,764225.5276698121,-0.00014766508247703313,0.0050461068749427795,-0.8574942588806153,0.0020180419087409973,0.010461057722568511
180,147456000,0.0001926,0.12126674652099609,0.001104939728975296,0.003389892578125,1.0,37.88492834026815,765033.3106097172,-0.00026996664237231014,0.005132391676306724,-0.8692724227905273,0.002168574556708336,0.010162107646465302
181,148275200,0.00019199999999999998,0.12118349075317383,0.0012242472171783447,0.003760986328125,1.0,37.90800444691495,760678.152103087,-5.527226603589952e-05,0.005203742161393165,-0.8799748420715332,0.0021437203511595728,0.011546020954847335
182,149094400,0.0001914,0.12090514183044433,0.0011583937704563142,0.003450927734375,1.0,37.90022275849267,759128.9024540924,-0.00016713077202439307,0.004903605207800865,-0.891629695892334,0.002177796699106693,0.012438599765300751
183,149913600,0.00019079999999999998,0.12121025085449219,0.001212472692131996,0.003721923828125,0.9999537999538,37.97583737583738,754889.068618195,-0.0003218640573322773,0.005264232307672501,-0.9018296241760254,0.002166899107396603,0.010846556723117828
184,150732800,0.0001902,0.12114778518676758,0.0012171830981969833,0.003680419921875,0.9999538681551875,37.893619965862435,760275.940021467,-0.00010616409126669168,0.005275774747133255,-0.9131010055541993,0.002095179818570614,0.011668944358825683
185,151552000,0.00018959999999999997,0.12157773971557617,0.0011926294863224029,0.0035888671875,1.0,37.95133831238113,760850.674433912,-0.0001587304752320051,0.005052326992154121,-0.924136734008789,0.0017976012080907823,0.00858483836054802
186,152371200,0.00018899999999999999,0.12115966796875,0.0012701529264450074,0.00374755859375,1.0,37.91737562419086,755129.9337735366,-0.0002652940573170781,0.005352580547332763,-0.9315476417541504,0.002003929391503334,0.010193847119808197
187,153190400,0.00018839999999999997,0.12129158020019531,0.0012273108959197998,0.00375732421875,1.0,37.97208935122835,759940.2230230164,-0.00018060788279399275,0.005208474025130272,-0.9426319122314453,0.0020681705325841905,0.011116212606430054
188,154009600,0.00018779999999999998,0.12133337020874023,0.0012967976927757262,0.003985595703125,1.0,38.0111910842814,753176.2089722046,-0.00019467812962830066,0.005236661434173584,-0.9520898818969726,0.0019360044971108437,0.009364988654851913
189,154828800,0.0001872,0.12151893615722656,0.0012151474505662917,0.003583984375,1.0,37.907545949939966,756037.685115392,-0.00017604213207960128,0.004832174256443977,-0.9629386901855469,0.0019953658804297445,0.010350828617811203
190,155648000,0.00018659999999999998,0.12154481887817382,0.001301463544368744,0.00408203125,1.0,37.938689511460986,760490.9059805463,-0.00016051926650106907,0.005198663473129273,-0.9777034759521485,0.0022072423249483108,0.012943115830421448
191,156467200,0.000186,0.12139168739318848,0.0012234272062778473,0.0037841796875,1.0,37.93272752561547,755668.6115047744,-0.00023490642197430134,0.00512382835149765,-0.9897336959838867,0.0019108137115836144,0.009264890849590302
192,157286400,0.00018539999999999998,0.12136868476867675,0.0011351288855075837,0.0034228515625,1.0,37.977132520061225,758699.1514445776,-0.00019145593978464603,0.0047389805316925045,-0.9943922996520996,0.0019235437735915183,0.01028783917427063
193,158105600,0.0001848,0.12134293556213378,0.0011804407835006713,0.003638916015625,1.0,37.948153639438445,753809.1960805625,-0.0002001941902562976,0.004744786396622657,-0.9991175651550293,0.0018145564943552017,0.008198118954896926
194,158924800,0.00018419999999999998,0.12139955520629883,0.0011664055287837981,0.00362060546875,1.0,37.78460191669738,764460.7461306625,-0.0002357995603233576,0.00460444986820221,-1.011339282989502,0.0020681329071521757,0.010044679790735245
195,159744000,0.0001836,0.121363525390625,0.001153300628066063,0.0035546875,1.0,38.01377423244597,768003.1720717137,-0.00012101753382012247,0.004549144953489304,-1.0261955261230469,0.0020039573311805723,0.011503784358501435
196,160563200,0.00018299999999999998,0.12134241104125977,0.00107104130089283,0.003404541015625,1.0,37.884153106508876,762114.5438748742,-0.0001786507200449705,0.004263638705015183,-1.0371871948242188,0.0020642297342419623,0.011407717317342757
197,161382400,0.0001824,0.12149026870727539,0.0012137581408023833,0.003681640625,1.0,37.949501507071645,758204.2660185555,-0.0002880268730223179,0.004550271481275558,-1.0508292198181153,0.00217711478471756,0.012348878383636474
198,162201600,0.00018179999999999997,0.12158167839050293,0.0012188503891229629,0.003779296875,1.0,37.88083044982699,750897.0462705048,-0.00024670253042131663,0.004656783863902092,-1.062600326538086,0.0018356213346123695,0.008498045057058335
199,163020800,0.00018119999999999999,0.12112878799438477,0.001248054802417755,0.003839111328125,1.0,38.06044647434404,754433.4763276062,-0.0001519657322205603,0.004798468947410583,-1.0715795516967774,0.0018897026777267456,0.00925573632121086
200,163840000,0.00018059999999999997,0.12155096054077148,0.0012650373578071594,0.0038720703125,1.0,37.92654555565854,759311.1578723632,-8.314299630001188e-05,0.0046341437846422195,-1.081017303466797,0.0020105008035898207,0.010172364115715028
201,164659200,0.00017999999999999998,0.1214565658569336,0.0011759379506111145,0.003541259765625,1.0,37.91799418201967,751982.4948095932,-0.00010772657115012407,0.004783682897686959,-1.088035774230957,0.002156013809144497,0.012858036160469054
202,165478400,0.00017939999999999997,0.12151498794555664,0.0012878376245498658,0.003775634765625,1.0,37.9722969837587,755649.2378492511,-0.00026380917988717557,0.004901374131441117,-1.0931597709655763,0.0018942875787615776,0.009261354804039001
203,166297600,0.00017879999999999998,0.12158075332641602,0.0011736204475164414,0.00359619140625,1.0,37.8230190594859,752038.3005471923,-0.00023384396918118,0.0044441260397434235,-1.100757884979248,0.0017651651054620744,0.008097045123577118
204,167116800,0.00017819999999999997,0.12149125099182129,0.0012913790345191955,0.003973388671875,1.0,37.89556595468656,759394.5707420191,-0.00015793144702911377,0.004703165963292122,-1.109150505065918,0.0019232040271162988,0.009618410468101501
205,167936000,0.0001776,0.12147398948669434,0.0013084913790225982,0.00387939453125,1.0,37.878187361419066,755492.0766729042,-0.0001315867295488715,0.004658970981836319,-1.1157685279846192,0.0018333524465560913,0.010459350794553757
206,168755200,0.00017700000000000002,0.12164872169494628,0.001264975517988205,0.0038232421875,1.0,37.712235510579575,756456.5118376521,-0.00021467937622219325,0.004614031687378883,-1.1230132102966308,0.0020417556166648864,0.01124267578125
207,169574400,0.0001764,0.12174376487731933,0.0012170537561178208,0.003760986328125,0.999953533757725,38.029877793782816,758186.7150220328,-0.00018779499223455786,0.004434963315725326,-1.132240104675293,0.0019154021516442298,0.00959765687584877
208,170393600,0.00017580000000000002,0.12170413017272949,0.001242012232542038,0.00387451171875,1.0,37.89521387283237,754377.4599721179,-0.00019039426697418094,0.004378272220492363,-1.1433090209960937,0.002045221999287605,0.010783081501722335
209,171212800,0.0001752,0.12174294471740722,0.0011525630950927734,0.003656005859375,1.0,37.91704429852955,760319.6488827748,-0.0002191426232457161,0.004077960178256035,-1.1546422004699708,0.002063028886914253,0.009814330190420151
210,172032000,0.00017460000000000002,0.12173521041870117,0.0012226939201354981,0.0037255859375,1.0,38.05602227895103,755588.8772689193,-0.00023630433715879918,0.004368694126605987,-1.165656280517578,0.0018234631046652795,0.007895264029502868
211,172851200,0.000174,0.12177247047424317,0.0011863934248685837,0.00358154296875,1.0,37.76751489401007,760032.6209539648,-6.824731826782227e-05,0.004425571113824844,-1.1764989852905274,0.0020466910675168036,0.010509274899959564
212,173670400,0.0001734,0.12170271873474121,0.0012854951620101928,0.003983154296875,1.0,37.84323325635104,763649.5277009582,-0.0003325918456539512,0.0046823151409626,-1.1863526344299316,0.00206864345818758,0.010969725251197816
213,174489600,0.0001728,0.12129087448120117,0.0011993652582168578,0.003577880859375,1.0,37.76375046142488,761817.6190434376,-0.0002051201881840825,0.004272285848855972,-1.1947278022766112,0.0019755639135837556,0.009282103925943374
214,175308800,0.0001722,0.12125639915466309,0.0012332652509212494,0.00372314453125,1.0,37.878599870358364,765186.8656184049,-8.759467164054513e-05,0.004400792717933655,-1.1993020057678223,0.0015853535383939742,0.006514648348093033
215,176128000,0.0001716,0.12162761688232422,0.0011279289424419403,0.0034912109375,1.0,37.80793232561365,762980.2922958819,-0.00019758101552724838,0.004232456162571907,-1.20516996383667,0.0017705593258142472,0.008707763254642486
216,176947200,0.000171,0.12149518966674805,0.0011162316799163817,0.003458251953125,1.0,37.79167051862809,761344.6850709636,-0.00023445319384336473,0.004119512066245079,-1.2140514373779296,0.0019511943683028221,0.009776245057582855
217,177766400,0.0001704,0.12144765853881836,0.0011866608262062074,0.003663330078125,0.9998612588447486,38.02367849049623,759707.7826929645,-0.00019723977893590928,0.004248203337192535,-1.2213708877563476,0.0017710959538817406,0.008333006501197815
218,178585600,0.0001698,0.12145798683166503,0.0012609216570854188,0.00384033203125,0.9999536457609048,37.98878227413897,744637.2102001763,-0.00022831209935247898,0.004279220104217529,-1.2297554016113281,0.0018297519534826278,0.009088744968175888
219,179404800,0.0001692,0.12183230400085449,0.0011942046135663986,0.003543701171875,1.0,37.89558436764638,751236.2154975664,-0.00018367661396041514,0.004275505617260933,-1.2413412094116212,0.002050112560391426,0.011134767532348632
220,180224000,0.0001686,0.1217702293395996,0.0012178810685873032,0.00371337890625,1.0,37.781395134961144,744249.6910347159,-0.00014743178617209195,0.0042748689651489254,-1.2504246711730957,0.002000763639807701,0.010661985725164413
221,181043200,0.000168,0.12164021492004394,0.0011816531419754027,0.00353271484375,1.0,37.87914284386185,749475.7110577794,-0.00021466617472469806,0.0040851298719644545,-1.258623218536377,0.001943127065896988,0.010672363638877868
222,181862400,0.0001674,0.1215224552154541,0.0012005162239074707,0.003572998046875,1.0,37.791614835291405,744149.9200762801,-0.00017462626565247774,0.004321254044771195,-1.2682600975036622,0.00221847090870142,0.012716306746006012
223,182681600,0.0001668,0.12150627136230469,0.0011553305387496948,0.003529052734375,1.0,37.92967989993978,748399.5036531019,-0.00016442983178421855,0.004071846604347229,-1.2766509056091309,0.0020931771025061606,0.010850462317466735
224,183500800,0.0001662,0.12184281349182129,0.001311483085155487,0.0038818359375,1.0,37.754315517400535,744481.8888088507,-0.0002106334548443556,0.004525010287761688,-1.2841519355773925,0.0020657671615481378,0.010176391154527665
225,184320000,0.0001656,0.12151665687561035,0.0011729329824447631,0.003565673828125,1.0,37.878348317731025,749454.2023686114,-0.00017912352923303841,0.0041107084602117535,-1.2939351081848145,0.0017614956945180894,0.008576413989067078
226,185139200,0.000165,0.1218087387084961,0.0011054489016532898,0.003489990234375,1.0,37.82599870836793,744083.0801751823,-0.00021061778534203768,0.003987384214997292,-1.3010009765625,0.001711462065577507,0.007293334603309632
227,185958400,0.0001644,0.12150898933410645,0.0012326794117689132,0.003699951171875,0.9999076809453471,37.88681683899557,748537.2728974611,-0.00018852814100682734,0.004120321199297905,-1.305247974395752,0.0019690575078129768,0.011118651181459428
228,186777600,0.0001638,0.12165531158447265,0.0010254377126693727,0.003157958984375,1.0,37.80981198318474,745611.3394533416,-0.00018259367207065224,0.003701111301779747,-1.3085001945495605,0.0016512449830770493,0.007065916806459427
229,187596800,0.0001632,0.12168260574340821,0.0011069795489311218,0.003414306640625,1.0,37.67731394117918,747831.7151996453,-0.0002684480743482709,0.003693025931715965,-1.3199331283569335,0.0018566759303212167,0.008772092312574387
230,188416000,0.0001626,0.12163822174072265,0.0012298419326543808,0.003817138671875,0.999953637164449,37.85238073160554,747622.6138911494,-0.00015274574980139732,0.00390729084610939,-1.3308092117309571,0.0018158111721277236,0.009245970845222473
231,189235200,0.000162,0.12134765625,0.0013906329870224,0.0041162109375,0.9999536307150144,38.01210238338125,760657.7055627459,-0.00010765017941594124,0.004549346119165421,-1.3385269165039062,0.0018247410655021668,0.009597533196210862
232,190054400,0.0001614,0.12155008316040039,0.0012808190286159515,0.0038916015625,0.9999538894268456,37.749527366625166,765787.1697044487,-0.00021848739124834536,0.00403476357460022,-1.3483698844909668,0.0020879583433270456,0.01111120507121086
233,190873600,0.0001608,0.12147686958312988,0.001262134313583374,0.00381591796875,0.9999072485275704,38.182720400686364,760188.7249415186,-0.00017826908733695746,0.004209570959210396,-1.359179973602295,0.002071545459330082,0.011127317696809769
234,191692800,0.0001602,0.12188238143920899,0.0011540811508893966,0.00366943359375,1.0,37.923861852433284,762316.3424544026,-0.00013986524427309633,0.0037613138556480408,-1.3704947471618651,0.001753326877951622,0.007941162586212159
235,192512000,0.0001596,0.12181210517883301,0.001296950876712799,0.00388916015625,1.0,37.789755422242735,764346.2360702511,-0.0001972692785784602,0.003978459909558296,-1.3804797172546386,0.0017773754894733428,0.007892090082168578
236,193331200,0.000159,0.12172122955322266,0.001128091886639595,0.00345947265625,1.0,37.67844165401775,758472.7278569479,-0.00011860089143738151,0.0037223625928163528,-1.3868409156799317,0.0018251996487379074,0.008298339694738388
237,194150400,0.0001584,0.12173542022705078,0.0012245561182498933,0.003802490234375,1.0,37.76906760121737,753337.8795307344,-0.00019121567020192743,0.003949177637696266,-1.3927201271057128,0.0017767561599612235,0.007790161669254303
238,194969600,0.0001578,0.1216142463684082,0.0011919130384922027,0.00374755859375,1.0,37.756323427781616,749067.1485157907,-0.0001694392180070281,0.003813166543841362,-1.4028782844543457,0.0017149753868579865,0.0071413576602935794
239,195788800,0.0001572,0.12147815704345703,0.0012004338204860687,0.003663330078125,1.0,37.850078783946614,764903.3694911924,-0.0001395610044710338,0.003889189660549164,-1.4120975494384767,0.0016749612987041473,0.007359984517097473
240,196608000,0.00015659999999999998,0.12207692146301269,0.0012484509497880936,0.0038671875,1.0,37.721559633027525,761748.0127259537,-0.00025094656739383937,0.0036638785153627396,-1.4198858261108398,0.0021013595163822175,0.01220446676015854
241,197427200,0.000156,0.12168363571166992,0.0011323022842407227,0.003463134765625,1.0,37.722912146253634,760909.9393471248,-0.00022076754830777646,0.003534999117255211,-1.4284908294677734,0.0019800206646323204,0.010057006776332856
242,198246400,0.00015539999999999998,0.12194068908691406,0.0012807536125183105,0.003876953125,1.0,37.80962942426763,761012.504516666,-0.00010507523547858,0.00374252051115036,-1.436153507232666,0.0018890498206019402,0.00961926057934761
243,199065600,0.0001548,0.12163814544677734,0.001211627274751663,0.003714599609375,1.0,37.842253391159915,760143.4404373476,-0.0001174487522803247,0.0037571709603071214,-1.4457159996032716,0.0017008475959300994,0.00797412097454071
244,199884800,0.00015419999999999998,0.1217494010925293,0.001237417459487915,0.00380859375,1.0,37.73451612903226,763391.8772728236,-0.00011130961356684566,0.0037934355437755584,-1.4535346984863282,0.0018409637734293938,0.009659790992736816
245,200704000,0.0001536,0.12194958686828614,0.0012762433290481568,0.003836669921875,1.0,37.89425297976531,766195.7151094105,-0.00018675143364816905,0.0035840660333633424,-1.460581111907959,0.0018769349902868272,0.010039428621530533
246,201523200,0.00015299999999999998,0.12197591781616211,0.0012348774075508118,0.00373779296875,1.0,37.84107027724049,762087.3836405682,-0.00015273995231837034,0.0037411902099847793,-1.4707796096801757,0.0016888251528143882,0.007701783627271652
247,202342400,0.0001524,0.12167569160461426,0.0013925802707672119,0.00416015625,1.0,37.75651650539377,764571.0675891732,-0.00018205035012215377,0.004268235713243485,-1.4808150291442872,0.0018083754926919936,0.008577392250299454
248,203161600,0.00015179999999999998,0.12193145751953124,0.0011760257184505463,0.00359619140625,1.0,37.82725642558279,763038.5710765271,-0.0002898534061387181,0.0037353388965129853,-1.4892996788024901,0.0020247163251042367,0.009681273996829987
249,203980800,0.0001512,0.12180828094482422,0.0012249553948640824,0.0038134765625,1.0,37.7466611211239,762302.8851313203,-0.0001617959584109485,0.0034648992121219637,-1.4979701042175293,0.0018026316538453102,0.00784911960363388
250,204800000,0.00015059999999999997,0.1218104362487793,0.001281668543815613,0.00384033203125,1.0,37.82963579219819,765392.0722865419,-0.0002990997163578868,0.0038870885968208314,-1.5050003051757812,0.0018584555014967918,0.009465575963258744
251,205619200,0.00015,0.12190532684326172,0.0011901339888572692,0.0037939453125,1.0,37.875155824368626,760848.8583395589,-0.00015421954449266196,0.0034139491617679596,-1.5121170043945313,0.001730659045279026,0.00787048265337944
252,206438400,0.0001494,0.12203289031982421,0.0011837226152420044,0.00369140625,1.0,37.88352745424293,763607.5407025438,-0.00016620991518720985,0.0035428542643785475,-1.519033432006836,0.0018770189955830574,0.009845579415559769
253,207257600,0.00014879999999999998,0.12176101684570312,0.00108555369079113,0.003309326171875,1.0,37.758086812275366,768482.8631543061,-0.00012893697712570428,0.0032875590026378632,-1.524544906616211,0.0018277050927281379,0.009900874644517898
254,208076800,0.0001482,0.1220458984375,0.0013421039283275605,0.003936767578125,1.0,37.79882749388358,762348.0113778058,-0.00025686200242489574,0.0037038858979940416,-1.532374095916748,0.001890905760228634,0.009178831428289413
255,208896000,0.00014759999999999998,0.12202861785888672,0.0012594272196292877,0.00378662109375,1.0,37.65543672832423,764326.0989454704,-0.00011315490119159221,0.0035342495888471604,-1.542221450805664,0.0018490679562091828,0.008911985903978348
256,209715200,0.000147,0.1219320297241211,0.0011897091567516327,0.00362060546875,1.0,37.747099338972866,761598.9372361148,-0.00011179887223988771,0.0035245582461357118,-1.5507135391235352,0.0019313523545861245,0.010170167684555054
257,210534400,0.00014639999999999998,0.12215976715087891,0.0012171520292758942,0.003775634765625,1.0,37.83904393478861,751850.40875835,-0.00017960051773115992,0.0035946309566497804,-1.5579752922058105,0.0019171493127942084,0.00958837866783142
258,211353600,0.0001458,0.12192457199096679,0.0011697298288345338,0.003643798828125,1.0,37.65274319963117,751837.9592687981,-0.00013911324786022305,0.003619685396552086,-1.5625346183776856,0.0018228685483336448,0.008575561642646789
259,212172800,0.00014519999999999998,0.1219210147857666,0.0012403646111488343,0.00382080078125,1.0,37.87943033599115,753911.2114714942,-8.9116464368999e-05,0.0035151440650224687,-1.5670712471008301,0.001907595992088318,0.008867675065994262
260,212992000,0.0001446,0.12198367118835449,0.0012559542059898377,0.003875732421875,1.0,37.700641055204535,758585.0682708476,-0.00017714943969622255,0.003601868823170662,-1.5720937728881836,0.0019283108413219452,0.009004148840904235
261,213811200,0.00014399999999999998,0.12199799537658691,0.0011763322353363038,0.003553466796875,1.0,37.76650237228799,752319.6373879592,-0.00015958958538249136,0.0036066658794879913,-1.5798437118530273,0.0018900789320468903,0.009832274168729782
262,214630400,0.0001434,0.12196978569030761,0.0012079893052577971,0.00369140625,1.0,37.855608536641824,755987.600171552,-0.00013788187643513084,0.003503723070025444,-1.5860585212707519,0.0016090428456664086,0.007054565846920014
263,215449600,0.00014279999999999997,0.12207530975341797,0.0013254593312740327,0.004129638671875,1.0,37.76756160353071,755572.411434549,-0.0002058883896097541,0.0035675715655088423,-1.5927042007446288,0.0019870972260832786,0.00961889699101448
264,216268800,0.0001422,0.12202876091003417,0.0011631777882575988,0.003582763671875,1.0,37.75057694082895,756622.8190459235,-0.00018706198316067457,0.0032346069812774656,-1.600041961669922,0.001794358529150486,0.009229372441768646
265,217088000,0.00014159999999999997,0.12214088439941406,0.0013170251250267028,0.003916015625,1.0,37.799179572271385,761008.2853098832,-6.371489726006985e-05,0.0036745529621839525,-1.6050334930419923,0.0018209939822554587,0.008462280035018921
266,217907200,0.00014099999999999998,0.12188199996948242,0.001190834641456604,0.003636474609375,1.0,37.8701509119526,755369.6815983306,-0.00017906505381688477,0.0034426305443048476,-1.611590576171875,0.001826610416173935,0.008261962980031966
267,218726400,0.00014039999999999997,0.12179994583129883,0.0010518574714660645,0.003275146484375,1.0,37.74406162077395,757531.3913355103,-8.233340340666473e-05,0.0031997524201869965,-1.619178581237793,0.0021760432049632073,0.013215331733226776
268,219545600,0.00013979999999999998,0.12203836441040039,0.00123883455991745,0.0037841796875,1.0,37.684292593441874,762654.1526681719,-0.00022438380401581525,0.003118458203971386,-1.6263671875,0.0018934087827801704,0.00992419347167015
269,220364800,0.00013919999999999997,0.12213422775268555,0.0011715182662010192,0.003695068359375,1.0,37.719780725999634,762125.8428450128,-0.00031771145295351745,0.0033419732004404067,-1.6330272674560546,0.0019129062071442603,0.009769897162914275
270,221184000,0.00013859999999999998,0.12203672409057617,0.0012319806963205337,0.003795166015625,1.0,37.747482678983836,767102.5372922668,-0.00016414107521995903,0.0032695211470127107,-1.6398771286010743,0.0016989653930068016,0.0076195068657398226
271,222003200,0.00013799999999999997,0.12190421104431153,0.0011237169057130814,0.003419189453125,1.0,37.76875978270878,761534.518232208,-0.00016581075033172965,0.003141635283827782,-1.6494211196899413,0.0020573200657963754,0.011685545742511749
272,222822400,0.00013739999999999998,0.12188112258911132,0.0012876352667808533,0.003880615234375,1.0,37.71159600423514,763674.3783735192,-0.00017628598725423218,0.003466484695672989,-1.6572710037231446,0.0017973566427826881,0.0077974870800971985
273,223641600,0.00013679999999999996,0.1219096279144287,0.0012361381202936172,0.00379638671875,1.0,37.75856345949933,768467.9514092702,-0.00016762438463047147,0.0035141471773386,-1.6658515930175781,0.0018826132640242577,0.008455321192741394
274,224460800,0.00013619999999999998,0.12225958824157715,0.0013163545727729797,0.0040234375,1.0,37.73784842202257,755460.026027633,-9.757099905982614e-05,0.003562849387526512,-1.6744657516479493,0.0019193999469280243,0.009830687940120698
275,225280000,0.00013559999999999996,0.12217082977294921,0.0013034582138061524,0.0038916015625,1.0,37.806326840723855,759280.1320315143,-0.0001385567826218903,0.003393968939781189,-1.6829252243041992,0.0018067091703414917,0.008227171003818512
276,226099200,0.00013499999999999997,0.12180431365966797,0.001190631464123726,0.003658447265625,1.0,37.630297731351526,747507.0400088885,-0.00012193199945613742,0.0032502751797437667,-1.6901737213134767,0.0017619704827666282,0.008391357958316803
277,226918400,0.0001344,0.12191356658935547,0.0011763433367013932,0.00357421875,1.0,37.743640552995394,742364.9474359504,-0.00023573141079396008,0.0032244931906461717,-1.6992185592651368,0.0016361314803361893,0.006572021543979645
278,227737600,0.00013379999999999997,0.12192916870117188,0.0011717388033866882,0.003626708984375,1.0,37.803945119416085,743345.067801832,-0.00010615470819175243,0.0032591458410024645,-1.7108987808227538,0.0017479985952377319,0.007296629995107651
279,228556800,0.00013319999999999999,0.12199008941650391,0.0011844167113304138,0.003603515625,1.0,37.80152847474794,755461.7160800842,-0.00017899007070809603,0.0032590556889772414,-1.7196044921875,0.002066664397716522,0.011948487907648086
280,229376000,0.00013259999999999997,0.12206031799316407,0.0011962052434682847,0.003658447265625,1.0,37.74935376661743,753220.8664326213,-0.00020021612290292977,0.0032315786927938463,-1.7279956817626954,0.0021536566317081453,0.011244140565395355
281,230195200,0.00013199999999999998,0.12191823959350585,0.0013632504642009735,0.0040283203125,1.0,37.832987216761275,752077.6103573194,-0.00013839276507496834,0.003518132120370865,-1.7367382049560547,0.001776650920510292,0.008743163943290711
282,231014400,0.00013139999999999997,0.12213967323303222,0.0011984658986330032,0.003665771484375,1.0,37.83036992564541,754244.4664657033,-0.00018198026809841396,0.0031481415033340456,-1.7421529769897461,0.001723909378051758,0.008758056908845901
283,231833600,0.0001308,0.12210248947143555,0.0012508301436901092,0.0037939453125,1.0,37.78756811674518,749698.8267745057,-0.00013608282897621394,0.003401791676878929,-1.7480100631713866,0.0019156258553266526,0.00900537073612213
284,232652800,0.0001302,0.1217734146118164,0.0011832644045352936,0.003614501953125,1.0,37.718368287623875,752599.203107818,-0.00021412558853626252,0.0029863202944397926,-1.7543411254882812,0.0018137052655220031,0.008709472417831422
285,233472000,0.0001296,0.12240922927856446,0.001217564269900322,0.003685302734375,1.0,37.79170116846076,748151.2015847849,-0.00016562374075874687,0.0032804284244775774,-1.7579536437988281,0.0019299250096082687,0.010261715203523637
286,234291200,0.000129,0.12195903778076173,0.0012387421727180481,0.0037109375,1.0,37.79493694276343,754034.738975988,-7.887204410508274e-05,0.0033181384205818176,-1.7644933700561523,0.001665010116994381,0.006587889790534973
287,235110400,0.0001284,0.12188186645507812,0.0012110666930675506,0.00372802734375,1.0,37.79797793269009,756985.3581668885,-0.00017426005797460675,0.003354330733418465,-1.7722225189208984,0.0017221882939338685,0.007569945603609085
288,235929600,0.0001278,0.12211019515991212,0.0012107311189174651,0.003729248046875,1.0,37.71997794016269,763544.0409456509,-0.0001538495533168316,0.003132288530468941,-1.7787649154663085,0.0019163260236382484,0.010654542595148087
289,236748800,0.0001272,0.12201004981994629,0.001202482581138611,0.00368408203125,1.0,37.691804185489076,766984.0890362968,-0.0001479772385209799,0.003025973401963711,-1.7851184844970702,0.0018707133829593658,0.0100740946829319
290,237568000,0.00012660000000000001,0.12235035896301269,0.0012543264031410217,0.00388916015625,1.0,37.85738688827332,761362.6224594191,-0.0001488466514274478,0.0033263176679611205,-1.792872428894043,0.0019293462857604027,0.010261718928813935
291,238387200,0.000126,0.12205785751342774,0.0012490037828683854,0.00376953125,1.0,37.73236390410013,764798.3641334235,-0.00014941004337742925,0.0031596340239048006,-1.7992565155029296,0.0019435733556747437,0.010599732398986816
292,239206400,0.0001254,0.12199214935302734,0.001331987977027893,0.00404296875,1.0,37.71553630667158,767892.476422861,-0.00025590858422219753,0.0034169651567935943,-1.806114387512207,0.002042969688773155,0.010895264893770218
293,240025600,0.0001248,0.12189959526062012,0.00121406152844429,0.003681640625,1.0,37.67812758906379,755936.2137875007,-0.0001344434916973114,0.003181902691721916,-1.8109506607055663,0.001954030804336071,0.009069212526082993
294,240844800,0.0001242,0.12204294204711914,0.0012172615528106688,0.003804931640625,1.0,37.901605961031144,762182.0333094158,-0.0001006507663987577,0.0030830636620521545,-1.8168128967285155,0.001817282661795616,0.008088989555835724
295,241664000,0.0001236,0.12215599060058593,0.001183277666568756,0.00363037109375,1.0,37.724602991944764,751965.3934727762,-0.00017781732603907585,0.0030737996101379396,-1.8238286972045898,0.0018690008670091628,0.009931764006614685
296,242483200,0.000123,0.1220175838470459,0.0011424385011196136,0.00352783203125,1.0,37.660515080567414,757884.0705903094,-0.00012794419890269638,0.0029272085055708887,-1.830714797973633,0.001902145706117153,0.00928039699792862
297,243302400,0.0001224,0.12208442687988282,0.001161501258611679,0.003548583984375,1.0,37.744501314151336,744083.3072450553,-0.00016027535311877728,0.003065809980034828,-1.837454605102539,0.0017028508707880973,0.007656248658895493
298,244121600,0.00012179999999999999,0.12197324752807617,0.0012514957785606385,0.003740234375,1.0,37.630817292231356,750138.2655995747,-0.00011846171692013741,0.003037888370454311,-1.8442140579223634,0.0018197888508439063,0.008422242850065232
299,244940800,0.00012119999999999999,0.12208547592163085,0.0011012869328260423,0.003525390625,1.0,37.74389682174113,757641.6597405549,-0.00012800608528777956,0.0029393233358860015,-1.850851058959961,0.0018057527020573616,0.007986083626747131
300,245760000,0.00012059999999999999,0.12188840866088867,0.0012692394852638245,0.003797607421875,1.0,37.650945566649796,753358.0452621167,-0.00011111369822174311,0.003240768983960152,-1.8557435989379882,0.0017296159639954567,0.008020997792482377
301,246579200,0.00011999999999999999,0.12207940101623535,0.0011354921013116838,0.0034423828125,1.0,37.71910473826922,760104.1852803592,-0.00028493944555521014,0.002913966216146946,-1.8604612350463867,0.0018439337611198426,0.008395019918680191
302,247398400,0.0001194,0.12217033386230469,0.0011826345324516296,0.00359130859375,1.0,37.59219238550671,750727.3635951026,-0.00013417485170066356,0.0030034814029932023,-1.866635513305664,0.001825879141688347,0.0089108906686306
303,248217600,0.0001188,0.12239395141601563,0.0011395840346813202,0.003507080078125,1.0,37.757084274063494,756155.4975898874,-0.00017686260398477315,0.003060409426689148,-1.8752605438232421,0.0019141443073749543,0.009329954534769059
304,249036800,0.0001182,0.1219593620300293,0.0011915880441665649,0.003646240234375,1.0,37.77642669614481,749096.4717917595,-0.0002125515602529049,0.003018486872315407,-1.882175827026367,0.002160165086388588,0.012787111103534698
305,249856000,0.0001176,0.1220761489868164,0.0011639503389596938,0.0036083984375,1.0,37.712422818173444,758949.2354993586,-0.00020886796992272138,0.003034503012895584,-1.8901727676391602,0.0019226867705583572,0.01018078625202179
306,250675200,0.000117,0.1218868350982666,0.0012125951051712037,0.00368408203125,1.0,37.75566715812754,761382.6744146567,-0.00021784421987831594,0.003055566176772118,-1.8997894287109376,0.0018866445869207382,0.010249510407447815
307,251494400,0.0001164,0.1221852207183838,0.0011411111056804657,0.0035302734375,1.0,37.76150724102943,761313.9950964493,-0.00016313156811520457,0.0028652241453528404,-1.9063486099243163,0.0016170630231499672,0.007624633610248566
308,252313600,0.0001158,0.1219100570678711,0.0012546190619468689,0.00385009765625,1.0,37.78288196691007,759509.6286065731,-0.00017570594791322948,0.0030473830178380013,-1.9133798599243164,0.0021331021562218666,0.01317785531282425
309,253132800,0.0001152,0.12225546836853027,0.0013193613290786743,0.0039892578125,1.0,37.61350818469439,762860.1748492935,-0.00010908094700425863,0.0031648114323616027,-1.9219877243041992,0.0020185008645057676,0.010259033739566803
310,253952000,0.0001146,0.12218143463134766,0.0012264160066843032,0.003741455078125,1.0,37.59639243693632,763032.6358834242,-9.14629315957427e-05,0.0029278896749019624,-1.9285980224609376,0.0017811140045523644,0.008205932378768922
311,254771200,0.00011399999999999999,0.12198305130004883,0.0011435782909393311,0.003544921875,1.0,37.74295596034125,766068.1821814133,-0.00016169558512046933,0.002979525178670883,-1.9358545303344727,0.002001701481640339,0.010505860298871994
312,255590400,0.00011339999999999999,0.12184767723083496,0.0011964839696884154,0.0037353515625,1.0,37.788179385438774,754193.5078587048,-0.0001904718461446464,0.0030336879193782807,-1.945126724243164,0.0017225535586476326,0.0074440926313400265
313,256409600,0.00011279999999999999,0.12215085983276368,0.001138671860098839,0.003519287109375,1.0,37.67667372686251,761385.6557886805,-0.00015814126236364246,0.0028005979955196382,-1.9547456741333007,0.0016862647607922554,0.007459715753793716
314,257228800,0.00011219999999999999,0.12207388877868652,0.0011544553935527802,0.0035693359375,1.0,37.66818223569395,761371.3564450042,-0.0002012950601056218,0.0028915811330080033,-1.961123275756836,0.0020340077579021456,0.010625121742486953
315,258048000,0.00011159999999999999,0.12208100318908692,0.001330871880054474,0.004044189453125,1.0,37.798294537911964,759327.7952588556,-0.00015117037110030652,0.0031935252249240876,-1.9667650222778321,0.0018001891672611236,0.008416015654802322
316,258867200,0.00011099999999999999,0.1219997215270996,0.001195697784423828,0.00363037109375,1.0,37.708126036484245,762329.5478701536,-0.0002747641410678625,0.0029236234724521635,-1.9730489730834961,0.0020231705158948897,0.011634763330221176
317,259686400,0.00011039999999999999,0.12187889099121094,0.0012021513283252715,0.003673095703125,1.0,37.77180991086686,746134.9030031534,-0.0002480966504663229,0.0029397211968898774,-1.980158233642578,0.0017046991735696793,0.007863035053014755
318,260505600,0.00010979999999999999,0.12210851669311523,0.001184057965874672,0.00363525390625,1.0,37.75741525423729,754977.9794180717,-0.00022007501684129238,0.0028307899832725526,-1.9879682540893555,0.0017376095056533813,0.007965820282697678
319,261324800,0.00010919999999999998,0.12207752227783203,0.001155911162495613,0.00350830078125,1.0,37.68071126631134,753887.3542905712,-0.00024399310350418091,0.002838916517794132,-1.997290802001953,0.0017020193859934806,0.007109374552965164
320,262144000,0.00010859999999999998,0.12212812423706054,0.0012115004658699035,0.003775634765625,1.0,37.69504330200848,759369.6980644284,-0.0003305214457213879,0.0029680272564291954,-2.0061162948608398,0.001998169720172882,0.01046105995774269
321,262963200,0.00010799999999999998,0.12215646743774414,0.0012296216189861297,0.003760986328125,1.0,37.73586556169429,762790.5680733986,-0.00025222243275493386,0.002951724827289581,-2.0111679077148437,0.0017831875011324883,0.008960816264152526
322,263782400,0.00010739999999999998,0.12215452194213867,0.001257583200931549,0.003929443359375,1.0,37.83228521224452,754024.3392306254,-0.0001572339446283877,0.0029898438602685927,-2.0186492919921877,0.0019470317289233207,0.009186766296625137
323,264601600,0.00010679999999999998,0.12188706398010254,0.001134589985013008,0.00355712890625,1.0,37.747016266531496,762806.7248863016,-0.00019876144360750914,0.002782447263598442,-2.027783012390137,0.001978820189833641,0.008936402201652528
324,265420800,0.00010619999999999998,0.12202682495117187,0.001226312816143036,0.003778076171875,1.0,37.816083464130735,756754.3992003271,-0.0001395647064782679,0.002967546693980694,-2.031909370422363,0.0017866138368844986,0.007732908427715302
325,266240000,0.00010559999999999998,0.12208890914916992,0.0011151300370693207,0.003505859375,1.0,37.700583398410586,760831.1789379985,-0.00018819334218278527,0.002750132232904434,-2.0368474960327148,0.0018889041617512702,0.009619751572608947
326,267059200,0.00010499999999999999,0.12206828117370605,0.0012489376217126847,0.00384521484375,1.0,37.66118209394246,765647.1328024105,-0.00011563505977392196,0.003003462217748165,-2.0401147842407226,0.0017366789281368256,0.008123047649860382
327,267878400,0.00010439999999999999,0.12226489067077637,0.0012081873416900635,0.003736572265625,1.0,37.669519602429595,761798.4226505599,-0.0002320819767192006,0.0028571730479598047,-2.0443084716796873,0.0017993906512856483,0.008609618991613388
328,268697600,0.00010379999999999999,0.12184335708618164,0.001190689131617546,0.0035888671875,1.0,37.690739206480714,762280.5331744442,-0.00020558603573590518,0.0027404692023992538,-2.0559770584106447,0.0020183157175779343,0.010647945851087571
329,269516800,0.00010319999999999999,0.12197553634643554,0.0011319542676210402,0.003604736328125,1.0,37.75199520228814,763709.9500586229,-0.0001765075488947332,0.0027695447206497192,-2.06578369140625,0.001838480308651924,0.008975950628519058
330,270336000,0.00010259999999999999,0.12199371337890624,0.0013673216104507445,0.004105224609375,1.0,37.836638686468035,759592.7212003644,-0.0002345948712900281,0.0030672214925289154,-2.0721664428710938,0.001770481839776039,0.008133913576602935
331,271155200,0.00010199999999999999,0.12207254409790039,0.0012765121459960937,0.003763427734375,1.0,37.720431098010316,760468.3437511269,-8.082461426965893e-05,0.0027790796011686325,-2.0790775299072264,0.0017367089167237282,0.008008301258087158
332,271974400,0.00010139999999999998,0.12184370040893555,0.001130126714706421,0.0035302734375,1.0,37.679514304111855,754537.9368208807,-0.0002087755361571908,0.0028081148862838744,-2.085100555419922,0.0017938917502760888,0.007945188879966735
333,272793600,0.00010079999999999998,0.12209272384643555,0.0012466512620449067,0.003839111328125,1.0,37.60804227941176,756045.4733600523,-0.0001151795731857419,0.0029295690357685087,-2.0899530410766602,0.0018230758607387543,0.010173217952251434
334,273612800,0.00010019999999999998,0.12217227935791015,0.001287132054567337,0.003895263671875,1.0,37.68057917720064,758161.4512222044,-0.00018689064309000968,0.0029135098680853843,-2.09387092590332,0.0018363991752266885,0.009247069805860519
335,274432000,9.959999999999998e-05,0.12213068008422852,0.0010863326489925385,0.00338623046875,1.0,37.710496016211486,756942.3073484973,-0.0003228891175240278,0.0026365431025624276,-2.0986650466918944,0.0019520239904522896,0.010274414718151093
336,275251200,9.899999999999998e-05,0.12165785789489746,0.0012178876996040344,0.003729248046875,1.0,37.71018433179724,760797.7869920358,-0.00014163034502416848,0.0028521571308374404,-2.104300117492676,0.0016951896250247955,0.008274902403354645
337,276070400,9.839999999999998e-05,0.12202383041381835,0.0011904391646385193,0.00362060546875,1.0,37.707358629581876,752946.0387225258,-0.00021409345790743828,0.002625368349254131,-2.109478759765625,0.001958915404975414,0.010437743365764618
338,276889600,9.779999999999998e-05,0.1221335220336914,0.0010521893203258514,0.003336181640625,1.0,37.72092596837039,748686.0304679286,-0.00010047138202935457,0.0025509696453809736,-2.112221908569336,0.001481239404529333,0.006267822533845902
339,277708800,9.719999999999998e-05,0.12203556060791015,0.0012681688368320464,0.003829345703125,1.0,37.606871109061565,753582.5284793971,-0.00016760699218139053,0.00282575823366642,-2.113627052307129,0.0018589055165648461,0.009636230021715163
340,278528000,9.659999999999998e-05,0.12200035095214844,0.0012291470915079116,0.00369384765625,1.0,37.81194373991238,756117.3278917164,-0.0002636921592056751,0.002792576141655445,-2.117026519775391,0.0019362015649676324,0.00942394882440567
341,279347200,9.599999999999998e-05,0.12243287086486816,0.0011613643169403076,0.003619384765625,1.0,37.710557805596466,755753.9237872633,-0.00016460323240607977,0.002660457603633404,-2.119991683959961,0.0017387250438332558,0.008457763493061066
342,280166400,9.539999999999997e-05,0.12219739913940429,0.0011951513588428497,0.00372314453125,1.0,37.72768185157972,755183.7451834923,-0.0002739778021350503,0.002693586051464081,-2.1243762969970703,0.0018298184499144555,0.009568969905376434
343,280985600,9.479999999999997e-05,0.12236043930053711,0.0012388448417186737,0.003721923828125,1.0,37.656190958941984,762949.9628355963,-0.00030432543717324735,0.002839961275458336,-2.1314970016479493,0.0018061991780996323,0.008714111149311065
344,281804800,9.419999999999997e-05,0.1220439338684082,0.0012205444276332856,0.003739013671875,1.0,37.6838691872499,757559.6065669399,-0.000264010252431035,0.002632475085556507,-2.137175750732422,0.0019281821325421334,0.00920434445142746
345,282624000,9.360000000000001e-05,0.12209784507751464,0.0011302824318408966,0.003472900390625,1.0,37.77850312614932,759725.5915219113,-0.0003044984536245465,0.0026544172316789625,-2.1420331954956056,0.0016193950548768043,0.007795898616313935
346,283443200,9.300000000000001e-05,0.12195003509521485,0.0013366103172302245,0.004031982421875,1.0,37.69409214592077,762755.9484470821,-0.00019288131734356283,0.002873560041189194,-2.1481464385986326,0.002065969444811344,0.01043737754225731
347,284262400,9.240000000000001e-05,0.12225147247314454,0.0013280948996543885,0.004029541015625,1.0,37.83858322187889,758890.7087171234,-0.00019725614693015813,0.0028390033170580865,-2.1542205810546875,0.001691531203687191,0.007508301734924316
348,285081600,9.180000000000001e-05,0.12215229988098145,0.001164708584547043,0.003643798828125,1.0,37.700450450450454,765492.2951602921,-0.0001331794075667858,0.002573003247380257,-2.1586929321289063,0.0016833601519465446,0.006841550767421723
349,285900800,9.120000000000001e-05,0.12208963394165039,0.0012181611359119416,0.0037353515625,1.0,37.70784756462836,756526.7454664997,-0.0002660451224073768,0.0028408588841557503,-2.164341163635254,0.0018611399456858635,0.008232542872428894
350,286720000,9.06e-05,0.12202093124389649,0.0012981948256492615,0.003887939453125,1.0,37.55338780756519,762884.1399990428,-0.00021177043672651052,0.0028434736654162408,-2.171193504333496,0.0018569625914096831,0.009716064482927323
351,287539200,9e-05,0.1221804141998291,0.001301141530275345,0.00395751953125,1.0,37.712021379532786,761256.3452588589,-0.00011955912923440337,0.002874644659459591,-2.1766761779785155,0.0017929794266819954,0.009186401218175887
352,288358400,8.94e-05,0.12196748733520507,0.0011975366622209549,0.003651123046875,1.0,37.70967890330297,755428.3800200222,-0.00021193725988268852,0.00270773246884346,-2.1804231643676757,0.0018003949895501136,0.008803831785917282
353,289177600,8.88e-05,0.12233749389648438,0.0012454461306333543,0.003792724609375,1.0,37.673874039655885,761327.3929811823,-0.0001698482781648636,0.002800141088664532,-2.1845123291015627,0.0017611816525459289,0.008797240257263184
354,289996800,8.82e-05,0.1221689796447754,0.0012530651688575744,0.003759765625,1.0,37.672219927486346,756529.3842555876,-0.00021489879582077266,0.0029656890779733657,-2.1878761291503905,0.0019424878060817718,0.009483764320611954
355,290816000,8.76e-05,0.12211229324340821,0.001249789521098137,0.003719482421875,1.0,37.51914874099894,758148.8246912336,-0.00019825396593660117,0.0027280248701572417,-2.19158935546875,0.0016722306609153748,0.00839245691895485
356,291635200,8.7e-05,0.12213099479675293,0.0012232839316129685,0.00368896484375,1.0,37.82167574051859,746322.0127938417,-0.00026946708094328643,0.002747129462659359,-2.196536636352539,0.0016757849603891372,0.0069095447659492494
357,292454400,8.64e-05,0.12249533653259277,0.0011493932455778123,0.00359130859375,1.0,37.59719098545004,753707.792282904,-0.00020130500197410584,0.002577556297183037,-2.2024604797363283,0.001888797990977764,0.008365113288164139
358,293273600,8.58e-05,0.12235928535461425,0.0012170150876045227,0.003656005859375,1.0,37.69814533572645,746606.520633454,-0.00021700304932892323,0.0025941703468561174,-2.208652114868164,0.001732940785586834,0.007636474072933197
359,294092800,8.52e-05,0.12220077514648438,0.0011261969059705734,0.003511962890625,1.0,37.8390793973565,751870.7778734872,-0.00012721960665658117,0.0026406154036521913,-2.214410400390625,0.0018801776692271232,0.009370239078998565
360,294912000,8.46e-05,0.12232698440551758,0.001179092451930046,0.003597412109375,1.0,37.724844577481,755860.5760906832,-0.00013547261478379368,0.002575499564409256,-2.218781089782715,0.001841210015118122,0.008155517280101776
361,295731200,8.4e-05,0.12204412460327148,0.0012286874651908876,0.00383544921875,1.0,37.76766091051805,754910.6746475,-0.00014539266703650355,0.002693438529968262,-2.2235387802124023,0.0017805552110075951,0.008280883729457855
362,296550400,8.34e-05,0.12207426071166992,0.001258070170879364,0.003795166015625,1.0,37.696075728333795,756999.6064311077,-0.00023236963897943497,0.002747943624854088,-2.2293052673339844,0.0016727162525057792,0.007637085765600205
363,297369600,8.28e-05,0.12224786758422851,0.0012860503792762757,0.00396240234375,1.0,37.686741987549,757262.1889547999,-0.00023710590321570634,0.002882038615643978,-2.2339576721191405,0.0016970498487353324,0.0076109632849693295
364,298188800,8.22e-05,0.12223304748535156,0.001170641928911209,0.00364501953125,1.0,37.72081475010345,753904.7644705969,-0.00024174179416149854,0.0027560727670788766,-2.2378101348876953,0.0017013218253850936,0.0079991452395916
365,299008000,8.16e-05,0.12204900741577149,0.0011971489340066909,0.003697509765625,1.0,37.593622764078866,760940.1831879885,-0.00016681355191394687,0.0026463180780410766,-2.240403938293457,0.001656075194478035,0.007257934659719467
366,299827200,8.1e-05,0.12189363479614258,0.0012153085321187974,0.00362548828125,1.0,37.69073166219591,760377.2318635309,-0.0002085015643388033,0.0025882085785269736,-2.2427879333496095,0.0016441967338323594,0.00680554136633873
367,300646400,8.04e-05,0.12238704681396484,0.0012039292603731155,0.003701171875,1.0,37.66822665749025,761811.4300061854,-0.0002118692034855485,0.0028098536655306815,-2.2479621887207033,0.0016992174088954926,0.00688769668340683
368,301465600,7.98e-05,0.1222153663635254,0.0011813966929912567,0.0036669921875,1.0,37.69461188055031,752620.7676056623,-0.00020915293134748936,0.0025815552100539206,-2.253306770324707,0.001625923253595829,0.0062767334282398226
369,302284800,7.92e-05,0.12223272323608399,0.0012108924239873887,0.003804931640625,1.0,37.78486037387491,756824.3860104737,-0.0001578547991812229,0.0025917598977684975,-2.2581090927124023,0.0014176228083670138,0.005116943269968033
370,303104000,7.86e-05,0.12223411560058593,0.0013378854095935822,0.003927001953125,1.0,37.70105515366539,758621.9938155954,-0.00015590828843414783,0.002735542505979538,-2.261928367614746,0.001763310469686985,0.00805346742272377
371,303923200,7.8e-05,0.12214008331298828,0.0012958166003227234,0.00393798828125,1.0,37.73287671232877,750479.526396952,-0.00021543612238019704,0.002880565822124481,-2.2663665771484376,0.001970724947750568,0.009764770418405533
372,304742400,7.74e-05,0.12223252296447754,0.0011647072434425353,0.003626708984375,1.0,37.69817662768211,756188.3053028554,-0.00017696323338896037,0.0027000516653060912,-2.2723060607910157,0.0017462171614170074,0.008799438178539277
373,305561600,7.68e-05,0.12206757545471192,0.001322965770959854,0.00390625,1.0,37.85468230513484,749358.3680191461,-0.00012085597263649106,0.002732195146381855,-2.277366828918457,0.0014830059371888638,0.0056914065033197405
374,306380800,7.62e-05,0.1221832275390625,0.0012563994526863097,0.0037060546875,1.0,37.62941203469959,755811.0843268164,-0.00024771722964942453,0.002785490080714226,-2.283103179931641,0.0017547985538840295,0.008020874857902528
375,307200000,7.56e-05,0.12219502449035645,0.001196822226047516,0.0036474609375,1.0,37.791218431137175,750639.8360637856,-0.0001609269413165748,0.002585504576563835,-2.286377716064453,0.0017349321395158767,0.007972044497728347
376,308019200,7.5e-05,0.12197898864746094,0.001198129951953888,0.00375244140625,1.0,37.71613912403386,757326.9796528617,-0.0001538315205834806,0.0026935039088129996,-2.2877985000610352,0.0018386458978056908,0.007884766161441802
377,308838400,7.439999999999999e-05,0.12227434158325196,0.001248682662844658,0.003812255859375,1.0,37.7506693749423,757344.4830431788,-0.00019522849470376968,0.0026041239500045775,-2.292551040649414,0.0016725672408938407,0.007577148824930191
378,309657600,7.379999999999999e-05,0.12228828430175781,0.0012114619463682176,0.00371826171875,1.0,37.83752881512218,743777.4330762479,-0.00023824302479624748,0.002724476158618927,-2.2978023529052733,0.0016743496060371398,0.006907837092876434
379,310476800,7.319999999999999e-05,0.12224853515625,0.0012321169674396515,0.003768310546875,1.0,37.72951687928891,758918.4677483168,-0.00021833647042512894,0.0026290766894817353,-2.300746536254883,0.00162934847176075,0.006028930470347404
380,311296000,7.259999999999999e-05,0.12219942092895508,0.0014094847440719604,0.004259033203125,1.0,37.73471268605133,751819.748957878,-0.00017354151932522655,0.0028903976082801817,-2.3053823471069337,0.001642829366028309,0.006073851510882378
381,312115200,7.199999999999999e-05,0.12231813430786133,0.0011833076179027556,0.0036279296875,1.0,37.6194897724661,760457.4258840233,-0.00019861198961734772,0.0025946279987692834,-2.3114736557006834,0.0016807425767183305,0.007938108593225478
382,312934400,7.139999999999999e-05,0.12235145568847657,0.0011777741461992265,0.003616943359375,1.0,37.61575813101237,758663.6093658444,-0.00018447220791131257,0.002732986398041248,-2.31671085357666,0.0014914759434759618,0.006467529386281967
383,313753600,7.079999999999999e-05,0.12197422027587891,0.0011916866898536683,0.003575439453125,1.0,37.588716722607934,760057.2811084485,-0.00028225916903465984,0.002637745998799801,-2.318025588989258,0.001770155131816864,0.007230956107378006
384,314572800,7.019999999999999e-05,0.12242508888244628,0.0011741522699594497,0.003619384765625,1.0,37.65851191023636,764331.9709255398,-0.00024489676579833033,0.0024523595348000526,-2.321147346496582,0.0015741270035505295,0.005899536609649658
385,315392000,6.959999999999998e-05,0.1219558048248291,0.001257198452949524,0.003790283203125,1.0,37.65047382463888,760447.2035600786,-0.0002352647250518203,0.002767598256468773,-2.327813148498535,0.0017158916220068932,0.008000732213258744
386,316211200,6.899999999999998e-05,0.12217948913574218,0.0012177861481904983,0.00361328125,1.0,37.657239922872094,763521.3807016308,-0.0001741573913022876,0.002577480860054493,-2.332886505126953,0.001453738659620285,0.005252929031848907
387,317030400,6.839999999999998e-05,0.12245183944702148,0.0012448688596487045,0.00386474609375,1.0,37.64605504587156,753142.259849774,-0.0001419048523530364,0.0025800671428442,-2.3377777099609376,0.0018579287454485894,0.007796263694763184
388,317849600,6.779999999999998e-05,0.12225704193115235,0.0011588327586650848,0.003505859375,1.0,37.66316662061343,759300.9689638158,-0.00016242647543549538,0.002453293465077877,-2.3428367614746093,0.001576641947031021,0.006375853717327118
389,318668800,6.72e-05,0.12225418090820313,0.0011217715591192246,0.00351806640625,1.0,37.79830461623514,763511.5026414057,-0.00018870591884478927,0.002470592223107815,-2.3463199615478514,0.0016951410099864006,0.006910034269094467
390,319488000,6.659999999999999e-05,0.12232336044311523,0.0012874388694763183,0.003922119140625,1.0,37.65058634168774,758097.1470296606,-0.00026018533390015364,0.0027124106884002684,-2.3492124557495115,0.0015921540558338164,0.007419311255216598
391,320307200,6.599999999999999e-05,0.12243719100952148,0.0012353451550006867,0.003828125,1.0,37.72014186357146,760419.2047244909,-0.00021858923137187957,0.002641712687909603,-2.35338134765625,0.0016850480809807778,0.0068214118480682375
392,321126400,6.539999999999999e-05,0.12215576171875,0.001223340705037117,0.003670654296875,1.0,37.617045662937834,742501.7297999562,-0.00022220725659281016,0.0025882162153720856,-2.3569459915161133,0.001524192001670599,0.0057813718914985655
393,321945600,6.479999999999999e-05,0.12227133750915527,0.0012657386064529419,0.003919677734375,1.0,37.67197569508378,758139.7763363108,-0.0001794433919712901,0.0027061767876148226,-2.358643913269043,0.00176823902875185,0.00831005945801735
394,322764800,6.419999999999999e-05,0.12232583999633789,0.0011570162326097488,0.003719482421875,1.0,37.62275586574223,760666.8657584476,-0.00016725041205063463,0.0024987459182739258,-2.359859657287598,0.0015861207619309425,0.005574584752321243
395,323584000,6.359999999999999e-05,0.12263635635375976,0.0010954506695270538,0.00342529296875,1.0,37.789594949541495,756645.7837075834,-0.00017286346992477774,0.0024394268169999123,-2.3628618240356447,0.0015505559742450715,0.0059049069881439206
396,324403200,6.299999999999999e-05,0.12227787017822266,0.001369808316230774,0.004095458984375,1.0,37.70429809998155,760366.1322430624,-0.00016141507076099514,0.002712063305079937,-2.366810417175293,0.0017040416598320008,0.006640991568565369
397,325222400,6.239999999999999e-05,0.12260936737060547,0.0011604645103216172,0.00362060546875,1.0,37.548797801694526,755545.2493576607,-0.00019968270789831876,0.0024622851982712747,-2.3710403442382812,0.001561632752418518,0.005835572257637978
398,326041600,6.179999999999998e-05,0.12259776115417481,0.0012082360684871674,0.00368408203125,1.0,37.620082720588236,749594.7930841462,-0.0001697250292636454,0.002500460669398308,-2.3763200759887697,0.0016027322039008141,0.007135986536741257
399,326860800,6.119999999999998e-05,0.12239958763122559,0.001125597357749939,0.003446044921875,1.0,37.68196435134142,762150.3895656053,-0.00023828954435884954,0.002542388811707497,-2.381034278869629,0.00169668048620224,0.006335205584764481
400,327680000,6.059999999999998e-05,0.122430419921875,0.0012154923379421234,0.003670654296875,1.0,37.744058585114225,760560.0660486688,-0.00013190156314522029,0.0027172496542334557,-2.385732650756836,0.0015496978536248206,0.006114867702126503
401,328499200,5.999999999999998e-05,0.12216508865356446,0.0012236769497394563,0.00376708984375,1.0,37.61228901255576,765454.181214894,-0.0002270522993057966,0.002435033768415451,-2.387578010559082,0.0016315009444952012,0.006915038824081421
402,329318400,5.939999999999998e-05,0.12237049102783203,0.0012348806113004684,0.003712158203125,1.0,37.73615650172612,760516.4911342169,-0.00019894738215953112,0.00259106308221817,-2.390081596374512,0.0016968782991170883,0.0068570546805858616
403,330137600,5.879999999999998e-05,0.12263822555541992,0.0012343470752239228,0.0037939453125,1.0,37.67150601856106,760205.9737209716,-0.00012076556449756027,0.002532133273780346,-2.3958152770996093,0.001907338947057724,0.008143311738967896
404,330956800,5.819999999999998e-05,0.12247516632080079,0.0011620192974805832,0.003531494140625,1.0,37.775071501060985,766294.9571085798,-0.0002292744815349579,0.0025970084592700005,-2.4028764724731446,0.001931724138557911,0.0079615481197834
405,331776000,5.759999999999998e-05,0.12247624397277831,0.0013293443620204925,0.00396728515625,1.0,37.611070280202114,755418.4163658587,-0.00019761724397540092,0.0025514351204037667,-2.40905647277832,0.0015981156378984452,0.0058076161891222
406,332595200,5.6999999999999976e-05,0.1223429012298584,0.001240861862897873,0.003848876953125,1.0,37.70352962860566,759506.9563620553,-0.0003201772691681981,0.0026314863935112953,-2.4133501052856445,0.0016511619091033936,0.0072355963289737705
407,333414400,5.639999999999998e-05,0.12230989456176758,0.001309652179479599,0.003988037109375,1.0,37.6244499449945,751661.0382596512,-0.00016788281500339507,0.0025723544880747796,-2.415848159790039,0.0015650194138288498,0.0064707033336162565
408,334233600,5.5800000000000015e-05,0.12238399505615234,0.0012517087161540985,0.003798828125,1.0,37.57157967348816,756092.8228097039,-0.00017157545080408453,0.002598572708666325,-2.417428970336914,0.0016047844663262367,0.004937743023037911
409,335052800,5.5200000000000014e-05,0.12258238792419433,0.0012681630253791808,0.003826904296875,1.0,37.632860877941376,755824.5470607436,-0.0002953459974378347,0.0025560174137353895,-2.4214218139648436,0.0018650995567440986,0.0073106691241264345
410,335872000,5.460000000000001e-05,0.12244402885437011,0.001384802907705307,0.004166259765625,1.0,37.62677997243914,753021.9582033821,-0.00022464748471975326,0.0027342602610588075,-2.4265773773193358,0.0015636252239346505,0.004712891206145287
411,336691200,5.400000000000001e-05,0.12201077461242676,0.001206444576382637,0.003658447265625,1.0,37.7084447312621,758432.6682246143,-0.00029919410590082405,0.0024423636496067047,-2.4300443649291994,0.001801595650613308,0.006819335371255874
412,337510400,5.340000000000001e-05,0.12250268936157227,0.0013199499249458312,0.003934326171875,1.0,37.59591202158306,753143.1281523295,-0.0003046476049348712,0.0027072357013821604,-2.432832717895508,0.00169052891433239,0.006409300863742829
413,338329600,5.280000000000001e-05,0.12236443519592285,0.00116050161421299,0.00350341796875,1.0,37.653168284938566,757614.3393891135,-0.00024808610323816537,0.0025318961590528486,-2.436569595336914,0.0016264697536826135,0.0066528312861919405
414,339148800,5.220000000000001e-05,0.12226967811584473,0.0011306054890155791,0.003636474609375,1.0,37.59510020224306,752162.4409170508,-0.00021391932386904955,0.0023703983053565024,-2.440446472167969,0.0017119618132710457,0.007122191041707993
415,339968000,5.160000000000001e-05,0.12243753433227539,0.0013148894906044007,0.004007568359375,1.0,37.70055197792088,757244.8942285388,-0.0002416558563709259,0.002640789933502674,-2.4441762924194337,0.0015597159042954444,0.005500487238168717
416,340787200,5.1000000000000006e-05,0.12250102996826172,0.0012196139991283417,0.003782958984375,1.0,37.75927205712969,760432.7637528474,-0.00027480635326355697,0.0024209193885326385,-2.4484764099121095,0.0015731159597635268,0.0059931639581918715
417,341606400,5.0400000000000005e-05,0.1221094512939453,0.0012352053821086883,0.003753662109375,1.0,37.5573341895239,755447.7721975268,-0.00022215000353753567,0.0024657832458615304,-2.4530385971069335,0.0016654867678880692,0.006586913019418716
418,342425600,4.9800000000000004e-05,0.12233081817626953,0.0012497318536043168,0.003831787109375,1.0,37.666329532916514,751029.0048110741,-0.00026693183463066816,0.0024801444262266157,-2.457289123535156,0.0014709579758346082,0.0057048343122005464
419,343244800,4.92e-05,0.12225303649902344,0.0012108421325683595,0.00364501953125,1.0,37.60351876521659,756686.4536618991,-0.00023680406156927346,0.0025467101484537126,-2.4620071411132813,0.0015004714950919151,0.005179809033870697
420,344064000,4.86e-05,0.12234848022460937,0.0011749418079853057,0.00364990234375,1.0,37.66127772929775,762506.9004710481,-0.00020485532004386187,0.0023829149082303046,-2.466608428955078,0.0016730012372136115,0.00525183230638504
421,344883200,4.800000000000001e-05,0.12248184204101563,0.0012865340709686279,0.003980712890625,1.0,37.71002759889605,764210.3843063845,-0.00013648936292156577,0.0024624068289995195,-2.470903015136719,0.00147054148837924,0.0047917477786540985
422,345702400,4.740000000000001e-05,0.12255648612976074,0.0012343863397836685,0.003668212890625,1.0,37.572064220183485,761558.3484033309,-0.00019641693215817214,0.0024736231192946435,-2.474261474609375,0.0016766395419836044,0.0068800032138824465
423,346521600,4.6800000000000006e-05,0.1221265983581543,0.0012240726500749588,0.00360595703125,1.0,37.668185793859045,759418.6638400867,-0.00029215915128588676,0.0025094946846365928,-2.477810287475586,0.0015966104343533515,0.006523436307907105
424,347340800,4.6200000000000005e-05,0.12241260528564453,0.0012262211740016937,0.00389892578125,1.0,37.57358074591218,751649.3799355977,-0.00021193239372223615,0.002494777366518974,-2.4815628051757814,0.0015660811215639115,0.006096068769693375
425,348160000,4.5600000000000004e-05,0.12237685203552245,0.0012899088859558107,0.003985595703125,1.0,37.60209279911882,760777.9211200303,-0.00023185380268841982,0.002462011016905308,-2.485298919677734,0.0016545955091714858,0.006313108652830124
426,348979200,4.5e-05,0.12217338562011719,0.0012048725783824921,0.003719482421875,1.0,37.52648688246875,757887.3519488833,-0.00023565543815493584,0.0024173369631171225,-2.4884674072265627,0.0014956511557102203,0.005849731341004372
427,349798400,4.44e-05,0.12212209701538086,0.001253262460231781,0.003758544921875,1.0,37.71903754140596,756435.4835175849,-0.0002880342537537217,0.0024274928495287896,-2.489695167541504,0.0017941422760486604,0.0065947271883487705
428,350617600,4.38e-05,0.12234719276428223,0.0011932571232318879,0.00368408203125,1.0,37.51649659085709,759852.5466965172,-0.00018150645773857833,0.0022808022797107695,-2.491292953491211,0.001645302027463913,0.005460204929113388
429,351436800,4.32e-05,0.12240638732910156,0.0012725436687469483,0.003812255859375,1.0,37.69768620943953,754635.1139218603,-0.00030820495449006556,0.0023707015439867972,-2.4939029693603514,0.001689198799431324,0.006510742008686066
430,352256000,4.26e-05,0.12254301071166993,0.001298198401927948,0.00389892578125,1.0,37.7179440025746,759889.8840932222,-0.0002575686201453209,0.0025560013949871064,-2.4958927154541017,0.0015426608733832836,0.00530078150331974
431,353075200,4.2e-05,0.12236112594604492,0.0012467042356729507,0.003968505859375,1.0,37.77776751915797,757852.4937823663,-0.0003076032269746065,0.0025846142321825027,-2.4986455917358397,0.0015732022002339363,0.00562744252383709
432,353894400,4.14e-05,0.12212225914001465,0.0012016860395669938,0.003631591796875,1.0,37.740332764898376,756334.6253098927,-0.0002326734596863389,0.002485205791890621,-2.502515411376953,0.0018186774104833603,0.006028807908296585
433,354713600,4.08e-05,0.12240653991699219,0.0013147714734077455,0.00389892578125,1.0,37.63527577827701,758693.0530544459,-0.00020157257094979286,0.0026101710274815558,-2.50390510559082,0.0014276403933763504,0.004932617023587227
434,355532800,4.02e-05,0.12236232757568359,0.001099424958229065,0.00337158203125,1.0,37.48050936741331,755599.6825615503,-0.00019166840938851238,0.002287387102842331,-2.5048294067382812,0.001424309890717268,0.0038090817630290984
435,356352000,3.96e-05,0.1223934268951416,0.0012060186266899108,0.0036279296875,1.0,37.58629860601614,759611.9687830054,-0.00026739160530269145,0.0024313833564519882,-2.5073486328125,0.001485653594136238,0.004568604379892349
436,357171200,3.9e-05,0.1224053955078125,0.0011939153075218201,0.003709716796875,1.0,37.618333946303785,755122.1155987936,-0.00023727570660412312,0.0023838985711336137,-2.5096887588500976,0.001453250553458929,0.004478026553988457
437,357990400,3.84e-05,0.12238992691040039,0.0012996160984039306,0.003956298828125,1.0,37.687646544986436,757952.9194490309,-0.0003028250532224774,0.002499414794147015,-2.512516403198242,0.0018775496631860734,0.006553221493959427
438,358809600,3.78e-05,0.1226220417022705,0.0012921218574047089,0.0038134765625,1.0,37.654909874787876,753901.9468803842,-0.0001369033823721111,0.002402244135737419,-2.514521026611328,0.001343749649822712,0.0037742920219898226
439,359628800,3.7199999999999996e-05,0.12238258361816406,0.0012300626933574677,0.003795166015625,1.0,37.622695427728615,756910.4126334774,-0.00015026314649730922,0.0025350641459226607,-2.515758514404297,0.0011728769168257713,0.0026953130960464477
440,360448000,3.6599999999999995e-05,0.12242264747619629,0.0012599542737007142,0.00381591796875,1.0,37.76428275003458,765766.1362622926,-0.00023582561407238246,0.0025018442422151564,-2.5176767349243163,0.0015266728587448597,0.004355956614017486
441,361267200,3.5999999999999994e-05,0.12261175155639649,0.001251886487007141,0.003865966796875,1.0,37.62534384742344,759849.0513804966,-0.00020061533432453872,0.0025494126603007317,-2.519609832763672,0.0017465578392148017,0.004872558638453484
442,362086400,3.539999999999999e-05,0.1226050853729248,0.0013140472769737244,0.003946533203125,1.0,37.56467786986584,762487.1582379113,-0.00017751941923052072,0.0025593444705009462,-2.522340202331543,0.0015761520713567733,0.004288696125149727
443,362905600,3.479999999999999e-05,0.1223042869567871,0.0012799896299839019,0.003848876953125,1.0,37.61984116053804,750066.2352460098,-0.0002154536545276642,0.0025628088042140007,-2.5251802444458007,0.0015552197583019733,0.0039929203689098355
444,363724800,3.419999999999999e-05,0.12220696449279785,0.0012131641805171968,0.003717041015625,1.0,37.77291223527236,748866.2667169267,-0.0001802560524083674,0.0024289138615131377,-2.527287483215332,0.0012668722309172153,0.0035397943109273912
445,364544000,3.36e-05,0.1223740291595459,0.0013246244192123412,0.0039013671875,1.0,37.72870430058016,748048.2970394148,-0.00016540834913030266,0.002446514554321766,-2.527383804321289,0.0014562266878783703,0.004593626782298088
446,365363200,3.2999999999999996e-05,0.12237457275390624,0.0011414016038179397,0.003629150390625,1.0,37.56062970442446,747296.8761371564,-0.00021428479813039302,0.0022608278319239616,-2.5282146453857424,0.0014950479380786419,0.004913695901632309
447,366182400,3.2399999999999995e-05,0.12234268188476563,0.0012617328763008119,0.00380859375,1.0,37.63322164593565,751844.2233235693,-0.00014927309239283205,0.002543463371694088,-2.530475044250488,0.0013790461234748363,0.00396740734577179
448,367001600,3.1799999999999994e-05,0.12215818405151367,0.001141912341117859,0.0035009765625,1.0,37.72060519396651,744774.3519995005,-0.0001858226372860372,0.002301134169101715,-2.532807540893555,0.0013782844878733158,0.0038426510989665987
449,367820800,3.119999999999999e-05,0.12253728866577149,0.001246037632226944,0.003922119140625,1.0,37.78949790602421,751723.4397732015,-0.00019854987040162085,0.0025822700932621955,-2.5355031967163084,0.0016879947856068612,0.005014404654502869
450,368640000,3.059999999999999e-05,0.12228935241699218,0.0012630099058151246,0.00388916015625,1.0,37.636969307112665,746213.5720994582,-0.00022814099211245775,0.0025709580630064012,-2.537217140197754,0.0014342662878334522,0.003349365293979645
451,369459200,2.999999999999999e-05,0.12259159088134766,0.0011270957440137864,0.00353515625,1.0,37.73641730467669,747969.7521661323,-0.0001980890054255724,0.002350597083568573,-2.5371421813964843,0.0011941802687942982,0.0033181145787239074
452,370278400,2.939999999999999e-05,0.12228179931640625,0.0012990112602710724,0.00396728515625,1.0,37.83503918856616,743910.6320742096,-0.00024959025904536247,0.002600017562508583,-2.538108062744141,0.0016114512458443643,0.004845580458641053
453,371097600,2.879999999999999e-05,0.12223403930664062,0.0012722554802894592,0.003902587890625,1.0,37.52788835506749,749268.6129674346,-0.0002848116448149085,0.002531181462109089,-2.540753936767578,0.0013718726113438606,0.0051687005907297134
454,371916800,2.819999999999999e-05,0.12250961303710937,0.0012458840012550354,0.0038037109375,1.0,37.58445434093935,744292.3428427118,-0.00023196677211672067,0.002377097122371197,-2.543057441711426,0.001601332053542137,0.004856079071760178
455,372736000,2.759999999999999e-05,0.12213393211364747,0.0011513136327266694,0.00364013671875,1.0,37.71246831067066,752049.2625264986,-0.00024411859922111035,0.002444727346301079,-2.545712471008301,0.0014373273588716984,0.0038172610104084013
456,373555200,2.699999999999999e-05,0.12250066757202148,0.001201917827129364,0.003697509765625,1.0,37.74821535485654,759426.6492613347,-0.00021280748769640921,0.0023057129234075545,-2.546805572509766,0.0012084766291081904,0.0037149664014577864
457,374374400,2.6399999999999988e-05,0.1220732307434082,0.0012136422097682952,0.003656005859375,1.0,37.56382734736939,762288.3732789002,-0.00022911529522389172,0.00232357382774353,-2.5480260848999023,0.001383715867996216,0.0036833491176366806
458,375193600,2.5799999999999987e-05,0.12209552764892578,0.0011583204567432405,0.003516845703125,1.0,37.675664490021155,752770.0118833836,-0.00026722564361989496,0.0023545630276203154,-2.549979400634766,0.001682431995868683,0.004938599467277527
459,376012800,2.5199999999999986e-05,0.12230070114135742,0.0012071020901203156,0.00374267578125,1.0,37.645438266219756,760628.6001934985,-0.00030119004659354685,0.0024778315797448157,-2.551838493347168,0.0016470471397042274,0.004566650465130806
460,376832000,2.4599999999999985e-05,0.12244832992553711,0.0012083728611469269,0.003692626953125,1.0,37.60716415172224,765350.3196545973,-0.00022480599582195283,0.002400537580251694,-2.5539068222045898,0.0013024285435676575,0.003842652216553688
461,377651200,2.3999999999999987e-05,0.12273290634155273,0.0012874141335487365,0.0039208984375,1.0,37.586118133762355,762816.088735643,-0.00018123616464436055,0.002458333969116211,-2.5554906845092775,0.0013843761757016183,0.003012084774672985
462,378470400,2.3399999999999986e-05,0.12250783920288086,0.001202455833554268,0.003692626953125,1.0,37.76397973284201,756642.9735792584,-0.0002482858952134848,0.0024347396567463873,-2.556925582885742,0.001402262970805168,0.0037426754832267763
463,379289600,2.2799999999999985e-05,0.12250592231750489,0.0012932272255420684,0.003984375,1.0,37.70064866356903,757273.0574799848,-0.00026987474411725997,0.0025089394301176073,-2.5583696365356445,0.001418667659163475,0.003967041522264481
464,380108800,2.2199999999999984e-05,0.12229874610900879,0.0011598070710897447,0.00351806640625,1.0,37.628361296253736,756444.5584034792,-0.00022153265308588743,0.0023368116468191146,-2.559444046020508,0.0014137418940663338,0.0035073239356279372
465,380928000,2.1599999999999983e-05,0.12242305755615235,0.0013134916126728057,0.004002685546875,1.0,37.58458076958399,761576.2422864186,-0.00024422211572527885,0.0024997154250741005,-2.56162052154541,0.0013816970400512218,0.0033098142594099045
466,381747200,2.0999999999999982e-05,0.12241659164428711,0.001278369426727295,0.003748779296875,1.0,37.5768015025883,762237.1317861493,-0.0002944115083664656,0.0024466635659337044,-2.563416290283203,0.0015608547255396843,0.004366577044129372
467,382566400,2.0399999999999984e-05,0.12219834327697754,0.0013321194052696229,0.003953857421875,1.0,37.65577312005883,759015.8242305396,-0.0002655653282999992,0.0025316271930933,-2.5649126052856444,0.0015139009803533555,0.003286132961511612
468,383385600,1.9799999999999983e-05,0.12221872329711914,0.0012053952366113663,0.00377685546875,1.0,37.53688468079239,763555.1637801268,-0.00017672728281468154,0.002436577528715134,-2.567012596130371,0.0012624350376427174,0.002578369155526161
469,384204800,1.9199999999999982e-05,0.12245500564575196,0.0012168173491954803,0.00373291015625,1.0,37.744414368949855,758141.3173250953,-0.00023264973424375057,0.002472253143787384,-2.5680109024047852,0.00139637291431427,0.003574462980031967
470,385024000,1.8600000000000015e-05,0.12203989028930665,0.001229311153292656,0.003746337890625,1.0,37.638265517718075,759322.5616662258,-0.00022020942997187377,0.0025089265778660773,-2.568338966369629,0.0012042343616485596,0.002746337652206421
471,385843200,1.8000000000000014e-05,0.12235010147094727,0.0013243207335472107,0.004046630859375,1.0,37.624420472802385,761050.9097946197,-0.000247956532984972,0.002532119117677212,-2.569425582885742,0.0014952166937291622,0.0038948971778154373
472,386662400,1.7400000000000013e-05,0.12247898101806641,0.0011689947545528412,0.0035888671875,1.0,37.64759977929005,754874.3584312066,-0.0002144481521099806,0.0025449221953749656,-2.570553207397461,0.001129582431167364,0.0024154048413038256
473,387481600,1.6800000000000012e-05,0.12245415687561036,0.0012763020396232604,0.00398681640625,1.0,37.64211732355637,763332.7350261102,-0.00027647833339869974,0.002348477765917778,-2.5717376708984374,0.0016441637650132178,0.003963379561901093
474,388300800,1.6200000000000014e-05,0.1224129867553711,0.0012316081672906875,0.0038232421875,1.0,37.515785609397945,758393.5964246427,-0.00022952985018491744,0.0022569652646780014,-2.5728050231933595,0.0014487825334072112,0.0032048337161540985
475,389120000,1.5600000000000013e-05,0.12234338760375976,0.0012898746132850648,0.00400390625,1.0,37.623891976300925,761475.5727735516,-0.0002459503244608641,0.002487223967909813,-2.573873519897461,0.0015814097598195076,0.004225463420152664
476,389939200,1.5000000000000012e-05,0.12269733428955078,0.0011911647021770478,0.003778076171875,1.0,37.512371369769035,762085.7111873943,-0.0002767141442745924,0.0022478749975562095,-2.5754161834716798,0.0015062207356095314,0.0036674801260232924
477,390758400,1.4400000000000011e-05,0.12219047546386719,0.0012268479168415069,0.00374755859375,1.0,37.657038879675696,760843.4326489032,-0.00021682402584701776,0.002400986663997173,-2.5767255783081056,0.0012416133657097816,0.0030964357778429986
478,391577600,1.3800000000000012e-05,0.12256479263305664,0.0012693744897842407,0.003807373046875,1.0,37.510402853354066,752204.6015693999,-0.0002891347045078874,0.0023846030235290527,-2.577699089050293,0.001535790879279375,0.004134277254343033
479,392396800,1.320000000000001e-05,0.12225028991699219,0.0011986209452152252,0.003756103515625,1.0,37.49993131553643,759911.2437639441,-0.00023825317621231079,0.002365792728960514,-2.578608512878418,0.00141840735450387,0.003289062902331352
480,393216000,1.260000000000001e-05,0.12250829696655273,0.001283220648765564,0.003907470703125,1.0,37.60506015244742,763056.2572319101,-0.0002612740034237504,0.002341260202229023,-2.578943061828613,0.001290188916027546,0.003097778744995594
481,394035200,1.2000000000000009e-05,0.12251637458801269,0.001214086413383484,0.003681640625,1.0,37.63292128119112,762798.4818461437,-0.00019108613487333058,0.002364872395992279,-2.5792724609375,0.0012180554680526257,0.0027373045682907104
482,394854400,1.140000000000001e-05,0.12266891479492187,0.0013229800760746003,0.0041015625,1.0,37.694143565265286,755671.6472996158,-0.0002656047698110342,0.0023863771930336952,-2.5799747467041017,0.001392348948866129,0.003525756299495697
483,395673600,1.0800000000000008e-05,0.12269227981567382,0.001223886013031006,0.00371337890625,1.0,37.56826737673308,754325.3356546413,-0.00020613675005733966,0.0023105574771761896,-2.5808876037597654,0.0015397349372506142,0.0028681639581918717
484,396492800,1.0200000000000007e-05,0.12232782363891602,0.0011501196026802063,0.003529052734375,1.0,37.61060320668903,753683.0921471516,-0.00017327878158539533,0.002263249084353447,-2.5816343307495115,0.0009079162962734699,0.002005981281399727
485,397312000,9.600000000000008e-06,0.12263601303100585,0.0011425129324197768,0.003477783203125,1.0,37.68077171010222,757577.3955672098,-0.0002113407477736473,0.002249954827129841,-2.5824617385864257,0.001178363896906376,0.0021292723715305327
486,398131200,9.000000000000007e-06,0.12276143074035645,0.0011817729473114014,0.00365234375,1.0,37.75515641508567,759480.5313534766,-0.00020190917421132327,0.0022855615243315697,-2.5832212448120115,0.0013701844029128552,0.002345702797174454
487,398950400,8.400000000000006e-06,0.12236707687377929,0.0011609382182359695,0.003623046875,1.0,37.52844146296636,755906.8407709764,-0.00016402441542595625,0.0022982358932495117,-2.583640289306641,0.0012657026760280131,0.0022496338933706284
488,399769600,7.800000000000007e-06,0.12254995346069336,0.0011141204833984375,0.00346435546875,1.0,37.543485230135104,761424.4236852438,-0.00017646767664700747,0.002275393344461918,-2.5838623046875,0.0010687192901968957,0.001379516627639532
489,400588800,7.200000000000006e-06,0.12232315063476562,0.0012043373286724092,0.003663330078125,1.0,37.639254738194666,752909.4330905224,-0.00022658738307654858,0.002265353687107563,-2.5842048645019533,0.0011840716004371643,0.002496948651969433
490,401408000,6.600000000000005e-06,0.12240904808044434,0.001256803274154663,0.003837890625,1.0,37.541490728841566,758717.2392547259,-0.00021792338229715825,0.0023875975981354713,-2.5847661972045897,0.0012620576657354833,0.0027869878336787223
491,402227200,6.000000000000004e-06,0.1227851676940918,0.0013664788007736206,0.004127197265625,1.0,37.469747477053744,757022.1025621848,-0.00016117434715852142,0.0025499144569039343,-2.5853811264038087,0.0011164044961333274,0.0017462154850363732
492,403046400,5.400000000000004e-06,0.1225407600402832,0.0012185628712177276,0.003768310546875,1.0,37.53274109350673,757117.7112526122,-0.00019256491214036942,0.002296953462064266,-2.585844039916992,0.0010727716609835625,0.0020106200128793715
493,403865600,4.800000000000004e-06,0.12237092971801758,0.0011209917068481445,0.0035205078125,1.0,37.66712637337379,765231.893090381,-0.00020756716839969157,0.0023353520780801775,-2.586042785644531,0.001326537225395441,0.0024173585698008537
494,404684800,4.200000000000003e-06,0.12230398178100586,0.001142692118883133,0.003548583984375,1.0,37.554739499655724,761999.1040920601,-0.00011509793112054467,0.002333156391978264,-2.5862796783447264,0.0009134298190474511,0.0011682129465043546
495,405504000,3.600000000000003e-06,0.12227657318115234,0.0011976048350334167,0.0036962890625,1.0,37.560688073394495,764334.6300747114,-0.00013567920541390777,0.0023303207010030745,-2.586395835876465,0.0007799787446856499,0.0012586668133735656
496,406323200,3.000000000000002e-06,0.12227686882019043,0.0012219512462615966,0.003675537109375,1.0,37.50789799001877,767882.076193594,-8.089052280411125e-05,0.002422231435775757,-2.5864307403564455,0.0003626992693170905,0.00013806152855977416
497,407142400,2.400000000000002e-06,0.12245376586914063,0.001229294091463089,0.003787841796875,1.0,37.54319461612416,759361.0710719873,-0.0001355739776045084,0.0024907127022743224,-2.5865001678466797,0.0010796975344419479,0.0015144041739404202
498,407961600,1.8000000000000014e-06,0.12223687171936035,0.0012263613939285278,0.003865966796875,1.0,37.65179517905701,750054.9869044543,-0.0001682436326518655,0.0024879805743694304,-2.586553192138672,0.0008394982665777207,0.0014323730953037738
499,408780800,1.200000000000001e-06,0.12235471725463867,0.0012251199781894684,0.003790283203125,1.0,37.554790432906394,752961.6318102994,-0.00011174386600032449,0.002341090515255928,-2.586564636230469,0.00037905958015471697,0.0004147949162870646
500,409600000,6.000000000000005e-07,0.12251220703125,0.001227613314986229,0.0037548828125,1.0,37.761275164693416,760880.4569527388,-4.438846954144537e-05,0.002310909889638424,-2.5865482330322265,8.19854496512562e-05,0.0
