update,env_steps,lr,reward_per_step,cost_per_step,violation_rate,success_rate,mean_episode_length,steps_per_sec,policy_loss,value_loss,entropy,approx_kl,clip_frac
1,819200,0.0003,-0.011314551830291748,0.001919816881418228,0.005804443359375,1.0,76.04587155963303,715218.6660073682,-0.006931792199611664,0.08103311061859131,1.830189323425293,0.010188157111406327,0.14872509241104126
2,1638400,0.00029939999999999996,-0.0054219460487365725,0.0002933829836547375,0.000799560546875,1.0,263.1875,712866.2869870431,-0.012308407574892044,0.024193282425403594,1.807746696472168,0.011964108794927597,0.17437561750411987
3,2457600,0.0002988,0.0002843504399061203,0.0002424906939268112,0.00063232421875,1.0,537.8,711556.3192556704,-0.01076800748705864,0.02403135746717453,1.7755823135375977,0.012770000100135803,0.18778222799301147
4,3276800,0.0002982,0.0043439877033233645,0.0002271135151386261,0.000616455078125,1.0,699.3125,706961.0093185395,-0.012975654006004334,0.016203486919403078,1.7343534469604491,0.011296822130680085,0.1625634789466858
5,4096000,0.00029759999999999997,0.009124100804328919,0.0006711280345916748,0.0020703125,0.013370332996972755,998.3309788092836,711404.1298761142,-0.008420082181692124,0.03374276459217072,1.693992805480957,0.008919337391853332,0.12412170171737671
6,4915200,0.00029699999999999996,0.009501310586929322,0.013186522722244264,0.038956298828125,0.7255434782608695,365.5054347826087,711614.7057780486,-0.0009572481736540795,0.5212143898010254,1.6685050964355468,0.0029178448021411896,0.020310790836811067
7,5734400,0.0002964,0.006763363480567932,0.01546966314315796,0.04608642578125,0.9825396825396825,325.3047619047619,709214.5188898756,-0.0006895311642438173,0.7037575721740723,1.6551284790039062,0.0020079584792256355,0.011808839440345765
8,6553600,0.0002958,0.005721983909606934,0.009482724666595459,0.028486328125,0.9961089494163424,452.6750972762646,706254.1705736925,-0.0008034389466047287,0.42757272720336914,1.6437965393066407,0.00241524763405323,0.01623498797416687
9,7372800,0.00029519999999999997,0.006421217918395996,0.008911693096160888,0.028177490234375,0.9920983318700615,543.6242317822652,712872.8135395044,-0.001385984756052494,0.35032286643981936,1.6328557968139648,0.004053432494401932,0.03772326707839966
10,8192000,0.00029459999999999995,0.008971315622329713,0.008963121175765991,0.02677490234375,0.6344961240310077,747.2612403100775,710220.8468689591,-0.0014158700592815875,0.34511241912841795,1.622096633911133,0.004112754762172699,0.038943728804588316
11,9011200,0.000294,0.011725564002990723,0.010811970233917237,0.0322607421875,0.952442996742671,382.06319218241043,697386.0660364833,-0.001231685746461153,0.37690837383270265,1.6104570388793946,0.003248053789138794,0.026760858297348023
12,9830400,0.0002934,0.011289702653884888,0.007325725555419922,0.02239990234375,0.9592233009708738,383.05,706830.7148555475,-0.001375388354063034,0.24730377197265624,1.5980639457702637,0.0035989757627248762,0.033160391449928286
13,10649600,0.00029279999999999996,0.012992148399353027,0.006656882762908936,0.02051025390625,0.9639564124057,381.53855825649623,705481.5380486132,-0.0016262721270322799,0.20402164459228517,1.5835128784179688,0.0036695294082164766,0.03479480445384979
14,11468800,0.00029219999999999995,0.014628472328186036,0.0056780195236206055,0.0176171875,0.9822037107156381,334.6399091253313,712634.8394236689,-0.001748005673289299,0.16069234609603883,1.5667222023010254,0.0036308933049440384,0.03394348919391632
15,12288000,0.0002916,0.015764577388763426,0.00551018476486206,0.016507568359375,0.9656130600903091,315.46022924626607,713045.9129731016,-0.001690545305609703,0.15401408672332764,1.5464101791381837,0.0032178927212953568,0.028965333104133607
16,13107200,0.00029099999999999997,0.016358898878097536,0.005394867658615112,0.01657958984375,0.9814496736516661,276.04603229130885,709023.4181580764,-0.0015052708797156811,0.1497415542602539,1.5244142532348632,0.002879716269671917,0.02337963879108429
17,13926400,0.00029039999999999996,0.015777685642242432,0.00494522213935852,0.015411376953125,0.9766040411201702,259.98688408365825,710381.6515212032,-0.0015569137409329414,0.13281911611557007,1.503174114227295,0.0029069719836115836,0.02043481469154358
18,14745600,0.00028979999999999994,0.01611911177635193,0.004881467223167419,0.0149267578125,0.9707169303264894,267.17872770111074,717011.4669683316,-0.001641055941581726,0.12884782552719115,1.4836845397949219,0.0033399824053049086,0.026014891266822816
19,15564800,0.0002892,0.019919698238372804,0.005059003233909607,0.01571533203125,0.9700249791840133,256.2284207604774,714279.0035534296,-0.0019245309755206107,0.1113372802734375,1.4653124809265137,0.0036219943314790724,0.029835936427116395
20,16384000,0.00028859999999999997,0.022746787071228028,0.005379173755645752,0.016416015625,0.9753203607024205,225.5951589938301,711767.8392698315,-0.002016843110322952,0.10980826616287231,1.4469836235046387,0.0036619413644075395,0.03225170969963074
21,17203200,0.00028799999999999995,0.026770057678222655,0.005838547945022583,0.017825927734375,0.9822666123114554,202.50774561761108,706232.6551118704,-0.0019514286890625955,0.11224743127822875,1.425935649871826,0.003654806315898895,0.03288012742996216
22,18022400,0.00028739999999999994,0.029707837104797363,0.005753648281097412,0.01808837890625,0.9916805324459235,172.21519689406546,714422.1415502689,-0.0020002219825983047,0.10554661750793456,1.406515121459961,0.003559936210513115,0.031807854771614075
23,18841600,0.0002868,0.03332492351531982,0.006218845844268799,0.018983154296875,0.9980132450331126,149.15447019867548,711192.3229450567,-0.0019003940746188165,0.11294820308685302,1.3855372428894044,0.0034298323094844817,0.02958398163318634
24,19660800,0.00028619999999999996,0.03738943099975586,0.0062803256511688235,0.019149169921875,0.9998545877562891,127.82114294023557,709621.3030605912,-0.0017770633101463317,0.10872106552124024,1.3638351440429688,0.0034048300236463546,0.028591433167457582
25,20480000,0.00028559999999999995,0.04174642562866211,0.006648716330528259,0.02056640625,1.0,114.16455861259617,707624.9997172919,-0.0018570473417639731,0.09870885014533996,1.34029541015625,0.0033497616648674013,0.02769823670387268
26,21299200,0.000285,0.04545938014984131,0.0065994179248809815,0.020396728515625,1.0,102.27906691221608,708171.565290697,-0.0017152583226561547,0.09574151039123535,1.3172717094421387,0.003232793137431145,0.024508056044578553
27,22118400,0.0002844,0.04772785186767578,0.00640949010848999,0.020484619140625,1.0,96.54471076284858,712614.9321398756,-0.0017142405733466149,0.09225600957870483,1.2958560943603517,0.003188268095254898,0.023924925923347475
28,22937600,0.00028379999999999996,0.051438846588134766,0.006196227669715881,0.0196484375,1.0,89.39111488999893,709541.446500278,-0.0016129795461893083,0.08236628174781799,1.2720279693603516,0.0031717922538518906,0.024085573852062225
29,23756800,0.00028319999999999994,0.05459844589233399,0.005920810699462891,0.019410400390625,1.0,83.92100231458187,707235.9608682377,-0.0016209971159696578,0.07243446707725525,1.2487154960632325,0.003187485784292221,0.024145384132862092
30,24576000,0.0002826,0.05651222229003906,0.005292816162109375,0.017813720703125,1.0,80.76319390148554,696896.8679629968,-0.0017241239547729492,0.06567608118057251,1.2266006469726562,0.0034354288130998612,0.025853270292282106
31,25395200,0.00028199999999999997,0.058832135200500485,0.005320086479187012,0.017547607421875,1.0,77.65084009816877,708524.0310089327,-0.0015766678377985954,0.06288366317749024,1.2025670051574706,0.0032463781535625458,0.02261938601732254
32,26214400,0.00028139999999999996,0.06140584945678711,0.0053429841995239254,0.01748291015625,1.0,74.6513786267796,712714.7688586592,-0.0015873568132519721,0.06319726705551147,1.1791577339172363,0.0035880163311958315,0.027414557337760926
33,27033600,0.00028079999999999994,0.06435174465179444,0.0051996088027954105,0.017366943359375,1.0,71.11388697450035,712356.6555836354,-0.0014559755101799965,0.05497614741325378,1.1576785087585448,0.003496040403842926,0.02692418694496155
34,27852800,0.0002802,0.06651846885681152,0.004819523692131043,0.016910400390625,1.0,69.12113122549428,709895.5512072308,-0.0015905411913990975,0.046262094378471376,1.1349321365356446,0.003576147556304932,0.025966429710388185
35,28672000,0.00027959999999999997,0.06813135147094726,0.004592068791389466,0.015618896484375,1.0,66.88817396970191,710256.8971772927,-0.0015280414372682571,0.04335575997829437,1.1113590240478515,0.0035719458013772965,0.02797888219356537
36,29491200,0.00027899999999999995,0.06972232818603516,0.005133363008499145,0.0172216796875,1.0,65.3975120830362,717675.0140653095,-0.0013851932249963283,0.04772683084011078,1.0888891220092773,0.00384085588157177,0.030415287613868712
37,30310400,0.0002784,0.07152597904205323,0.0048617884516716,0.017064208984375,1.0,64.2209202406062,712887.17910656,-0.0014651272445917129,0.040689632296562195,1.067569637298584,0.0035358238965272903,0.026638796925544737
38,31129600,0.0002778,0.07360953330993653,0.00479817658662796,0.016806640625,1.0,62.384157819441306,711036.6509005617,-0.0013008064590394497,0.041083145141601565,1.0471057891845703,0.003503784164786339,0.024129876494407655
39,31948800,0.0002772,0.07471558570861817,0.004204856753349304,0.01540771484375,1.0,61.08284112149533,703725.8504298306,-0.0013137326575815677,0.03551917970180511,1.0264531135559083,0.0034391362220048904,0.025111815333366393
40,32768000,0.0002766,0.0751490831375122,0.004396573305130005,0.015770263671875,1.0,60.99925936898237,710490.10574281,-0.0012264861725270748,0.034658503532409665,1.0029061317443848,0.003480839729309082,0.025175410509109496
41,33587200,0.000276,0.0769390869140625,0.004147582650184631,0.015028076171875,1.0,59.34681788629632,707729.1725336831,-0.0013621696271002293,0.03276172876358032,0.9805294036865234,0.0034246377646923063,0.025520142912864686
42,34406400,0.00027539999999999997,0.07753775596618652,0.004297749996185303,0.015587158203125,0.9999280523778689,58.83300956903374,704863.6203512116,-0.0011130623519420625,0.03295574188232422,0.9595753669738769,0.003261815756559372,0.023608280718326567
43,35225600,0.0002748,0.07796281337738037,0.004245500266551972,0.01554443359375,1.0,58.80813995001785,703356.9789250756,-0.0013156140223145485,0.030561384558677674,0.9391541481018066,0.0034667432308197023,0.024510133266448974
44,36044800,0.0002742,0.0786906909942627,0.004012911319732666,0.01463623046875,1.0,58.04113766933825,703656.763749054,-0.0011927044019103051,0.02943217158317566,0.9182456016540528,0.0033807240426540373,0.026258906722068785
45,36864000,0.0002736,0.07938665390014649,0.003736170530319214,0.014176025390625,1.0,57.54114923174069,708440.5418060446,-0.0012470748275518416,0.027917948365211488,0.8970253944396973,0.003412504494190216,0.024631953239440917
46,37683200,0.00027299999999999997,0.08000820159912109,0.0037919604778289795,0.0144384765625,1.0,57.04658428214385,708040.9184527799,-0.0011629126034677028,0.02630574405193329,0.877846622467041,0.0032697293907403948,0.021859250962734222
47,38502400,0.0002724,0.08137505531311034,0.004045823216438293,0.015240478515625,1.0,56.05616053694953,705279.6399033548,-0.0010376709513366222,0.02753821313381195,0.8590364456176758,0.0030023228377103806,0.020543454587459563
48,39321600,0.0002718,0.08169029235839843,0.003624992072582245,0.01343994140625,1.0,56.14057049045763,696693.2885272303,-0.0011125836521387101,0.024715910851955413,0.8400155067443847,0.003308754414319992,0.023429079353809355
49,40140800,0.0002712,0.08236917495727539,0.0036840009689331054,0.013895263671875,1.0,55.59081348802497,699715.532446184,-0.0009507611393928528,0.026999926567077635,0.8217707633972168,0.0027314363047480582,0.016364870965480803
50,40960000,0.00027059999999999996,0.08271639823913574,0.003647246062755585,0.0137451171875,0.9999322814383422,55.4858129613327,704661.8337852969,-0.001106938160955906,0.023752662539482116,0.8028404235839843,0.003125007823109627,0.022184446454048157
51,41779200,0.00027,0.08394346237182618,0.003224793076515198,0.012650146484375,1.0,54.69435945190901,711342.0188201001,-0.0011408623307943345,0.023261977732181548,0.7825923442840577,0.0032571855932474135,0.023088499903678894
52,42598400,0.0002694,0.08400275230407715,0.002998514175415039,0.01203857421875,1.0,54.66677778518568,713511.9904395986,-0.0011638940311968326,0.022483399510383605,0.7637753009796142,0.0034516993910074234,0.02554370164871216
53,43417600,0.0002688,0.08473141670227051,0.003434457182884216,0.013271484375,1.0,54.26955776708627,709039.9316095979,-0.0010662919841706753,0.022505967319011687,0.7447148323059082,0.003186456486582756,0.022807744145393372
54,44236800,0.00026819999999999996,0.08577411651611327,0.0032265686988830564,0.012548828125,1.0,53.10452803222244,710870.8755727173,-0.0010852007195353507,0.022644931077957155,0.7275311470031738,0.0030593326315283774,0.02174621671438217
55,45056000,0.0002676,0.08662918090820312,0.0031551128625869752,0.0122509765625,1.0,52.833226303621885,716377.7204940786,-0.0011737226508557797,0.02299036383628845,0.7081525802612305,0.0031026272103190423,0.021433226764202118
56,45875200,0.000267,0.0881268310546875,0.003126347064971924,0.012215576171875,1.0,52.14755138289774,713039.6437899459,-0.0009166045114398002,0.022948534786701204,0.6895511150360107,0.0026952588930726053,0.01762365847826004
57,46694400,0.00026639999999999997,0.088306884765625,0.003207730948925018,0.01248046875,1.0,51.847688810305634,709422.4719217203,-0.0010261833667755127,0.02193806916475296,0.6705993175506592,0.002805297449231148,0.01745544672012329
58,47513600,0.00026579999999999996,0.08897809982299805,0.0029484742879867555,0.011669921875,1.0,51.574088050314465,710407.8689590463,-0.0010052951984107494,0.019511452317237853,0.6519101142883301,0.0029087534174323084,0.018973025679588317
59,48332800,0.0002652,0.08911048889160156,0.0028675359487533567,0.011585693359375,1.0,51.2367418327191,715787.0583972109,-0.0010441146790981294,0.01965421885251999,0.6319943428039551,0.0028215842321515083,0.019844116270542146
60,49152000,0.0002646,0.09040472984313964,0.0028797179460525514,0.01133544921875,1.0,50.693606455617626,713330.5368675338,-0.0011268468573689462,0.018098901212215423,0.6152750968933105,0.0029055850580334665,0.02137060761451721
61,49971200,0.00026399999999999997,0.0904984188079834,0.002769573926925659,0.01095458984375,0.9998761149653121,50.824454905847375,711566.4494260795,-0.0010297981090843678,0.01924621909856796,0.5987971305847168,0.002921454980969429,0.019896359741687776
62,50790400,0.00026339999999999995,0.09063602447509765,0.0027515721321105958,0.01098388671875,1.0,50.23686958658394,710476.5192320263,-0.0009705722332000732,0.018320128321647644,0.5777527809143066,0.002860856428742409,0.020910768210887908
63,51609600,0.0002628,0.09155801773071288,0.0025967252254486084,0.0104345703125,1.0,49.66949049244271,715464.7214378954,-0.0009687746874988079,0.01823643296957016,0.5597655296325683,0.0027644017711281775,0.021125973761081697
64,52428800,0.0002622,0.09177594184875489,0.0024495738744735717,0.01020263671875,0.9998173738357582,49.894137700127835,714542.706114744,-0.0010589832440018655,0.017023469507694244,0.5404554843902588,0.0029207196086645125,0.020600953698158266
65,53248000,0.00026159999999999996,0.09244390487670899,0.0026729124784469604,0.010928955078125,0.9998175404452013,49.63605400802822,712055.1826073374,-0.0011113916523754596,0.017880764603614808,0.5215531826019287,0.0031179074198007584,0.020819826424121855
66,54067200,0.000261,0.09352516174316407,0.0025792545080184936,0.011038818359375,0.999880632646971,48.91823336317517,709886.4287551446,-0.0008579477667808533,0.015520577132701874,0.5019651412963867,0.0027814161032438276,0.019139893352985382
67,54886400,0.0002604,0.09340898513793945,0.002383928894996643,0.010225830078125,0.9996997357674754,49.0365721835215,704757.6692952416,-0.0010337113402783872,0.014769209921360016,0.4815681934356689,0.002711284160614014,0.01789855509996414
68,55705600,0.00025979999999999997,0.09364253997802735,0.002238546907901764,0.010008544921875,0.9995213593394758,48.72376450879502,708410.7128231204,-0.0010244840756058692,0.014778265357017517,0.46252217292785647,0.0027787799015641214,0.01807580590248108
69,56524800,0.00025919999999999996,0.09408744812011718,0.002225523889064789,0.0094384765625,0.9995838782546665,48.49934609440019,710145.5904253223,-0.0010153860785067081,0.014361897110939026,0.4429051399230957,0.002838263101875782,0.021250362694263458
70,57344000,0.0002586,0.09429788589477539,0.0021580368280410766,0.009345703125,0.9995841007664429,47.87641851345731,710639.3169440732,-0.0009282977320253849,0.013717454671859742,0.42388343811035156,0.002598375640809536,0.01750500649213791
71,58163200,0.000258,0.0944528579711914,0.0021171486377716065,0.00934814453125,0.9991145218417946,48.069539551357735,712574.7829231394,-0.0010704120621085166,0.013533982634544372,0.4072742938995361,0.002783314883708954,0.018580080568790437
72,58982400,0.00025739999999999997,0.09474268913269043,0.001992868483066559,0.009019775390625,0.999110056363097,47.93616137644616,712783.0699466586,-0.0009126603603363037,0.013722088932991029,0.3887255907058716,0.0028210535645484926,0.019760619103908538
73,59801600,0.00025679999999999995,0.0946120834350586,0.0021037161350250244,0.0089013671875,0.998459898116337,48.46996801326857,711993.3832868752,-0.0009585102088749409,0.013747385144233704,0.3693003416061401,0.0028639860451221467,0.0199246808886528
74,60620800,0.0002562,0.09505578994750977,0.002046242952346802,0.008818359375,0.9987644151565074,47.84261002588845,705092.3297826239,-0.0008704095147550106,0.015821108222007753,0.3523794412612915,0.0026817824691534042,0.016898927092552186
75,61440000,0.0002556,0.09511004447937012,0.00197319820523262,0.008831787109375,0.9982326951399116,48.19452135493373,708820.291333131,-0.0009063969366252423,0.013908517360687257,0.3393839359283447,0.0025913184508681297,0.01763916015625
76,62259200,0.00025499999999999996,0.09519903182983398,0.0020389434695243834,0.009044189453125,0.9983518747424804,47.91088351286126,710595.946955581,-0.0008997326716780662,0.014098063111305237,0.3294100284576416,0.0024473555386066437,0.016438841819763184
77,63078400,0.00025439999999999995,0.09553957939147949,0.00180264413356781,0.008240966796875,0.997995401214551,48.0265314545133,708355.8362647598,-0.0008476315066218376,0.012973178923130036,0.3145684957504272,0.002481842041015625,0.015919557213783263
78,63897600,0.0002538,0.09510955810546876,0.001915300190448761,0.008447265625,0.9982324868909445,47.7932009662405,707424.7672464579,-0.0008970289491117001,0.013426731526851653,0.29802281856536866,0.002581443823873997,0.01641491651535034
79,64716800,0.0002532,0.09505548477172851,0.0018068474531173705,0.008265380859375,0.9973527854579681,48.33643155479734,704835.9626739826,-0.0007802049629390239,0.013078656792640687,0.2829766273498535,0.002892439253628254,0.018842528760433196
80,65536000,0.00025259999999999996,0.09523921966552734,0.0018078233301639557,0.008072509765625,0.9978320735923126,47.5680553114197,706943.8313500483,-0.0006570998579263687,0.012480977922677994,0.26582467555999756,0.0024677364155650137,0.01653185933828354
81,66355200,0.00025199999999999995,0.0951814079284668,0.001824137568473816,0.008563232421875,0.9977673325499412,47.23272620446534,711591.5941310943,-0.0006852756254374981,0.012405531108379364,0.24707436561584473,0.0024354524910449983,0.015063230693340302
82,67174400,0.0002514,0.094586181640625,0.001793011724948883,0.008468017578125,0.9975152339821334,47.84736437318819,709097.7995576059,-0.0007771327160298825,0.0134214848279953,0.23129744529724122,0.0027239575982093813,0.019420655071735383
83,67993600,0.00025079999999999997,0.09511480331420899,0.0017721489071846007,0.008458251953125,0.9969973506034736,48.15578451574919,706007.6132346139,-0.0009085502475500107,0.012458376586437225,0.21962928771972656,0.0026137344539165497,0.017570801079273224
84,68812800,0.00025019999999999996,0.09496529579162598,0.0018468743562698364,0.008472900390625,0.9964153493565259,48.62578597872716,703151.313088815,-0.0008298096247017384,0.012323829531669616,0.20321142673492432,0.0027583209797739983,0.019834843277931214
85,69632000,0.00024959999999999994,0.09544076919555664,0.0016951768100261688,0.007962646484375,0.9970672766731187,47.81541439380609,709117.6318690866,-0.0008956781588494777,0.012284841388463974,0.1895290732383728,0.0026823557913303376,0.019369383156299592
86,70451200,0.000249,0.09505075454711914,0.0017251715064048768,0.00820556640625,0.996939736346516,48.01853813559322,704886.6990703753,-0.0008205687627196312,0.013125784695148468,0.17898001670837402,0.0024546459317207336,0.01610729992389679
87,71270400,0.0002484,0.09553156852722168,0.0017795515060424804,0.0081640625,0.996939736346516,47.80255414312618,710436.7240753728,-0.0007443198468536138,0.013426774740219116,0.16324530839920043,0.0025835994631052015,0.016461916267871857
88,72089600,0.0002478,0.09521817207336426,0.0016092458367347718,0.00753173828125,0.9969973506034736,47.800647630262,711496.500792444,-0.0008119110018014908,0.011916578561067582,0.14638758897781373,0.0027463708072900774,0.018526241183280945
89,72908800,0.0002472,0.09554514884948731,0.0015994919836521148,0.0078955078125,0.9961276695611359,48.44402722365642,709927.7379722218,-0.0008683218620717525,0.011427991092205048,0.128782057762146,0.002654503658413887,0.017338991165161133
90,73728000,0.0002466,0.09548582077026367,0.0016446477174758911,0.008052978515625,0.996771353096566,47.838215438802465,714932.538461385,-0.0009375548921525479,0.011729627847671509,0.11359071731567383,0.0024768801406025885,0.01636315733194351
91,74547200,0.000246,0.09573442459106446,0.001679236888885498,0.0077734375,0.99620548744892,48.14681844716871,710144.3432905438,-0.000632452592253685,0.011898434162139893,0.10143425464630126,0.0024816490709781646,0.015601804852485657
92,75366400,0.0002454,0.09545265197753906,0.0016497015953063966,0.008056640625,0.9971859060796154,47.26264876590256,708307.6649609676,-0.0007476948201656341,0.011758816987276077,0.08898120522499084,0.0025931788608431817,0.017343752086162567
93,76185600,0.0002448,0.09567733764648438,0.0015234439074993133,0.00734130859375,0.9957926722374802,48.42470636358324,707450.4675929911,-0.0008555757813155651,0.01168902963399887,0.07736941576004028,0.002789931371808052,0.020418454706668854
94,77004800,0.00024419999999999997,0.09555721282958984,0.0016047108173370362,0.00762451171875,0.9963749049874291,47.70771209729287,710216.5989058384,-0.0006926665082573891,0.013084250688552856,0.06666898131370544,0.002511581964790821,0.018518184125423432
95,77824000,0.00024359999999999999,0.09631039619445801,0.001621086299419403,0.007713623046875,0.9965846599131694,47.3394500723589,711149.7699970333,-0.0008026356808841228,0.012067311257123948,0.05525410175323486,0.0025463275611400603,0.0169868141412735
96,78643200,0.000243,0.09646150588989258,0.001564062237739563,0.00767822265625,0.9963359311387694,47.6349307898104,709219.9743139787,-0.0006182970479130745,0.01153949499130249,0.04746114909648895,0.002265560068190098,0.014184936881065369
97,79462400,0.00024239999999999998,0.09638631820678711,0.001442919373512268,0.00726318359375,0.9959766763848397,48.06320699708455,708170.230720661,-0.0007472715340554714,0.009987357258796691,0.037661731243133545,0.00242211502045393,0.01567932218313217
98,80281600,0.0002418,0.09708662986755372,0.0016234084963798524,0.007689208984375,0.9965353966970781,47.30713708280402,708150.0964706736,-0.000669294036924839,0.011757631599903107,0.022490005195140838,0.00265674889087677,0.017606933414936066
99,81100800,0.00024119999999999998,0.09731931686401367,0.0015963901579380034,0.00782470703125,0.9963156985780899,47.55005468884923,711657.3909644393,-0.0007844935171306133,0.01056627780199051,0.01045248657464981,0.0025543041527271272,0.017063720524311064
100,81920000,0.0002406,0.09765750885009766,0.0015155196189880372,0.00775634765625,0.9962261993252902,47.60003430727886,711017.9696391157,-0.0006511684972792864,0.010803280025720596,-0.00021411329507827758,0.002315312623977661,0.014241331815719604
101,82739200,0.00023999999999999998,0.09808036804199219,0.0015478336811065674,0.007684326171875,0.9961337275415055,47.58619513304526,708796.0240525235,-0.0007013140246272087,0.011465980857610702,-0.01069275736808777,0.0025022873654961587,0.014821290969848633
102,83558400,0.0002394,0.09921934127807618,0.0015059664845466613,0.00752685546875,0.997577328300186,46.12220406783481,706869.0896618312,-0.0005014781840145588,0.010607284307479859,-0.021896703541278838,0.002229096367955208,0.01295727640390396
103,84377600,0.0002388,0.09972258567810059,0.0015251658856868743,0.00739013671875,0.9974635026210473,46.09965616368863,713376.6747232353,-0.0006004113238304853,0.010634669661521911,-0.03277443647384644,0.0024133102968335153,0.014796507358551026
104,85196800,0.0002382,0.0991287612915039,0.0014397680759429931,0.006865234375,0.9967955925342927,46.7953114459186,712155.7037661718,-0.0006810923106968403,0.010796882212162018,-0.04763552844524384,0.002535916492342949,0.01679370105266571
105,86016000,0.0002376,0.09939413070678711,0.0013896682858467102,0.006993408203125,0.997578010589163,45.953925875858964,701606.8264521534,-0.0006834389176219701,0.009108318388462067,-0.06216973066329956,0.002330026589334011,0.013744015991687775
106,86835200,0.000237,0.09948501586914063,0.001453118622303009,0.00698974609375,0.9976461357395057,45.77251583253937,708752.8583397827,-0.0007123117335140705,0.010162033885717393,-0.07637228965759277,0.00266666729003191,0.016953001916408538
107,87654400,0.0002364,0.09875709533691407,0.0014100921154022216,0.0069384765625,0.9981856324771786,45.59613312921699,711538.8992605188,-0.0005746024660766124,0.009518206119537354,-0.08620032668113708,0.002379874512553215,0.015287961065769195
108,88473600,0.00023579999999999999,0.09935546875,0.0014382438361644745,0.007119140625,0.9966711803204694,46.81443240803431,715075.811661854,-0.0006052380427718163,0.009316030144691467,-0.09611096382141113,0.002211225964128971,0.012531615793704987
109,89292800,0.0002352,0.09992093086242676,0.0013180208206176759,0.0065869140625,0.9970855285281919,46.45404102679072,707965.1353368615,-0.000520659564062953,0.009225157648324966,-0.10830559730529785,0.002772556059062481,0.020443847775459288
110,90112000,0.00023459999999999998,0.09992096900939941,0.001398506462574005,0.006708984375,0.9980400940754843,45.41857990816441,711273.1239801538,-0.0006845607422292233,0.008622834086418152,-0.12111726999282837,0.0025474462658166886,0.016073484718799592
111,90931200,0.000234,0.0995758056640625,0.0013963551819324493,0.00663330078125,0.9974132598549176,45.93746836866671,708313.6895091961,-0.0007898521609604359,0.009579557180404662,-0.1359103798866272,0.0027476869523525237,0.01873461902141571
112,91750400,0.00023339999999999998,0.10020877838134766,0.0014579898118972777,0.007264404296875,0.9976093845555123,45.648301551120255,711685.6941212915,-0.0005256179720163345,0.010325316339731216,-0.14542899131774903,0.002486938051879406,0.015742431581020355
113,92569600,0.0002328,0.10051903724670411,0.0013706111907958985,0.006700439453125,0.9969204927211646,46.46466965285554,710717.9501629547,-0.0007301053497940302,0.008681286126375198,-0.1567770719528198,0.0025683119893074036,0.018465818464756013
114,93388800,0.00023219999999999998,0.10022182464599609,0.0012587161362171172,0.006162109375,0.9978813559322034,45.418432203389834,708937.8846671993,-0.0006306885275989771,0.008199889957904816,-0.1677994966506958,0.0025877414271235468,0.017360350489616393
115,94208000,0.0002316,0.10070402145385743,0.0012363025546073914,0.0061962890625,0.9971660368970883,46.032284952211604,707290.4588735896,-0.0005059618502855301,0.009652835130691529,-0.17411781549453736,0.0021417824551463126,0.013813965022563934
116,95027200,0.00023099999999999998,0.10074834823608399,0.0014105609059333801,0.006595458984375,0.9981602274627864,45.255003623794394,710385.2848555698,-0.000495526660233736,0.01070152297616005,-0.18175333738327026,0.0025881264358758927,0.01877148598432541
117,95846400,0.0002304,0.10043848991394043,0.0014437665045261383,0.007069091796875,0.9977212094264117,45.5190084481992,711411.8635762802,-0.0005349397659301757,0.01026601493358612,-0.19391096830368043,0.0026942212134599686,0.019899900257587432
118,96665600,0.00022979999999999997,0.10167709350585938,0.0014479389786720275,0.007117919921875,0.9972460894470148,45.890394359991184,710588.891137443,-0.0005951479077339172,0.00920528694987297,-0.20531649589538575,0.002353139594197273,0.014942018687725067
119,97484800,0.0002292,0.10162800788879395,0.0014917272329330444,0.007120361328125,0.9981288866875792,44.93098893841836,708277.8197910632,-0.00039067817851901054,0.011309115588665009,-0.21748595237731932,0.0022640937939286234,0.013851073384284974
120,98304000,0.00022859999999999997,0.10187837600708008,0.0014433720707893371,0.007073974609375,0.9976413800669189,45.36937085184576,705728.6808271342,-0.0004573863465338945,0.009573569893836975,-0.23225665092468262,0.002395675890147686,0.017207032442092894
121,99123200,0.00022799999999999999,0.10253583908081054,0.001303621679544449,0.006387939453125,0.9977622530291453,45.2367099661609,715516.8795690718,-0.0005570338573306799,0.008513767272233963,-0.24499428272247314,0.0024246109649538996,0.014589844644069672
122,99942400,0.00022739999999999997,0.10212921142578125,0.0013121259212493896,0.006578369140625,0.9979670329670329,45.18802197802198,713484.812593487,-0.00045490884222090246,0.008797220140695571,-0.2587327480316162,0.0025296738371253014,0.016560302674770357
123,100761600,0.00022679999999999998,0.10275064468383789,0.00136373832821846,0.006639404296875,0.9985246707830173,44.44112343587782,708896.7471217267,-0.00041335979476571084,0.009789969772100449,-0.2725966930389404,0.0024887565523386,0.015987910330295563
124,101580800,0.00022619999999999997,0.10208455085754395,0.001312967836856842,0.006400146484375,0.9979747112595106,45.122831025234,701565.5878058333,-0.0005847681779414416,0.009151472896337508,-0.28489782810211184,0.0028807228431105615,0.020346926152706148
125,102400000,0.00022559999999999998,0.10149396896362305,0.0013608385622501374,0.006658935546875,0.9984568751722237,44.71683659410306,714070.5989708996,-0.0005970785859972239,0.009050312638282775,-0.29888999462127686,0.002497072517871857,0.01737610101699829
126,103219200,0.000225,0.10152694702148438,0.0012619799375534057,0.00613525390625,0.9981258957116084,45.03461580862088,714125.9817879553,-0.0006094430107623338,0.008256278187036514,-0.3114844799041748,0.0025214627385139465,0.014903566241264344
127,104038400,0.00022439999999999998,0.10156046867370605,0.001362181305885315,0.006683349609375,0.9983499257466586,44.6829107309829,707743.2333093099,-0.0005420682020485402,0.00910877138376236,-0.3185822248458862,0.0026093114167451857,0.01654052287340164
128,104857600,0.0002238,0.1023760986328125,0.0013701850175857544,0.00647216796875,0.99813647574678,44.779007947382844,703343.0522424758,-0.00042026895098388193,0.010739020258188247,-0.32445125579833983,0.0020831335335969926,0.012160890549421311
129,105676800,0.00022319999999999998,0.10263297080993652,0.0013525593280792237,0.006204833984375,0.9973162449337277,45.77001862197393,704510.8043991543,-0.000509314751252532,0.00919455885887146,-0.3351090908050537,0.0024039292708039283,0.014725826680660248
130,106496000,0.0002226,0.10278021812438964,0.00124783031642437,0.0064013671875,0.9982079826228618,44.74721694270975,710288.4737556996,-0.000497865118086338,0.008080758154392242,-0.34807615280151366,0.0025547722354531286,0.016846196353435518
131,107315200,0.00022199999999999998,0.10293915748596191,0.00122487410902977,0.0060791015625,0.9981565820863153,44.53442854044676,709408.1295058106,-0.0005323820747435093,0.007494955509901047,-0.35656003952026366,0.0025734538212418556,0.019349361956119537
132,108134400,0.0002214,0.10317401885986328,0.0011625029146671295,0.005716552734375,0.9985298921920941,44.528422084286184,708389.2379157939,-0.00047249924391508104,0.007169646024703979,-0.36720612049102785,0.002677825652062893,0.019201044738292695
133,108953600,0.00022079999999999997,0.10280221939086914,0.0012702110409736633,0.006414794921875,0.9984227987164844,44.64208408114429,705715.7372599517,-0.00046256110072135926,0.007137345522642136,-0.37537620067596433,0.002310197241604328,0.015309080481529236
134,109772800,0.00022019999999999999,0.1032090950012207,0.0012353936582803727,0.00574951171875,0.9984336178027439,44.45133412552663,707015.3606754873,-0.0005024441983550787,0.0077989958226680756,-0.384246826171875,0.002295464463531971,0.014476320147514344
135,110592000,0.00021959999999999997,0.10352630615234375,0.0012692970037460327,0.006015625,0.9982642655673682,44.62931221523107,711135.974986414,-0.00037172753363847735,0.007786360383033752,-0.39734344482421874,0.0022939836606383325,0.014595457911491394
136,111411200,0.00021899999999999998,0.10346735954284668,0.0011310556530952454,0.00560791015625,0.9985334057577404,44.512221618685494,709676.5038440613,-0.0005056648049503564,0.006989588588476181,-0.40740814208984377,0.002651253156363964,0.018711186945438385
137,112230400,0.00021839999999999997,0.10358945846557617,0.0012990888953208924,0.00615234375,0.9988090727006983,44.0871000920262,707479.1317535839,-0.0004820380359888077,0.008115819096565247,-0.4173917770385742,0.002270456217229366,0.013662964105606079
138,113049600,0.00021779999999999998,0.10307750701904297,0.0011486228555440902,0.005377197265625,0.9988586956521739,44.02527173913043,707188.0558911398,-0.0004129312466830015,0.006280264258384705,-0.427259635925293,0.0023461760953068732,0.015375608205795288
139,113868800,0.00021719999999999997,0.10282804489135743,0.0012267005443572997,0.0061083984375,0.9983632494953353,44.62332915052649,712363.1741057273,-0.00047915372997522356,0.007027513533830643,-0.4373661994934082,0.002156119607388973,0.013331906497478485
140,114688000,0.00021659999999999998,0.10314655303955078,0.0011860643327236174,0.0056689453125,0.9982095382779014,44.55444631327654,713663.6051494927,-0.0004053325392305851,0.008644657582044602,-0.44645047187805176,0.002470702677965164,0.016975095868110655
141,115507200,0.00021599999999999996,0.10293153762817382,0.0012308160215616225,0.0059716796875,0.99809813617345,44.69168070423301,711352.9149165003,-0.00041183535940945146,0.007236490398645401,-0.4518280506134033,0.002215087041258812,0.01385558843612671
142,116326400,0.00021539999999999998,0.10304897308349609,0.0011380815505981445,0.0054248046875,0.9986401218450827,44.12777415143603,702271.7801304647,-0.0005870147608220578,0.0062725827097892765,-0.46175127029418944,0.0023080097511410714,0.014371095597743988
143,117145600,0.00021479999999999996,0.1029201889038086,0.001114860624074936,0.00538818359375,0.9976612640052214,45.28690307842924,702694.605411887,-0.0004957643803209066,0.006782565265893936,-0.47572894096374513,0.002480492740869522,0.016054198145866394
144,117964800,0.00021419999999999998,0.10305818557739257,0.0012721025943756104,0.00591064453125,0.9989703571235029,43.91676150219477,711271.0934101791,-0.0005483852699398994,0.007005530595779419,-0.4861299991607666,0.002275441586971283,0.014146484434604645
145,118784000,0.00021359999999999996,0.1027450180053711,0.0011830929666757583,0.00578369140625,0.9982607750421219,44.468014566009025,710661.7587333947,-0.00047002192586660386,0.0070184141397476195,-0.4935019493103027,0.002540421299636364,0.017778198421001434
146,119603200,0.00021299999999999997,0.10257445335388184,0.0011616349220275879,0.005609130859375,0.9981999672721322,44.67299405443735,704135.6941370462,-0.0006057345308363438,0.006632757186889648,-0.5022445678710937,0.0026350073516368867,0.018435300886631013
147,120422400,0.00021239999999999996,0.10271684646606445,0.0011678001284599305,0.00563232421875,0.9983632494953353,44.46761961918271,699042.5945376566,-0.0005640247371047735,0.006868490576744079,-0.5143835544586182,0.0025662414729595183,0.017933960258960723
148,121241600,0.00021179999999999997,0.102869873046875,0.001187017410993576,0.0056494140625,0.9983132923445236,44.336035692910386,704903.6967130225,-0.0005580618977546692,0.006380550563335419,-0.5252594470977783,0.0026231804862618447,0.018688596785068512
149,122060800,0.00021119999999999996,0.10277788162231445,0.0010977663099765778,0.005361328125,0.9982579345636671,44.54891393107954,708826.8109838909,-0.0004096178337931633,0.006030219793319702,-0.5324152946472168,0.0025220425799489022,0.019015015661716463
150,122880000,0.00021059999999999997,0.10336350440979004,0.0011561332643032073,0.0056494140625,0.9982056440650318,44.485237344353216,707062.9253949797,-0.0004306627437472343,0.00705861896276474,-0.5421760559082032,0.0024096442386507986,0.01638745069503784
151,123699200,0.00020999999999999998,0.10353584289550781,0.0010390127450227737,0.0052978515625,0.9977835441669369,44.98832306195264,705197.607361576,-0.0005023629870265722,0.005558989942073822,-0.5527136325836182,0.0023424165323376656,0.014749880135059356
152,124518400,0.00020939999999999997,0.10449512481689453,0.0010896432399749756,0.00553466796875,0.9977497990892044,44.764157514063754,704394.9249097796,-0.0002293632598593831,0.006739579886198044,-0.5657429695129395,0.002675977721810341,0.021549312770366667
153,125337600,0.00020879999999999998,0.10381523132324219,0.0010539014637470246,0.005191650390625,0.9987077320697825,44.13908033598966,703688.7548598566,-0.00046521341428160665,0.006410674750804901,-0.5779542922973633,0.002673375979065895,0.01988757252693176
154,126156800,0.00020819999999999996,0.10414059638977051,0.0011041462421417236,0.005570068359375,0.9983969220904136,44.29154643582345,705836.2753342075,-0.0004740877542644739,0.005803677067160606,-0.5875441551208496,0.0024960508570075037,0.019074586033821107
155,126976000,0.00020759999999999998,0.10484143257141114,0.0011159081757068634,0.005550537109375,0.9991436981535992,43.52004281509232,707793.8477861946,-0.0004863160196691751,0.006058930605649948,-0.6012351036071777,0.0022913280874490736,0.014786987006664276
156,127795200,0.00020699999999999996,0.10468540191650391,0.0012107439339160918,0.005982666015625,0.9990377419009944,43.55586442852561,711031.9932816367,-0.00037346759345382454,0.006740289181470871,-0.6135551452636718,0.0026874000206589697,0.020179320871829987
157,128614400,0.00020639999999999998,0.10495750427246094,0.0010712139308452606,0.0055224609375,0.9987706451440483,43.81613127371853,710448.7650545347,-0.00029354202561080454,0.007186277210712433,-0.6219357490539551,0.002260036580264568,0.01542394608259201
158,129433600,0.00020579999999999996,0.10446401596069337,0.0012238217145204545,0.0058056640625,0.9985559952936143,44.06166434912825,712341.063161636,-0.000418781628832221,0.0072422511875629425,-0.6288949489593506,0.0021959071978926658,0.013849851489067078
159,130252800,0.00020519999999999997,0.10496477127075195,0.0012399721145629882,0.005814208984375,0.9987181541419644,43.94525449981307,715665.0660976833,-0.0004403948783874512,0.007646974921226501,-0.6383021354675293,0.002415301278233528,0.01685119867324829
160,131072000,0.00020459999999999996,0.10501626968383788,0.0012888675928115845,0.005953369140625,0.9989333902191883,43.74785344781612,713336.5389852335,-0.00024314173497259618,0.007499182224273681,-0.6481008052825927,0.0023419879376888274,0.015778075158596038
161,131891200,0.00020399999999999997,0.10535552978515625,0.0010837436467409133,0.00541259765625,0.999042451324609,43.474944142993934,701416.0459145884,-0.00042105098254978656,0.006306359916925431,-0.6562328815460206,0.0023983674123883247,0.01680309921503067
162,132710400,0.00020339999999999996,0.10464706420898437,0.0011555661261081695,0.005567626953125,0.9989260015035979,43.76876812372463,702594.3786048612,-0.0002585342386737466,0.006530832499265671,-0.6611903667449951,0.002881978265941143,0.0250424861907959
163,133529600,0.00020279999999999997,0.10511503219604493,0.001262517273426056,0.00570068359375,0.9984549813532232,44.030687266915294,714019.2694746987,-0.0002690454479306936,0.0065276242792606355,-0.6649123668670655,0.0024086844176054003,0.01628125160932541
164,134348800,0.00020219999999999995,0.10468278884887695,0.0011867792904376984,0.00590087890625,0.9993038821954484,43.202463186077644,710992.9838441589,-0.0004191020503640175,0.006026815995573998,-0.6714217185974121,0.0022742969915270804,0.014632688462734222
165,135168000,0.00020159999999999997,0.10446418762207031,0.0011760129034519195,0.005640869140625,0.9987693953986089,43.715944355270196,709430.5933019049,-0.0003905932419002056,0.006748317927122116,-0.6783924102783203,0.002448750287294388,0.01706836074590683
166,135987200,0.00020099999999999995,0.10408336639404298,0.0011212125420570374,0.005416259765625,0.9987196585756202,43.757695385436115,704543.958403229,-0.00029156559612601994,0.005906995758414269,-0.6867860794067383,0.0025139404460787773,0.017073851823806763
167,136806400,0.00020039999999999997,0.10476057052612305,0.0011582856625318527,0.00568359375,0.9984002559590466,44.04793899642724,706079.7254633727,-0.0004090909380465746,0.0066521912813186646,-0.695467758178711,0.0025076117366552354,0.01866723448038101
168,137625600,0.00019979999999999995,0.10507289886474609,0.0010534501075744628,0.005059814453125,0.9986113336537948,43.93334401538215,713864.8304865825,-0.0005852306727319956,0.005550382658839226,-0.7015225887298584,0.0021710725501179694,0.012868896126747131
169,138444800,0.00019919999999999996,0.10520917892456055,0.0010528112947940827,0.005281982421875,0.9988792229278967,43.69829748625714,711318.6748023351,-0.0005290428176522255,0.005707065016031266,-0.7109362125396729,0.0024750867858529093,0.017203980684280397
170,139264000,0.00019859999999999995,0.1053668212890625,0.0010435415804386139,0.005234375,0.9989339587442034,43.66259794254038,708021.2902219961,-0.00043196170590817926,0.0051800977438688275,-0.7236191272735596,0.0023255541920661925,0.01581384539604187
171,140083200,0.00019799999999999996,0.1052012062072754,0.0009846275299787521,0.004952392578125,0.9989878003302968,43.53151137392787,707618.0063330502,-0.0004141729790717363,0.005316287279129028,-0.7334489345550537,0.0025737494230270385,0.01931689530611038
172,140902400,0.00019739999999999995,0.1052931785583496,0.001009400188922882,0.005025634765625,0.9986186377643184,43.79821485495697,712708.4738802224,-0.0004051133990287781,0.004638958349823951,-0.7438970565795898,0.0026089271530508997,0.018556763231754304
173,141721600,0.00019679999999999999,0.10607221603393555,0.0011194418370723725,0.00548095703125,0.9989403412101303,43.4683162021829,712398.270109982,-0.00042882394045591355,0.005087535455822944,-0.753164529800415,0.0023545993492007254,0.01730920225381851
174,142540800,0.0001962,0.10598286628723144,0.0010727662593126297,0.005604248046875,0.9988845806554416,43.576831146757314,711045.7190202469,-0.0004394478164613247,0.004544332996010781,-0.7632660865783691,0.002351599745452404,0.015499639511108398
175,143360000,0.00019559999999999998,0.1059503173828125,0.0011568283289670944,0.005810546875,0.9992597684132607,42.99053561042669,711286.641470236,-0.0003537471638992429,0.005800236761569977,-0.7720250129699707,0.0024391241371631623,0.015401364862918853
176,144179200,0.000195,0.10557637214660645,0.0010735401511192321,0.005269775390625,0.9987831331675573,43.59785196550447,717562.7797418276,-0.00034220179077237844,0.005437153577804566,-0.7823246002197266,0.0023591198027133943,0.015833739936351777
177,144998400,0.00019439999999999998,0.1057943058013916,0.0011447227001190185,0.0057763671875,0.9990440785979819,43.292671269251194,713610.4007755519,-0.000220898212864995,0.005119580402970314,-0.7939171314239502,0.002494613826274872,0.018046508729457855
178,145817600,0.0001938,0.10587824821472168,0.0009217949956655502,0.004920654296875,0.998836717428088,43.36008883248731,711529.4940811532,-0.0003489735536277294,0.004682611301541328,-0.8064062118530273,0.0023949099704623222,0.016121092438697814
179,146636800,0.00019319999999999998,0.10573112487792968,0.001201825961470604,0.005909423828125,0.9990997669985172,43.064604956577,707941.6330975032,-0.00038250149227678774,0.005490824580192566,-0.8180636405944824,0.0023443326354026794,0.016020995378494263
180,147456000,0.0001926,0.10560979843139648,0.0011237668246030807,0.00561767578125,0.9987866638531335,43.24831188014349,698091.1036920492,-0.00039010895416140555,0.004924781620502472,-0.8289484024047852,0.0028087735176086427,0.022313596308231355
181,148275200,0.00019199999999999998,0.10528564453125,0.001071317344903946,0.0052294921875,0.9984028960817717,43.83390119250426,705319.7921486571,-0.0004917480517178773,0.005099337548017502,-0.8384635925292969,0.0022818423807621003,0.015116210281848907
182,149094400,0.0001914,0.10585645675659179,0.0012192606925964355,0.005733642578125,0.998994123563979,43.34125681613637,704649.5008676137,-0.0004785684868693352,0.006945118308067322,-0.8479350090026856,0.002682759426534176,0.019957514107227327
183,149913600,0.00019079999999999998,0.1057071876525879,0.0011469578742980956,0.005760498046875,0.998939498382735,43.35797232090779,703658.3684423678,-0.000447916891425848,0.005230788514018059,-0.858124828338623,0.0024626204743981362,0.01703210324048996
184,150732800,0.0001902,0.10648652076721192,0.00116026408970356,0.005526123046875,0.9986832402823133,43.510797429685034,698587.4800247547,-0.0001492861774750054,0.007152435928583145,-0.869680118560791,0.003397243097424507,0.02987891137599945
185,151552000,0.00018959999999999997,0.10600360870361328,0.0010608088970184325,0.005379638671875,0.9989426940156482,43.28520828927892,699440.9563937125,-0.0002767156809568405,0.005211795121431351,-0.8807499885559082,0.002348487637937069,0.017070800065994263
186,152371200,0.00018899999999999999,0.10588415145874024,0.0010786306113004685,0.00529541015625,0.9990468121160772,43.363164583774626,700455.873056175,-0.0004528253339231014,0.005318793654441834,-0.8889588356018067,0.002532189339399338,0.018791016936302186
187,153190400,0.00018839999999999997,0.10562017440795898,0.0010775080323219299,0.005450439453125,0.9989412947964639,43.31221216452279,704242.3306473792,-0.0003874220885336399,0.0058090008795261385,-0.8968672752380371,0.0024946654215455056,0.017175903916358946
188,154009600,0.00018779999999999998,0.10621282577514649,0.0011247744411230088,0.005714111328125,0.99905278113982,43.078777035204965,702959.0880103916,-0.00039815898053348066,0.00500616729259491,-0.9024032592773438,0.0023814981803298,0.015927736461162568
189,154828800,0.0001872,0.1061482810974121,0.001035557985305786,0.00502197265625,0.9990510333192746,43.02646562631801,704080.3983408152,-0.000403130566701293,0.004618518427014351,-0.9111514091491699,0.002650386653840542,0.020278073847293854
190,155648000,0.00018659999999999998,0.10616657257080078,0.0011054418981075286,0.005301513671875,0.9987355110642782,43.42323498419389,701311.2086451016,-0.00045807603746652605,0.005064760521054268,-0.9227344512939453,0.0024015745148062706,0.01738915741443634
191,156467200,0.000186,0.1062811279296875,0.0011429276317358017,0.005299072265625,0.9987377721678763,43.36099715998738,704482.6673064603,-0.000447020772844553,0.004699461907148361,-0.9329231262207032,0.002791803702712059,0.02155578285455704
192,157286400,0.00018539999999999998,0.1066420841217041,0.0010879062116146087,0.005252685546875,0.9988990248505819,43.21275034077802,713626.1339244136,-0.0004343344364315271,0.004847396165132523,-0.9446506500244141,0.0025847898796200752,0.01803906410932541
193,158105600,0.0001848,0.10674073219299317,0.0010945148766040801,0.005482177734375,0.9991626982050342,42.88126013920142,715091.7761949126,-0.00048593194223940374,0.00465102419257164,-0.9551287651062011,0.0025844864547252657,0.018618775904178618
194,158924800,0.00018419999999999998,0.10644710540771485,0.000974380224943161,0.005025634765625,0.9992638165851606,42.79229110795604,712300.5620808878,-0.00038030638825148344,0.004531258344650268,-0.9626516342163086,0.0024266736581921577,0.016722655296325682
195,159744000,0.0001836,0.10641939163208008,0.0010210880637168884,0.005194091796875,0.9992111490928215,42.98806205627137,710308.7385357739,-0.0003551090369001031,0.005097813531756401,-0.972027587890625,0.002574877254664898,0.02001562565565109
196,160563200,0.00018299999999999998,0.10675786972045899,0.0009849376976490021,0.004818115234375,0.9991601490735394,42.93506902524802,715235.9088310447,-0.00041551906615495683,0.004483465105295181,-0.9835638046264649,0.002307900972664356,0.014807744324207306
197,161382400,0.0001824,0.10637515068054199,0.00121502548456192,0.0057861328125,0.9988991979871049,43.19583792000839,707724.6119558015,-0.00021939591970294715,0.007552047818899154,-0.9971504211425781,0.0024419974535703657,0.016388668119907378
198,162201600,0.00018179999999999997,0.10680565834045411,0.0010506626963615417,0.005194091796875,0.9990532793351917,43.04118234891916,703259.202634084,-0.00028615191113203766,0.004960344359278679,-1.0061166763305665,0.002600140683352947,0.01980651319026947
199,163020800,0.00018119999999999999,0.10690757751464844,0.00104208305478096,0.005416259765625,0.9989527699235522,43.1454602576186,699439.8551668128,-0.00048718536272644996,0.004630002751946449,-1.0147642135620116,0.002641288936138153,0.017726196348667143
200,163840000,0.00018059999999999997,0.10676023483276367,0.0010530255734920503,0.004962158203125,0.9992151117157658,42.90361571869604,707823.0590999598,-0.0005368840415030718,0.0043599728494882585,-1.0267533302307128,0.0024230148643255233,0.015941527485847474
201,164659200,0.00017999999999999998,0.10726594924926758,0.0009650233387947083,0.004873046875,0.9991620404315492,43.02545302189169,711464.0559563781,-0.00035875767935067415,0.004446794837713241,-1.0379137992858887,0.002336814813315868,0.016047120094299316
202,165478400,0.00017939999999999997,0.10671114921569824,0.0011309690773487091,0.00550048828125,0.9990059642147118,43.048341529768756,712991.9913997605,-0.00038522034883499147,0.005716245621442795,-1.0480319023132325,0.0025945104658603667,0.018882808089256287
203,166297600,0.00017879999999999998,0.10707052230834961,0.00104030579328537,0.005257568359375,0.9992121848739496,43.02195378151261,707538.7804031128,-0.00038938282523304224,0.004265064001083374,-1.0569679260253906,0.0024273138493299483,0.017573364078998566
204,167116800,0.00017819999999999997,0.1069790267944336,0.0010519552230834962,0.005216064453125,0.9995816993464053,42.48507189542484,708083.3221723511,-0.00023873024620115756,0.005238927528262138,-1.063425350189209,0.0025470051914453506,0.01908605843782425
205,167936000,0.0001776,0.10682456016540527,0.0011258310824632644,0.005352783203125,0.9993717277486911,42.72910994764398,705969.2514470187,-0.0001298116520047188,0.0074537694454193115,-1.0678949356079102,0.002471466548740864,0.018693478405475618
206,168755200,0.00017700000000000002,0.10716954231262207,0.0009957095235586166,0.005030517578125,0.9990026770248281,43.24371424072227,713154.9593941687,-0.0004442500416189432,0.0045397795736789705,-1.0761882781982421,0.0028461577370762826,0.021760134398937224
207,169574400,0.0001764,0.1072403335571289,0.0010301381349563598,0.00529052734375,0.9992700349340424,42.757703738463945,711639.3043448647,-2.687040832825005e-05,0.004695248976349831,-1.0858003616333007,0.002997436746954918,0.025606080889701843
208,170393600,0.00017580000000000002,0.10701766967773438,0.0011374535411596298,0.005570068359375,0.9991109716556845,43.02557263884531,709422.0794178493,-0.00045880498364567754,0.005703462287783623,-1.0962143898010255,0.0027593500912189485,0.02108593434095383
209,171212800,0.0001752,0.10721803665161132,0.001013975366950035,0.005201416015625,0.9992686621741629,42.792665726375176,708843.1054944508,-0.0003343250369653106,0.004472723975777626,-1.1059536933898926,0.0024655286222696306,0.018771113455295564
210,172032000,0.00017460000000000002,0.10775371551513672,0.001073479950428009,0.005501708984375,0.9994816504250467,42.36196350818992,714839.9988611605,-0.00021850538905709982,0.004703017696738243,-1.1140707015991211,0.0025068599730730056,0.018429683148860933
211,172851200,0.000174,0.1070686149597168,0.0010744105279445648,0.005391845703125,0.9991147216580742,42.80289538093006,713662.2094125556,-0.0004036176484078169,0.005315981432795524,-1.1208271980285645,0.0023677533492445944,0.016134154796600342
212,173670400,0.0001734,0.10752017974853516,0.0011111126095056535,0.00565185546875,0.9993767852505843,42.62420150610231,711021.5044506942,-0.0002881721360608935,0.004637463390827179,-1.131081485748291,0.002721213549375534,0.021138302981853485
213,174489600,0.0001728,0.10758119583129883,0.0010345560312271119,0.00527099609375,0.9994259471871412,42.56726855234318,711166.0500197936,-0.0003435234073549509,0.0040947157889604565,-1.1381831169128418,0.0023329176008701326,0.01672338992357254
214,175308800,0.0001722,0.107379732131958,0.0010029635578393935,0.005152587890625,0.9992720465890182,42.55548044925125,716415.4673875145,-0.00020611805375665427,0.005297388881444931,-1.1412461280822754,0.002601788192987442,0.019863158464431763
215,176128000,0.0001716,0.10717111587524414,0.0010697520524263382,0.005286865234375,0.9992685093265061,42.71806259470192,711049.394356644,-0.00025623668916523455,0.004685111716389656,-1.1464737892150878,0.0026378054171800613,0.021384641528129578
216,176947200,0.000171,0.10713479042053223,0.001092982217669487,0.0054443359375,0.9993217509260709,42.76876923879585,709208.2775850673,-0.0003259681863710284,0.004927361384034157,-1.1541477203369142,0.0025782128795981407,0.020228882133960725
217,177766400,0.0001704,0.10727813720703125,0.0010172714293003081,0.0053271484375,0.9992705293872447,42.69888495206336,699390.9726676472,-0.00026529717724770306,0.0075413621962070465,-1.1622631072998046,0.0027472183108329775,0.02094103991985321
218,178585600,0.0001698,0.10747113227844238,0.0010690665245056152,0.00529052734375,0.9992204552541316,42.729913730381455,705435.90134078,-0.0003905851626768708,0.004187323153018951,-1.172237491607666,0.0022734474390745164,0.0158905029296875
219,179404800,0.0001692,0.10726210594177246,0.0012321401387453078,0.00580810546875,0.999477588548741,42.47487200919444,713107.3436212214,-0.0001815450144931674,0.007455766946077347,-1.1789196014404297,0.0024335511028766633,0.0176546648144722
220,180224000,0.0001686,0.10796756744384765,0.0011654948443174363,0.005931396484375,0.9989606070055088,42.94865398607213,710255.507278172,-0.00022027571685612202,0.0053847130388021466,-1.1865857124328614,0.002505532093346119,0.019601191580295562
221,181043200,0.000168,0.10740301132202149,0.001002599447965622,0.00511962890625,0.9994780520904014,42.53990291768881,708236.3030369639,-0.00036112614907324314,0.00555928610265255,-1.1965415000915527,0.002435784786939621,0.018364258110523224
222,181862400,0.0001674,0.10717063903808594,0.0010514555126428604,0.00533447265625,0.999376493816897,42.4775018185597,704494.9113001351,-0.00041230032220482824,0.004773088544607162,-1.2058945655822755,0.002546187862753868,0.018834592401981355
223,182681600,0.0001668,0.10755022048950195,0.0010141929984092712,0.0053271484375,0.9992691584882021,42.761797870119025,710537.5789677382,-0.00037341048009693624,0.004116319864988327,-1.2144939422607421,0.0025367151945829393,0.018883299827575684
224,183500800,0.0001662,0.10794247627258301,0.0009892991930246352,0.005247802734375,0.9990656631196471,42.83213080716325,711697.2537492826,-0.00043033394031226634,0.004909855499863625,-1.2237640380859376,0.0023710723966360093,0.01655261516571045
225,184320000,0.0001656,0.1078257656097412,0.00108157217502594,0.005673828125,0.9993754228907511,42.47728100765107,709419.2004495612,-0.00016051300335675477,0.0046250268816947935,-1.2302045822143555,0.0025655101984739304,0.019908571243286134
226,185139200,0.000165,0.10704582214355468,0.0010101076960563659,0.005023193359375,0.9991644472296204,42.83132278447961,708747.015201385,-0.00013189709279686211,0.004241755232214928,-1.236435890197754,0.002602975443005562,0.020215696096420287
227,185958400,0.0001644,0.10718973159790039,0.0009246696531772613,0.004998779296875,0.9995310057321521,42.31224596143825,708712.5773780601,-0.0004621092230081558,0.0038715414702892303,-1.244972324371338,0.002360671013593674,0.01698352098464966
228,186777600,0.0001638,0.10687274932861328,0.0010654923319816589,0.005303955078125,0.9992183428869202,42.605106826472124,716008.2683288279,-4.446572565939277e-05,0.00578438863158226,-1.2527482032775878,0.003173663467168808,0.028170284628868104
229,187596800,0.0001632,0.10741483688354492,0.001033555492758751,0.00539794921875,0.9991680099838802,42.75326296084447,711678.5085374975,-0.00014402279630303382,0.004367419704794884,-1.259636688232422,0.002557307854294777,0.020899781584739686
230,188416000,0.0001626,0.1073834228515625,0.0011505044996738434,0.005682373046875,0.9990087646076795,42.88167779632721,710618.1684241302,-0.0002584148431196809,0.005300728976726532,-1.2703983306884765,0.002645459771156311,0.021751707792282103
231,189235200,0.000162,0.10775408744812012,0.0010364508628845214,0.00552734375,0.9994287494806814,42.421219360199416,710685.3901063869,-0.000239195441827178,0.005177350714802742,-1.2796364784240724,0.002690289355814457,0.022011713683605195
232,190054400,0.0001614,0.10802514076232911,0.0009991244971752167,0.005057373046875,0.9987548638132295,43.20166018158236,710152.9896179884,-0.0003018870949745178,0.005267883837223053,-1.2858878135681153,0.0023300206288695336,0.015712158381938936
233,190873600,0.0001608,0.1077042007446289,0.0010020050406455993,0.005001220703125,0.9994300813429357,42.482721102533546,708811.9411688572,-0.00035409671254456044,0.004215526208281517,-1.296518611907959,0.0024803947657346726,0.017674073576927185
234,191692800,0.0001602,0.10833945274353027,0.0009848771989345551,0.00495361328125,0.9994288977727013,42.52920409116868,701711.5304511499,-0.00026574525982141494,0.0041357241570949554,-1.3034660339355468,0.0025157131254673003,0.02001648098230362
235,192512000,0.0001596,0.10803287506103515,0.000912528783082962,0.004786376953125,0.9994793835901707,42.458402748854645,701820.2429845256,-0.00026768501847982404,0.003930430486798286,-1.3085351943969727,0.0023201752454042436,0.0169670432806015
236,193331200,0.000159,0.10817896842956543,0.0010214121639728546,0.005318603515625,0.9996891674869192,42.15096099051961,692217.6433782227,-0.00035799483302980664,0.0039285775274038315,-1.3156883239746093,0.0028112014755606652,0.022392335534095763
237,194150400,0.0001584,0.10768512725830078,0.0009928833693265914,0.00520263671875,0.9992220320522794,42.63321404491468,699022.5834893505,-0.00016304129967465998,0.0049924436956644055,-1.3275562286376954,0.002549498155713081,0.02046850770711899
238,194969600,0.0001578,0.10825742721557617,0.0010645231604576111,0.005357666015625,0.9994823480691583,42.294699244228184,705144.7255980737,-0.0001463618129491806,0.005013706162571907,-1.3401702880859374,0.0026921141892671586,0.020491695404052733
239,195788800,0.0001572,0.10815521240234376,0.0010592575371265412,0.005556640625,0.9992208196976781,42.60677367409485,702435.0624365492,-0.0003215169068425894,0.0036639463156461715,-1.3492986679077148,0.0024257367476820946,0.01845775991678238
240,196608000,0.00015659999999999998,0.10848832130432129,0.0010584726184606553,0.00521484375,0.9994308774834437,42.387313741721854,702792.0831166068,-0.0002450138796120882,0.0040298942476511,-1.3553078651428223,0.0024844871833920477,0.018843504786491393
241,197427200,0.000156,0.10862085342407227,0.0010202161222696304,0.005372314453125,0.9990713511840272,42.65046690398803,701133.4711193762,-0.00034949537366628646,0.0040816694498062136,-1.364495086669922,0.0023605220019817354,0.017347291111946106
242,198246400,0.00015539999999999998,0.10845945358276367,0.0009348640590906143,0.004940185546875,0.999431436398408,42.40466222153305,700842.0887753684,-0.00021524543408304452,0.0053093072026968,-1.3717843055725099,0.002846836857497692,0.023626461625099182
243,199065600,0.0001548,0.1086236572265625,0.0010413945466279982,0.00525634765625,0.9996395654188764,42.03650687400237,700067.5479014373,-0.0002470671897754073,0.00399809367954731,-1.3771141052246094,0.0024675345048308372,0.019640016555786132
244,199884800,0.00015419999999999998,0.10797991752624511,0.000882118046283722,0.004671630859375,0.9995866273962694,42.215108768666354,712843.066676775,0.00011216480052098632,0.003910285234451294,-1.3838939666748047,0.0031576838344335558,0.029747679829597473
245,200704000,0.0001536,0.10783867835998535,0.0011201459914445878,0.00538818359375,0.9993256911665542,42.48882203433788,714122.6792570695,-0.00018182755447924138,0.006476242840290069,-1.3926779747009277,0.002607797458767891,0.020729613304138184
246,201523200,0.00015299999999999998,0.10803879737854004,0.0010056598484516144,0.005155029296875,0.9994298450215104,42.3475353755248,712013.2411617953,0.00016506209503859283,0.004101045057177543,-1.4001190185546875,0.0028081351891160013,0.02476843595504761
247,202342400,0.0001524,0.1080907154083252,0.0010184292495250703,0.0048681640625,0.9993793959453868,42.30549234588332,710049.893408005,-0.00014569938648492097,0.0041987869888544084,-1.406813144683838,0.002641256153583527,0.022319458425045013
248,203161600,0.00015179999999999998,0.10820485115051269,0.0009983067959547043,0.00509521484375,0.9994303764693698,42.2056340945575,717103.752373176,-0.00032522757537662984,0.004262446612119675,-1.4160246849060059,0.0026441533118486404,0.019745245575904846
249,203980800,0.0001512,0.10830639839172364,0.0009474338591098785,0.0050634765625,0.9991184401576436,42.78889234598631,714319.4240872081,-0.0002460783813148737,0.0047464072704315186,-1.422213077545166,0.002728225290775299,0.023198239505290985
250,204800000,0.00015059999999999997,0.10793204307556152,0.001075836569070816,0.00524658203125,0.9993249909133393,42.58642712498053,702511.4689096967,-0.00019188227597624063,0.004751952365040779,-1.4300873756408692,0.0030356582254171373,0.027212890982627868
251,205619200,0.00015,0.10743796348571777,0.0010102248191833495,0.00498779296875,0.9993256911665542,42.50407178795581,707047.7884891352,-0.00023080771788954734,0.004566814005374909,-1.4401820182800293,0.002635195478796959,0.020582035183906555
252,206438400,0.0001494,0.10786163330078125,0.0008913768827915192,0.00481689453125,0.9995313232307452,42.45919908347654,710875.5058026464,-0.0003895009867846966,0.003713909536600113,-1.4525355339050292,0.0028078069910407065,0.02248547375202179
253,207257600,0.00014879999999999998,0.10757457733154296,0.0009682635962963104,0.005064697265625,0.9993235860346532,42.46303137520162,712510.9167608191,-0.00016721105203032494,0.003919213265180588,-1.4606510162353517,0.002502010576426983,0.01969921886920929
254,208076800,0.0001482,0.10756752967834472,0.0008974955976009369,0.004715576171875,0.9992229589722338,42.563406547865725,706890.6444879131,7.776669372105971e-06,0.004125357046723366,-1.4630681991577148,0.003099995106458664,0.029335692524909973
255,208896000,0.00014759999999999998,0.10802167892456055,0.0010443252325057983,0.0052490234375,0.999379652605459,42.24198717948718,696444.4681977847,-0.0002532940125092864,0.0055185224860906604,-1.4694476127624512,0.0027874024584889413,0.023025025427341462
256,209715200,0.000147,0.10823177337646485,0.001012147143483162,0.0052197265625,0.9990163594947195,42.68507972665148,700192.595262723,-0.0002679221099242568,0.004144543409347534,-1.4776986122131348,0.0025849629193544386,0.018531250953674316
257,210534400,0.00014639999999999998,0.10836999893188476,0.0009183371067047119,0.0048095703125,0.9991732547925386,42.61065467886116,698655.9059678253,-0.00021397052332758904,0.004068810120224952,-1.4832916259765625,0.0023093411698937418,0.017225220799446106
258,211353600,0.0001458,0.10837476730346679,0.0010127082467079162,0.005140380859375,0.9994310246728392,42.32390213624373,701363.0042862712,-8.421902311965823e-05,0.0038312412798404694,-1.4888663291931152,0.002931986190378666,0.025400876998901367
259,212172800,0.00014519999999999998,0.10808003425598145,0.0010586903989315032,0.005343017578125,0.9995346191633486,42.11246703552407,700377.855805782,-0.0001956015592440963,0.004659443348646164,-1.4958505630493164,0.0023582234978675844,0.017348143458366393
260,212992000,0.0001446,0.1082483959197998,0.0010333168506622315,0.005159912109375,0.999585685431664,42.18193588482055,703704.641725493,-0.0001750167808495462,0.006793168932199478,-1.5050277709960938,0.002557617425918579,0.019933712482452393
261,213811200,0.00014399999999999998,0.10840411186218261,0.0009978370368480683,0.0052978515625,0.9993301386097799,42.361209872726334,701426.7728878324,-0.00010534431785345078,0.004201462864875794,-1.5138298988342285,0.0029995426535606383,0.02688256502151489
262,214630400,0.0001434,0.1086663818359375,0.000911906510591507,0.004815673828125,0.9990711595025543,42.57546829041746,708230.4408984655,-0.00022692340426146984,0.0036325946450233458,-1.5211362838745117,0.002882867492735386,0.02412622272968292
263,215449600,0.00014279999999999997,0.10891631126403808,0.0008926136791706085,0.004906005859375,0.999073168219968,42.51140517995984,710887.2169428053,-0.00015364241553470493,0.003762824833393097,-1.5256553649902345,0.0029532648622989655,0.02597339153289795
264,216268800,0.0001422,0.10885753631591796,0.0009704984724521637,0.005205078125,0.9996913262681346,42.015742360325135,715438.0806998854,-3.400403948035091e-05,0.0038478314876556397,-1.529154109954834,0.002842271141707897,0.025011476874351502
265,217088000,0.00014159999999999997,0.10918985366821289,0.0010413823276758194,0.005482177734375,0.9996394911675336,42.18772209919143,712791.0388529277,-0.00029503717087209225,0.0034958742558956145,-1.532728672027588,0.002450399100780487,0.019724366068840028
266,217907200,0.00014099999999999998,0.10917427062988282,0.0009912314265966414,0.0052783203125,0.9994337777320225,42.26792608225665,711051.3556915995,-3.85895516956225e-05,0.0036162562668323518,-1.5369903564453125,0.0027676787227392196,0.024330195784568787
267,218726400,0.00014039999999999997,0.10849840164184571,0.0011404524743556976,0.006165771484375,0.9994306418219462,42.33685300207039,709150.6560273686,-3.43355379300192e-05,0.005077698826789856,-1.5438409805297852,0.0031195538118481635,0.026973024010658264
268,219545600,0.00013979999999999998,0.10827322959899903,0.0010608449578285218,0.005411376953125,0.9996899865660845,42.116255037718304,710816.3185764173,-0.00033637906890362503,0.005382801592350006,-1.5502919197082519,0.0023932920768857,0.017694087326526643
269,220364800,0.00013919999999999997,0.1084267807006836,0.001020849272608757,0.0054150390625,0.9997415219189413,42.01018403639372,707833.2666623773,-9.556917357258498e-05,0.004514843225479126,-1.5567690849304199,0.0026853442192077636,0.021877926588058472
270,221184000,0.00013859999999999998,0.10848166465759278,0.0009259894490242004,0.0050390625,0.9994299927453623,42.33122603378588,707062.7209262047,-0.00022335720714181662,0.0038349222391843795,-1.5641919136047364,0.0026226820424199103,0.02087450921535492
271,222003200,0.00013799999999999997,0.10836156845092773,0.001005251407623291,0.00515380859375,0.9990693345742205,42.64174551470968,704725.071078375,-0.00019643742125481368,0.004112409055233001,-1.5708708763122559,0.0027395183220505714,0.023020753264427186
272,222822400,0.00013739999999999998,0.10855853080749511,0.0009920161962509156,0.00515869140625,0.9995875650873847,42.17806877352168,705312.1947165158,-0.00044773486442863943,0.0037401624023914335,-1.5774430274963378,0.0023115258663892746,0.015876828134059905
273,223641600,0.00013679999999999996,0.10812345504760743,0.0010199664533138274,0.005328369140625,0.9993285123966942,42.27086776859504,703686.1410831768,1.4932069461792707e-06,0.0038135014474391937,-1.5848847389221192,0.002806208282709122,0.023130491375923157
274,224460800,0.00013619999999999998,0.10820498466491699,0.000961698591709137,0.004935302734375,0.9993783349738382,42.34486867326322,703877.2581869361,-9.19058220461011e-05,0.004082236438989639,-1.5912211418151856,0.0027478702366352083,0.022858034074306487
275,225280000,0.00013559999999999996,0.10843109130859375,0.0009739460796117783,0.005079345703125,0.9993270524899058,42.38570245367015,704872.6254641338,-0.00012983279302716255,0.003912056609988212,-1.5949164390563966,0.002826189808547497,0.024807368218898774
276,226099200,0.00013499999999999997,0.10809688568115235,0.0009591227769851684,0.0050732421875,0.9992747617074181,42.51512639867385,703460.5055582391,-0.00046067298389971254,0.0036016419529914857,-1.6005365371704101,0.002513613365590572,0.018177975714206696
277,226918400,0.0001344,0.10820158958435058,0.0009808210283517838,0.004884033203125,0.9995884773662551,42.088425925925925,702617.407739388,-0.00022581222001463174,0.004015104100108147,-1.6087982177734375,0.0025806242600083353,0.02060498148202896
278,227737600,0.00013379999999999997,0.10833127975463867,0.0010332520306110381,0.00526123046875,0.9990129357369214,42.77822224531145,703673.5922137328,-0.0003332548076286912,0.003942794725298881,-1.61988525390625,0.002308276854455471,0.015821775794029234
279,228556800,0.00013319999999999999,0.1082541847229004,0.0010588651895523072,0.00552490234375,0.9993796205345603,42.30744972341415,711462.7700904518,-9.6918735653162e-05,0.0042866401374340056,-1.6278068542480468,0.0029059963300824164,0.026393917202949525
280,229376000,0.00013259999999999997,0.10788874626159668,0.0009629801660776138,0.00514404296875,0.9993252711890798,42.542014844033844,710779.8678503173,-0.0002349137095734477,0.003956563770771027,-1.6311986923217774,0.0027098789811134338,0.022600947320461272
281,230195200,0.00013199999999999998,0.10796473503112793,0.0008922900259494781,0.0050244140625,0.9996891996891997,42.07956487956488,710578.4961698871,-0.0002509933430701494,0.0031685762107372282,-1.6370697021484375,0.0026790233328938483,0.02108765095472336
282,231014400,0.00013139999999999997,0.10839820861816406,0.001058836206793785,0.005406494140625,0.9990680818017085,42.68682371214082,711486.2798146192,-0.00025697241071611645,0.004630472138524055,-1.642974281311035,0.0025865679606795313,0.020177620649337768
283,231833600,0.0001308,0.10852900505065918,0.001099262461066246,0.00568115234375,0.9992783133151193,42.45151811949069,713986.2157098682,-0.0002516480628401041,0.004549233987927437,-1.6461858749389648,0.0022433366626501083,0.015846677124500275
284,232652800,0.0001302,0.10885374069213867,0.0010604768246412278,0.005511474609375,0.9994870216476864,42.08869395711501,712732.0691807484,-0.0003229963360354304,0.004676131531596184,-1.6500566482543946,0.0026203446090221406,0.01911620795726776
285,233472000,0.0001296,0.10866270065307618,0.001018337607383728,0.005257568359375,0.999534955820803,42.141011729447634,706591.785703877,-0.00026533384807407855,0.00405806340277195,-1.6567480087280273,0.0025015354156494142,0.01921740025281906
286,234291200,0.000129,0.10908733367919922,0.0010791793465614319,0.00552490234375,0.9991803698581015,42.41212028072332,709018.6302825691,-0.00024028902407735586,0.0037182636559009554,-1.6638805389404296,0.002634805254638195,0.021213367581367493
287,235110400,0.0001284,0.10889617919921875,0.001063782051205635,0.0053125,0.9994337194337194,42.200875160875164,711343.7631683041,-8.283628267236054e-05,0.0037776749581098557,-1.6711297988891602,0.002905946038663387,0.025763547420501708
288,235929600,0.0001278,0.10899410247802735,0.0009809444099664688,0.005452880859375,0.9997436948944023,41.84596063153578,710396.1866594424,-0.00014196608681231736,0.003704608976840973,-1.6783618927001953,0.003007405251264572,0.02611437737941742
289,236748800,0.0001272,0.10899613380432129,0.0009591549634933472,0.005367431640625,0.9996418154838049,41.80903648365143,706685.3614976903,-8.73454730026424e-05,0.0029924148693680763,-1.6846025466918946,0.0025259040296077727,0.018995119631290434
290,237568000,0.00012660000000000001,0.10884706497192383,0.0009671304374933243,0.00504638671875,0.999231321102798,42.25791739264118,704971.2885362344,-0.0001898589776828885,0.004080457612872124,-1.6920394897460938,0.002682643011212349,0.02199670672416687
291,238387200,0.000126,0.10910400390625,0.0010199594497680665,0.005255126953125,0.999691738594328,41.9670160295931,709720.7895642584,-0.0003644957672804594,0.004082979261875152,-1.6996673583984374,0.0024691084399819374,0.01883337050676346
292,239206400,0.0001254,0.1090843677520752,0.0009528220444917679,0.0051220703125,0.9996919443446116,41.84833393233044,702846.7684437367,-0.000342997326515615,0.0039109386503696445,-1.7073001861572266,0.0023637346923351286,0.017079710960388184
293,240025600,0.0001248,0.10911312103271484,0.0010193712264299393,0.005286865234375,0.9994870742716455,42.11858842839557,704033.0446987587,-0.0002444277051836252,0.003968774527311325,-1.712591552734375,0.002245146594941616,0.016209840774536133
294,240844800,0.0001242,0.10916820526123047,0.0009502143412828445,0.00502685546875,0.9995893223819302,41.957340862422996,709196.0840630109,5.403774557635188e-05,0.00415693148970604,-1.718225860595703,0.003033493272960186,0.02726806104183197
295,241664000,0.0001236,0.10861307144165039,0.0009829521924257277,0.00515380859375,0.9992824192721681,42.247924141465916,707126.9046365607,0.0001182468025945127,0.004058069735765457,-1.7269649505615234,0.003149952366948128,0.028492558002471923
296,242483200,0.000123,0.10901992797851562,0.0009665641933679581,0.005220947265625,0.9996912945050422,41.99212800987858,710086.1049254918,3.366191522218287e-05,0.003708294406533241,-1.7334362030029298,0.0032893311232328414,0.030775636434555054
297,243302400,0.0001224,0.10860443115234375,0.0009784864634275437,0.00511962890625,0.9995893223819302,41.98552361396304,710782.7393498527,-5.816266057081521e-05,0.0032247893512248995,-1.737896728515625,0.0030297862365841867,0.027208614349365234
298,244121600,0.00012179999999999999,0.1086341381072998,0.0009845797717571258,0.005255126953125,0.9994329896907217,42.16360824742268,713075.6127467062,-0.00030944866593927143,0.003412296622991562,-1.745816421508789,0.0023289186879992484,0.01752002239227295
299,244940800,0.00012119999999999999,0.10815475463867187,0.00102993942797184,0.005220947265625,0.9994861781934026,42.13544342821909,710139.7872223618,-0.00024915789254009724,0.004435397312045097,-1.754043960571289,0.0025778070092201235,0.020350830256938936
300,245760000,0.00012059999999999999,0.10855365753173828,0.0010389970242977143,0.005443115234375,0.9995354119347512,42.1154759446624,712393.8274414092,-0.00025767090264707806,0.003464876860380173,-1.7624082565307617,0.0024032745510339736,0.018553711473941803
301,246579200,0.00011999999999999999,0.10843497276306152,0.0010249292850494384,0.005269775390625,0.9994821067895799,42.29675280957067,714853.5662851112,-0.00015892318915575743,0.003978857770562172,-1.772463035583496,0.002643529325723648,0.021116212010383606
302,247398400,0.0001194,0.10843118667602539,0.001051194965839386,0.005443115234375,0.9994831239985528,42.207422339380784,712640.3797826207,-0.00027798607479780915,0.004315927252173423,-1.7801916122436523,0.0025696858763694765,0.019593748450279235
303,248217600,0.0001188,0.10850770950317383,0.0009095999598503113,0.005145263671875,0.9994322873658134,42.18146160198183,703702.7352074437,-0.00014956248924136162,0.0030935851857066153,-1.7867925643920899,0.0027377597987651827,0.02206982225179672
304,249036800,0.0001182,0.1088593864440918,0.0009620133042335511,0.005137939453125,0.9991758949266032,42.54756631470512,702671.4704587164,-0.00029719308950006964,0.0037746429443359375,-1.791346549987793,0.002429419197142124,0.017742307484149934
305,249856000,0.0001176,0.10835470199584961,0.0009317748248577118,0.005234375,0.9992777175875768,42.32750348243306,706832.1182206708,-0.00010016310261562467,0.003597264364361763,-1.7959522247314452,0.0026764729991555214,0.022025144100189208
306,250675200,0.000117,0.10863977432250976,0.0009514383226633072,0.005296630859375,0.9993310004116921,42.34124125154384,704957.2152244285,-0.00031831355299800635,0.003609166294336319,-1.8015508651733398,0.0021680299192667007,0.014916136860847473
307,251494400,0.0001164,0.10899017333984375,0.0010080444812774658,0.005318603515625,0.9996402138157895,41.8590666118421,704733.0633843131,-0.0002145471051335335,0.00395926721394062,-1.808892059326172,0.0026735901832580567,0.021084104478359223
308,252313600,0.0001158,0.10894230842590331,0.0008890906721353531,0.004757080078125,0.9994334569427277,42.152194066749075,700919.0280596004,-0.0002908337162807584,0.0032613705843687057,-1.8143749237060547,0.002692243456840515,0.022366824746131896
309,253132800,0.0001152,0.10857415199279785,0.0010579029470682143,0.005645751953125,0.9993827160493827,42.15555555555556,700664.1658662062,-4.657759563997388e-05,0.0035797994583845138,-1.8180957794189454,0.0028852926567196845,0.026064082980155945
310,253952000,0.0001146,0.10942669868469239,0.0009308192878961563,0.0050341796875,0.999179192530652,42.399322833837786,702142.1340864055,-0.00017819515196606516,0.003117390535771847,-1.825368309020996,0.00236161258071661,0.018113648891448973
311,254771200,0.00011399999999999999,0.10916204452514648,0.0009226494282484055,0.004932861328125,0.9994864420706656,42.124537797863596,695001.9824034877,-3.107789088971913e-05,0.0037095099687576294,-1.8317327499389648,0.0026387734338641166,0.02273876667022705
312,255590400,0.00011339999999999999,0.10900033950805664,0.0009487572312355041,0.00493408203125,0.9995369179315667,42.10686905068176,707169.3460534922,-3.921286261174828e-05,0.0036886870861053468,-1.8359771728515626,0.0025933653116226195,0.021534539759159088
313,256409600,0.00011279999999999999,0.10889034271240235,0.0009793731570243835,0.004884033203125,0.9994868110438263,42.186800780047214,706525.1751315647,-0.00027376629877835513,0.0045875079929828646,-1.8438701629638672,0.0024691831320524217,0.017239132523536684
314,257228800,0.00011219999999999999,0.10864585876464844,0.0010660243034362792,0.005362548828125,0.9997427718901122,41.946084988167506,705323.8936480259,-0.00018076931592077018,0.004180748015642166,-1.8520326614379883,0.0026240196079015733,0.02189355343580246
315,258048000,0.00011159999999999999,0.10880284309387207,0.0009736175835132599,0.0050048828125,0.9995875650873847,42.16100427901222,707794.2814906935,-0.0002654088893905282,0.0034600216895341873,-1.8601682662963868,0.002603960782289505,0.021366821229457857
316,258867200,0.00011099999999999999,0.10863842964172363,0.000946793183684349,0.00507568359375,0.9993822711829506,42.19962936270977,705159.7840967396,-0.0001693852711468935,0.003727944567799568,-1.8692634582519532,0.0027049271389842033,0.02247619777917862
317,259686400,0.00011039999999999999,0.10902111053466797,0.0009651479125022889,0.00532958984375,0.9995899748859618,41.97980626313362,714942.3730391623,-0.00020260219462215902,0.0033491071313619613,-1.8784261703491212,0.0024560490623116494,0.01957690268754959
318,260505600,0.00010979999999999999,0.10913520812988281,0.001033252626657486,0.00534912109375,0.9993826525362691,42.16406008848647,711693.2149842862,-0.00024801467079669235,0.004962187260389328,-1.8858829498291017,0.002424112521111965,0.016645507514476778
319,261324800,0.00010919999999999998,0.10875879287719727,0.001116430014371872,0.00555908203125,0.9997416020671834,41.993798449612406,707424.1913317902,2.4135032435879112e-05,0.0048944056034088135,-1.8928478240966797,0.002884797751903534,0.02389770597219467
320,262144000,0.00010859999999999998,0.10892148971557618,0.0010985227674245835,0.005526123046875,0.9993301040915181,42.322683706070286,708666.6785700086,-0.0003214049618691206,0.004231969267129898,-1.898651695251465,0.0022490832954645155,0.015419432520866394
321,262963200,0.00010799999999999998,0.1088853645324707,0.0010293839126825333,0.005289306640625,0.9994857818686687,42.140998611611046,711214.6816454037,-0.0003811512840911746,0.0036116786301136016,-1.9040212631225586,0.0023330863565206527,0.01564001590013504
322,263782400,0.00010739999999999998,0.10860097885131836,0.0009900859743356704,0.00512451171875,0.9993312413189979,42.30644580482535,708440.9608977415,-0.00022003105841577052,0.0033806949853897096,-1.9094621658325195,0.002641117759048939,0.020278561115264892
323,264601600,0.00010679999999999998,0.10860106468200684,0.0009384331107139587,0.00509521484375,0.9994315832988838,42.215739975196364,703945.1722949562,-0.00023873418103903532,0.0033467985689640046,-1.914861297607422,0.0025765083730220793,0.01998351961374283
324,265420800,0.00010619999999999998,0.10909730911254883,0.0009231891483068467,0.0049560546875,0.9996403062535327,41.97744206361441,705502.2858749572,-0.0003282786812633276,0.0033891618251800535,-1.919962501525879,0.002183568477630615,0.014923462271690368
325,266240000,0.00010559999999999998,0.10889981269836425,0.0010085711628198624,0.005133056640625,0.9991763615772675,42.335941521671984,708716.1317028953,0.00014715082943439484,0.00359792485833168,-1.9253076553344726,0.0033892713487148284,0.03456262946128845
326,267059200,0.00010499999999999999,0.1088275146484375,0.0009090182185173035,0.00493408203125,0.9996913262681346,41.94711390060706,711913.1337271109,-0.0003462362103164196,0.0031549107283353806,-1.929758071899414,0.002322029881179333,0.016847047209739684
327,267878400,0.00010439999999999999,0.10872486114501953,0.000908425897359848,0.00496337890625,0.9993298278173007,42.30028868955562,710187.2284073909,-6.348347524181009e-05,0.004389118403196335,-1.9348014831542968,0.002806887961924076,0.024496829509735106
328,268697600,0.00010379999999999999,0.10891914367675781,0.0009946949034929276,0.00503662109375,0.9993845522617705,42.11370396963791,708189.9528795669,-0.00033840639516711233,0.0034684628248214723,-1.9398218154907227,0.0027702799066901206,0.022117309272289276
329,269516800,0.00010319999999999999,0.10861671447753907,0.0010753460228443146,0.00547607421875,0.9996402692841359,41.93663600390565,704288.9319918294,6.505666533485055e-05,0.0048801667988300325,-1.9452823638916015,0.002823534235358238,0.02454162836074829
330,270336000,0.00010259999999999999,0.10845606803894042,0.001082635298371315,0.005357666015625,0.9991733402221649,42.50839576336864,697087.600269002,-7.502726512029768e-05,0.004492248594760895,-1.9499874114990234,0.0022171027958393097,0.016045773029327394
331,271155200,0.00010199999999999999,0.10874234199523926,0.0009734873473644256,0.0050439453125,0.9994333110092216,42.326515893050335,712369.3972162545,-0.00018975550774484872,0.0040849361568689345,-1.9552217483520509,0.0027792472392320633,0.02237231731414795
332,271974400,0.00010139999999999998,0.1084775161743164,0.0009284324944019318,0.004932861328125,0.999741241008125,41.94115820524763,709643.110940562,-0.00043286029249429704,0.003354430943727493,-1.9627248764038085,0.0022314408794045447,0.015427732467651367
333,272793600,0.00010079999999999998,0.10879323959350586,0.0009789593517780305,0.00497314453125,0.9991766582617198,42.420933463695775,711723.9431412902,-0.000286858226172626,0.003988142311573029,-1.967698097229004,0.0025372862815856933,0.01960143893957138
334,273612800,0.00010019999999999998,0.10847280502319336,0.0009310059249401093,0.004918212890625,0.9995870328308899,42.03071443320256,707345.7414304955,-0.00026804523076862097,0.0038082212209701537,-1.9716054916381835,0.0025040045380592345,0.019520872831344606
335,274432000,9.959999999999998e-05,0.10841754913330078,0.0009076362848281861,0.004727783203125,0.9993290668868704,42.42129438480595,715037.4420300281,-9.991336846724153e-05,0.003501083329319954,-1.9791685104370118,0.0028278931975364687,0.02354138046503067
336,275251200,9.899999999999998e-05,0.10866277694702148,0.0008332765102386474,0.004561767578125,0.9992793905703109,42.35062795964587,711787.5273216305,-0.00025434487033635376,0.0033205233514308928,-1.9847806930541991,0.0020664257928729056,0.014258423447608947
337,276070400,9.839999999999998e-05,0.10875459671020508,0.0009641990065574646,0.004957275390625,0.9995362498067708,42.01633431236152,712082.6780842881,-5.240583559498191e-05,0.0034120526164770127,-1.9908031463623046,0.002551308460533619,0.0215731143951416
338,276889600,9.779999999999998e-05,0.10918731689453125,0.0009902893006801606,0.005203857421875,0.9993346299518886,42.154468215784625,703153.8571285581,-0.00017170473001897334,0.004187414422631264,-1.9967798233032226,0.0024440359324216844,0.01929345726966858
339,277708800,9.719999999999998e-05,0.10889511108398438,0.001033891588449478,0.0051806640625,0.9993831919814957,42.27561038293498,710280.414739532,-0.0003150062868371606,0.00380428209900856,-2.0027320861816404,0.002600759454071522,0.01812451332807541
340,278528000,9.659999999999998e-05,0.1092171859741211,0.0009345468878746032,0.00484375,0.9995372274784039,42.248200329082685,711703.2334514096,-0.00011054251808673143,0.004899515211582184,-2.009149169921875,0.0030351001769304276,0.02617822289466858
341,279347200,9.599999999999998e-05,0.10936029434204102,0.000842682421207428,0.0046435546875,0.9995383668444809,42.069552728764876,709038.4807417576,-0.00015676741022616625,0.003207067400217056,-2.014210510253906,0.0025892486795783044,0.020688845217227934
342,280166400,9.539999999999997e-05,0.10947653770446777,0.0009882351756095886,0.0050927734375,0.9995385561936013,42.013484413453654,708019.6808126246,-0.00024176454171538354,0.005778453126549721,-2.020277976989746,0.0024310071021318436,0.018548460304737092
343,280985600,9.479999999999997e-05,0.108770112991333,0.0010590575635433196,0.005338134765625,0.9996920708237106,41.865332306902744,707412.7432132687,-0.00017902037361636758,0.006025935336947441,-2.0268600463867186,0.0025462737306952477,0.0196723610162735
344,281804800,9.419999999999997e-05,0.1095336151123047,0.0009665718674659729,0.00500732421875,0.9995898908084278,42.01845491362075,712889.9362153925,-0.00025288285687565806,0.0044091720134019855,-2.0333681106567383,0.0023813560605049134,0.019119387865066527
345,282624000,9.360000000000001e-05,0.10959238052368164,0.0008435411006212234,0.0046923828125,0.9996413383204386,42.05215965568479,709315.1737587249,-0.00020082101691514253,0.003980108350515365,-2.040840911865234,0.002522522583603859,0.018468627333641054
346,283443200,9.300000000000001e-05,0.10907611846923829,0.0009159202128648758,0.00500244140625,0.9996417421567122,41.92614770459082,709042.0077583655,-0.0001810262561775744,0.0033392652869224547,-2.0486019134521483,0.002604188770055771,0.021026855707168578
347,284262400,9.240000000000001e-05,0.10935010910034179,0.0009093321859836578,0.00490234375,0.999488647985273,41.96701779505011,707929.6023132023,-0.0002888752380385995,0.0033054232597351076,-2.0546356201171876,0.002662348933517933,0.020031124353408813
348,285081600,9.180000000000001e-05,0.10894533157348633,0.0008970983326435089,0.004610595703125,0.9997942915916688,41.79172023656467,700566.202728415,-0.00018427623435854912,0.005123223736882209,-2.059738349914551,0.002466379106044769,0.019935910403728486
349,285900800,9.120000000000001e-05,0.10893426895141602,0.0009242001175880432,0.004781494140625,0.9994352602936647,42.28704179073827,708703.2523342068,-0.00023340745829045773,0.004159115999937057,-2.0638017654418945,0.002487586997449398,0.01987573504447937
350,286720000,9.06e-05,0.10952164649963379,0.0009283711016178131,0.0047802734375,0.9996924023377423,41.92115246590792,710948.3230162754,-0.00018472879892215133,0.003710936009883881,-2.067959785461426,0.0024432117119431497,0.018602293729782105
351,287539200,9e-05,0.10921490669250489,0.0008974805474281311,0.00482421875,0.9994355790445892,42.09287290266304,711304.2492863234,-0.00022997967898845672,0.00424874909222126,-2.0764060974121095,0.002436141669750214,0.017992433905601502
352,288358400,8.94e-05,0.1091427230834961,0.0010462653636932372,0.005201416015625,0.999590058929029,42.052421214450426,711722.021428977,-0.00017303110798820852,0.005988708510994911,-2.0820024490356444,0.0026643892750144007,0.02187231630086899
353,289177600,8.88e-05,0.10926397323608399,0.0008764779567718506,0.004771728515625,0.9997439180537772,41.87733674775928,712387.0556517724,-8.973568328656256e-05,0.003748226910829544,-2.0869256973266603,0.002630310319364071,0.020976682007312775
354,289996800,8.82e-05,0.1093211269378662,0.0009493076056241989,0.00509033203125,0.9995883503138829,42.006380570134816,714135.9162343034,-0.00015901316655799746,0.003731255233287811,-2.090652084350586,0.002463578432798386,0.020316655933856963
355,290816000,8.76e-05,0.1095902156829834,0.0009346602857112884,0.004813232421875,0.9995903737839221,41.93072196620584,711351.3767608829,-0.0001376098021864891,0.0033066503703594206,-2.092822265625,0.002292867749929428,0.017448732256889345
356,291635200,8.7e-05,0.10913080215454102,0.0009430810809135437,0.00499755859375,0.9993852773935762,42.19363762102351,710067.4876214219,-9.889856446534395e-05,0.0038144968450069426,-2.0977848052978514,0.0025761594995856287,0.021412593126296998
357,292454400,8.64e-05,0.10912520408630372,0.0009227565675973892,0.00502685546875,0.9995889847924373,42.02877106452939,713347.4703821202,-0.0001922450610436499,0.003207927569746971,-2.1053674697875975,0.002654222957789898,0.021685916185379028
358,293273600,8.58e-05,0.10911799430847167,0.0009651342034339904,0.00498779296875,0.999589701507847,42.05128731151913,711572.6351669609,5.9216242516413334e-05,0.004431195557117462,-2.111416816711426,0.0028905877843499184,0.026644167304039002
359,294092800,8.52e-05,0.10880419731140137,0.0009787625074386597,0.00530029296875,0.9995902059215245,42.019516442987396,709655.064630268,-0.00013644982827827335,0.0035975925624370576,-2.11580810546875,0.002518702112138271,0.01922570765018463
360,294912000,8.46e-05,0.10867221832275391,0.0008959229290485382,0.00485107421875,0.9996923392472566,41.96805455850682,707383.8894482924,-0.00038966897409409285,0.0030543569475412367,-2.1193971633911133,0.0020739912986755373,0.013134640455245972
361,295731200,8.4e-05,0.10911195755004882,0.0009321059286594391,0.004942626953125,0.999589995899959,41.950184501845015,712612.0495700751,-7.268473273143172e-05,0.004863506183028221,-2.1209335327148438,0.0024176057428121566,0.018738891184329986
362,296550400,8.34e-05,0.10887113571166993,0.0008750399947166443,0.00468017578125,0.9996930161166538,41.95303146584804,709963.2644292652,-0.00016865181969478727,0.0030500588938593863,-2.1245090484619142,0.002381809614598751,0.018078731000423433
363,297369600,8.28e-05,0.10918930053710937,0.0008910500258207322,0.0047265625,0.9995389108048568,42.054203596495725,710864.5688881108,-2.9588359757326545e-05,0.003791119158267975,-2.129726028442383,0.002836133912205696,0.02524365782737732
364,298188800,8.22e-05,0.10919668197631836,0.000967584252357483,0.00540771484375,0.9995384141963278,42.119396861216536,708854.2747728543,-8.149304194375873e-05,0.003628610074520111,-2.1333040237426757,0.0029698580503463743,0.02622388005256653
365,299008000,8.16e-05,0.10923995971679687,0.0008740685135126114,0.00480224609375,0.9997438130860276,41.88609929804785,709570.4022790338,2.218281151726842e-05,0.003381633758544922,-2.1380733489990233,0.0027335725724697115,0.024335689842700958
366,299827200,8.1e-05,0.10940305709838867,0.0008947046101093292,0.00462646484375,0.999692638696788,41.97392551611085,713378.099139462,-0.00024993554688990116,0.0041981257498264314,-2.1453598022460936,0.002610359340906143,0.02005968987941742
367,300646400,8.04e-05,0.10955869674682617,0.0009229566156864166,0.00484619140625,0.999795207864018,41.946395658406715,701722.3258041118,-0.0001629331149160862,0.0036793418228626253,-2.1502685546875,0.0021997449919581415,0.015402954816818238
368,301465600,7.98e-05,0.1092521858215332,0.000921536311507225,0.00480712890625,0.99948625738505,42.299717441561775,708830.3546020462,-0.00036517642438411714,0.0030863868072628976,-2.1550817489624023,0.002048632875084877,0.012645748257637025
369,302284800,7.92e-05,0.1092446231842041,0.0008897300064563751,0.0045654296875,0.9996935179036625,41.82842110640037,711319.412818229,-0.00027552151586860416,0.0037648696452379227,-2.161690521240234,0.0025575075298547743,0.019507808983325957
370,303104000,7.86e-05,0.10932103157043457,0.0008789989352226258,0.0044921875,0.9996925599508096,42.064664890346386,715543.9743774661,-0.00026531268376857043,0.004789891839027405,-2.165425682067871,0.0025954563170671463,0.019956906139850617
371,303923200,7.8e-05,0.10950835227966309,0.0008304821699857711,0.004560546875,0.9999488726417506,41.776011043509385,713861.8811649595,-3.640470968093723e-05,0.0036480020731687545,-2.1688119888305666,0.002988873794674873,0.027219361066818236
372,304742400,7.74e-05,0.10928361892700195,0.001051451787352562,0.005220947265625,0.9997951344430218,41.836722151088345,710772.4830137546,-0.0001897178473882377,0.005016253143548965,-2.1733346939086915,0.002332795597612858,0.01781371980905533
373,305561600,7.68e-05,0.10959800720214843,0.0009333386272192001,0.00517822265625,0.9997442324415571,41.99780039899739,705794.9259455735,-0.00016293359221890568,0.004429920017719269,-2.175639533996582,0.002311328612267971,0.016811643540859223
374,306380800,7.62e-05,0.10935404777526855,0.0010044504702091217,0.005062255859375,0.9996936900142944,41.93240759648764,711305.3703583508,-0.00015039256541058422,0.007256136834621429,-2.1801401138305665,0.002632923610508442,0.02077331840991974
375,307200000,7.56e-05,0.10992347717285156,0.0009410493075847626,0.00513427734375,0.9995908137691166,42.006444683136415,710346.0222300623,-0.00026858034543693067,0.004202980920672417,-2.1835460662841797,0.0022776380181312563,0.017051143944263457
376,308019200,7.5e-05,0.10913771629333496,0.0009722356498241424,0.005030517578125,0.9998974884674526,41.935776524859044,708978.7511208329,-0.00012829449260607362,0.0034566298127174377,-2.1857738494873047,0.0024223487824201586,0.019150148332118987
377,308838400,7.439999999999999e-05,0.10943208694458008,0.0009611691534519196,0.005057373046875,0.9997955114769184,41.83380195286539,707318.3351131342,-0.0002788049401715398,0.003910937532782555,-2.189505195617676,0.002209308743476868,0.015900512039661408
378,309657600,7.379999999999999e-05,0.10904988288879394,0.0008927308022975922,0.00452880859375,0.9998463193483941,41.77439680344245,706502.8950951551,-0.000274518970400095,0.005151967704296112,-2.19351806640625,0.0023637525737285614,0.01643920987844467
379,310476800,7.319999999999999e-05,0.10914661407470704,0.0008566892892122269,0.004822998046875,0.9997432078475682,42.05854861075446,712694.3783999676,-0.00038597285747528077,0.003563377633690834,-2.196904754638672,0.002148159220814705,0.014482907950878143
380,311296000,7.259999999999999e-05,0.10943309783935547,0.0009966637194156647,0.004993896484375,0.999795521930273,41.76556589305797,710176.1278892574,-0.00016447573434561492,0.0057597730308771135,-2.1992870330810548,0.002588159404695034,0.020379145443439484
381,312115200,7.199999999999999e-05,0.10918142318725586,0.0008911477029323578,0.004776611328125,0.999640933572711,42.11936393947166,707465.4090776265,-0.00016634031198918818,0.003530200943350792,-2.1994049072265627,0.0023138005286455154,0.017031738162040712
382,312934400,7.139999999999999e-05,0.10924185752868652,0.0009611327201128006,0.004854736328125,0.9996414669125179,42.11165744724442,706637.4775754405,-0.00015981302130967378,0.005374646186828614,-2.2017126083374023,0.0020945483818650247,0.015177367627620697
383,313753600,7.079999999999999e-05,0.10917492866516114,0.0008929448574781418,0.0044189453125,0.9997439967231581,41.951922584609086,709840.336679231,-0.00023991372436285018,0.0050451625138521194,-2.2050270080566405,0.0023277092725038527,0.016191530227661132
384,314572800,7.019999999999999e-05,0.10912619590759277,0.0008990039676427841,0.00468505859375,0.9996932201656611,42.02224153798957,710485.4902879967,-0.00017828880809247493,0.003770798072218895,-2.2095624923706056,0.0024357639253139497,0.018946535885334015
385,315392000,6.959999999999998e-05,0.1087158203125,0.001026035100221634,0.00514404296875,0.9997426659804426,42.01060216160577,709111.361113863,-0.000167730450630188,0.003281780332326889,-2.21334285736084,0.002245263382792473,0.015075685083866119
386,316211200,6.899999999999998e-05,0.1093193244934082,0.0008698447793722152,0.004830322265625,0.9997957516339869,41.82756331699346,699320.2756090008,-6.428973865695298e-05,0.003318992257118225,-2.216775131225586,0.002668640948832035,0.022874999046325683
387,317030400,6.839999999999998e-05,0.10943761825561524,0.0008606340736150742,0.0045947265625,0.9998462957270212,41.799928271339276,709716.211872106,-0.000304705579765141,0.002983943372964859,-2.222064971923828,0.0023206686601042747,0.015856081247329713
388,317849600,6.779999999999998e-05,0.10901814460754394,0.001014692783355713,0.005091552734375,0.9998456710736149,41.792581922938425,714159.0296507562,-0.00011769213015213608,0.005194801837205887,-2.227666664123535,0.00249021053314209,0.020520873367786407
389,318668800,6.72e-05,0.109495849609375,0.0008747372031211853,0.004652099609375,0.9995379402402711,42.20263887462779,713596.463534454,8.706972585059702e-06,0.0032998032867908476,-2.232311820983887,0.0022565919905900957,0.016470697522163392
390,319488000,6.659999999999999e-05,0.10928455352783203,0.0009297041594982147,0.00494873046875,0.99948828164978,42.10270187288916,709686.2398697026,-0.00021080137230455875,0.003651433065533638,-2.2378053665161133,0.002650067396461964,0.022013311088085175
391,320307200,6.599999999999999e-05,0.10950729370117188,0.0009175117313861847,0.004808349609375,0.9996923076923077,42.00938461538462,708248.9394688586,-0.000287137134000659,0.0031876709312200547,-2.2410358428955077,0.002232076972723007,0.015990966558456422
392,321126400,6.539999999999999e-05,0.10963907241821289,0.0010193455219268798,0.005230712890625,0.9994386323041592,42.16126562898699,707532.8997847466,-0.0002689299639314413,0.005514242127537728,-2.2438034057617187,0.002216910943388939,0.015982787311077117
393,321945600,6.479999999999999e-05,0.10956073760986328,0.0009538009762763977,0.00505615234375,0.9997952917093142,41.845649948822924,710011.2168888114,-0.00012887341435998678,0.0035277847200632095,-2.246917724609375,0.0025855662301182748,0.02113598436117172
394,322764800,6.419999999999999e-05,0.1099195671081543,0.0008704035729169845,0.0047412109375,0.9998476229175132,41.75325071109305,708634.6635664137,-0.00012549732346087695,0.0031187081709504127,-2.2493564605712892,0.002625674195587635,0.021802976727485657
395,323584000,6.359999999999999e-05,0.1096525764465332,0.00096066452562809,0.004779052734375,0.9997954068845584,41.89550406628817,706504.7766678977,-0.0003525185864418745,0.0035277616232633592,-2.254129981994629,0.0024133570492267608,0.01594201773405075
396,324403200,6.299999999999999e-05,0.11002344131469727,0.0009396900236606598,0.0047705078125,0.9998464766388618,41.839568087610665,703765.2509072986,-0.0001314120483584702,0.0038970418274402617,-2.2584739685058595,0.0022392092272639275,0.015244503319263459
397,325222400,6.239999999999999e-05,0.10938705444335937,0.0008841614425182342,0.004610595703125,0.9998467354654132,41.834423214468174,709078.5688299527,-9.302286198362709e-05,0.003130974993109703,-2.261872100830078,0.00239041093736887,0.01911389231681824
398,326041600,6.179999999999998e-05,0.10990573883056641,0.0008417046070098876,0.004261474609375,0.9997441931853065,41.94940141205362,709253.8922916348,-0.0002605053363367915,0.0036065254360437395,-2.265565299987793,0.0020348204299807547,0.01278955042362213
399,326860800,6.119999999999998e-05,0.10954453468322754,0.0008755946159362793,0.004522705078125,0.9997948191844063,41.97799435752757,707934.2548440997,-0.0002832971513271332,0.002993529476225376,-2.272159767150879,0.0021516729146242143,0.01541748344898224
400,327680000,6.059999999999998e-05,0.10968692779541016,0.0008707141876220703,0.00451904296875,0.9998462563419259,41.97765592169323,706276.0921134704,-0.00036236585583537817,0.0030634328722953796,-2.2785091400146484,0.002363518998026848,0.016950438916683196
401,328499200,5.999999999999998e-05,0.10984251022338867,0.0009378930926322937,0.004686279296875,0.999846923155424,41.828911113378915,705301.9922959282,-0.00023031497839838267,0.0036980822682380677,-2.2829708099365233,0.002083073928952217,0.01271374523639679
402,329318400,5.939999999999998e-05,0.10960464477539063,0.0008773256838321686,0.00478271484375,0.9997946928091156,41.988810758096804,712780.6444806589,-0.00022709108889102937,0.003958009928464889,-2.2869632720947264,0.0020928693935275077,0.013629519939422607
403,330137600,5.879999999999998e-05,0.1094049072265625,0.000927647054195404,0.0048291015625,0.9996932672153775,42.09247993456367,713326.9647428802,-0.00025829053483903406,0.0036560222506523132,-2.2903768539428713,0.002331381291151047,0.015898317098617554
404,330956800,5.819999999999998e-05,0.10993355751037598,0.0008878709375858307,0.004556884765625,0.9998980735908674,41.667159310977475,706597.4226489326,-0.00025225202552974223,0.00327543206512928,-2.292594337463379,0.0023503053933382036,0.017158690094947814
405,331776000,5.759999999999998e-05,0.10924234390258789,0.0009960366785526276,0.0049755859375,0.9998466806357643,41.78739714825983,706169.0440833005,-0.00017828327836468815,0.0049666821956634525,-2.294789695739746,0.0025337755680084227,0.020144280791282655
406,332595200,5.6999999999999976e-05,0.10974016189575195,0.0010030657798051833,0.00476806640625,0.9998977661912795,41.83985073863927,713825.7812879273,-4.675135714933276e-05,0.010407618433237075,-2.2981414794921875,0.0025976862758398055,0.021656854450702666
407,333414400,5.639999999999998e-05,0.10919346809387206,0.0008592976629734039,0.004532470703125,0.9998462248193142,41.937926085396484,715500.3731138604,-0.00010630136821419001,0.003964727744460106,-2.303685188293457,0.0023794976994395258,0.01733679175376892
408,334233600,5.5800000000000015e-05,0.10951053619384765,0.0009907028824090959,0.004991455078125,0.9998462957270212,41.739215083512654,707375.7771731063,-9.836220415309072e-05,0.006930676847696304,-2.3077186584472655,0.0024576673284173014,0.01839330792427063
409,335052800,5.5200000000000014e-05,0.10933032989501953,0.0008582489192485809,0.004583740234375,0.9997437868306431,41.98590827568537,707478.6228961878,-0.0003380092326551676,0.003099075146019459,-2.3108510971069336,0.0022090978920459746,0.013819578289985656
410,335872000,5.460000000000001e-05,0.1093521499633789,0.0010366168618202208,0.005115966796875,0.9997444938423016,41.81118094946088,709839.3661504119,-0.0002659107092767954,0.0042794298380613325,-2.314980316162109,0.002335071936249733,0.016104856133461
411,336691200,5.400000000000001e-05,0.10943992614746094,0.0009287525713443756,0.0047265625,0.9994373689325354,42.28469132013708,715206.3222171739,-0.00012132176198065281,0.0035394478589296343,-2.318319320678711,0.002157768979668617,0.015496093034744262
412,337510400,5.340000000000001e-05,0.10941235542297363,0.0009315510839223862,0.004810791015625,0.9998468293679159,41.85653017461452,713242.5578948358,-0.0002943956293165684,0.004808334633708,-2.3213985443115233,0.0019050018861889839,0.010857542604207992
413,338329600,5.280000000000001e-05,0.10966588020324707,0.0010691303759813309,0.0050537109375,0.9997434055219132,41.930103664169145,710679.1735590807,-0.00039694299921393393,0.005528002232313156,-2.3253810882568358,0.0021034542471170424,0.014027707278728485
414,339148800,5.220000000000001e-05,0.10965434074401856,0.0009324702620506286,0.00482421875,0.9997954905670025,41.80142134055934,710929.8980694286,-0.00022676973603665828,0.003187163174152374,-2.32869815826416,0.001870456151664257,0.011535030603408814
415,339968000,5.160000000000001e-05,0.10911805152893067,0.0009105630964040757,0.004661865234375,0.9999487704918033,41.770747950819676,714877.8727757223,-0.000321789481677115,0.003217171132564545,-2.3321346282958983,0.002098959684371948,0.013964352011680604
416,340787200,5.1000000000000006e-05,0.10957366943359376,0.0009389693289995194,0.00488037109375,0.9996926701838856,41.91374276494391,713132.3795245118,-0.00021409820765256883,0.004391322284936905,-2.3360916137695313,0.0018372062593698501,0.010572387278079987
417,341606400,5.0400000000000005e-05,0.10932014465332031,0.0010641155391931535,0.005172119140625,0.9996416137620315,41.915267253737454,710254.2689333934,-0.00013255191734060646,0.005771220475435257,-2.3406272888183595,0.0021626340225338937,0.01432165652513504
418,342425600,4.9800000000000004e-05,0.1099601936340332,0.0010338383913040161,0.0049169921875,0.9995395477335516,42.16637675227668,710330.5040787127,-0.00025255223736166956,0.008184467256069184,-2.3425941467285156,0.0019731869921088218,0.012449464201927185
419,343244800,4.92e-05,0.10962780952453613,0.0009274584054946899,0.004815673828125,0.9997435634424043,41.87326905323623,714341.7408326883,-0.0004936221055686473,0.004010248929262161,-2.3433094024658203,0.001915919966995716,0.011223875731229783
420,344064000,4.86e-05,0.10901866912841797,0.0009489332884550094,0.004942626953125,0.9998466727997547,41.71711131554738,709388.3142674979,-0.0003402414033189416,0.004484622925519943,-2.346389579772949,0.002082606591284275,0.013681155443191529
421,344883200,4.800000000000001e-05,0.10953448295593261,0.0008299261331558228,0.0046240234375,0.9996935961597385,41.83004800326831,712516.7260278418,-0.0003201748011633754,0.0028456162661314012,-2.3497360229492186,0.002040182612836361,0.013640256226062774
422,345702400,4.740000000000001e-05,0.10973068237304688,0.0008968100696802139,0.00472412109375,0.9995904995904996,42.05246723996724,710904.2769713385,-0.00018077953718602656,0.0032115794718265535,-2.353199768066406,0.002280660718679428,0.017121706902980805
423,346521600,4.6800000000000006e-05,0.10971122741699219,0.0009535345435142517,0.004783935546875,0.9993864089584292,42.25612312726901,706076.8474870702,-0.00028513921424746516,0.0066449098289012905,-2.3558616638183594,0.00206537414342165,0.013178467750549316
424,347340800,4.6200000000000005e-05,0.10990227699279785,0.0009795194864273072,0.00501708984375,0.9997451580020388,41.821049949031604,706960.2236410778,-0.00019009315874427558,0.004109460115432739,-2.358537292480469,0.0019366793334484101,0.012252194434404373
425,348160000,4.5600000000000004e-05,0.11009708404541016,0.0009332652390003205,0.00476318359375,0.9998471103863011,41.70996840281317,712332.4911033211,-0.0004022971726953983,0.003509734943509102,-2.361057662963867,0.0019235311076045037,0.011464477330446244
426,348979200,4.5e-05,0.10969869613647461,0.0009330885112285614,0.0049560546875,0.9997958141909137,41.63981623277182,706086.3432967095,-0.0002971314126625657,0.003977734968066216,-2.363557243347168,0.002177867479622364,0.013898925483226776
427,349798400,4.44e-05,0.1095515537261963,0.0010054463148117066,0.005064697265625,0.9998463823032413,41.8646116032567,703097.7751873822,-0.0002526205964386463,0.004170694202184677,-2.3668575286865234,0.0020605189725756644,0.012095825374126434
428,350617600,4.38e-05,0.10948454856872558,0.0009286632388830185,0.0047705078125,0.9997947876051714,41.82875025651549,701660.076938224,-0.0003230058122426271,0.003474779427051544,-2.3696517944335938,0.002166788838803768,0.013614869117736817
429,351436800,4.32e-05,0.10951480865478516,0.0008767817169427871,0.0046337890625,0.9995410738871042,42.009331497628885,708359.1200417978,-0.00028483704663813115,0.0030587175861001015,-2.3715147018432616,0.0020813265815377235,0.013612182438373565
430,352256000,4.26e-05,0.10967641830444336,0.000904180109500885,0.00482421875,0.9997450540485417,41.76341015704671,706055.1584939827,-0.0002251438796520233,0.003561601787805557,-2.3736486434936523,0.0018843360245227813,0.010220217704772949
431,353075200,4.2e-05,0.10980512619018555,0.0009454630315303802,0.00484130859375,0.9996947030987635,41.805678522362996,703688.8522505754,-0.00022568260319530964,0.004720635339617729,-2.375393867492676,0.0017916308715939522,0.010187864303588867
432,353894400,4.14e-05,0.10978813171386718,0.0009238973259925842,0.004566650390625,0.9995931030975027,41.828747266161436,702282.824019216,-0.00026798287872225045,0.0037821151316165926,-2.3769302368164062,0.002002721838653088,0.012760253250598907
433,354713600,4.08e-05,0.1102312183380127,0.0009638011455535888,0.00503173828125,0.9999492256918,41.47255648641787,704444.2489163557,-0.0002716922899708152,0.0036795839667320253,-2.379705238342285,0.002052842453122139,0.01349816918373108
434,355532800,4.02e-05,0.10998544692993165,0.0008980846405029297,0.00471435546875,0.9998465630114566,41.81807487725041,708455.3371272782,-0.00037420620210468767,0.0030117200687527655,-2.3820465087890623,0.001813136599957943,0.009019041061401367
435,356352000,3.96e-05,0.10977485656738281,0.0009051118046045304,0.0048486328125,0.9998980424143556,41.56907626427406,705312.1655905602,-0.0002953862538561225,0.0036026183515787125,-2.3854175567626954,0.0017469177022576333,0.008117920905351638
436,357171200,3.9e-05,0.11007240295410156,0.000779416561126709,0.0044140625,0.9996438927608485,41.71735259703922,704616.0746078461,-0.0002982923993840814,0.002749823033809662,-2.3884937286376955,0.001979893632233143,0.011866699159145355
437,357990400,3.84e-05,0.10947237014770508,0.0009063979983329772,0.00486572265625,0.9996413383204386,42.01004252702772,705847.5082256194,-0.00024007060565054417,0.003160562738776207,-2.39108943939209,0.0022749952971935273,0.015065918862819671
438,358809600,3.78e-05,0.10997953414916992,0.0009447142481803894,0.005013427734375,0.9997454045521666,41.780385966698915,712246.9198478927,-0.0004285207483917475,0.003746173158288002,-2.393058013916016,0.0021066142246127127,0.01186242774128914
439,359628800,3.7199999999999996e-05,0.10945363998413087,0.0009988628327846528,0.005081787109375,0.9997445330063356,41.86501124054772,713805.166755851,-0.0002272926038131118,0.003343493118882179,-2.3938732147216797,0.0016832999885082246,0.010149780660867691
440,360448000,3.6599999999999995e-05,0.11021717071533203,0.0009721356630325317,0.005023193359375,0.9996942051883186,41.83507466489985,713153.9492804029,-0.00032183961011469366,0.0034724757075309753,-2.3955102920532227,0.002181904949247837,0.012995120882987977
441,361267200,3.5999999999999994e-05,0.11022356986999511,0.001005064845085144,0.005162353515625,0.9998468137254902,41.83205678104575,710986.8778581222,-0.00036959319841116666,0.003137170150876045,-2.397508239746094,0.001600058190524578,0.008384034037590027
442,362086400,3.539999999999999e-05,0.10978725433349609,0.0008790409564971924,0.004501953125,0.9997452488918327,41.88388444489733,700815.9076039323,-0.00033185121137648823,0.003263375908136368,-2.3995683670043944,0.001659528724849224,0.00874328687787056
443,362905600,3.479999999999999e-05,0.11007033348083496,0.0010278844088315964,0.0051611328125,0.9997961783439491,41.7007898089172,710711.497462118,-0.00024297528434544802,0.005028910934925079,-2.4015972137451174,0.0018059322610497475,0.010382811725139617
444,363724800,3.419999999999999e-05,0.10994636535644531,0.0009611596912145614,0.00477294921875,0.999848162769511,41.56640348213382,710200.5914041643,-4.899663617834449e-05,0.006509462743997574,-2.4030487060546877,0.0020217737182974815,0.012570801377296447
445,364544000,3.36e-05,0.10992576599121094,0.0009708873927593231,0.00509033203125,0.9998978914586205,41.59876448664931,703165.3041299294,-0.0003099945141002536,0.003879662975668907,-2.4053676605224608,0.0017763400450348855,0.009830567240715026
446,365363200,3.2999999999999996e-05,0.11003414154052735,0.0010467606037855147,0.00517333984375,0.9997455600223907,41.7410818787848,702328.2579252458,-0.00017435264308005572,0.005223231762647629,-2.407382011413574,0.001911170780658722,0.011457396298646927
447,366182400,3.2399999999999995e-05,0.10988609313964844,0.000972377210855484,0.005069580078125,0.9998472427313,41.68526910738836,700434.092122047,-0.0002915908815339208,0.0047809679061174394,-2.4088579177856446,0.002052244171500206,0.009834226965904237
448,367001600,3.1799999999999994e-05,0.10968616485595703,0.0009344205260276795,0.004915771484375,0.9998469309658656,41.771927139139756,706530.9395545805,-0.00022021562326699496,0.0038025978952646255,-2.4102943420410154,0.0016119994223117828,0.008142699301242829
449,367820800,3.119999999999999e-05,0.10952898979187012,0.0009275204688310623,0.00494140625,0.9997954696528097,41.75507490923966,706918.6423316733,-0.0003464838955551386,0.003201691433787346,-2.4118513107299804,0.001711323857307434,0.008765748143196106
450,368640000,3.059999999999999e-05,0.1097456932067871,0.0009948129951953889,0.0052392578125,0.9998464923502021,41.70715857340224,705120.480410786,-0.0004132173489779234,0.0037168383598327635,-2.4137237548828123,0.0017316937446594238,0.0071672357618808745
451,369459200,2.999999999999999e-05,0.10986091613769532,0.0009955503791570664,0.00506591796875,0.9997447937933851,41.717639853001224,703896.6537993029,-0.00031925325747579337,0.00507163368165493,-2.4158863067626952,0.0015759432688355445,0.008635009825229644
452,370278400,2.939999999999999e-05,0.10977626800537109,0.0010139653831720353,0.005201416015625,0.9995406288280931,41.9447223356472,702954.0609115651,-0.00037329066544771193,0.004014908149838447,-2.417356491088867,0.0017391668632626533,0.009505371004343033
453,371097600,2.879999999999999e-05,0.10972367286682129,0.0009953580051660538,0.00516357421875,0.9996922287766093,42.054988458579125,702416.5027025635,-0.0002826593816280365,0.003970473259687424,-2.418790817260742,0.0017146309837698936,0.008210815489292145
454,371916800,2.819999999999999e-05,0.11013073921203613,0.0009274125099182129,0.004853515625,0.9996444534741975,41.8365501828525,708300.1738455513,-0.0003637157613411546,0.0032850347459316255,-2.4211957931518553,0.0020533347502350806,0.01225317269563675
455,372736000,2.759999999999999e-05,0.11010173797607421,0.0009497039020061493,0.00482421875,0.999695059971539,41.804025208375684,710191.1736917807,-0.00034452173858881,0.003355532139539719,-2.4230724334716798,0.001902672089636326,0.010391724854707718
456,373555200,2.699999999999999e-05,0.11006556510925293,0.0009157237410545349,0.00480712890625,0.9997454952662119,41.72594930265703,710920.8972569497,-0.00031106141395866873,0.0029459582641720773,-2.424076271057129,0.001659298688173294,0.0072227783501148226
457,374374400,2.6399999999999988e-05,0.11060830116271973,0.000898028165102005,0.004732666015625,0.9997454304770633,41.81716816862685,710518.3851416997,-0.00040657203644514086,0.0030820883810520174,-2.42596492767334,0.0018326563760638237,0.00948498398065567
458,375193600,2.5799999999999987e-05,0.11024694442749024,0.0009228826314210892,0.00464111328125,0.9998472349526428,41.6055606477238,716058.3525856745,-0.0002847959753125906,0.004098242521286011,-2.4282907485961913,0.0015978431329131126,0.006354613602161408
459,376012800,2.5199999999999986e-05,0.1100203514099121,0.0008828234672546387,0.00476318359375,0.9999492102189039,41.55183097160851,714482.6050401824,-0.0003592423629015684,0.0033828772604465483,-2.429335594177246,0.0017984572798013688,0.008577026426792145
460,376832000,2.4599999999999985e-05,0.10989567756652832,0.000880565345287323,0.00474853515625,0.999948914431673,41.61997445721584,710155.3887771773,-0.00027067868504673245,0.003005775064229965,-2.4305395126342773,0.001720721647143364,0.007848510891199112
461,377651200,2.3999999999999987e-05,0.1100069522857666,0.0008334368467330933,0.00466552734375,0.9997461800091375,41.657546068328344,696660.0871297917,-0.0003181145526468754,0.002831985801458359,-2.4322721481323244,0.0016657384112477303,0.007804077118635178
462,378470400,2.3399999999999986e-05,0.10998619079589844,0.0009942440688610076,0.0051025390625,0.9996958483297004,41.82252750038019,699366.2576891286,-0.00023619018029421567,0.004735685139894486,-2.4339284896850586,0.0015626057982444763,0.008476442843675613
463,379289600,2.2799999999999985e-05,0.11032389640808106,0.0008729936182498932,0.0046875,0.9998985544002029,41.47202637585595,703923.5325204132,-0.00028277651872485874,0.002689727395772934,-2.4353334426879885,0.001961442828178406,0.008221191167831422
464,380108800,2.2199999999999984e-05,0.11028745651245117,0.0009715947508811951,0.0051416015625,0.9997457411645054,41.75174167302314,704006.3796172146,-0.00032141751144081353,0.003453187644481659,-2.4376577377319335,0.001559187937527895,0.00782751441001892
465,380928000,2.1599999999999983e-05,0.11048399925231933,0.000950029268860817,0.004967041015625,0.9999492102189039,41.51495759053279,698989.4842441753,-0.0002435136353597045,0.004762120917439461,-2.438618278503418,0.0014976191334426403,0.006445799767971039
466,381747200,2.0999999999999982e-05,0.11015320777893066,0.0009325399994850158,0.00496826171875,0.9998475996951994,41.60279400558801,700976.7393502147,-0.0003389042569324374,0.0030852867290377616,-2.438705825805664,0.0014593488536775111,0.005708374083042145
467,382566400,2.0399999999999984e-05,0.1103734016418457,0.000887557715177536,0.004481201171875,0.9997453656549196,41.76787533102465,698426.464255279,-0.0002529745455831289,0.005459142103791237,-2.439082717895508,0.0015269923023879528,0.00654638484120369
468,383385600,1.9799999999999983e-05,0.11018373489379883,0.0008600376546382904,0.004736328125,0.9999494617678274,41.435791176024665,699137.1970985403,-0.000318367313593626,0.003633994609117508,-2.439706230163574,0.001402074471116066,0.0060572512447834015
469,384204800,1.9199999999999982e-05,0.11025298118591309,0.0009822431206703186,0.00518798828125,0.9998477621029128,41.54379376839541,703396.1908769399,-0.00039404849521815775,0.004396489262580872,-2.440481185913086,0.0014628094621002674,0.006221191212534905
470,385024000,1.8600000000000015e-05,0.11064949989318848,0.0009486084431409836,0.00500244140625,0.9999494975001263,41.36174940659563,705734.9125653314,-0.00028463208582252264,0.0038267333060503007,-2.4406307220458983,0.0013905128464102745,0.005877196416258812
471,385843200,1.8000000000000014e-05,0.10996940612792969,0.0009156258404254913,0.004915771484375,0.9998979800040808,41.589063456437465,704416.6005876734,-0.0003863081568852067,0.003333735093474388,-2.441302680969238,0.0014301389455795288,0.005885985866189003
472,386662400,1.7400000000000013e-05,0.11040659904479981,0.0009583285450935363,0.005084228515625,0.9996963255390222,41.6808381415123,702401.617648954,-0.00034638261422514915,0.0038445327430963517,-2.4423654556274412,0.001723017729818821,0.0072774656116962435
473,387481600,1.6800000000000012e-05,0.11067710876464844,0.0009816743433475495,0.0051513671875,0.9997970367363507,41.54272376699817,707109.974829197,-0.00021809197496622801,0.0044880654662847515,-2.4436319351196287,0.0012569919228553772,0.004790527001023293
474,388300800,1.6200000000000014e-05,0.1101786231994629,0.0009071397781372071,0.0050390625,0.9998475764658064,41.60705212884869,714353.9001880925,-0.000442573195323348,0.0034070704132318497,-2.4447610855102537,0.0013802134431898593,0.005696654692292214
475,389120000,1.5600000000000013e-05,0.11024497985839844,0.0009170763194561004,0.005015869140625,0.9998482165443967,41.633999494055146,715129.0462597416,-0.0003742314176633954,0.0033945020288228987,-2.4461027145385743,0.00165362861007452,0.006595823913812637
476,389939200,1.5000000000000012e-05,0.11064285278320313,0.0008538547903299331,0.00476318359375,1.0,41.28695345201473,712719.7845070442,-0.00035262033343315126,0.0029578797519207002,-2.4472665786743164,0.001606021821498871,0.006548706442117691
477,390758400,1.4400000000000011e-05,0.11063600540161132,0.0009892432391643525,0.00515625,0.9999492308473371,41.44407777834188,711925.2353209389,-0.00032359771430492403,0.0033195730298757552,-2.448046875,0.0014887318946421146,0.004730712249875068
478,391577600,1.3800000000000012e-05,0.11040650367736816,0.0008826066553592682,0.004656982421875,0.9997454434375318,41.724264331534464,715884.2075715577,-0.00028411131352186204,0.0029393425211310387,-2.4490528106689453,0.0015148880891501903,0.004426391422748565
479,392396800,1.320000000000001e-05,0.11026361465454101,0.0009925088286399841,0.0053076171875,0.9998986418001217,41.5635009122238,704127.0303940962,-0.0002590164076536894,0.003684934228658676,-2.449259948730469,0.0011476978659629821,0.0033310547471046446
480,393216000,1.260000000000001e-05,0.10989566802978516,0.0008943536877632141,0.0048779296875,1.0,41.57656512231094,707759.6968631296,-0.00035043556708842517,0.0030135884881019592,-2.4497528076171875,0.0015936445444822312,0.004889770597219467
481,394035200,1.2000000000000009e-05,0.11050542831420898,0.0009722203761339188,0.005184326171875,0.99974679698182,41.56043956043956,710451.064502345,-0.00039165494963526725,0.002964266389608383,-2.4510143280029295,0.0016962992027401923,0.0059969469904899595
482,394854400,1.140000000000001e-05,0.11047821044921875,0.0009503792971372604,0.004991455078125,0.9999492127983748,41.60594210259015,708988.7514568976,-0.00029160857666283847,0.0031204089522361756,-2.4518863677978517,0.0010550833307206632,0.0026197506114840506
483,395673600,1.0800000000000008e-05,0.11045738220214844,0.0008620207011699677,0.004898681640625,0.9997973041451302,41.627292996858216,716980.2416915813,-0.00035689910873770714,0.003064948320388794,-2.4524879455566406,0.001151096448302269,0.0037166748195886614
484,396492800,1.0200000000000007e-05,0.11057598114013673,0.0009460791945457459,0.004935302734375,1.0,41.41288032454361,709022.3202700767,-0.0002595911966636777,0.0034596022218465806,-2.4527799606323244,0.001013158168643713,0.003045654483139515
485,397312000,9.600000000000008e-06,0.11033400535583496,0.0010003438591957093,0.0053759765625,0.9999492746271685,41.531449731155526,711127.0355016361,-0.00028098297771066426,0.0039988279342651365,-2.453139877319336,0.001315465196967125,0.0038825694471597673
486,398131200,9.000000000000007e-06,0.11022468566894532,0.0008902829885482788,0.00491943359375,0.9997970470343498,41.54391394794256,710035.4529648373,-0.00037564458325505256,0.002983960509300232,-2.4535120010375975,0.0017709065228700637,0.006046995893120766
487,398950400,8.400000000000006e-06,0.11033042907714843,0.0010375681519508362,0.005172119140625,0.9998983584896072,41.52004878792499,715015.6744949106,-0.0002475312678143382,0.0036798600107431413,-2.4538619995117186,0.00141642764210701,0.003585083782672882
488,399769600,7.800000000000007e-06,0.11059225082397461,0.0009991706162691117,0.005257568359375,0.9998480858821146,41.57661535345351,712967.9594779332,-0.0002774429973214865,0.0035046692937612534,-2.454693412780762,0.001159420982003212,0.002734985202550888
489,400588800,7.200000000000006e-06,0.11044875144958496,0.0009598515182733536,0.00512451171875,0.9996962025316456,41.6493670886076,710480.066021607,-0.00028063945937901736,0.00454287938773632,-2.4555532455444338,0.0014261753298342229,0.0034163814038038255
490,401408000,6.600000000000005e-06,0.11084251403808594,0.0009443491697311401,0.005179443359375,0.9998479087452471,41.59335868187579,710444.5642862923,-0.00019377702847123146,0.003654045984148979,-2.4563207626342773,0.000932420790195465,0.0020582275465130806
491,402227200,6.000000000000004e-06,0.11080089569091797,0.0009215793013572693,0.004830322265625,1.0,41.41336708860759,714489.6124566473,-0.0003064206801354885,0.004067502170801163,-2.456754684448242,0.0009184707887470722,0.0026417233049869536
492,403046400,5.400000000000004e-06,0.11023226737976075,0.0010280725359916687,0.00523193359375,1.0,41.34173100365705,712916.4159748389,-0.0003220530925318599,0.005879770964384079,-2.456765365600586,0.001063417363911867,0.003049315698444843
493,403865600,4.800000000000004e-06,0.11067150115966796,0.0009311642497777939,0.00505615234375,0.9997472449701749,41.587149934283694,710487.3716130219,-0.0002790287137031555,0.0030896106734871866,-2.456693649291992,0.001377379335463047,0.0028908690437674522
494,404684800,4.200000000000003e-06,0.11036142349243164,0.00089876689016819,0.004954833984375,0.9999491973176183,41.49624060150376,711116.7994092988,-0.00027102003805339335,0.002869545295834541,-2.456897735595703,0.0011307410895824432,0.0026663819327950476
495,405504000,3.600000000000003e-06,0.11037998199462891,0.0009070474654436112,0.00471923828125,0.9998480858821146,41.506177840794,716824.8849865067,-0.0002505151554942131,0.002980252727866173,-2.457187271118164,0.0011534499935805798,0.002616699039936066
496,406323200,3.000000000000002e-06,0.11050268173217774,0.0008793689310550689,0.004495849609375,0.9999492282696995,41.428818034118606,710518.8239133754,-0.0002681126119568944,0.0028661869466304777,-2.457353210449219,0.0010793980211019516,0.0024779051542282104
497,407142400,2.400000000000002e-06,0.11013481140136719,0.0009138910472393036,0.004676513671875,0.9997971602434077,41.598630831643,710663.3758704285,-0.00016713469522073866,0.0035553622990846636,-2.4573692321777343,0.0010857946239411832,0.00201721228659153
498,407961600,1.8000000000000014e-06,0.11077552795410156,0.0009373012185096741,0.004991455078125,0.9996449944213409,41.68399431991074,696143.6485496094,-0.0002551805227994919,0.0038870688527822494,-2.4573814392089846,0.0009167967364192009,0.002343505807220936
499,408780800,1.200000000000001e-06,0.11074789047241211,0.0010237596929073335,0.00521240234375,0.9997986914947157,41.47060895822848,705416.8892262821,-0.0001415812410414219,0.0036750294268131254,-2.457415771484375,0.0008498326875269413,0.001327026356011629
500,409600000,6.000000000000005e-07,0.11073391914367675,0.0008732925355434417,0.00483154296875,0.999949479640295,41.36010912397696,710778.9892318078,-0.00014932535123080015,0.0028533145785331728,-2.4574359893798827,0.000554461358115077,0.0007878418080508709
