update,env_steps,lr,reward_per_step,cost_per_step,violation_rate,success_rate,mean_episode_length,steps_per_sec,policy_loss,value_loss,entropy,approx_kl,clip_frac
1,819200,0.0003,-0.0017348325252532959,0.0014814424514770508,0.004462890625,1.0,106.11666666666666,568390.3963160431,-0.0024652799591422083,0.08226011395454406,1.8269235610961914,0.004937519878149032,0.055450439453125
2,1638400,0.00029939999999999996,-0.004361589252948761,0.005929396152496338,0.01766845703125,1.0,279.8510638297872,758691.9548114843,-0.0018139751628041267,0.3135598421096802,1.802475929260254,0.006275486946105957,0.07741127014160157
3,2457600,0.0002988,-0.0005392124503850937,0.013007569313049316,0.036904296875,1.0,497.9142857142857,759896.2674474524,-0.00157842505723238,0.6879434585571289,1.775553321838379,0.005373014882206917,0.06070019006729126
4,3276800,0.0002982,0.005035276412963867,0.017576534748077393,0.051263427734375,1.0,699.0882352941177,759553.4136968945,-0.0012874018400907516,0.7610440254211426,1.7520349502563477,0.00398038923740387,0.03719310462474823
5,4096000,0.00029759999999999997,0.003168463110923767,0.010031224489212036,0.0308349609375,0.032514080901177675,995.6093189964158,764095.6241599381,-0.002182302065193653,0.432499361038208,1.7351350784301758,0.006314524263143539,0.08000487089157104
6,4915200,0.00029699999999999996,0.005791139006614685,0.0024133297801017762,0.0070849609375,0.676829268292683,411.2865853658537,760520.4154009017,-0.00486910454928875,0.11988433599472045,1.7151594161987305,0.0081607885658741,0.11213548183441162
7,5734400,0.0002964,0.0034117841720581053,0.0028583937883377075,0.00861572265625,0.8458498023715415,412.94466403162056,763045.337908338,-0.0029472259804606436,0.1257866382598877,1.6956878662109376,0.007622148096561432,0.10281592607498169
8,6553600,0.0002958,0.0028926971554756164,0.0014751458168029785,0.0048046875,0.8773946360153256,542.0,767467.4022804059,-0.0033669590950012205,0.06456568837165833,1.6770380020141602,0.006364948302507401,0.07872718572616577
9,7372800,0.00029519999999999997,0.0032675319910049436,0.001190871000289917,0.003306884765625,0.8372093023255814,672.9244186046511,753833.8999603413,-0.0034234173595905303,0.0582403838634491,1.663334274291992,0.006094048917293549,0.0774687647819519
10,8192000,0.00029459999999999995,0.004571099281311036,0.0005451818183064461,0.00184326171875,0.13403298350824588,960.2845577211394,763262.3267006825,-0.004819121956825256,0.029182785749435426,1.6528547286987305,0.00616949275135994,0.07790723443031311
11,9011200,0.000294,0.013993878364562989,0.0010008851438760757,0.003065185546875,0.8959700093720713,274.51265229615746,760361.6682976937,-0.004032622277736664,0.06292495131492615,1.6278539657592774,0.005014753341674805,0.05414331555366516
12,9830400,0.0002934,0.008170098066329956,0.0010833558440208435,0.00300048828125,0.8867383512544803,333.631541218638,757699.0536597185,-0.002831306122243404,0.057691925764083864,1.6053783416748046,0.00453995019197464,0.04678111970424652
13,10649600,0.00029279999999999996,0.007499538660049439,0.0010194123536348342,0.002552490234375,0.8990129081245254,344.9855732725892,761392.812334963,-0.002360329031944275,0.06407403349876403,1.5869668006896973,0.004439080506563187,0.047833865880966185
14,11468800,0.00029219999999999995,0.007264493703842163,0.0008463729172945023,0.00208251953125,0.8692307692307693,357.40153846153845,746278.0303163764,-0.0021966883912682535,0.06263240575790405,1.5703547477722168,0.004156552255153656,0.044042959809303284
15,12288000,0.0002916,0.008659343123435975,0.0003571274131536484,0.001175537109375,0.49981811567842854,633.2597308112041,758797.421582905,-0.0033464811742305754,0.028352683782577513,1.5561728477478027,0.004424890503287315,0.04908178448677063
16,13107200,0.00029099999999999997,0.021038167476654053,0.0006901547312736511,0.00216064453125,0.882730455075846,262.0309218203034,755157.2896647283,-0.003172754868865013,0.05020117163658142,1.533121109008789,0.0038162939250469207,0.03452563881874084
17,13926400,0.00029039999999999996,0.026627776622772218,0.0008112268149852753,0.002669677734375,0.9266973763268576,220.0254356098538,756942.7668987694,-0.0033736668527126314,0.048050534725189206,1.5070815086364746,0.004036321491003037,0.03778673708438873
18,14745600,0.00028979999999999994,0.034165654182434085,0.0009585478156805038,0.002889404296875,0.9699530516431925,160.78779342723004,759080.9926660113,-0.002792220376431942,0.05806826949119568,1.484003734588623,0.004034408181905746,0.03801684379577637
19,15564800,0.0002892,0.041951656341552734,0.0009526443481445312,0.003099365234375,0.9892875580795044,121.80278781621064,749727.0662189432,-0.002659967541694641,0.049410107731819156,1.46077880859375,0.004245666041970253,0.039348873496055606
20,16384000,0.00028859999999999997,0.05021682739257813,0.0011395686864852906,0.00372314453125,0.9951440595662027,101.86727096147621,761375.0702454232,-0.0026588190346956255,0.043933558464050296,1.4352507591247559,0.004400241002440452,0.040448978543281555
21,17203200,0.00028799999999999995,0.057150659561157224,0.0011890126764774322,0.00368408203125,0.9979836773883821,86.57081132981277,757264.6873319382,-0.0029433738440275193,0.03573270738124847,1.4116069793701171,0.005098747834563255,0.05404394865036011
22,18022400,0.00028739999999999994,0.06327132701873779,0.0012681028246879578,0.003974609375,0.9995627841902763,75.68948933193424,759438.0553770784,-0.0032566867768764494,0.03203901648521423,1.384618377685547,0.005820764973759651,0.06612096428871155
23,18841600,0.0002868,0.06717929840087891,0.001203116476535797,0.0038134765625,0.9995090016366612,69.32184942716857,766865.1712444825,-0.003413548693060875,0.028819078207015993,1.3581319808959962,0.006053664162755013,0.07144775986671448
24,19660800,0.00028619999999999996,0.07142295837402343,0.0011990407109260558,0.0035009765625,0.999844261018533,65.34574053885687,759618.1495221985,-0.003228474035859108,0.026183098554611206,1.330228042602539,0.006013656407594681,0.06951479315757751
25,20480000,0.00028559999999999995,0.07519664287567139,0.0010980598628520966,0.00370361328125,0.9999263243203419,61.08583216680174,764513.179759328,-0.0034468185156583788,0.020951420068740845,1.3020485877990722,0.005975131690502167,0.0672741711139679
26,21299200,0.000285,0.07814291954040527,0.001159682497382164,0.003531494140625,1.0,58.94617241869053,762726.8036499518,-0.0032617654651403427,0.021977704763412476,1.2734893798828124,0.005929325520992279,0.06481541991233826
27,22118400,0.0002844,0.08131937026977538,0.001168055236339569,0.003543701171875,1.0,56.54532314680983,762688.4831551518,-0.0028647439554333686,0.020253798365592955,1.2436272621154785,0.005665216222405433,0.059743040800094606
28,22937600,0.00028379999999999996,0.08440618515014649,0.0012756180763244629,0.003902587890625,1.0,54.61415975786288,756092.4127099193,-0.002591853030025959,0.019881939888000487,1.2129819869995118,0.0053687188774347305,0.05496007800102234
29,23756800,0.00028319999999999994,0.08739656448364258,0.0011411681771278381,0.003443603515625,1.0,52.4970689435453,756648.0328015857,-0.002652505598962307,0.017673571407794953,1.1812070846557616,0.005433419346809387,0.05498132109642029
30,24576000,0.0002826,0.08979900360107422,0.0012601327896118164,0.00378662109375,1.0,51.29794648413192,759415.0141764085,-0.0022150745615363123,0.01777244657278061,1.1532604217529296,0.004980612546205521,0.04704821407794953
31,25395200,0.00028199999999999997,0.09211753845214844,0.0011421148478984833,0.003590087890625,1.0,49.98186244674376,755018.5997281763,-0.0023401249200105667,0.01654909998178482,1.1259787559509278,0.005023107305169106,0.047207769751548764
32,26214400,0.00028139999999999996,0.09330957412719726,0.0011153967678546905,0.003419189453125,1.0,49.24737631184408,757820.7965348788,-0.0021614009514451028,0.01585221439599991,1.0988266944885254,0.004860148578882217,0.04398657083511352
33,27033600,0.00028079999999999994,0.09511348724365234,0.001117960512638092,0.00347412109375,1.0,48.214214566121754,761340.0086417323,-0.001956680603325367,0.014406995475292205,1.073041820526123,0.004609670862555504,0.039820796251296996
34,27852800,0.0002802,0.09689440727233886,0.001121012344956398,0.003370361328125,1.0,47.310259365994234,743714.9947839432,-0.002103845402598381,0.013711278140544892,1.0486845970153809,0.004789663851261139,0.042724248766899106
35,28672000,0.00027959999999999997,0.09803958892822266,0.0010481544584035874,0.003236083984375,1.0,46.764175698802056,759060.4686287038,-0.0016822295263409614,0.012612394988536835,1.0242530822753906,0.0042860213667154316,0.03522399663925171
36,29491200,0.00027899999999999995,0.09969083786010742,0.0011784319579601287,0.003563232421875,1.0,46.29673356946084,753898.1962646511,-0.0014164283871650695,0.014181666076183319,1.0003454208374023,0.0040570847690105435,0.030093508958816528
37,30310400,0.0002784,0.10064215660095215,0.0013598829507827758,0.00403564453125,1.0,45.573796018240465,757767.4762446592,-0.001253462117165327,0.01464887261390686,0.9801298141479492,0.0038280993700027465,0.02734179198741913
38,31129600,0.0002778,0.10128381729125976,0.0011427447199821473,0.003585205078125,1.0,45.149718760339695,754818.250517224,-0.0014701020903885365,0.012301439791917801,0.9606123924255371,0.003990976884961128,0.02996325194835663
39,31948800,0.0002772,0.10250349044799804,0.0011606068164110184,0.003502197265625,1.0,44.74982305221321,752337.8022666028,-0.0012666854076087476,0.012340577691793442,0.9398392677307129,0.003890702873468399,0.027509647607803344
40,32768000,0.0002766,0.10343844413757325,0.0011052267253398894,0.00339111328125,1.0,44.248554600961796,762648.1224495309,-0.0012333536520600318,0.011106179654598236,0.921143627166748,0.003718218207359314,0.025941523909568786
41,33587200,0.000276,0.10422517776489258,0.0011363391578197478,0.003468017578125,1.0,43.86026575225032,756493.533954564,-0.0013462524861097337,0.011437556892633437,0.9017400741577148,0.0037686746567487718,0.02589501440525055
42,34406400,0.00027539999999999997,0.10451675415039062,0.0012122969329357147,0.003673095703125,1.0,44.002033608048805,765441.3479104849,-0.0011252512224018574,0.011838161200284959,0.8843907356262207,0.00355226993560791,0.023337769508361816
43,35225600,0.0002748,0.10536529541015625,0.0011584299802780151,0.003516845703125,1.0,43.298587973980645,762068.574082404,-0.0010695958510041237,0.011069020628929139,0.8662476539611816,0.0034800298511981965,0.02100854516029358
44,36044800,0.0002742,0.10663546562194824,0.0011834904551506042,0.003697509765625,1.0,43.134730538922156,762952.0341585383,-0.0009878557175397873,0.010868340730667114,0.8455057144165039,0.0032372403889894485,0.021261104941368104
45,36864000,0.0002736,0.10675446510314941,0.001135791391134262,0.003487548828125,1.0,42.96205990541251,761615.5108274966,-0.0009361106902360916,0.010467356443405152,0.8267492294311524,0.003334876149892807,0.02105078250169754
46,37683200,0.00027299999999999997,0.10761117935180664,0.0012025779485702515,0.00362060546875,1.0,42.77495699317104,760837.9660686523,-0.0008063454180955887,0.010561279952526093,0.8087046623229981,0.003152896463871002,0.01918640285730362
47,38502400,0.0002724,0.10806398391723633,0.0011323586106300354,0.003436279296875,1.0,42.68297883405273,759213.376016423,-0.000953841209411621,0.010233486443758011,0.7909115791320801,0.0031547218561172484,0.019084846973419188
48,39321600,0.0002718,0.10866985321044922,0.001331310272216797,0.0040380859375,1.0,42.340601426061795,760869.5114534808,-0.0008264337666332722,0.010851790010929108,0.7770302772521973,0.0030275365337729455,0.01774243265390396
49,40140800,0.0002712,0.10925214767456054,0.0011443357914686203,0.00342041015625,1.0,42.05568111773166,756428.8145479364,-0.000697815464809537,0.010081242769956589,0.7594522953033447,0.002862715721130371,0.01628466695547104
50,40960000,0.00027059999999999996,0.10975584030151367,0.001186383068561554,0.0036572265625,1.0,42.02191612473757,761434.2038177303,-0.0007602164056152106,0.010107894241809846,0.7410950183868408,0.0028115671128034593,0.016304194927215576
51,41779200,0.00027,0.11023689270019531,0.0010992228984832765,0.0034228515625,1.0,41.63934676434676,756301.5124362384,-0.000737790809944272,0.009307602047920227,0.7233677387237549,0.002902974188327789,0.017109861969947814
52,42598400,0.0002694,0.1103769588470459,0.0011761964112520218,0.0035302734375,1.0,41.72298604745901,759975.8608530934,-0.000693234708160162,0.009581953287124634,0.707652235031128,0.0029640670865774153,0.016136841475963594
53,43417600,0.0002688,0.11086847305297852,0.0010867612063884735,0.003331298828125,1.0,41.442436208991495,761391.1961481713,-0.0007929347455501556,0.009027165174484254,0.6934493541717529,0.0028490100055933,0.01637207269668579
54,44236800,0.00026819999999999996,0.11141931533813476,0.0011486651003360748,0.00353271484375,1.0,41.27329348535838,745109.0395092859,-0.0006680144462734461,0.009261763840913772,0.6747155666351319,0.0024400407448410986,0.013942381739616394
55,45056000,0.0002676,0.11171538352966309,0.001074077934026718,0.0033984375,1.0,41.155720818049346,758929.5997914439,-0.0006189656909555197,0.00851142555475235,0.6531903743743896,0.002822231501340866,0.014769168198108673
56,45875200,0.000267,0.11158385276794433,0.0011980742216110229,0.003623046875,1.0,41.015562449959965,754814.763471179,-0.000575291458517313,0.009217631071805954,0.6317503452301025,0.0023782802745699883,0.012114135921001435
57,46694400,0.00026639999999999997,0.11225358963012695,0.0012436901032924653,0.003895263671875,1.0,40.918275482644795,758789.9340945096,-0.0004989721346646547,0.009251992404460906,0.6133807182312012,0.002231966145336628,0.01120617687702179
58,47513600,0.00026579999999999996,0.11301823616027833,0.0011799079924821854,0.0037060546875,1.0,40.97682069687453,754765.9592191621,-0.0004669475369155407,0.008481246232986451,0.5974325656890869,0.0021242184564471247,0.010606323927640915
59,48332800,0.0002652,0.11238547325134278,0.0012536025047302246,0.0037353515625,1.0,40.76163428001993,755804.1131772597,-0.0005543169565498829,0.009093002229928971,0.5774250984191894,0.002538879029452801,0.012736815214157104
60,49152000,0.0002646,0.11303916931152344,0.0011276475340127946,0.003514404296875,1.0,40.68377854051634,766342.2806413632,-0.0004875888116657734,0.008028192818164826,0.5613471984863281,0.0022837193682789803,0.011225952208042145
61,49971200,0.00026399999999999997,0.11341135025024414,0.0012391509115695953,0.0036572265625,1.0,40.57701058462756,760492.226907882,-0.0005260466597974301,0.009104807674884797,0.5448654174804688,0.0023782724514603616,0.011175413429737092
62,50790400,0.00026339999999999995,0.11366216659545898,0.0010989484935998916,0.0034765625,1.0,40.35489742706745,764891.448090906,-0.00044665648601949215,0.008280442655086517,0.5293221950531006,0.002486036531627178,0.013556642830371857
63,51609600,0.0002628,0.11379894256591797,0.0011199194192886353,0.003514404296875,1.0,40.358662464296266,761149.0560800255,-0.000490734726190567,0.00781315341591835,0.5128166198730468,0.0024670081213116644,0.012171262502670288
64,52428800,0.0002622,0.11425224304199219,0.0010515834391117097,0.00332275390625,1.0,40.360529814368014,762018.4317373439,-0.0003335844958201051,0.007537081092596054,0.49511399269104006,0.002078009210526943,0.01075121909379959
65,53248000,0.00026159999999999996,0.11405204772949219,0.0011693860590457916,0.00364013671875,1.0,40.14295519168546,761243.6786780969,-0.0004155599046498537,0.008040291070938111,0.4766779899597168,0.002321847155690193,0.011656861007213592
66,54067200,0.000261,0.11447996139526367,0.0012402814626693726,0.003861083984375,1.0,40.17618837812699,757112.6548709293,-0.0004479209426790476,0.007999026030302048,0.458950138092041,0.002283516339957714,0.010835693031549454
67,54886400,0.0002604,0.11451799392700196,0.0011050289869308472,0.00339111328125,1.0,40.00435847208619,760770.4377580325,-0.0003480423940345645,0.007757502794265747,0.44468069076538086,0.002042657509446144,0.009098020941019058
68,55705600,0.00025979999999999997,0.11490974426269532,0.0012631456553936005,0.003778076171875,1.0,40.119302883438586,760928.9999834922,-0.0003117121290415525,0.008273638784885406,0.4285136699676514,0.002171800285577774,0.010201416164636611
69,56524800,0.00025919999999999996,0.1151011848449707,0.0012080257385969162,0.00371337890625,1.0,39.908196561632494,757918.115332734,-0.00024266799446195363,0.007956351339817046,0.4133154392242432,0.002099498361349106,0.010796630382537841
70,57344000,0.0002586,0.11528755187988281,0.0012655164301395416,0.003824462890625,1.0,39.91427736942024,762411.5033273841,-0.0004620127379894257,0.00787385255098343,0.3982469320297241,0.002110825851559639,0.010474610328674316
71,58163200,0.000258,0.11553768157958984,0.0012181511521339417,0.0037939453125,1.0,39.906021631102014,758855.8032043426,-0.000341732194647193,0.007686442881822586,0.3828765630722046,0.0019618401303887366,0.008920654654502869
72,58982400,0.00025739999999999997,0.11534576416015625,0.0011365893483161926,0.003424072265625,1.0,39.815600077805875,761045.4458295053,-0.0004115424118936062,0.007606550306081772,0.36594481468200685,0.0022971222177147867,0.011414430290460586
73,59801600,0.00025679999999999995,0.11539613723754882,0.0012133157253265382,0.003680419921875,1.0,39.83365720948309,764863.8867213572,-0.0003238965990021825,0.007680857926607132,0.35017282962799073,0.0020276337862014772,0.01022619530558586
74,60620800,0.0002562,0.11564613342285156,0.0011640489846467972,0.003594970703125,1.0,39.64668891791225,746759.3420929688,-0.0003518627258017659,0.007351900637149811,0.3368795394897461,0.0020542174577713014,0.009483397752046586
75,61440000,0.0002556,0.11582925796508789,0.0011728229373693467,0.003587646484375,1.0,39.77201770169722,760203.5145361784,-0.0002456342801451683,0.007510042935609818,0.3238227367401123,0.0018485896289348602,0.00789807066321373
76,62259200,0.00025499999999999996,0.11623376846313477,0.0011344777047634124,0.003583984375,1.0,39.75684848484848,758427.5324665572,-0.0002844818402081728,0.0071412533521652225,0.3124091386795044,0.001892475038766861,0.009047242254018784
77,63078400,0.00025439999999999995,0.11612146377563476,0.0012690497934818269,0.003914794921875,1.0,39.66644031624388,761312.069220171,-0.0002942607272416353,0.007447396218776703,0.299419641494751,0.002025846391916275,0.009815794974565506
78,63897600,0.0002538,0.11572664260864257,0.001262255758047104,0.003868408203125,1.0,39.80708642334351,766320.6812607325,-0.00027180504985153676,0.0073349691927433016,0.2847383975982666,0.001962137594819069,0.008460447937250138
79,64716800,0.0002532,0.11587673187255859,0.0012090754508972167,0.00368408203125,1.0,39.68908826382153,757414.5027394001,-0.0003581742523238063,0.006905314326286316,0.2701414585113525,0.0021797114983201026,0.011374145001173019
80,65536000,0.00025259999999999996,0.11600042343139648,0.0012919139862060548,0.0039599609375,1.0,39.57953281423804,766671.7969441015,-0.00032176501117646693,0.007398096472024917,0.2569553852081299,0.002063218131661415,0.009593627601861953
81,66355200,0.00025199999999999995,0.11654291152954102,0.0011900331825017928,0.003583984375,1.0,39.73220421001694,765711.6249263148,-0.0002452041953802109,0.007011330127716065,0.24497599601745607,0.0019394440576434135,0.009708128869533539
82,67174400,0.0002514,0.11601987838745118,0.0012121188640594482,0.0037109375,1.0,39.507325564527825,761603.494357809,-0.0004046198446303606,0.006744088232517242,0.2338484525680542,0.002095518819987774,0.010775144398212432
83,67993600,0.00025079999999999997,0.11627737045288086,0.0011825253814458847,0.003641357421875,1.0,39.71163444299074,766661.2037294781,-0.0003622563323006034,0.0069137483835220335,0.21934380531311035,0.002005094662308693,0.010027466714382172
84,68812800,0.00025019999999999996,0.11672883033752442,0.001115468218922615,0.00342529296875,1.0,39.51399393034347,753407.5933024521,-0.0002663150429725647,0.006459058821201324,0.20670664310455322,0.001841302588582039,0.008042236417531967
85,69632000,0.00024959999999999994,0.11666626930236816,0.0013360761106014252,0.00400146484375,1.0,39.51882562792267,762925.1132966994,-0.00025124682579189537,0.007146488130092621,0.1890593647956848,0.0020282164216041563,0.010121702402830123
86,70451200,0.000249,0.11676641464233399,0.001155475303530693,0.0036181640625,1.0,39.25912426262529,761238.315211054,-0.00034913273993879556,0.006502182781696319,0.1758654832839966,0.0018917480483651161,0.008657591789960862
87,71270400,0.0002484,0.11651836395263672,0.0012077336013317109,0.003660888671875,1.0,39.375336409073434,757024.5991924934,-0.00028611549641937016,0.00654841884970665,0.16442420482635497,0.0018974022939801216,0.008448608219623566
88,72089600,0.0002478,0.11716321945190429,0.0012268953025341034,0.00382080078125,1.0,39.43482864844051,759747.8800220564,-0.0002880239393562078,0.0066814921796321865,0.15157992839813234,0.0019288768991827965,0.008603881299495696
89,72908800,0.0002472,0.11679618835449218,0.0012245340645313262,0.00377685546875,1.0,39.41158082046843,756955.6768742622,-0.00035974346101284025,0.006649639457464218,0.13882250785827638,0.001925673708319664,0.008222535252571106
90,73728000,0.0002466,0.1172223949432373,0.0012402059137821197,0.00373779296875,1.0,39.32500960430273,760425.120366779,-0.00024619156029075383,0.006383740901947021,0.1298003911972046,0.0016844529658555985,0.0065573729574680325
91,74547200,0.000246,0.11736869812011719,0.0011837412416934967,0.003648681640625,1.0,39.243691040559305,763633.3152778706,-0.00036067194305360316,0.006081253662705422,0.1216043472290039,0.0018549118191003799,0.009610352665185928
92,75366400,0.0002454,0.1173066520690918,0.001104198843240738,0.00343017578125,1.0,39.29906049276196,758580.7235076824,-0.0003441595006734133,0.0059766113758087155,0.10766997337341308,0.0018861915916204453,0.008773315697908401
93,76185600,0.0002448,0.11742940902709961,0.001156557947397232,0.00357177734375,1.0,39.11762736187515,762858.0868234072,-0.00033765193074941635,0.005698395147919655,0.09645421504974365,0.0018054550513625146,0.008289548754692077
94,77004800,0.00024419999999999997,0.11760552406311035,0.001308295577764511,0.00391845703125,1.0,39.135317932841154,746210.0143880299,-0.00026523261331021784,0.00624876506626606,0.08533456325531005,0.0017976870760321618,0.007856445014476776
95,77824000,0.00024359999999999999,0.11748836517333984,0.0011533154547214508,0.003555908203125,1.0,39.11767235201376,759350.2410232764,-0.00023213585373014212,0.005661030858755111,0.07726031541824341,0.0018553303554654122,0.00836486741900444
96,78643200,0.000243,0.11782476425170899,0.001167008876800537,0.0036279296875,1.0,39.241181256880296,763573.8553988249,-0.00032081271056085827,0.005620568245649338,0.06622301936149597,0.0018485965207219123,0.007066285610198975
97,79462400,0.00024239999999999998,0.1172861099243164,0.0012612184882164002,0.0038037109375,1.0,39.128715244487054,758140.4121384085,-0.0002736134920269251,0.00618421733379364,0.05306568145751953,0.0018002429977059364,0.006880371272563935
98,80281600,0.0002418,0.11766935348510742,0.0011403854191303253,0.003502197265625,1.0,39.18944054943483,766705.7999149988,-0.000294796796515584,0.005626409128308296,0.04010249376296997,0.0017905961722135544,0.007987550646066665
99,81100800,0.00024119999999999998,0.11756611824035644,0.0012525367736816407,0.003753662109375,1.0,39.01031764986864,756989.954706072,-0.00028284674044698477,0.005629994720220566,0.0257027268409729,0.0019460313022136688,0.009270021319389343
100,81920000,0.0002406,0.11800273895263672,0.001346076726913452,0.004073486328125,1.0,39.07265892653216,762999.576924028,-0.0002940251724794507,0.006054289266467094,0.010472242534160615,0.0016915159299969672,0.006975340843200684
101,82739200,0.00023999999999999998,0.11792495727539062,0.001126534715294838,0.003466796875,1.0,39.05440686040972,767078.9418786028,-0.00025013359263539316,0.005263649299740792,-0.003928491473197937,0.001820000633597374,0.007956421375274659
102,83558400,0.0002394,0.11799758911132813,0.0011671379953622817,0.00362060546875,1.0,39.002144491040795,759043.7936655933,-0.00019648622255772353,0.00506507083773613,-0.018328432738780976,0.0019708139821887015,0.008784545958042145
103,84377600,0.0002388,0.11804393768310546,0.0011965465545654298,0.003682861328125,1.0,39.14151258898285,755807.2224723435,-0.0002761947689577937,0.00509229488670826,-0.03178417682647705,0.0018798371776938439,0.008482299745082855
104,85196800,0.0002382,0.11798131942749024,0.00113060861825943,0.0035107421875,1.0,39.030777280943774,761920.0137819097,-0.00016990231815725565,0.005419895425438881,-0.039073210954666135,0.0019402911886572838,0.00893249362707138
105,86016000,0.0002376,0.11792490005493164,0.001088152900338173,0.0033935546875,1.0,38.813907096038754,758663.404227843,-0.00029047103598713877,0.004735591635107994,-0.04843406677246094,0.0017877340316772461,0.007750610262155533
106,86835200,0.000237,0.11805959701538087,0.0012939253449440003,0.0039208984375,1.0,38.860286445983114,762832.2856616466,-0.000299280253238976,0.0052890550345182415,-0.06015105247497558,0.0016109928488731383,0.006479979306459427
107,87654400,0.0002364,0.11807045936584473,0.0011332044750452042,0.003399658203125,1.0,39.01651830342267,758021.7651400466,-0.0003049056977033615,0.0048746757209301,-0.07266186475753784,0.0018623396754264832,0.007939330488443374
108,88473600,0.00023579999999999999,0.11783771514892578,0.00121378593146801,0.00363525390625,1.0,39.026611444349236,760390.4038708503,-0.00017543882131576538,0.005057782679796219,-0.08799184560775757,0.0019167972728610038,0.009218870848417281
109,89292800,0.0002352,0.11827811241149902,0.0012964962422847748,0.003895263671875,1.0,38.9302723513475,758467.4246203875,-0.0002939508529379964,0.005358774587512017,-0.10055034160614014,0.0017382571473717689,0.007880859076976776
110,90112000,0.00023459999999999998,0.11820598602294922,0.001216159388422966,0.003773193359375,1.0,38.907725933669106,756976.5623090323,-0.00017243017209693788,0.0053172726184129715,-0.10852224826812744,0.0017751958221197128,0.008473021537065506
111,90931200,0.000234,0.11863033294677734,0.001254393756389618,0.0038671875,1.0,38.87050018946571,763638.9041420213,-0.00023062124382704495,0.00511137843132019,-0.11837304830551147,0.001966933347284794,0.009089478105306626
112,91750400,0.00023339999999999998,0.11852514266967773,0.0012762728333473206,0.0038427734375,1.0,38.83750059306353,758267.1179652528,-0.0002618298400193453,0.004998210072517395,-0.13041300773620607,0.0017716702073812484,0.00771777406334877
113,92569600,0.0002328,0.11845900535583496,0.0011875734478235245,0.00365234375,1.0,38.68491725768322,762174.1230764752,-0.0002589729381725192,0.0046620737761259076,-0.13973435163497924,0.0018042970448732376,0.007819699496030808
114,93388800,0.00023219999999999998,0.11863141059875489,0.0011388548463582993,0.00357177734375,1.0,38.820201828777186,750338.379460298,-0.00024316662456840276,0.004678872227668762,-0.1457141160964966,0.0018068930134177209,0.008710326999425888
115,94208000,0.0002316,0.1188401985168457,0.0012331832945346832,0.003743896484375,1.0,38.790104166666666,754956.4542579292,-0.0002724855439737439,0.004965629801154137,-0.15016597509384155,0.0016125278547406197,0.006587768346071244
116,95027200,0.00023099999999999998,0.1187411117553711,0.0012128582596778869,0.00369873046875,1.0,38.806774696461474,764075.4046626472,-0.0002877856371924281,0.004759326949715615,-0.15968594551086426,0.0016241732984781266,0.0065913088619709015
117,95846400,0.0002304,0.11834508895874024,0.0011537463217973708,0.003443603515625,1.0,38.74150755673473,759776.7405067964,-0.00025972709991037843,0.004393101111054421,-0.17029755115509032,0.0018360352143645287,0.007723510265350342
118,96665600,0.00022979999999999997,0.11889622688293457,0.001261570304632187,0.00385498046875,1.0,38.697502006894275,763630.2658917817,-0.00016395170241594313,0.0044511895626783374,-0.18319693803787232,0.001806402951478958,0.00798046812415123
119,97484800,0.0002292,0.11875495910644532,0.001238906905055046,0.00364501953125,1.0,38.64510497758906,761617.7229583061,-0.0003050349419936538,0.004848429188132286,-0.19672869443893432,0.0018511012196540833,0.008234009146690369
120,98304000,0.00022859999999999997,0.11894435882568359,0.001145225465297699,0.003687744140625,1.0,38.75085001888931,758266.6301687326,-0.00013938451884314417,0.004337744787335396,-0.20647356510162354,0.0016478836536407472,0.006705566495656967
121,99123200,0.00022799999999999999,0.11892059326171875,0.0012108629941940308,0.00371337890625,1.0,38.734358731661146,766049.1239031652,-0.00033760343212634324,0.004526759684085846,-0.217645263671875,0.0016782555729150772,0.007235718518495559
122,99942400,0.00022739999999999997,0.11892122268676758,0.0010990704596042632,0.003480224609375,1.0,38.84816977638513,753611.8689906778,-0.00030905201565474273,0.0041638646274805066,-0.23234264850616454,0.0018855594098567963,0.008062256127595901
123,100761600,0.00022679999999999998,0.11892882347106934,0.0012554138898849486,0.00377197265625,1.0,38.799033083704614,757835.6903378422,-0.000305335596203804,0.004579197242856025,-0.24366211891174316,0.001992696151137352,0.009568601846694946
124,101580800,0.00022619999999999997,0.11935404777526855,0.0011487067490816116,0.003526611328125,1.0,38.72813697204749,761091.7902890131,-0.00020120034459978343,0.004279901087284088,-0.2534356594085693,0.0017399454489350318,0.0074891351163387295
125,102400000,0.00022559999999999998,0.11916306495666504,0.0012331708520650865,0.003714599609375,1.0,38.85689288247813,754672.0884324907,-0.00027507273480296133,0.0043660692870616915,-0.2621718645095825,0.001913505606353283,0.008251464366912842
126,103219200,0.000225,0.11872956275939942,0.0011803368479013443,0.00357177734375,1.0,38.568446899938614,759410.8501998468,-0.00019235445652157068,0.004454794526100159,-0.2745985984802246,0.0017745889723300933,0.007984862476587296
127,104038400,0.00022439999999999998,0.11902120590209961,0.0012912307679653168,0.00399169921875,1.0,38.57990138530172,754075.0176892097,-0.0001752224052324891,0.004271373152732849,-0.2856814622879028,0.001848936267197132,0.007778684794902802
128,104857600,0.0002238,0.11915027618408203,0.001204460933804512,0.003800048828125,1.0,38.65834316733538,758642.0907650283,-0.0001693140482529998,0.004140626639127731,-0.289434814453125,0.0018206417560577392,0.008999145030975342
129,105676800,0.00022319999999999998,0.11916526794433593,0.0012384398281574248,0.003839111328125,1.0,38.58535665456603,757865.304540477,-0.0002224168973043561,0.004055296257138252,-0.2980985641479492,0.0016756683588027954,0.007070555537939072
130,106496000,0.0002226,0.11916296005249023,0.0012652412056922912,0.00375,1.0,38.57250035389043,756393.1524851932,-0.00019360806327313186,0.004096293821930885,-0.3075129985809326,0.0018085589632391929,0.007873289287090302
131,107315200,0.00022199999999999998,0.11937745094299317,0.0012438078224658966,0.0037646484375,1.0,38.590994636303755,759069.0571862145,-0.00026825862005352974,0.004012848064303398,-0.32225561141967773,0.0018531361594796181,0.008447021245956421
132,108134400,0.0002214,0.11961720466613769,0.0012187159061431885,0.003682861328125,1.0,38.609741176470585,756301.03480618,-0.00025144389364868404,0.003944350033998489,-0.3335834741592407,0.0018515288829803467,0.008255493640899659
133,108953600,0.00022079999999999997,0.11942320823669433,0.0011915124952793122,0.003662109375,1.0,38.62307075093218,757999.8444706073,-0.00020963319111615418,0.003763609752058983,-0.34240260124206545,0.0018491024151444436,0.007329955697059631
134,109772800,0.00022019999999999999,0.1192622184753418,0.0011491002142429351,0.00361572265625,1.0,38.62666792399453,746689.1591981783,-0.00021556371357291936,0.003521176055073738,-0.3566775321960449,0.0017102984711527824,0.007533812522888183
135,110592000,0.00021959999999999997,0.11922447204589844,0.0013125064969062806,0.0040185546875,1.0,38.658468655589125,755262.9338264916,-0.0001946460222825408,0.003991606831550598,-0.3692231893539429,0.0016335301101207734,0.006232667341828346
136,111411200,0.00021899999999999998,0.11915010452270508,0.0012532570958137513,0.003763427734375,1.0,38.75863533408833,766869.0033514565,-0.0002794681815430522,0.003704630583524704,-0.38079180717468264,0.0018533321097493171,0.007573363929986953
137,112230400,0.00021839999999999997,0.11930681228637695,0.0011425509303808212,0.00359619140625,1.0,38.616576883092335,761307.4534824546,-0.00018388222670182586,0.0036223605275154114,-0.3925468921661377,0.001812160201370716,0.007603272795677185
138,113049600,0.00021779999999999998,0.11948071479797363,0.0012474894523620606,0.00378662109375,1.0,38.62272770085712,764285.3215165883,-0.00025722256395965815,0.003835396096110344,-0.40601286888122556,0.001812785118818283,0.007652346044778824
139,113868800,0.00021719999999999997,0.11878740310668945,0.0012119819223880767,0.003642578125,1.0,38.51602744876857,756111.0951238582,-0.0002788609126582742,0.003722148761153221,-0.41767234802246095,0.0017000531777739524,0.0072423085570335385
140,114688000,0.00021659999999999998,0.11959455490112304,0.0011546596884727477,0.00349853515625,1.0,38.50084761725372,762216.5589157587,-0.00019688745960593222,0.0035273931920528413,-0.4281707763671875,0.0017095834016799926,0.007693479955196381
141,115507200,0.00021599999999999996,0.11951565742492676,0.0012244141101837157,0.003798828125,1.0,38.44932226443412,763581.7037354517,-0.00016370308585464955,0.003632086515426636,-0.43738040924072263,0.0017148561775684357,0.007248169928789139
142,116326400,0.00021539999999999998,0.11946664810180664,0.0012563985586166381,0.003905029296875,1.0,38.64915758176412,750894.4301203674,-0.00021081578452140093,0.0036918915808200835,-0.44702849388122556,0.0018801644444465637,0.008984497934579849
143,117145600,0.00021479999999999996,0.11969349861145019,0.001232152432203293,0.0037646484375,1.0,38.35418324827941,753888.6176476724,-0.00030805976130068304,0.0035968787968158724,-0.45710601806640627,0.0019701624289155005,0.008463380485773086
144,117964800,0.00021419999999999998,0.11948863983154297,0.001315295696258545,0.00400634765625,1.0,38.481592646438116,753911.6458633268,-0.00024692113511264323,0.003570578619837761,-0.4664888858795166,0.0018022604286670684,0.008615355193614959
145,118784000,0.00021359999999999996,0.11953073501586914,0.0012200740724802018,0.003846435546875,1.0,38.54347519398072,754513.3762465284,-0.00024578929878771305,0.0038321491330862044,-0.47614550590515137,0.0017410453408956527,0.007156004756689071
146,119603200,0.00021299999999999997,0.11929780960083008,0.0013111510872840881,0.0039501953125,1.0,38.50588567661738,759606.0977643116,-0.0002611808478832245,0.0035154234617948534,-0.4863264560699463,0.0018904333934187888,0.00963793694972992
147,120422400,0.00021239999999999996,0.11973341941833496,0.0011932077258825302,0.003623046875,1.0,38.54035927020308,754725.9111822513,-0.00026928805746138094,0.0033896911889314653,-0.495943021774292,0.0021085277199745177,0.011182982474565506
148,121241600,0.00021179999999999997,0.11919570922851562,0.0011803381890058517,0.003604736328125,1.0,38.49630153121319,759484.7864258633,-0.00023650473449379205,0.003242070600390434,-0.50621657371521,0.0017533080652356147,0.007684937119483948
149,122060800,0.00021119999999999996,0.11969852447509766,0.0012158061563968658,0.00378662109375,1.0,38.545330510468126,754083.2757763206,-0.00027486709877848624,0.0033639419823884966,-0.5182279586791992,0.0019614607095718383,0.009342285245656968
150,122880000,0.00021059999999999997,0.11955488204956055,0.0010816095024347306,0.00340576171875,1.0,38.55895073335841,757966.5756701841,-0.000252443877980113,0.003192281350493431,-0.5301918506622314,0.0018797509372234344,0.008539915084838867
151,123699200,0.00020999999999999998,0.11986625671386719,0.0012865427136421203,0.00386474609375,1.0,38.41160726862938,755929.0728849608,-0.00025671424809843303,0.003285377845168114,-0.5407565593719482,0.0018235664814710618,0.00847180038690567
152,124518400,0.00020939999999999997,0.11985069274902344,0.0012106114625930785,0.003690185546875,1.0,38.55642662660783,755773.0672517238,-0.00018390922341495752,0.003426762670278549,-0.5469878196716309,0.0016747159883379937,0.00741858035326004
153,125337600,0.00020879999999999998,0.11937755584716797,0.0012593095004558563,0.00381591796875,1.0,38.39032636769195,762653.2401447258,-0.00020325465593487024,0.003404080867767334,-0.5558431625366211,0.0017982142046093941,0.008002442121505738
154,126156800,0.00020819999999999996,0.11970671653747558,0.0012523971498012542,0.003934326171875,1.0,38.48816971635543,754737.5161919532,-0.00021878827828913927,0.00314609557390213,-0.5674688339233398,0.001910177432000637,0.009107177704572677
155,126976000,0.00020759999999999998,0.11982220649719239,0.0011552786082029342,0.003636474609375,1.0,38.410742717991944,755431.603816596,-0.0002256784588098526,0.0030592700466513635,-0.5812682628631591,0.0017359206452965737,0.007086792588233947
156,127795200,0.00020699999999999996,0.11990381240844726,0.001273295432329178,0.003907470703125,1.0,38.38916740851801,763304.8150846843,-0.00025397404097020625,0.0031968314200639726,-0.5919652938842773,0.001705358736217022,0.007484374940395356
157,128614400,0.00020639999999999998,0.11994083404541016,0.0012929275631904601,0.004100341796875,1.0,38.483361534122956,763171.5500939025,-0.00010212778579443693,0.003297196701169014,-0.5999127864837647,0.001800060085952282,0.008055417239665985
158,129433600,0.00020579999999999996,0.11986366271972657,0.001264045536518097,0.00377685546875,1.0,38.36902199344876,767612.0387056214,-0.00020386877004057168,0.00316288098692894,-0.6072117805480957,0.0016643015667796135,0.006514648348093033
159,130252800,0.00020519999999999997,0.12004440307617187,0.0012301522493362426,0.00383056640625,1.0,38.44313596697007,755768.9736379877,-0.0002093951217830181,0.0030034201219677923,-0.6168622016906739,0.0017777083441615105,0.008366332948207855
160,131072000,0.00020459999999999996,0.11989264488220215,0.001096448227763176,0.0033935546875,1.0,38.336378542984306,760810.9186262736,-0.0001820797799155116,0.002766773849725723,-0.6303574562072753,0.0019092123955488205,0.009026001393795013
161,131891200,0.00020399999999999997,0.11969928741455078,0.0012396842241287232,0.00392333984375,1.0,38.4143941523756,761486.8018796718,-0.0002280102577060461,0.002949407696723938,-0.6413173675537109,0.0020578442141413688,0.009867800027132034
162,132710400,0.00020339999999999996,0.11983039855957031,0.0012256580591201783,0.00375244140625,1.0,38.504819220461705,758607.4371063324,-0.00024790496099740266,0.0030264273285865785,-0.65109281539917,0.0018567265942692757,0.008640258759260177
163,133529600,0.00020279999999999997,0.12008628845214844,0.0012843228876590728,0.00386474609375,1.0,38.32245394183111,760177.7204991402,-0.00028907051309943197,0.002842641249299049,-0.6618889331817627,0.0016585899516940116,0.007197020202875137
164,134348800,0.00020219999999999995,0.11988600730895996,0.0012396329641342163,0.003673095703125,1.0,38.4030214882237,757405.6967427641,-0.00033901340793818235,0.00302279107272625,-0.6719987392425537,0.0018173739314079284,0.008987302333116532
165,135168000,0.00020159999999999997,0.11999832153320313,0.0012384281307458878,0.00383056640625,1.0,38.39039235883509,758116.2873654707,-0.0002500273287296295,0.002917006239295006,-0.6832520961761475,0.001819024235010147,0.008296263962984085
166,135987200,0.00020099999999999995,0.11996737480163575,0.0011736612021923066,0.003701171875,1.0,38.436379844233834,762539.1410070558,-0.0002508618403226137,0.002918029949069023,-0.6915399551391601,0.0017032267525792122,0.006891234964132309
167,136806400,0.00020039999999999997,0.11987499237060546,0.0011860290914773941,0.003546142578125,1.0,38.327840456907445,757812.1828281637,-0.00016562826931476593,0.0027509910985827448,-0.7000119686126709,0.001827128417789936,0.009153323620557785
168,137625600,0.00019979999999999995,0.119744291305542,0.001090320497751236,0.003389892578125,1.0,38.35377336393873,762790.2917376217,-0.00016820579767227173,0.002814728207886219,-0.7079809188842774,0.0017988059669733047,0.008863280713558196
169,138444800,0.00019919999999999996,0.11997116088867188,0.0012509983777999878,0.003919677734375,1.0,38.392965859598185,756857.357456189,-0.00022145244292914867,0.002866782061755657,-0.7188254356384277,0.0016637310385704041,0.006989867985248565
170,139264000,0.00019859999999999995,0.12021257400512696,0.0010159172862768172,0.003206787109375,1.0,38.353600972098896,759198.4953423237,-0.00029954116325825453,0.002530492842197418,-0.7281664371490478,0.0015126509591937066,0.006407105177640915
171,140083200,0.00019799999999999996,0.11971660614013672,0.0011675269901752472,0.00348876953125,1.0,38.27716882143526,760707.7050036425,-0.0001722263521514833,0.0028009947389364244,-0.7379946708679199,0.0019773708656430243,0.009439453482627869
172,140902400,0.00019739999999999995,0.11992280006408691,0.0012366272509098052,0.00383056640625,1.0,38.41129334582943,759562.7709767253,-0.00020594762172549964,0.0027914658188819886,-0.7415501594543457,0.0016418075188994407,0.006806641072034836
173,141721600,0.00019679999999999999,0.12020692825317383,0.0011825720220804215,0.00373046875,1.0,38.343918065753165,764421.9524332134,-0.0001570919528603554,0.002849661931395531,-0.7450488567352295,0.0016044678166508674,0.0063951417803764345
174,142540800,0.0001962,0.12003552436828613,0.00118703730404377,0.00359375,1.0,38.33049618856101,754116.3475937921,-0.00021551328245550394,0.00261947438120842,-0.7552072048187256,0.0017601383849978447,0.007531858235597611
175,143360000,0.00019559999999999998,0.1201126766204834,0.0012103158235549926,0.0037353515625,1.0,38.423440364815946,748979.5735156714,-0.00021532999817281963,0.0026583144441246986,-0.7637629985809327,0.0016213418915867806,0.006114988774061203
176,144179200,0.000195,0.11992273330688477,0.0011992254108190536,0.00361328125,1.0,38.30861601719465,764634.1345894331,-0.00021285337861627341,0.0027967656031250955,-0.7721534252166748,0.0017345428466796875,0.0077689200639724735
177,144998400,0.00019439999999999998,0.11991334915161132,0.0012370498478412627,0.003753662109375,1.0,38.22978464988088,761890.049189424,-0.000204825378023088,0.002650518715381622,-0.7796312808990479,0.0016916165128350257,0.007045166939496994
178,145817600,0.0001938,0.12018362045288086,0.0012125058472156525,0.00380615234375,1.0,38.36902199344876,746504.2773328706,-0.00022048857063055037,0.002619539014995098,-0.7895827293395996,0.001719399355351925,0.006627684831619263
179,146636800,0.00019319999999999998,0.12020357131958008,0.001249644309282303,0.003753662109375,1.0,38.256440171737914,753550.3749669546,-0.00020126181188970805,0.002782108448445797,-0.7985031604766846,0.0016061741858720779,0.006783935427665711
180,147456000,0.0001926,0.12017301559448242,0.001061815619468689,0.003431396484375,1.0,38.3582446434432,756509.1658295712,-0.00018354367930442094,0.0025389999151229858,-0.8055808067321777,0.0018606677651405335,0.008375121653079987
181,148275200,0.00019199999999999998,0.11994047164916992,0.0012083549797534943,0.0038037109375,1.0,38.30118791506875,756627.1726505188,-0.00017153037479147314,0.0025865303352475165,-0.8153765678405762,0.0018433965742588043,0.00844409242272377
182,149094400,0.0001914,0.12040599822998047,0.0012461483478546143,0.003843994140625,1.0,38.36136416725064,758634.3029112784,-0.00012273243628442289,0.0024987371638417245,-0.8261635780334473,0.0016299987211823464,0.007488159835338593
183,149913600,0.00019079999999999998,0.12012884140014649,0.0011766020953655242,0.003651123046875,1.0,38.26639209996724,763401.6661068635,-0.00015603289939463137,0.002574300393462181,-0.8360747337341309,0.0016673363745212555,0.006878051906824112
184,150732800,0.0001902,0.11998895645141601,0.001325983703136444,0.004039306640625,1.0,38.38870975279219,757502.9797290275,-0.00020382814109325408,0.0026589445769786835,-0.8443486213684082,0.0017072636634111404,0.006877563893795013
185,151552000,0.00018959999999999997,0.11990650177001953,0.0011981716006994247,0.003797607421875,1.0,38.385139580787666,759195.7373172388,-0.0002575036603957415,0.0025336509570479393,-0.8530401229858399,0.0018107485026121139,0.00867566019296646
186,152371200,0.00018899999999999999,0.12065613746643067,0.0011553166061639786,0.003590087890625,1.0,38.31157560770774,758504.2728148313,-0.00020946378353983163,0.0025031739845871926,-0.8648488044738769,0.001566016487777233,0.006506955623626709
187,153190400,0.00018839999999999997,0.12042411804199218,0.0013300344347953797,0.003912353515625,1.0,38.32070435067672,755208.2644804941,-0.00022869505919516088,0.0026861807331442834,-0.8734346389770508,0.0016421765089035035,0.006621458381414413
188,154009600,0.00018779999999999998,0.12013643264770507,0.0012536707520484924,0.003798828125,1.0,38.29534090378055,763424.4060441708,-0.00021052611991763116,0.0026709472760558127,-0.8774584770202637,0.001719716750085354,0.00777599960565567
189,154828800,0.0001872,0.12028642654418946,0.0012081165611743927,0.003697509765625,1.0,38.31234787492979,754412.060172104,-0.00034983353689312937,0.002372286655008793,-0.8837949752807617,0.0018025904893875123,0.008759155124425887
190,155648000,0.00018659999999999998,0.12057379722595214,0.0012638753652572633,0.00378662109375,1.0,38.27655497920463,763569.2290969659,-0.00021612518467009067,0.0024854032322764396,-0.8885897636413574,0.0016438642516732216,0.00653979554772377
191,156467200,0.000186,0.12034694671630859,0.0011960224807262422,0.003646240234375,1.0,38.34377780900192,756571.8961524906,-0.0002408164320513606,0.0026427121832966805,-0.8941136360168457,0.001826932094991207,0.008533568680286407
192,157286400,0.00018539999999999998,0.12047853469848632,0.0012125040590763093,0.003724365234375,1.0,38.263966024175105,763873.0807971217,-0.00023451868910342454,0.002320484444499016,-0.9011988639831543,0.0018170222640037537,0.008948484808206559
193,158105600,0.0001848,0.12016836166381836,0.0011249815672636032,0.003441162109375,1.0,38.361164502367444,764150.3497561954,-0.0002549160271883011,0.0023081932216882707,-0.9086605072021484,0.001887865923345089,0.00849950909614563
194,158924800,0.00018419999999999998,0.12027830123901367,0.0012436965107917785,0.00375732421875,1.0,38.30790419720809,741639.0017119916,-0.00017003396060317756,0.00246549416333437,-0.9183849334716797,0.0018839776515960694,0.009421875327825546
195,159744000,0.0001836,0.1200772476196289,0.0012472493946552277,0.003780517578125,1.0,38.29227177212234,743650.4944371928,-0.00020899607334285976,0.002416742779314518,-0.9320966720581054,0.0018150873482227325,0.008470582962036132
196,160563200,0.00018299999999999998,0.12040586471557617,0.001256236732006073,0.003817138671875,1.0,38.31846088953461,758526.6951015133,-0.00025589137803763153,0.002347935363650322,-0.9433125495910645,0.0019866883754730224,0.009699951112270355
197,161382400,0.0001824,0.1201898193359375,0.0012681204080581664,0.003870849609375,1.0,38.176421170540465,751984.7037300597,-0.00020484651904553174,0.0024288946762681006,-0.9490615844726562,0.0018385114148259164,0.008454589545726776
198,162201600,0.00018179999999999997,0.12062246322631837,0.0011963222175836563,0.0038134765625,1.0,38.15046468401487,743386.260668892,-0.0002218176145106554,0.0023138957098126412,-0.9542119026184082,0.0016662826761603355,0.0066070556640625
199,163020800,0.00018119999999999999,0.12052227020263671,0.0012638214230537414,0.003822021484375,1.0,38.18191127868547,757328.1626259207,-0.0002112421439960599,0.0023465361446142197,-0.9609831809997559,0.0016969073563814162,0.006593138724565506
200,163840000,0.00018059999999999997,0.1204545783996582,0.0013202357292175294,0.00404541015625,1.0,38.237499416405996,751859.3076086149,-0.0002255330327898264,0.0024587785825133323,-0.9695181846618652,0.0017312204465270043,0.0071704104542732235
201,164659200,0.00017999999999999998,0.12024778366088867,0.0012061800807714462,0.00374267578125,1.0,38.13284270343286,750087.9158023399,-0.0001591059030033648,0.0023398643359541895,-0.9778162956237793,0.0014784066006541252,0.005960693955421448
202,165478400,0.00017939999999999997,0.12035510063171387,0.001200629696249962,0.003734130859375,1.0,38.24171103016718,754450.1593251128,-0.00013709166087210177,0.0021893845871090887,-0.9882070541381835,0.0015967486426234246,0.006379883736371994
203,166297600,0.00017879999999999998,0.12031440734863282,0.0012755215167999268,0.003836669921875,1.0,38.19739908641745,754814.6444516471,-0.000179748039226979,0.0022116389125585558,-1.001119899749756,0.0016511257737874985,0.006396484375
204,167116800,0.00017819999999999997,0.1203719425201416,0.0012977629899978637,0.00389404296875,1.0,38.17647607934656,760892.5202215916,-0.00018510926747694612,0.002356228604912758,-1.0104878425598145,0.0019246771931648254,0.009655028581619263
205,167936000,0.0001776,0.11997855186462403,0.0012479425966739654,0.003818359375,1.0,38.26042735840254,757485.358281006,-0.0002934044459834695,0.002282804250717163,-1.015780258178711,0.001841255836188793,0.007083496451377869
206,168755200,0.00017700000000000002,0.1205018138885498,0.0012880870699882507,0.003935546875,1.0,38.28251956764816,760217.772017617,-0.0002209356753155589,0.002327832393348217,-1.0242033004760742,0.001761496439576149,0.008196291327476502
207,169574400,0.0001764,0.12052632331848144,0.0012672118842601775,0.0038232421875,1.0,38.22306361894078,759147.5658646526,-0.00018292601453140378,0.00239156112074852,-1.0353030204772948,0.0017073500901460647,0.0075971677899360655
208,170393600,0.00017580000000000002,0.12043033599853516,0.0012834057211875915,0.003953857421875,1.0,38.184037339556596,750011.0891887388,-0.00013812577817589043,0.002188118360936642,-1.0461039543151855,0.0019379764795303344,0.010122314840555192
209,171212800,0.0001752,0.12059857368469239,0.0014339567720890046,0.004256591796875,1.0,38.25243260859444,760144.7053063115,-0.0001957861240953207,0.0024158695712685587,-1.0569506645202638,0.0018848411738872529,0.008255860209465027
210,172032000,0.00017460000000000002,0.12022475242614745,0.0012331924587488175,0.003846435546875,1.0,38.254912050898206,757685.8765037365,-0.0002527650911360979,0.002208077721297741,-1.0636310577392578,0.001651008427143097,0.006964720040559769
211,172851200,0.000174,0.12034353256225586,0.001375061571598053,0.004189453125,1.0,38.26805905990094,762436.6252376391,-0.0002070449758321047,0.002367335185408592,-1.0696459770202638,0.0017121883109211921,0.007542114704847336
212,173670400,0.0001734,0.12032890319824219,0.0012786841392517089,0.003848876953125,1.0,38.28169870445723,761163.1659413913,-0.00021256015170365573,0.002193133346736431,-1.0806033134460449,0.0019050847738981247,0.009507446736097335
213,174489600,0.0001728,0.12022557258605956,0.0012032625079154969,0.0037060546875,1.0,38.29253703444086,761185.506760565,-0.00016594986664131284,0.002205585688352585,-1.0910433769226073,0.0016893636435270309,0.007469481974840164
214,175308800,0.0001722,0.12056602478027344,0.0012593264877796173,0.0037744140625,1.0,38.21071045388814,762239.2269826564,-0.0002042073756456375,0.0021288216114044188,-1.098124122619629,0.0015835514292120933,0.006776488572359085
215,176128000,0.0001716,0.12055758476257324,0.001251937299966812,0.003770751953125,1.0,38.1943692221496,727473.5522716187,-0.00012922073947265744,0.002237751893699169,-1.1046290397644043,0.0016970310360193252,0.006952271610498428
216,176947200,0.000171,0.12059940338134766,0.0011918488144874572,0.0036669921875,1.0,38.25645687645687,754170.2131491771,-0.0002211145590990782,0.0020582810044288634,-1.111729049682617,0.0017152445390820504,0.007438110560178757
217,177766400,0.0001704,0.1204074478149414,0.001222354918718338,0.00369873046875,1.0,38.19485122656469,750285.7641545511,-0.00017356558237224817,0.0021606938913464545,-1.1214181900024414,0.0017899082973599433,0.008290161937475204
218,178585600,0.0001698,0.1206367015838623,0.0012347830832004547,0.003756103515625,1.0,38.213346390598765,757683.6992283434,-0.00041721165180206297,0.0021216429769992827,-1.1317208290100098,0.002110388316214085,0.009723389148712158
219,179404800,0.0001692,0.1206128215789795,0.0011520129442214966,0.003536376953125,1.0,38.12248322147651,754147.1235512897,-0.00017958125099539756,0.0020659467205405234,-1.1402471542358399,0.0018620682880282403,0.008986328542232514
220,180224000,0.0001686,0.12085796356201171,0.0012760762870311737,0.00383544921875,1.0,38.135224366426414,751524.1322119116,-0.00025381844025105236,0.0021180577576160433,-1.149455738067627,0.0017233476042747497,0.007102295011281967
221,181043200,0.000168,0.12015365600585938,0.0012294322997331618,0.003800048828125,1.0,38.292267365661864,757506.2356084582,-0.00019896880257874727,0.002131039835512638,-1.1568835258483887,0.0017729120329022408,0.0077064216136932375
222,181862400,0.0001674,0.12066677093505859,0.0012547044456005095,0.003819580078125,1.0,38.19720605355064,756376.6697903771,-0.00016145977424457668,0.0020592100918293,-1.162529468536377,0.001479349657893181,0.005444579944014549
223,182681600,0.0001668,0.1208924674987793,0.0013431653380393982,0.003997802734375,1.0,38.31208791208791,759625.2284354729,-0.00023307532537728549,0.0021455947309732435,-1.1714920043945312,0.0016181927174329757,0.006375489383935928
224,183500800,0.0001662,0.12075979232788087,0.0010614292323589325,0.003360595703125,1.0,38.11265575599777,751974.0342049499,-0.0001909332466311753,0.0020305106416344644,-1.1805472373962402,0.0015647925436496734,0.0063168957829475405
225,184320000,0.0001656,0.12088713645935059,0.0012472423911094666,0.0038525390625,1.0,38.14644701940528,756769.8427887803,-0.00015948303043842316,0.0021183470264077185,-1.1905107498168945,0.0015625108033418655,0.005882813036441803
226,185139200,0.000165,0.12037656784057617,0.001336170732975006,0.00401611328125,1.0,38.1848358933657,749771.9613991191,-0.00015277829952538015,0.0021723244339227677,-1.201156997680664,0.0018316861242055893,0.008732423186302185
227,185958400,0.0001644,0.12063152313232423,0.0011843504011631012,0.003638916015625,1.0,38.24518151197605,757857.9400727944,-0.00019888379611074925,0.00202628280967474,-1.2110170364379882,0.0019482817500829698,0.008141111582517624
228,186777600,0.0001638,0.12064388275146484,0.0012215916812419892,0.0037744140625,1.0,38.36493997851371,755250.4490479692,-0.0001411020988598466,0.002060481905937195,-1.2187244415283203,0.0016079328954219819,0.006644774228334427
229,187596800,0.0001632,0.12082490921020508,0.0011774273216724395,0.00369384765625,1.0,38.24996495818343,758481.1795069891,-0.00017772885039448738,0.001953718066215515,-1.2255864143371582,0.001731683500111103,0.007776856422424316
230,188416000,0.0001626,0.12070545196533203,0.0011945505440235137,0.00364501953125,1.0,38.14277741605432,758896.9937789908,-0.0001479679951444268,0.0019433777779340744,-1.234764862060547,0.001880609430372715,0.009389158338308334
231,189235200,0.000162,0.12058086395263672,0.0012161955982446671,0.00374267578125,1.0,38.140483946021405,753682.1741653606,-0.00016420437023043633,0.0020914891734719276,-1.2429566383361816,0.0017022764310240745,0.007588621973991394
232,190054400,0.0001614,0.12069988250732422,0.001221984177827835,0.00373779296875,1.0,38.24412575325828,760962.2382106523,-0.00025058295577764513,0.0021071376278996466,-1.250772190093994,0.0017333203926682473,0.007497435063123703
233,190873600,0.0001608,0.12077417373657226,0.0011844762414693832,0.003604736328125,1.0,38.19316486385677,767997.144139747,-0.0001463486347347498,0.0019514570012688637,-1.2577974319458007,0.001508659403771162,0.005883056297898292
234,191692800,0.0001602,0.12073657989501953,0.0011283552646636963,0.0034130859375,1.0,38.0536410923277,739003.008441408,-0.000150106567889452,0.0018777083605527878,-1.2640694618225097,0.001744179055094719,0.008713622391223908
235,192512000,0.0001596,0.12065656661987305,0.001163254901766777,0.00359619140625,1.0,38.233604260089685,731561.0923814279,-0.00016703730216249824,0.0021635394543409346,-1.2733214378356934,0.0016862651333212852,0.007380737364292145
236,193331200,0.000159,0.12079506874084472,0.0011801823228597642,0.003724365234375,1.0,38.20294652431349,753031.4841882456,-0.0001510626752860844,0.0019637949764728544,-1.2793142318725585,0.001489126868546009,0.006474975496530533
237,194150400,0.0001584,0.12073966979980469,0.0013080567121505737,0.004110107421875,1.0,38.163092129802315,761500.4988841878,-0.00019247173331677915,0.002020361088216305,-1.286912727355957,0.001742665097117424,0.007363403588533402
238,194969600,0.0001578,0.12031944274902344,0.0012453143298625947,0.003773193359375,1.0,38.24687558291364,749586.7681149022,-0.00018356590298935772,0.0019541623070836065,-1.2916848182678222,0.0018205150961875915,0.008766601979732513
239,195788800,0.0001572,0.12047243118286133,0.0012577185034751892,0.003773193359375,1.0,38.18318905333706,756606.7505019455,-0.00025823954492807386,0.0019336311146616937,-1.298920249938965,0.0017066290602087975,0.0075848385691642765
240,196608000,0.00015659999999999998,0.12067935943603515,0.001307515799999237,0.003966064453125,1.0,38.13214502356399,749893.4139967654,-0.00023297127336263657,0.002062249928712845,-1.305495834350586,0.0017238767817616464,0.008099488168954849
241,197427200,0.000156,0.12067916870117187,0.0012415033578872681,0.003759765625,1.0,38.14267741484554,758411.3078909625,-0.00013016487937420607,0.001799037866294384,-1.3105231285095216,0.0017041606828570367,0.0075671389698982235
242,198246400,0.00015539999999999998,0.12109809875488281,0.001129942238330841,0.003525390625,1.0,38.039133052378084,757400.9404255946,-0.0001420116052031517,0.0018359960988163948,-1.3194392204284668,0.0016569118946790696,0.006683716177940368
243,199065600,0.0001548,0.1205970859527588,0.001275375783443451,0.00384033203125,1.0,38.17632230054619,758358.7603266829,-0.00022567580454051494,0.0019753545522689818,-1.330009937286377,0.0017463382333517074,0.008210936933755875
244,199884800,0.00015419999999999998,0.12080490112304687,0.0011549074947834015,0.003624267578125,1.0,38.175956080766724,761877.9871004776,-0.000224437122233212,0.0018591135740280151,-1.336996364593506,0.0015776686370372773,0.0057370617985725405
245,200704000,0.0001536,0.12069048881530761,0.0012276943027973175,0.00382568359375,1.0,38.21397175722435,755374.993336909,-0.00024187443777918817,0.00197114497423172,-1.3435029983520508,0.001629471592605114,0.006626830250024795
246,201523200,0.00015299999999999998,0.12116512298583984,0.0012932096421718598,0.003895263671875,1.0,38.08536981219569,762302.1389384012,-0.00020036448258906603,0.0019447479397058487,-1.350827407836914,0.0019603848457336428,0.00981445237994194
247,202342400,0.0001524,0.12103360176086425,0.001200849860906601,0.003692626953125,1.0,38.13811767999627,761587.1514201751,-0.0001984766451641917,0.0019199777394533156,-1.356479549407959,0.001653926819562912,0.006813842058181763
248,203161600,0.00015179999999999998,0.12085340499877929,0.0012521912157535554,0.00382568359375,1.0,38.09879697152678,762089.0496634493,-0.0003278512042015791,0.0019150158390402795,-1.3652560234069824,0.0019190391525626183,0.008822266012430191
249,203980800,0.0001512,0.12089911460876465,0.001208258718252182,0.0037109375,1.0,38.06509205876883,763882.1680115924,-0.00011641143355518579,0.0018671281635761262,-1.372591209411621,0.0016713704913854598,0.0069481201469898226
250,204800000,0.00015059999999999997,0.12090784072875976,0.001287551373243332,0.004031982421875,1.0,38.061668062924696,760744.5803980689,-0.00021229966077953576,0.0018167998641729355,-1.3789315223693848,0.0017425782978534698,0.0075742177665233616
251,205619200,0.00015,0.12080818176269531,0.001268041729927063,0.003822021484375,1.0,38.21179699492952,763651.8534308182,-0.00022071427665650844,0.0018686799332499505,-1.3875829696655273,0.0017529826611280442,0.008956299722194671
252,206438400,0.0001494,0.12058103561401368,0.001227416917681694,0.003839111328125,1.0,38.150796245271565,768356.8160276415,-0.0002232204657047987,0.0018235096707940102,-1.3982228279113769,0.0017155539244413376,0.007416258752346039
253,207257600,0.00014879999999999998,0.12093516349792481,0.0011126534640789033,0.003433837890625,1.0,38.09900760526804,751783.7272649052,-0.00022544292733073235,0.0018419969826936721,-1.4082231521606445,0.001861436851322651,0.00781848058104515
254,208076800,0.0001482,0.12084894180297852,0.0012543168663978576,0.00381103515625,1.0,38.20532674098605,753997.9469449641,-8.202458848245442e-05,0.0018443351611495018,-1.4162675857543945,0.0015325653366744518,0.0068172596395015715
255,208896000,0.00014759999999999998,0.12108966827392578,0.0013386327028274535,0.004072265625,1.0,38.03527115572285,728922.6498846238,-0.00023171373177319766,0.001905359700322151,-1.4270648956298828,0.001865002140402794,0.008312257379293442
256,209715200,0.000147,0.12094581604003907,0.0011196205019950868,0.003536376953125,1.0,37.9793413312335,760493.1334454124,-0.00026661783922463653,0.0017450068145990372,-1.4398836135864257,0.001659407839179039,0.007139769196510315
257,210534400,0.00014639999999999998,0.12087610244750976,0.001208885759115219,0.0037109375,1.0,38.160803317645964,757075.589888668,-0.0002254725666716695,0.0017997309565544128,-1.4502597808837892,0.0016376016661524772,0.007276000082492828
258,211353600,0.0001458,0.1209181785583496,0.0013210749626159667,0.00399169921875,1.0,38.06267118518175,758086.4085379608,-0.0002677333308383822,0.0018790770322084428,-1.4590052604675292,0.0017141018062829972,0.007636961340904236
259,212172800,0.00014519999999999998,0.12108725547790528,0.001267320066690445,0.003807373046875,1.0,38.15865541517087,763527.1597976896,-0.00024950411170721054,0.0018152548000216484,-1.468100643157959,0.0019430158659815787,0.009143553674221039
260,212992000,0.0001446,0.12076549530029297,0.001337069869041443,0.004022216796875,1.0,38.0743535988819,749421.2131980058,-0.00016006242949515582,0.0018685175105929374,-1.4754307746887207,0.0016749119386076927,0.00748315304517746
261,213811200,0.00014399999999999998,0.12085264205932617,0.0011469124257564545,0.003564453125,1.0,38.26549827537988,762185.7875492251,-0.00014413720928132533,0.001704065687954426,-1.4854506492614745,0.0019449517130851746,0.009861816465854645
262,214630400,0.0001434,0.12083893775939941,0.0012010568380355835,0.003590087890625,1.0,38.19008187569781,753467.614740617,-0.0001871559419669211,0.0017495427280664444,-1.493924045562744,0.0017051141709089278,0.00713537484407425
263,215449600,0.00014279999999999997,0.12082943916320801,0.0012045887857675553,0.00375244140625,1.0,38.07419985113509,756409.058122823,-0.00020423117093741893,0.0017877835780382156,-1.5004462242126464,0.001653209701180458,0.006494872272014618
264,216268800,0.0001422,0.12099924087524414,0.001338520348072052,0.00404296875,1.0,38.16401919224857,756489.5595625875,-0.00014458270743489265,0.0018007099628448487,-1.5079231262207031,0.0016442155465483665,0.007412963360548019
265,217088000,0.00014159999999999997,0.12098896980285645,0.0012120609730482102,0.003731689453125,1.0,38.07767848831797,758971.2391111011,-0.00021722055971622466,0.001790175959467888,-1.516109085083008,0.0018537452444434166,0.007617675513029098
266,217907200,0.00014099999999999998,0.12066938400268555,0.0011901478469371796,0.003662109375,1.0,38.11373460376482,764372.7412102856,-0.00012648385018110275,0.0016781611368060112,-1.521596622467041,0.0017269505187869072,0.008094483613967895
267,218726400,0.00014039999999999997,0.12035244941711426,0.0011537207663059235,0.00352783203125,1.0,38.04756154203437,760741.2183269076,-0.00017483385745435952,0.001745474524796009,-1.5298202514648438,0.0019031602889299393,0.009665285050868989
268,219545600,0.00013979999999999998,0.12083841323852539,0.0013526879251003266,0.0040625,1.0,38.150963647393716,764967.7826091904,-0.00021531570237129927,0.0019482459872961044,-1.5380977630615233,0.0016631215810775756,0.006865109503269196
269,220364800,0.00013919999999999997,0.12055732727050782,0.0012745755910873414,0.003782958984375,1.0,38.09507418949718,767674.524201037,-0.000273049040697515,0.00177223552018404,-1.5476836204528808,0.001977119967341423,0.008373290300369263
270,221184000,0.00013859999999999998,0.12102602005004882,0.0013156449794769287,0.004002685546875,1.0,38.0463649851632,761327.277500043,-0.00023566472809761764,0.0018652871251106263,-1.5551193237304688,0.0017724152654409408,0.008157225698232651
271,222003200,0.00013799999999999997,0.12092896461486817,0.0012645855545997619,0.003841552734375,1.0,38.17376299958028,763739.5873166147,-0.00020095317158848048,0.0017255667597055435,-1.5607176780700684,0.0016103668138384819,0.006910034269094467
272,222822400,0.00013739999999999998,0.12094432830810548,0.0012890824675559998,0.00387451171875,1.0,38.12416138650764,748720.7422723278,-0.00018174195429310203,0.0017706453800201416,-1.564903450012207,0.0015931433066725732,0.006418335437774658
273,223641600,0.00013679999999999996,0.1207652187347412,0.0012000186741352081,0.00355224609375,1.0,38.13771758354277,754271.479793524,-0.0002165663754567504,0.0017176816239953042,-1.5686851501464845,0.0017726024612784385,0.007361693680286408
274,224460800,0.00013619999999999998,0.12102769851684571,0.0011943432688713074,0.003623046875,1.0,38.12168007814317,733876.0802973994,-0.00019243524875491857,0.0016987916082143784,-1.5764555931091309,0.0016011228784918786,0.006355224549770356
275,225280000,0.00013559999999999996,0.12087433815002441,0.001253066062927246,0.00385009765625,1.0,38.01335621202987,733048.3766281074,-0.00017085636500269175,0.001727420836687088,-1.5848319053649902,0.0017685502767562865,0.007795287668704987
276,226099200,0.00013499999999999997,0.12060591697692871,0.0011912105977535247,0.0037060546875,1.0,38.071810364861726,753085.0489917793,-0.0002768069738522172,0.0018323207274079322,-1.5916040420532227,0.0018029879778623582,0.008361327648162841
277,226918400,0.0001344,0.12108448028564453,0.00121482253074646,0.003665771484375,1.0,37.88288288288288,754992.585584758,-0.00017384770326316356,0.0017365751788020133,-1.5985551834106446,0.0016274930909276008,0.007417845726013184
278,227737600,0.00013379999999999997,0.12102468490600586,0.001232781857252121,0.003756103515625,1.0,37.96632653061224,760666.161575581,-0.00013480893103405832,0.0016697755083441735,-1.606476402282715,0.0017837105318903924,0.008525391668081283
279,228556800,0.00013319999999999999,0.12116360664367676,0.001237703412771225,0.003907470703125,1.0,38.04331878540255,758201.9111011472,-0.00017827475676313043,0.0015945827588438987,-1.6136133193969726,0.0018132518976926803,0.008648312091827393
280,229376000,0.00013259999999999997,0.12112674713134766,0.0012795549631118774,0.0038818359375,1.0,38.06365369414609,761276.6782217575,-0.00019342339364811779,0.0016849910840392112,-1.6206289291381837,0.001794937252998352,0.008869385719299317
281,230195200,0.00013199999999999998,0.1210884952545166,0.0012145701050758362,0.0036376953125,1.0,38.01075318655852,755977.4047531266,-0.0001569765154272318,0.0016290202736854553,-1.6241703033447266,0.001519721932709217,0.006003783270716667
282,231014400,0.00013139999999999997,0.12115988731384278,0.001244450956583023,0.0038037109375,1.0,38.10746837797619,759890.479015007,-0.00021173632703721523,0.001649995520710945,-1.630429458618164,0.001827406883239746,0.008341919630765915
283,231833600,0.0001308,0.12089365005493163,0.0012417614459991455,0.00369384765625,1.0,37.99350257576461,763044.2654207059,-0.0002680018078535795,0.001687665469944477,-1.6386539459228515,0.0019123874604701995,0.008492185920476913
284,232652800,0.0001302,0.1206655216217041,0.0012767605483531951,0.00378662109375,1.0,37.96565009515852,759840.0857957846,-0.00020671966485679149,0.0017040351405739785,-1.6463567733764648,0.0017486343160271645,0.007642333954572677
285,233472000,0.0001296,0.12089231491088867,0.0010665053129196168,0.00342529296875,1.0,38.09412255879761,762965.4712293268,-0.00021152491681277751,0.0015870746225118636,-1.655106544494629,0.001750876009464264,0.007324095815420151
286,234291200,0.000129,0.12090877532958984,0.00121974840760231,0.003653564453125,1.0,38.11405266837567,758065.6865574361,-0.00018968703225255012,0.0016588797792792321,-1.6637458801269531,0.0017839929088950158,0.00814831405878067
287,235110400,0.0001284,0.12073104858398437,0.001195433959364891,0.003648681640625,1.0,38.02817751369418,763717.7662149102,-0.0002731499494984746,0.0017385924234986304,-1.6739402770996095,0.0018585661426186561,0.009244994074106217
288,235929600,0.0001278,0.12114521026611329,0.0011421938240528107,0.003564453125,1.0,38.19616779834434,767941.7857363685,-0.00026696983259171246,0.0015016088262200355,-1.6822172164916993,0.0018369713798165321,0.009083130955696106
289,236748800,0.0001272,0.1211325454711914,0.0012516850233078003,0.00380615234375,1.0,37.9130152848541,760325.6732244946,-0.00010510326828807592,0.0017222309485077857,-1.6860179901123047,0.0017698027193546295,0.008861450850963593
290,237568000,0.00012660000000000001,0.12103960037231445,0.0012845385074615478,0.004017333984375,1.0,38.14669277024193,750196.3404260696,-0.00019018236780539156,0.0016643205657601357,-1.6911386489868163,0.001698627881705761,0.006695067882537842
291,238387200,0.000126,0.12108506202697754,0.00126206174492836,0.00390625,1.0,38.07056910569106,753717.7912706117,-0.0001789590693078935,0.001595139317214489,-1.698312759399414,0.001851576939225197,0.008039552718400955
292,239206400,0.0001254,0.12103646278381347,0.001236032247543335,0.003790283203125,1.0,38.01934047585919,757270.0585155912,-0.00025787355843931437,0.0015592383220791816,-1.7048526763916017,0.0016660759225487708,0.007194702327251434
293,240025600,0.0001248,0.12100711822509766,0.0012729039788246155,0.00389892578125,1.0,38.030283325592194,759199.3193463407,-0.0001902337302453816,0.0016918336972594262,-1.712152862548828,0.0016431642696261406,0.006742919981479645
294,240844800,0.0001242,0.12111907005310059,0.0012021886557340622,0.00370849609375,1.0,37.96062955568968,741683.1462162299,-0.00017235663253813981,0.0015265635214746,-1.71820068359375,0.0017395097762346267,0.0076315909624099735
295,241664000,0.0001236,0.12117393493652344,0.0012124142795801162,0.003607177734375,1.0,38.1327351341299,738948.2780607778,-0.00018219175981357694,0.0015962431207299232,-1.725201416015625,0.0017305726185441017,0.007049071788787842
296,242483200,0.000123,0.12092191696166993,0.0013053151965141297,0.003997802734375,1.0,38.05555297289759,751862.4238947789,-0.00024583046324551107,0.0016627028584480287,-1.7343461990356446,0.0018462462350726128,0.008830444514751434
297,243302400,0.0001224,0.12089106559753418,0.001276320219039917,0.00380126953125,1.0,38.05118201662719,758407.5318907571,-0.0001663384959101677,0.0016976399347186089,-1.7418767929077148,0.0019374387338757515,0.008958005905151367
298,244121600,0.00012179999999999999,0.12128003120422363,0.0013656599819660187,0.004068603515625,1.0,38.03958652018727,749867.4993160974,-0.00017149526393041016,0.0015687961131334305,-1.7476478576660157,0.001617671549320221,0.006701415777206421
299,244940800,0.00012119999999999999,0.1214079761505127,0.0012224465608596802,0.003819580078125,1.0,37.990502223869534,754925.2992672987,-0.00015377309173345566,0.0015809658914804458,-1.756142807006836,0.0014666883274912835,0.00559997521340847
300,245760000,0.00012059999999999999,0.12115188598632813,0.0011681014299392701,0.003631591796875,1.0,38.01444026558945,744109.1576090858,-0.00023868430871516467,0.0015286285430192947,-1.764180564880371,0.0017307402566075325,0.007749632745981216
301,246579200,0.00011999999999999999,0.12114053726196289,0.0012332469969987868,0.003759765625,1.0,37.98610336493772,755865.1315376335,-0.00019312251824885607,0.0014759842306375504,-1.7712974548339844,0.0018032755702733993,0.008678345382213593
302,247398400,0.0001194,0.12102046966552735,0.001179133802652359,0.003616943359375,1.0,38.043688193509446,753429.7985195438,-0.0002618886064738035,0.0015880227088928222,-1.7791128158569336,0.0018749842420220375,0.008224975317716599
303,248217600,0.0001188,0.12109893798828125,0.0012993615865707396,0.003934326171875,1.0,38.0073154921752,756911.2958340506,-0.00013820675667375326,0.0015859397128224373,-1.7875469207763672,0.001769130490720272,0.008555297553539277
304,249036800,0.0001182,0.12124191284179688,0.0011371441185474395,0.00343994140625,1.0,38.050974373284966,762849.3206797604,-0.00019750650972127914,0.0014988568611443043,-1.7954584121704102,0.0016632415354251862,0.007378783077001572
305,249856000,0.0001176,0.12113927841186524,0.0012095461785793305,0.0038232421875,1.0,37.98608340678202,759626.893714706,-0.0002516456414014101,0.0016292272135615348,-1.8034574508666992,0.0018525464460253716,0.00859057530760765
306,250675200,0.000117,0.12136065483093261,0.001272771954536438,0.003944091796875,1.0,38.04317981540745,764885.298302203,-0.00014160737628117205,0.0016052072867751121,-1.8102018356323242,0.0017724640667438508,0.00762927234172821
307,251494400,0.0001164,0.12105682373046875,0.0010991105437278747,0.0033984375,1.0,37.89806296518885,764910.0916140416,-0.0002629983937367797,0.0016238586977124214,-1.8163776397705078,0.0016499292105436325,0.006972166895866394
308,252313600,0.0001158,0.12133380889892578,0.0013551950454711915,0.0039892578125,1.0,37.90054249547921,763174.5582403771,-0.00018159218598157167,0.001686207577586174,-1.8226356506347656,0.0015906356275081635,0.006101075187325477
309,253132800,0.0001152,0.12118581771850585,0.0013000617921352386,0.00398193359375,1.0,38.09342190838986,747642.3145024863,-0.00025275999214500187,0.0015436858870089055,-1.8282363891601563,0.0015455497428774833,0.006791991740465164
310,253952000,0.0001146,0.12115604400634766,0.00127052441239357,0.00385498046875,1.0,37.90908670306283,755569.8143642902,-0.00023636617697775364,0.001527843065559864,-1.833877182006836,0.001641453243792057,0.007146848738193512
311,254771200,0.00011399999999999999,0.12136239051818848,0.0012399413436651229,0.003812255859375,1.0,38.070605187319885,755220.6128304261,-0.00027115377597510817,0.001633293181657791,-1.8406871795654296,0.0017158985137939453,0.006466674059629441
312,255590400,0.00011339999999999999,0.1209951400756836,0.0012206874787807464,0.00376220703125,1.0,37.955174168478514,756631.508895053,-0.00022156913764774798,0.0014806894585490226,-1.8483510971069337,0.001620880886912346,0.006945191323757172
313,256409600,0.00011279999999999999,0.12122682571411132,0.0011592438071966172,0.00357177734375,1.0,38.001672940192385,756067.6190724213,-0.00020135974045842886,0.0014710922725498677,-1.8540840148925781,0.0016047347337007523,0.0063168942928314206
314,257228800,0.00011219999999999999,0.12120572090148926,0.0012551139295101166,0.00378173828125,1.0,37.97076131782587,745424.5936894611,-0.00019642873667180538,0.0015218451619148255,-1.8590307235717773,0.0015713931992650033,0.006705565750598908
315,258048000,0.00011159999999999999,0.12103616714477539,0.00110143780708313,0.003359375,1.0,37.994481799211684,732937.6495710874,-6.292978068813681e-05,0.0015391090884804726,-1.8640697479248047,0.0015833314508199691,0.0062252189964056015
316,258867200,0.00011099999999999999,0.12109166145324707,0.0013968618214130401,0.004259033203125,1.0,38.04013766801544,755173.6793841888,-0.00018060682341456414,0.0015299725346267223,-1.8677640914916993,0.0015737729147076607,0.006390746682882309
317,259686400,0.00011039999999999999,0.12152213096618653,0.001277683973312378,0.003809814453125,1.0,37.87690249976939,759394.5243576579,-0.00024281535297632217,0.0015318155288696288,-1.8739337921142578,0.001775134913623333,0.008279050141572953
318,260505600,0.00010979999999999999,0.12116901397705078,0.0013267180323600768,0.003970947265625,1.0,37.923230262852904,761842.8785036986,-0.00024671899154782295,0.001574854925274849,-1.8803049087524415,0.0016183612868189811,0.006894531100988388
319,261324800,0.00010919999999999998,0.12123408317565917,0.0013304626941680908,0.004017333984375,1.0,38.173067959354896,754727.5854858581,-0.0002954428782686591,0.0014966471120715142,-1.88701171875,0.001723325066268444,0.007231201231479645
320,262144000,0.00010859999999999998,0.12110610008239746,0.001216670423746109,0.003712158203125,1.0,38.06719330855019,754641.1679682789,-0.00021338092628866434,0.0014974757097661496,-1.8958690643310547,0.0016570882871747017,0.006699584424495697
321,262963200,0.00010799999999999998,0.1213547420501709,0.0011662132292985915,0.003712158203125,1.0,37.986611072504054,757727.1665012474,-0.00020598438568413257,0.0014573318883776664,-1.9059429168701172,0.0018289662897586823,0.008326047658920288
322,263782400,0.00010739999999999998,0.1211448860168457,0.0013431577384471892,0.004014892578125,1.0,37.914898545353466,753921.3879061186,-0.00020679142326116562,0.0015357296913862228,-1.9150264739990235,0.001872023567557335,0.008543336391448974
323,264601600,0.00010679999999999998,0.1212797737121582,0.0012201529741287232,0.003714599609375,1.0,38.04324825986079,765246.2975348181,-0.00010050098644569516,0.0014582300558686257,-1.922330665588379,0.0016074933111667633,0.007035156339406967
324,265420800,0.00010619999999999998,0.12123908996582031,0.0012601122260093689,0.00386474609375,1.0,38.00390334572491,755580.6600012609,-0.00029866464901715515,0.001484839618206024,-1.9273666381835937,0.0018317027017474175,0.008057250827550887
325,266240000,0.00010559999999999998,0.12141532897949218,0.0012041972577571869,0.003753662109375,1.0,37.98413065605626,764189.0061788936,-0.0002136188093572855,0.001471846830099821,-1.9315719604492188,0.0016821712255477906,0.007348268479108811
326,267059200,0.00010499999999999999,0.12144185066223144,0.0011921439319849015,0.00367431640625,1.0,37.93255254143135,763655.7787950676,-0.00015239070635288953,0.0014599792659282685,-1.9349340438842773,0.0014711744152009487,0.005696532502770424
327,267878400,0.00010439999999999999,0.12119338989257812,0.0010677257180213928,0.00340087890625,1.0,37.950735942796115,755824.3413444567,-0.0002813678001984954,0.0014402524568140507,-1.9398815155029296,0.0017598552629351615,0.008024535328149795
328,268697600,0.00010379999999999999,0.12123924255371094,0.0011496917903423309,0.003482666015625,1.0,37.90402849081911,746635.4707915251,-0.0001999600324779749,0.0013903764076530934,-1.9464750289916992,0.0017321854829788208,0.007228026539087296
329,269516800,0.00010319999999999999,0.1214039134979248,0.0012338216602802276,0.00387451171875,1.0,37.96835765577948,755514.1284912459,-0.00022251750342547894,0.0014983130618929862,-1.9515340805053711,0.0017910433933138847,0.008906248956918716
330,270336000,0.00010259999999999999,0.12156739234924316,0.0011840721964836121,0.00369384765625,1.0,38.070690693472926,757102.7308022386,-0.00014368635602295398,0.0014936741441488265,-1.9556539535522461,0.0016673410311341286,0.007189453393220901
331,271155200,0.00010199999999999999,0.12110633850097656,0.0012404531985521316,0.00384521484375,1.0,37.89598811292719,751066.3573933748,-0.000142871355637908,0.0015751326456665993,-1.9581392288208008,0.0015692681074142456,0.006184815615415573
332,271974400,0.00010139999999999998,0.12118973731994628,0.0011612369120121001,0.003619384765625,1.0,37.87206350671528,755659.1574444568,-0.00027538321446627376,0.0014572943560779094,-1.963172149658203,0.0015137522481381894,0.006014036759734154
333,272793600,0.00010079999999999998,0.12135424613952636,0.0011899346113204957,0.0036083984375,1.0,38.060968236990185,752444.6350148015,-0.00022660698741674423,0.0014384758658707141,-1.9682889938354493,0.0017874181270599366,0.007590576261281967
334,273612800,0.00010019999999999998,0.12133710861206054,0.0011739194393157958,0.00363525390625,1.0,38.03495497168322,749015.0858892949,-0.00016681076958775521,0.0013801885768771171,-1.9732656478881836,0.0019783006981015207,0.008918088674545289
335,274432000,9.959999999999998e-05,0.12116428375244141,0.0011796678602695465,0.00365478515625,1.0,38.037898843527934,729517.9968844433,-0.0002647664863616228,0.0014875980094075203,-1.9788810729980468,0.0018524862825870514,0.007921389490365981
336,275251200,9.899999999999998e-05,0.12128450393676758,0.001341523826122284,0.00397705078125,1.0,37.95716068210176,751353.3416499478,-0.0001667725620791316,0.001440588477998972,-1.9849634170532227,0.0016913965344429016,0.007390013337135315
337,276070400,9.839999999999998e-05,0.12167835235595703,0.0012308408319950104,0.003863525390625,1.0,37.97839291510178,750052.2407082878,-0.00022982263471931218,0.0014747988432645797,-1.992388916015625,0.0015668837353587151,0.006548949331045151
338,276889600,9.779999999999998e-05,0.12120766639709472,0.0012867388129234314,0.003837890625,1.0,37.992479806888866,754550.1409251065,-0.00019183796830475331,0.0014714090153574943,-1.9980411529541016,0.001655190996825695,0.006750610470771789
339,277708800,9.719999999999998e-05,0.1212811279296875,0.0012065667659044265,0.0037451171875,1.0,38.03112515098021,757449.0783123659,-0.00017920471727848054,0.001483095996081829,-2.0006620407104494,0.0016855951398611069,0.007595460116863251
340,278528000,9.659999999999998e-05,0.12116641998291015,0.0011495362222194673,0.00347412109375,1.0,38.00758421738321,745020.9648613953,-0.00021080039441585542,0.0013872718438506127,-2.0064109802246093,0.0017171742394566536,0.007692992687225342
341,279347200,9.599999999999998e-05,0.12121816635131837,0.001253189444541931,0.0038525390625,1.0,37.864557428387215,764573.1492190196,-0.00021158026065677405,0.0014507858082652091,-2.0138153076171874,0.0017574138939380646,0.007853515446186066
342,280166400,9.539999999999997e-05,0.12134841918945312,0.0012337838113307953,0.00373291015625,1.0,38.03993297961463,761261.192616616,-0.00015422780998051167,0.0013743829913437366,-2.0210750579833983,0.0018384262919425964,0.008713623136281967
343,280985600,9.479999999999997e-05,0.12147708892822266,0.001166488528251648,0.003660888671875,1.0,37.858574661678446,765010.8240294632,-0.00024328380823135376,0.0014083316549658776,-2.026379203796387,0.0017753971740603447,0.00705883726477623
344,281804800,9.419999999999997e-05,0.12121852874755859,0.0012147526443004608,0.003642578125,1.0,37.91905642923219,767472.2153899895,-0.00019495957531034946,0.001399711612612009,-2.0295742034912108,0.0015839749947190284,0.006575927138328552
345,282624000,9.360000000000001e-05,0.12133635520935059,0.0012016810476779937,0.003653564453125,1.0,37.93158162557246,761545.7454505782,-0.0001487968722358346,0.0013807281851768495,-2.0345205307006835,0.0015678774565458299,0.0054294437170028685
346,283443200,9.300000000000001e-05,0.12111841201782227,0.0012172210961580276,0.0038134765625,1.0,37.917134245304894,765429.1279872111,-0.000233964785002172,0.0013508222065865994,-2.0389450073242186,0.0015641575679183005,0.0068211667239665985
347,284262400,9.240000000000001e-05,0.12103747367858887,0.0012810561060905457,0.00388916015625,1.0,37.90082759258403,749198.9058931916,-0.0003052168060094118,0.0014505553059279918,-2.045296287536621,0.0017907682806253434,0.007294188439846039
348,285081600,9.180000000000001e-05,0.12114363670349121,0.0012069941312074662,0.003648681640625,1.0,37.93829905503057,756445.723333993,-0.00022463235072791576,0.0013794651255011558,-2.050850486755371,0.0016202621161937713,0.006792602688074112
349,285900800,9.120000000000001e-05,0.12124578475952148,0.0011840157210826873,0.00365234375,1.0,37.98170703468717,754371.5329176781,-0.0001922729075886309,0.0013543901965022086,-2.0544368743896486,0.00154364462941885,0.006242797896265984
350,286720000,9.06e-05,0.12113885879516602,0.0012616127729415893,0.003824462890625,1.0,37.847587770017114,750714.3727101724,-0.000344983022660017,0.0014085210859775543,-2.0586400985717774,0.001746637560427189,0.007347167283296585
351,287539200,9e-05,0.12139749526977539,0.0012553264200687408,0.003809814453125,1.0,37.946348457518155,754451.8163896798,-0.00030518455896526574,0.0013803618028759956,-2.0639745712280275,0.0015863794833421707,0.0066624745726585385
352,288358400,8.94e-05,0.12139324188232421,0.0012400279194116593,0.003790283203125,1.0,37.898499027147224,753488.5275888693,-0.00020968113094568252,0.001393250562250614,-2.0672760009765625,0.001485170889645815,0.006406860053539276
353,289177600,8.88e-05,0.12100170135498046,0.001203584223985672,0.003677978515625,1.0,37.95726614699332,756652.0778524389,-0.00020938767120242118,0.0013870581984519958,-2.0717029571533203,0.0016654536128044128,0.007871336489915847
354,289996800,8.82e-05,0.12158574104309082,0.0013772305846214295,0.004154052734375,1.0,37.95317122781065,744054.0459568627,-0.00025070428382605313,0.001485565770417452,-2.0776897430419923,0.0016260100528597832,0.0062713623046875
355,290816000,8.76e-05,0.12139268875122071,0.0011950014531612397,0.003819580078125,1.0,37.949108469539375,728881.1559569605,-0.0002596661215648055,0.0013761770911514758,-2.0803661346435547,0.001763288863003254,0.007596435397863388
356,291635200,8.7e-05,0.12120454788208007,0.0012527364492416382,0.003848876953125,1.0,37.85277829056673,751581.1647448417,-0.0002689927350729704,0.001400479394942522,-2.0829898834228517,0.001979883201420307,0.010666991770267486
357,292454400,8.64e-05,0.12096344947814941,0.0011932241916656494,0.003568115234375,1.0,38.01731742420725,757691.4134053712,-0.00022637015208601952,0.0013535914942622185,-2.0874330520629885,0.0014806471765041352,0.005361937358975411
358,293273600,8.58e-05,0.12158397674560546,0.0012257054448127746,0.003768310546875,1.0,37.91590383726306,751997.5301577717,-0.00020640473812818527,0.0013677412644028664,-2.09451904296875,0.001703697070479393,0.007671753317117691
359,294092800,8.52e-05,0.12136496543884277,0.0012004053592681884,0.003670654296875,1.0,37.97719477148419,754867.5804324908,-0.00017057168297469617,0.001394193060696125,-2.10116024017334,0.0018018793314695358,0.007298704981803894
360,294912000,8.46e-05,0.12166722297668457,0.001283484697341919,0.003916015625,1.0,37.97621807055769,756612.3878133417,-0.00016553616151213646,0.0013498379848897457,-2.107748031616211,0.0017299558967351913,0.008055054396390916
361,295731200,8.4e-05,0.12137811660766601,0.0012303579598665238,0.0037451171875,1.0,37.88920270395407,762347.5919867149,-0.0002745743608102202,0.0013674374669790268,-2.1149620056152343,0.0016406996175646782,0.006997069716453553
362,296550400,8.34e-05,0.12131263732910157,0.0012403595447540283,0.0037548828125,1.0,37.99499443826474,764588.219733108,-0.00020288629457354546,0.0013397226110100746,-2.1196651458740234,0.001523898635059595,0.006247802078723908
363,297369600,8.28e-05,0.12147862434387208,0.0013035047054290772,0.0039013671875,1.0,38.001297197127634,761365.9900253866,-0.0002789188642054796,0.0014284985139966012,-2.1233003616333006,0.001603618636727333,0.006348632276058197
364,298188800,8.22e-05,0.1211004638671875,0.0011296863853931427,0.003406982421875,1.0,37.98439821693908,763676.02150636,-0.00018281254451721907,0.0013000362552702427,-2.1285942077636717,0.0015579242259263991,0.005850586295127869
365,299008000,8.16e-05,0.12126968383789062,0.0012407970428466796,0.00385498046875,1.0,38.08332558787991,765875.99911008,-0.00015052100643515588,0.0014603929594159126,-2.1343032836914064,0.0015475847758352757,0.005449219048023224
366,299827200,8.1e-05,0.12140040397644043,0.0012559212744235992,0.003853759765625,1.0,37.974490032991035,756665.7516779389,-0.0002486407989636064,0.0013397688046097756,-2.1396554946899413,0.0017903249710798264,0.006976683437824249
367,300646400,8.04e-05,0.12146982192993164,0.0010744784027338027,0.00343505859375,1.0,37.87144372204546,756973.8251269353,-0.00027133089024573566,0.0013295574113726615,-2.1450632095336912,0.001581086218357086,0.006236572191119194
368,301465600,7.98e-05,0.12132242202758789,0.0012341230362653732,0.00378173828125,1.0,38.01001297978861,753809.2689171586,-0.0002645129803568125,0.001385105773806572,-2.1512704849243165,0.0016269072890281676,0.005849120393395424
369,302284800,7.92e-05,0.12132323265075684,0.001417233794927597,0.0041943359375,1.0,38.008254498237804,756062.8314556116,-0.0002807346871122718,0.0014072821475565433,-2.157406234741211,0.0018683629110455512,0.008521240204572678
370,303104000,7.86e-05,0.12149751663208008,0.0012197650969028473,0.003720703125,1.0,37.9756233458699,758998.127252156,-0.00013168297009542586,0.001529084797948599,-2.162220764160156,0.0017334526404738427,0.008032713085412979
371,303923200,7.8e-05,0.12123453140258789,0.0012841321527957915,0.003980712890625,1.0,37.95208082306053,754418.8833742742,-0.0002540672197937965,0.0014147922396659852,-2.166424560546875,0.001638091914355755,0.006523681432008743
372,304742400,7.74e-05,0.12163981437683105,0.0011423838138580323,0.00348388671875,1.0,37.86147867123161,759978.0125815003,-0.00017240636516362428,0.0013558453880250453,-2.170779228210449,0.0017521949484944344,0.007189697772264481
373,305561600,7.68e-05,0.12144234657287598,0.0011701945960521697,0.00362548828125,1.0,38.02983276972252,753772.3795482703,-0.00026652987580746414,0.0013253375887870788,-2.1756444931030274,0.0014572503045201302,0.005982911214232445
374,306380800,7.62e-05,0.12157943725585937,0.0012045720219612123,0.00372802734375,1.0,38.05067410506741,756165.9058273728,-0.0002828693483024836,0.0013272031210362911,-2.1815277099609376,0.0016983175650238992,0.0064219973981380464
375,307200000,7.56e-05,0.12119498252868652,0.0011146930605173111,0.00341552734375,1.0,37.95474966421194,723828.9408393088,-0.00016238541575148703,0.0015117957256734372,-2.1873647689819338,0.0015953755006194114,0.006002318486571312
376,308019200,7.5e-05,0.121475830078125,0.001247771829366684,0.003851318359375,1.0,38.055416202155335,754515.9880646354,-0.00020804726518690585,0.0014525432139635085,-2.1931968688964845,0.0015399140305817128,0.005410156026482582
377,308838400,7.439999999999999e-05,0.12126855850219727,0.0012477140128612518,0.00384765625,1.0,37.898471514590085,753111.130446096,-0.0002681398531422019,0.0014117639511823654,-2.1977779388427736,0.0015948213636875152,0.005640136450529099
378,309657600,7.379999999999999e-05,0.12156805992126465,0.0012141481041908265,0.00369140625,1.0,37.86724886794197,761245.4752464612,-0.00028475653380155563,0.0013151116669178008,-2.202388954162598,0.001524924859404564,0.005648802220821381
379,310476800,7.319999999999999e-05,0.12133760452270508,0.0011364682018756866,0.003504638671875,1.0,37.800775838182325,767133.7121357128,-0.00022097884211689234,0.0013754040002822876,-2.2080575942993166,0.0017580915242433547,0.005880249291658401
380,311296000,7.259999999999999e-05,0.12133283615112304,0.001267247200012207,0.00385009765625,1.0,37.928112431232954,755959.8443025207,-0.0001993916230276227,0.0014287092722952365,-2.210925483703613,0.001527686510235071,0.005628052353858948
381,312115200,7.199999999999999e-05,0.12168947219848633,0.0012285075336694717,0.003712158203125,1.0,37.99494223005893,764178.9098417413,-0.0002196520334109664,0.0013157207518815993,-2.2129697799682617,0.0016013454645872117,0.006773926317691803
382,312934400,7.139999999999999e-05,0.12169654846191406,0.0012725561857223511,0.00381103515625,1.0,37.84317624751422,764648.5115531305,-0.0002757149282842875,0.0013343045487999917,-2.2182859420776366,0.0018880806863307952,0.008177366107702255
383,313753600,7.079999999999999e-05,0.12139006614685059,0.0012278473377227784,0.00376708984375,1.0,37.94268399870472,762455.9950769024,-0.00017964805010706186,0.0013881724327802659,-2.22351131439209,0.0015979064628481865,0.0061684571206569675
384,314572800,7.019999999999999e-05,0.1213503646850586,0.0012632077932357788,0.003759765625,1.0,37.97039093222299,762694.1084580085,-0.0002040906809270382,0.0014127952978014945,-2.2273988723754883,0.0015804676339030265,0.005860717594623565
385,315392000,6.959999999999998e-05,0.12138759613037109,0.0012417400628328323,0.0038330078125,1.0,38.06070049769757,760557.0748606354,-0.00019912505522370338,0.0013663582503795624,-2.2331110000610352,0.0012841250747442246,0.003535034507513046
386,316211200,6.899999999999998e-05,0.12160894393920899,0.0013429991900920867,0.004034423828125,1.0,37.830042443255216,759303.7996894544,-0.0001812632312066853,0.0013787143863737584,-2.239298629760742,0.0014074604026973248,0.0042388916015625
387,317030400,6.839999999999998e-05,0.12130531311035156,0.0012837806344032287,0.003912353515625,1.0,37.86595547309833,763528.7723068591,-0.00014154431410133838,0.001450237724930048,-2.242371368408203,0.0016751380637288094,0.007084228843450546
388,317849600,6.779999999999998e-05,0.12140159606933594,0.001267092376947403,0.003779296875,1.0,38.0120844522641,757070.0577483077,-0.000246934499591589,0.0013509228825569152,-2.2448801040649413,0.0016088679432868958,0.005562378093600273
389,318668800,6.72e-05,0.12132965087890625,0.0012785261869430542,0.003826904296875,1.0,37.85623298103106,762162.4353515424,-0.00019231729675084352,0.0013641461730003357,-2.249139976501465,0.001404260564595461,0.0043060299009084705
390,319488000,6.659999999999999e-05,0.12162126541137695,0.0011061623692512513,0.0035498046875,1.0,37.87926569869602,757843.1594953623,-0.00020466079004108906,0.0013535027392208576,-2.2535688400268556,0.0015263954177498818,0.005944213643670082
391,320307200,6.599999999999999e-05,0.1214129638671875,0.0011492668092250825,0.00352783203125,1.0,37.96266331891942,760681.1717080835,-0.00022719376720488073,0.001293974556028843,-2.2570415496826173,0.0014507297426462173,0.005844848603010178
392,321126400,6.539999999999999e-05,0.1217931079864502,0.0011656923592090606,0.00357177734375,1.0,37.916762792414524,763925.0430638267,-0.000256500905379653,0.0013543188571929932,-2.2609939575195312,0.0015545615926384926,0.005543091520667076
393,321945600,6.479999999999999e-05,0.12128501892089844,0.001187812387943268,0.00367431640625,1.0,37.7197619706615,758148.2411517547,-0.00024365282151848078,0.0012592466548085213,-2.265964698791504,0.0013998700305819511,0.005341918393969536
394,322764800,6.419999999999999e-05,0.12169401168823242,0.0011193063110113144,0.003568115234375,1.0,38.005877996852725,761628.1332357558,-0.00021484445314854384,0.001284714788198471,-2.2688453674316404,0.001641223207116127,0.006884032487869262
395,323584000,6.359999999999999e-05,0.12170427322387695,0.0012666815519332885,0.00385009765625,1.0,37.99452156553229,746731.6034281674,-0.00022517754696309565,0.0013783113099634647,-2.2729110717773438,0.001594596728682518,0.005710571259260178
396,324403200,6.299999999999999e-05,0.12159591674804687,0.0012874901294708252,0.003858642578125,1.0,37.86352472311043,757773.0615046725,-0.00027755072806030513,0.0013548187911510468,-2.2775087356567383,0.0015865297988057136,0.006077636033296585
397,325222400,6.239999999999999e-05,0.12134983062744141,0.0013513678312301635,0.004019775390625,1.0,37.975833333333334,764453.4906045455,-0.00015373046044260265,0.0013988595455884933,-2.2821678161621093,0.001430292148143053,0.004554809629917144
398,326041600,6.179999999999998e-05,0.12125181198120118,0.0012194497883319855,0.003741455078125,1.0,37.96264753529275,760694.4364798509,-0.0002833738923072815,0.001311320997774601,-2.287131690979004,0.0015061801299452783,0.004519043490290642
399,326860800,6.119999999999998e-05,0.1214456558227539,0.0012912255525588988,0.00385498046875,1.0,37.95948886522524,765439.6680308996,-0.0002748869825154543,0.001293912250548601,-2.291915512084961,0.0015018324367702008,0.005863403528928756
400,327680000,6.059999999999998e-05,0.12172319412231446,0.0011601459980010987,0.003675537109375,1.0,37.82921649198947,758832.7271103191,-0.00023696753196418286,0.0012455548159778119,-2.296667289733887,0.0016553549095988274,0.0066271968185901645
401,328499200,5.999999999999998e-05,0.12147468566894531,0.0011516126990318298,0.003499755859375,1.0,37.85077528349919,762167.1524333045,-0.0002495907712727785,0.001269002817571163,-2.3003219604492187,0.0015988409519195556,0.00567626915872097
402,329318400,5.939999999999998e-05,0.1215876293182373,0.0012668603658676147,0.003759765625,1.0,37.94977973568282,765411.4347346732,-0.0002614287193864584,0.0013317538425326348,-2.3047744750976564,0.001645379513502121,0.005890504270792007
403,330137600,5.879999999999998e-05,0.12150606155395507,0.0011977271735668182,0.003677978515625,1.0,37.86638010722869,754573.8620627712,-0.00028078805189579725,0.0013159610331058501,-2.308222198486328,0.0012918143533170224,0.004362670332193374
404,330956800,5.819999999999998e-05,0.12144121170043945,0.0013229161500930785,0.004027099609375,1.0,38.005614588650175,762325.4298309763,-0.00025833165273070335,0.0014087495394051075,-2.3105493545532227,0.001586577668786049,0.005180418863892556
405,331776000,5.759999999999998e-05,0.1213898754119873,0.0012293174862861634,0.003780517578125,1.0,37.937925288154425,762171.0148340934,-0.00032066339626908303,0.0012944428250193595,-2.3136837005615236,0.0018943976610898972,0.007398804277181625
406,332595200,5.6999999999999976e-05,0.12155659675598145,0.0012361897528171538,0.00376220703125,1.0,37.96944547477745,757605.3998716753,-0.00018577473238110543,0.0013453409075737,-2.316176986694336,0.0014497913420200349,0.0048292245715856556
407,333414400,5.639999999999998e-05,0.12143210411071777,0.0013439112901687622,0.004105224609375,1.0,37.89211695040711,760103.8094065886,-0.000246651004999876,0.0014148741960525514,-2.3188831329345705,0.001565936766564846,0.00618872120976448
408,334233600,5.5800000000000015e-05,0.12143875122070312,0.0013384953141212463,0.00403564453125,1.0,37.957995646737366,759010.8621557602,-0.0002554832259193063,0.001392332836985588,-2.3204319000244142,0.0014395429752767086,0.005037476122379303
409,335052800,5.5200000000000014e-05,0.12143150329589844,0.0012066391110420226,0.003668212890625,1.0,37.916948916624136,760898.8850532725,-0.0001765272580087185,0.001316102221608162,-2.3219974517822264,0.0011801805347204208,0.0032995600253343583
410,335872000,5.460000000000001e-05,0.12171489715576173,0.0012363865971565247,0.00380615234375,1.0,37.938489225231876,764227.7035297964,-0.0002663239371031523,0.001359520573168993,-2.3261188507080077,0.0016372891142964364,0.00552673377096653
411,336691200,5.400000000000001e-05,0.12130456924438476,0.0012666243314743042,0.00385986328125,1.0,37.92068198665678,757693.0772328759,-0.0001927705714479089,0.0013428108766674995,-2.3293569564819334,0.001373769249767065,0.004144774749875069
412,337510400,5.340000000000001e-05,0.12156037330627441,0.0011997074633836747,0.003709716796875,1.0,37.85469493325943,762367.7521875465,-0.0002351206261664629,0.0012980087660253048,-2.332140350341797,0.001395607367157936,0.004842771962285042
413,338329600,5.280000000000001e-05,0.1214964485168457,0.0012759114801883698,0.0039990234375,1.0,37.9023270906731,759890.6882635804,-0.0003442763118073344,0.0013115867041051388,-2.3345691680908205,0.0016375830397009849,0.006203490123152733
414,339148800,5.220000000000001e-05,0.12158218383789063,0.0013121268153190612,0.00401123046875,1.0,38.00988215644428,759908.0180559967,-0.000261122640222311,0.001341159548610449,-2.33815975189209,0.0014557840302586555,0.004846435040235519
415,339968000,5.160000000000001e-05,0.1214002799987793,0.00126304492354393,0.003758544921875,1.0,37.95640693041786,754140.5454642208,-0.00024785734713077544,0.0013322003185749054,-2.341244125366211,0.001503077708184719,0.0046987302601337435
416,340787200,5.1000000000000006e-05,0.12152565002441407,0.0012365485727787017,0.0039208984375,1.0,37.83428069688988,750584.4804183397,-0.00028597505297511816,0.0013244817964732647,-2.3437246322631835,0.0015586373396217824,0.005945921689271927
417,341606400,5.0400000000000005e-05,0.12127803802490235,0.001350535750389099,0.00408203125,1.0,37.851850143028514,766109.9114197113,-0.0003381650662049651,0.00136746009811759,-2.346915054321289,0.0016881588846445084,0.00583801232278347
418,342425600,4.9800000000000004e-05,0.12157333374023438,0.001217290312051773,0.003714599609375,1.0,37.87942114753341,762009.2335148454,-0.0002295605605468154,0.0013060632161796093,-2.349954605102539,0.001271848939359188,0.0037539068609476088
419,343244800,4.92e-05,0.12158510208129883,0.0010745777189731598,0.003360595703125,1.0,37.82255014987319,763109.8550491977,-0.00023769321851432323,0.0011981457471847534,-2.353903961181641,0.0016069646924734115,0.005290160700678825
420,344064000,4.86e-05,0.1215289306640625,0.0010464175045490265,0.0033154296875,1.0,37.89158913113919,761581.4885290749,-0.0002602011198177934,0.001198455411940813,-2.3591541290283202,0.001733880490064621,0.005862548574805259
421,344883200,4.800000000000001e-05,0.12162164688110351,0.001276217997074127,0.0038720703125,1.0,37.865199704142015,761054.4696779235,-0.00026901243254542353,0.001276470348238945,-2.3632152557373045,0.0014343008399009705,0.0047979731112718586
422,345702400,4.740000000000001e-05,0.12139982223510742,0.0012313598394393921,0.00377197265625,1.0,37.82927842666543,756063.9506945208,-0.00025921890046447514,0.0013450145721435546,-2.365718650817871,0.0014381092973053456,0.0045528564602136615
423,346521600,4.6800000000000006e-05,0.12158430099487305,0.001193159967660904,0.0036767578125,1.0,37.95123534047189,762416.5900922421,-0.0002246997319161892,0.001301039755344391,-2.366842842102051,0.0013119387440383434,0.0044095456600189206
424,347340800,4.6200000000000005e-05,0.12151865005493163,0.0012741392850875854,0.0037744140625,1.0,37.93710400961939,759236.8148959228,-0.0002524262759834528,0.00132096940651536,-2.3677196502685547,0.0015387076884508133,0.00418420359492302
425,348160000,4.5600000000000004e-05,0.12141727447509766,0.0011354755610227586,0.00348876953125,1.0,37.89884780898616,763156.2615874392,-0.00022206210996955633,0.0012416826561093331,-2.3704219818115235,0.0014907236211001873,0.005046142637729645
426,348979200,4.5e-05,0.12180745124816894,0.0012622681260108948,0.003927001953125,1.0,37.97462423455187,758104.1388181266,-0.00023544116411358118,0.0013072241097688674,-2.3726470947265623,0.0014772167429327964,0.004255004972219467
427,349798400,4.44e-05,0.12136265754699707,0.0012356060743331908,0.0038427734375,1.0,37.78564178278121,761598.6080202686,-0.00031512933783233165,0.0012812339700758457,-2.3734714508056642,0.0016153760254383088,0.005353393778204918
428,350617600,4.38e-05,0.12182062149047851,0.0012106171250343323,0.0038330078125,1.0,37.82125069175429,764454.9643539749,-0.00023783822543919087,0.0012254671193659306,-2.37661190032959,0.0013866123743355274,0.004061157256364823
429,351436800,4.32e-05,0.12166038513183594,0.001111036092042923,0.0034619140625,1.0,37.884713287360576,759202.3680129373,-0.00036083480808883904,0.0012720325961709023,-2.3803518295288084,0.001560783665627241,0.0053948979824781414
430,352256000,4.26e-05,0.12131221771240235,0.0013593724370002747,0.004083251953125,1.0,38.070698625046454,763755.1598259726,-0.00020291493274271488,0.0013096393086016178,-2.3835031509399416,0.0015516280196607112,0.005242064595222473
431,353075200,4.2e-05,0.12162260055541992,0.0012012456357479095,0.00364990234375,1.0,37.85397207065569,760665.1600659963,-0.0002627317328006029,0.00121925575658679,-2.3865869522094725,0.001396054495126009,0.004175048321485519
432,353894400,4.14e-05,0.12146638870239258,0.001207832470536232,0.00365478515625,1.0,37.81814404432133,760648.4100857545,-0.0002611103467643261,0.0012431611306965352,-2.389847755432129,0.0014185640029609203,0.004064208641648292
433,354713600,4.08e-05,0.1215632438659668,0.0012986674904823304,0.003919677734375,1.0,37.83769802780472,763900.4155669843,-0.00029531281907111404,0.0013523749075829983,-2.3925760269165037,0.0014770815148949623,0.004157349094748497
434,355532800,4.02e-05,0.12137801170349122,0.0012407149374485016,0.00377197265625,1.0,37.905736376684104,760052.1574753894,-0.0003015413647517562,0.0012965369038283824,-2.395528793334961,0.0016628647223114966,0.005671995878219605
435,356352000,3.96e-05,0.12139652252197265,0.0012393592298030854,0.003841552734375,1.0,37.87862796833773,757002.550157688,-0.00033850588370114564,0.001258362177759409,-2.3989994049072267,0.0015485812909901142,0.005528076365590095
436,357171200,3.9e-05,0.12182136535644532,0.0012811189889907837,0.003905029296875,1.0,37.90099649381805,750399.0776334724,-0.0002477322006598115,0.0012985591776669026,-2.4018924713134764,0.0014376535080373287,0.003872436657547951
437,357990400,3.84e-05,0.12165834426879883,0.0013205140829086303,0.0038916015625,1.0,37.925944841675175,763418.3139456562,-0.00026848912239074707,0.001264452002942562,-2.403983306884766,0.0013312612660229205,0.004352415725588798
438,358809600,3.78e-05,0.1215944766998291,0.0012640270590782165,0.003768310546875,1.0,37.92583344892958,767402.5345646996,-0.0002391818445175886,0.0012579100206494332,-2.406239891052246,0.0013565412722527982,0.004304443299770355
439,359628800,3.7199999999999996e-05,0.12176891326904297,0.0011809383332729339,0.00372802734375,1.0,37.88008694043655,761340.9943015807,-0.00030605997890233996,0.00130192618817091,-2.4100374221801757,0.0015395740047097206,0.0046367190778255464
440,360448000,3.6599999999999995e-05,0.12147773742675781,0.0011511895060539246,0.003480224609375,1.0,37.84226561418086,761133.6214402596,-0.0003111995756626129,0.0012441150844097137,-2.413395881652832,0.0016722582280635835,0.005127562955021858
441,361267200,3.5999999999999994e-05,0.12152242660522461,0.0012592077255249023,0.003809814453125,1.0,37.77872144011078,761624.5787000569,-0.00028734414372593163,0.0012524613179266454,-2.414882278442383,0.0011686262674629687,0.003290039300918579
442,362086400,3.539999999999999e-05,0.12140045166015626,0.0012627765536308289,0.00382568359375,1.0,37.84280364325674,755554.2879689924,-0.00024917828850448134,0.0013539830222725868,-2.4170656204223633,0.0012423054315149785,0.0026791995391249658
443,362905600,3.479999999999999e-05,0.12161907196044922,0.0012991449236869812,0.003961181640625,1.0,37.858243735868214,762204.4772396254,-0.00030026007443666457,0.0012461263686418533,-2.4203290939331055,0.0017176968976855278,0.0053858645260334015
444,363724800,3.419999999999999e-05,0.12150163650512695,0.0011456222832202912,0.00355712890625,1.0,37.83080260303688,754955.0753831707,-0.00027107370551675557,0.0011981459334492683,-2.4225610733032226,0.0012926442548632621,0.003663085401058197
445,364544000,3.36e-05,0.12168113708496094,0.0013417813181877136,0.003990478515625,1.0,37.81773739796154,760474.8400513582,-0.00030151004903018476,0.0013457700610160829,-2.425272750854492,0.0015569559298455715,0.005440552532672882
446,365363200,3.2999999999999996e-05,0.12172768592834472,0.0013214012980461121,0.00399658203125,1.0,37.78838959959359,762662.5975811558,-0.00017939842073246836,0.0013208812102675437,-2.427174186706543,0.0013587075285613538,0.003487914800643921
447,366182400,3.2399999999999995e-05,0.12137279510498047,0.0011962398886680603,0.003739013671875,1.0,37.82005722724755,757576.0056338478,-0.00032776158768683673,0.0013251183554530144,-2.429794502258301,0.0015562583692371845,0.004158934950828553
448,367001600,3.1799999999999994e-05,0.12160195350646973,0.0012550930678844451,0.003831787109375,1.0,37.921627627071565,761915.2368966957,-0.0001827190164476633,0.0012803377583622932,-2.432633972167969,0.0013776447623968125,0.003771118074655533
449,367820800,3.119999999999999e-05,0.12159599304199219,0.0012170764803886413,0.003756103515625,1.0,37.90111111111111,757966.6556805822,-0.00025082495994865894,0.0012137244455516338,-2.4346134185791017,0.0012811885215342044,0.0033137209713459013
450,368640000,3.059999999999999e-05,0.12169744491577149,0.001316903829574585,0.0039794921875,1.0,37.90584911776965,760918.9846665178,-0.00020337328314781188,0.0013327786698937416,-2.4365026473999025,0.0014319735579192638,0.003135986253619194
451,369459200,2.999999999999999e-05,0.12166089057922364,0.0011728008091449738,0.003603515625,1.0,38.025537447183915,764121.3120462938,-0.00019790746737271547,0.0012703108601272105,-2.439080238342285,0.0012976243160665035,0.0031983643770217896
452,370278400,2.939999999999999e-05,0.12168516159057617,0.001238468736410141,0.003800048828125,1.0,37.93876040703053,758350.7594264882,-0.0003116776002570987,0.0013212204910814762,-2.4425535202026367,0.001252318639308214,0.0041353762149810794
453,371097600,2.879999999999999e-05,0.12144179344177246,0.0012320040166378021,0.003802490234375,1.0,37.97328827369103,765389.7003137205,-0.000379621097818017,0.0012734722346067428,-2.445603942871094,0.0016026148572564126,0.005572754144668579
454,371916800,2.819999999999999e-05,0.12146675109863281,0.0012327077984809875,0.003843994140625,1.0,37.8094290737485,762966.7637066538,-0.000302990828640759,0.0012344282120466232,-2.4477045059204103,0.0014707645401358604,0.003934936597943306
455,372736000,2.759999999999999e-05,0.12165424346923828,0.001271999478340149,0.00384765625,1.0,37.98488210818308,757790.2034450091,-0.00028321058489382266,0.001334119401872158,-2.4493438720703127,0.0014110622927546502,0.004140258580446243
456,373555200,2.699999999999999e-05,0.1214495849609375,0.0012581881880760193,0.003809814453125,1.0,37.96841226401967,754962.0817455675,-0.00023099342361092566,0.0012522817589342595,-2.451330375671387,0.0012675246223807334,0.002685913071036339
457,374374400,2.6399999999999988e-05,0.12158903121948242,0.0012447698414325714,0.003804931640625,1.0,37.88700198972745,760043.7651839516,-0.0003326820908114314,0.0012742646038532257,-2.4540897369384767,0.0016633568331599236,0.0046525876969099045
458,375193600,2.5799999999999987e-05,0.12164995193481445,0.0013686525821685791,0.004102783203125,1.0,37.95895937673901,763928.4140951852,-0.00021214329171925783,0.0012949720025062562,-2.456510543823242,0.001510666497051716,0.003346312791109085
459,376012800,2.5199999999999986e-05,0.12174232482910156,0.0012768776714801788,0.00376708984375,1.0,37.85845086705202,766422.9986286578,-0.0002755070570856333,0.001287194062024355,-2.4581541061401366,0.0014556339010596275,0.0037453602999448776
460,376832000,2.4599999999999985e-05,0.12157953262329102,0.0013108199834823608,0.004056396484375,1.0,37.83559813902068,757372.8819460822,-0.00010963550303131342,0.0013954155147075653,-2.4587583541870117,0.0008621104061603546,0.0013201904483139514
461,377651200,2.3999999999999987e-05,0.12174638748168945,0.0013565045595169067,0.003994140625,1.0,37.825316806955875,757283.1791601813,-0.00036277491599321363,0.0012751108035445214,-2.459111785888672,0.001345768105238676,0.004002562537789345
462,378470400,2.3399999999999986e-05,0.1216618537902832,0.0013185539841651917,0.00397705078125,1.0,37.72444792771196,757510.5421407443,-0.0002278301864862442,0.0012847280129790306,-2.460776138305664,0.001312532089650631,0.0031660150736570357
463,379289600,2.2799999999999985e-05,0.12157366752624511,0.0011851657181978226,0.00360595703125,1.0,37.90386745431051,760706.5209883192,-0.00026425861287862065,0.001263038907200098,-2.462063026428223,0.001547215413302183,0.003646484389901161
464,380108800,2.2199999999999984e-05,0.1214268970489502,0.0011878233402967454,0.003680419921875,1.0,37.89339819318972,763014.3758191289,-0.00025621671229600904,0.0012607978656888007,-2.4634336471557616,0.0016067320480942725,0.003243042156100273
465,380928000,2.1599999999999983e-05,0.12161046981811524,0.0011762421578168868,0.003673095703125,1.0,37.94705882352941,759295.8673203237,-0.0003277813084423542,0.0011902377009391785,-2.465488815307617,0.0017544180154800415,0.004492796212434769
466,381747200,2.0999999999999982e-05,0.12164283752441406,0.0013398891687393189,0.00415283203125,1.0,37.971747487379,763274.6979252037,-0.00025172487366944554,0.0012693070806562901,-2.467890739440918,0.0013535088859498502,0.0037006840109825136
467,382566400,2.0399999999999984e-05,0.12154240608215332,0.0012034365534782409,0.00368896484375,1.0,37.714062140391256,756996.0005031122,-0.00028023754712194206,0.0012512856163084507,-2.4688789367675783,0.0011697202920913697,0.0031177978962659836
468,383385600,1.9799999999999983e-05,0.12174195289611817,0.001332954168319702,0.003966064453125,1.0,37.81042610222756,759999.3857434727,-0.00016562333330512048,0.0012931293807923795,-2.469905662536621,0.001104424335062504,0.002053222432732582
469,384204800,1.9199999999999982e-05,0.12173171043395996,0.0012612247467041016,0.003878173828125,1.0,37.893745952447034,764453.8329231613,-0.0002145522041246295,0.0012716757133603095,-2.4709499359130858,0.0011182134039700031,0.0019180908799171447
470,385024000,1.8600000000000015e-05,0.12167051315307617,0.001270797848701477,0.0038916015625,1.0,37.847728844823614,757618.6716211585,-0.00026210169307887553,0.001376496721059084,-2.471790885925293,0.0012636526487767696,0.00317687951028347
471,385843200,1.8000000000000014e-05,0.12181529998779297,0.0011890724301338196,0.003623046875,1.0,37.93070589323712,761309.41623489,-0.00024140409659594296,0.0011851240880787373,-2.47247428894043,0.0014395966194570065,0.003113647364079952
472,386662400,1.7400000000000013e-05,0.12157880783081054,0.0011603882908821105,0.003656005859375,1.0,37.92540640966094,761381.165036025,-0.00024426102172583344,0.0012031212449073792,-2.4734128952026366,0.0012532471679151057,0.0031380612403154374
473,387481600,1.6800000000000012e-05,0.12150906562805176,0.0012660706043243408,0.003848876953125,1.0,37.88477366255144,762480.9179992864,-0.00016537916380912065,0.0012732586823403836,-2.4736083984375,0.0010852491483092307,0.0018724363297224044
474,388300800,1.6200000000000014e-05,0.1217832088470459,0.0013354043662548065,0.004061279296875,1.0,37.7757603686636,765755.8965463564,-0.00032544578425586224,0.0012773642316460609,-2.4739208221435547,0.0016691265627741814,0.004290772229433059
475,389120000,1.5600000000000013e-05,0.1214068603515625,0.001257605254650116,0.003836669921875,1.0,37.82415704387991,756657.9748945199,-0.00019835690036416054,0.0012674570083618165,-2.4751684188842775,0.0014453030191361905,0.0026451412588357924
476,389939200,1.5000000000000012e-05,0.12159663200378418,0.001188817545771599,0.003648681640625,1.0,37.83187843517621,752255.119016014,-0.00029311152175068853,0.001251006405800581,-2.4758296966552735,0.0012445270083844661,0.00328381322324276
477,390758400,1.4400000000000011e-05,0.12189443588256836,0.0012510930001735686,0.00379150390625,1.0,37.86876992008869,763819.0883556824,-0.0003420437686145306,0.001296283770352602,-2.4760583877563476,0.0016002131626009942,0.0048529054969549176
478,391577600,1.3800000000000012e-05,0.12164861679077149,0.0012296994775533676,0.003670654296875,1.0,37.809934906052355,758155.7256201275,-0.00029812909197062253,0.001219406258314848,-2.4773193359375,0.0014282125979661942,0.004353637620806694
479,392396800,1.320000000000001e-05,0.12179408073425294,0.0012011206150054931,0.003656005859375,1.0,37.71058931860037,760066.7287986996,-0.00026492280885577203,0.0012110300362110139,-2.478598213195801,0.0016560953110456467,0.0035307615995407104
480,393216000,1.260000000000001e-05,0.12174608230590821,0.0011670906841754914,0.0036083984375,1.0,37.923187265744296,756009.2216969456,-0.00026588235050439835,0.0012644455768167973,-2.479862022399902,0.0012443133629858494,0.003127075731754303
481,394035200,1.2000000000000009e-05,0.12170565605163575,0.001243678629398346,0.003814697265625,1.0,37.75918837906387,757469.597815725,-0.0002709527965635061,0.0012448499910533428,-2.481008529663086,0.0014890752732753753,0.0026661377400159837
482,394854400,1.140000000000001e-05,0.12163889884948731,0.0010953342169523238,0.003411865234375,1.0,37.86524494610723,762508.4029141513,-0.0001555546303279698,0.0011914193630218506,-2.481270980834961,0.0010519227012991904,0.0017164306715130805
483,395673600,1.0800000000000008e-05,0.12160823822021484,0.0011555056273937225,0.003651123046875,1.0,37.85958192976789,759545.6689373712,-0.00020508086308836936,0.0012042795307934285,-2.481074905395508,0.0011989418417215347,0.0026563720777630804
484,396492800,1.0200000000000007e-05,0.12177632331848144,0.001206274852156639,0.003704833984375,1.0,37.99925802263031,763925.902239433,-0.0002105267019942403,0.001272630412131548,-2.4814680099487303,0.0010389032773673534,0.0018499752506613732
485,397312000,9.600000000000008e-06,0.12186254501342773,0.0012096457928419113,0.003656005859375,1.0,37.9526459811697,758232.6591770437,-0.00030107197817415,0.0012548905797302723,-2.4820539474487306,0.001657790131866932,0.0034243162721395493
486,398131200,9.000000000000007e-06,0.12148923873901367,0.0011509712040424346,0.003626708984375,1.0,37.78840219243701,761187.3053598427,-0.00030461547430604696,0.0013017420656979083,-2.482930374145508,0.0014893414452672004,0.0037863776087760925
487,398950400,8.400000000000006e-06,0.1214021110534668,0.0012379834055900574,0.00376220703125,1.0,37.82528310607812,763733.5037808262,-0.00018734856275841593,0.0012364031746983529,-2.4837871551513673,0.001158703211694956,0.0017446288838982582
488,399769600,7.800000000000007e-06,0.12181968688964843,0.0013025122880935668,0.003880615234375,1.0,37.940277069916135,759662.0406162017,-0.00021199481561779977,0.0013363877311348914,-2.4841712951660155,0.0011540478095412253,0.002397705614566803
489,400588800,7.200000000000006e-06,0.12192394256591797,0.0012290020287036895,0.003800048828125,1.0,37.877780346820806,762219.7702368348,-0.0002768233884125948,0.0012698525562882424,-2.484731674194336,0.0014023338444530964,0.002845458686351776
490,401408000,6.600000000000005e-06,0.12186399459838868,0.001248668059706688,0.00379150390625,1.0,37.859558347962675,757209.0419200481,-0.00022319338750094176,0.0012577285058796405,-2.485139846801758,0.001279700268059969,0.0027080075815320015
491,402227200,6.000000000000004e-06,0.12176200866699219,0.0012174777686595917,0.003690185546875,1.0,37.83873948803253,761012.19901641,-0.0002005112823098898,0.001280927937477827,-2.485382843017578,0.0009932834655046463,0.0018663330003619194
492,403046400,5.400000000000004e-06,0.12177719116210937,0.0011489667743444442,0.003447265625,1.0,37.82620123582034,767294.3524203508,-0.00020000205840915443,0.0012488111853599549,-2.4855724334716798,0.0012881580740213394,0.002155151776969433
493,403865600,4.800000000000004e-06,0.12157783508300782,0.0012049334496259689,0.00367919921875,1.0,37.74968814968815,761314.5922502124,-0.00017734619323164224,0.0013046939857304096,-2.4857114791870116,0.0009411293081939221,0.0015031739138066768
494,404684800,4.200000000000003e-06,0.12189020156860352,0.0012109475582838059,0.003675537109375,1.0,37.84061376831628,764238.3408216329,-0.00018208299297839403,0.0012401781976222992,-2.485932540893555,0.001337682083249092,0.0020994875580072404
495,405504000,3.600000000000003e-06,0.1216851806640625,0.001216782033443451,0.0037646484375,1.0,37.881343387149,765263.3263590526,-0.00015538393054157496,0.0012532914988696575,-2.4861328125,0.0008825148455798626,0.0014107665047049522
496,406323200,3.000000000000002e-06,0.1213749885559082,0.0012563350796699524,0.003836669921875,1.0,37.92122447089334,750836.7860155047,-0.00016815548297017814,0.0013351378031075001,-2.4863372802734376,0.0009767362847924233,0.0013597410172224045
497,407142400,2.400000000000002e-06,0.12175230026245117,0.0012216844409704208,0.003675537109375,1.0,37.669206407490705,756454.0022015275,-0.00011780329514294862,0.0013262796215713023,-2.4865259170532226,0.0008180296048521995,0.0012501220218837262
498,407961600,1.8000000000000014e-06,0.12176230430603027,0.0011518721282482147,0.003560791015625,1.0,37.84075461229019,756715.2799238362,-0.00010996126802638173,0.0012752056121826173,-2.486622619628906,0.00027695945464074613,0.00017016601050272583
499,408780800,1.200000000000001e-06,0.12167964935302734,0.001199093908071518,0.00361328125,1.0,37.80152319409185,760806.9701389192,-0.00017474419437348842,0.0012599474750459195,-2.4866060256958007,0.0004392266273498535,0.0006801757961511612
500,409600000,6.000000000000005e-07,0.12159486770629883,0.0012535953521728516,0.00387939453125,1.0,37.83203143055235,762871.171742687,-4.0079053724184634e-05,0.0012563305906951427,-2.486581802368164,5.456957733258605e-05,1.220703097715159e-07
