update,env_steps,lr,reward_per_step,cost_per_step,violation_rate,success_rate,mean_episode_length,steps_per_sec,policy_loss,value_loss,entropy,approx_kl,clip_frac
1,819200,0.0003,-0.004979515671730042,0.0029692935943603518,0.008131103515625,1.0,96.58762886597938,759988.5657152043,-0.002975097671151161,0.15947259664535524,1.828820037841797,0.006210349500179291,0.07913196086883545
2,1638400,0.00029939999999999996,0.0028749209642410277,0.007141762375831604,0.0213818359375,1.0,308.3048780487805,757014.7613135603,-0.0027391968294978144,0.3663469791412354,1.8132028579711914,0.0068958871066570285,0.08924461007118226
3,2457600,0.0002988,0.005508794784545899,0.011271915435791015,0.033131103515625,1.0,475.83417085427135,756740.7887390855,-0.0022404251620173456,0.5700733661651611,1.7863405227661133,0.006293438374996185,0.0762352168560028
4,3276800,0.0002982,0.005695481300354004,0.0072876191139221195,0.021865234375,1.0,671.1712962962963,755910.896089869,-0.003371718525886536,0.33970842361450193,1.7474905014038087,0.00832051709294319,0.10921521186828613
5,4096000,0.00029759999999999997,0.004420977830886841,0.0025219354033470154,0.0069580078125,0.12067007382169222,980.8657013060761,760177.0623877072,-0.00405617207288742,0.1422143340110779,1.7071613311767577,0.007801941782236099,0.09984216094017029
6,4915200,0.00029699999999999996,0.007831093668937684,0.0012155576795339585,0.003687744140625,0.8299319727891157,324.3469387755102,758022.2681360696,-0.005252920091152191,0.06737525463104248,1.6652626037597655,0.0057549715042114254,0.06730382442474366
7,5734400,0.0002964,0.003729855418205261,0.0006128764897584915,0.002125244140625,0.7711538461538462,449.45384615384614,756902.0182601248,-0.005596432834863663,0.03314422369003296,1.6370124816894531,0.005849121138453484,0.07147387862205505
8,6553600,0.0002958,0.0047253227233886716,0.0003707098588347435,0.001234130859375,0.7928994082840237,530.4156804733727,760572.0187052608,-0.0075115770101547245,0.027650853991508482,1.616259765625,0.0073080755770206455,0.0986584484577179
9,7372800,0.00029519999999999997,0.005803436040878296,0.0002277495339512825,0.000780029296875,0.8239355581127733,581.0863060989643,756803.9035649537,-0.00879507213830948,0.022958873212337493,1.5981088638305665,0.007817953079938888,0.10722178220748901
10,8192000,0.00029459999999999995,0.008740791082382203,0.0005238796398043632,0.0016650390625,0.43954951970851275,797.0669095727062,760234.8621208651,-0.006827493757009506,0.037099578976631166,1.579078483581543,0.006915014237165451,0.09106957912445068
11,9011200,0.000294,0.018704502582550048,0.0009226638078689575,0.002735595703125,0.9352196574832464,269.7505584512286,758216.471041699,-0.004959525913000107,0.05623827576637268,1.5553253173828125,0.005259905755519867,0.06173205971717834
12,9830400,0.0002934,0.02062870979309082,0.0007989393919706345,0.00261474609375,0.9754228329809725,249.02827695560254,760012.6019581419,-0.005014002323150635,0.04828735291957855,1.5337285995483398,0.005297425389289856,0.06277466416358948
13,10649600,0.00029279999999999996,0.026142525672912597,0.0008806101977825165,0.002813720703125,0.9918682235195997,207.03482068390326,767008.3706775595,-0.004289817810058594,0.04889922440052032,1.513453197479248,0.004565369710326195,0.051075929403305055
14,11468800,0.00029219999999999995,0.03260963916778564,0.0010086232423782348,0.00315673828125,0.9965363681345868,161.57133432294245,761370.683578959,-0.0038621261715888976,0.046448856592178345,1.4905444145202638,0.004286609217524528,0.045028069615364076
15,12288000,0.0002916,0.03834210872650146,0.0012625451385974884,0.003878173828125,0.9988655700510494,130.86259217243335,763164.5974463652,-0.0029616732150316238,0.048678866028785704,1.4674933433532715,0.004021903127431869,0.038495960831642154
16,13107200,0.00029099999999999997,0.043999032974243166,0.0013668563961982726,0.004122314453125,0.9998760535448686,109.04598413485374,767725.6669856153,-0.0024644585326313974,0.045928531885147096,1.4424406051635743,0.0036537721753120422,0.033491456508636476
17,13926400,0.00029039999999999996,0.04891542434692383,0.0014395517110824584,0.004520263671875,1.0,95.98569980858011,756233.4617609534,-0.0021940074861049653,0.04167096614837647,1.4136417388916016,0.004054911807179451,0.03527014255523682
18,14745600,0.00028979999999999994,0.05328749179840088,0.001359560191631317,0.004031982421875,1.0,87.44267842493848,745036.7007707258,-0.001820836216211319,0.03491700291633606,1.3871005058288575,0.003747811168432236,0.03306140601634979
19,15564800,0.0002892,0.05774572849273682,0.0013532194495201111,0.00414794921875,1.0,79.51610436777214,757505.4805107056,-0.001898273639380932,0.033324286341667175,1.3604365348815919,0.004130879789590836,0.03652892708778381
20,16384000,0.00028859999999999997,0.061055960655212405,0.0013969677686691284,0.004254150390625,1.0,74.91755005889281,756954.8300487107,-0.0017685823142528534,0.03034236133098602,1.3324813842773438,0.004100268334150314,0.03824816942214966
21,17203200,0.00028799999999999995,0.064119873046875,0.001569443792104721,0.004654541015625,1.0,71.85920858948826,754626.0760865678,-0.0017250590026378632,0.035462409257888794,1.3029427528381348,0.004674849286675453,0.04364343881607056
22,18022400,0.00028739999999999994,0.06689430713653564,0.001425648182630539,0.00438720703125,1.0,68.53420681648561,756213.645812558,-0.0020582804456353186,0.030303460359573365,1.2739233016967773,0.005012879520654679,0.052601557970046994
23,18841600,0.0002868,0.06991403102874756,0.0014424273371696473,0.004608154296875,1.0,65.69397340976037,755149.7443441543,-0.0017604894936084747,0.02838294208049774,1.244295597076416,0.00484904907643795,0.048223641514778134
24,19660800,0.00028619999999999996,0.07179059982299804,0.0014407983422279357,0.004407958984375,1.0,63.69586469082163,753999.1127542995,-0.0016114184632897376,0.027981162071228027,1.2162538528442384,0.004879359155893326,0.04931237995624542
25,20480000,0.00028559999999999995,0.07396069526672364,0.0013285461068153382,0.004105224609375,1.0,62.11311092702764,759115.8337319986,-0.001724068820476532,0.02622480094432831,1.1854860305786132,0.00499623566865921,0.05180516839027405
26,21299200,0.000285,0.07644680976867675,0.0013572867214679718,0.004271240234375,1.0,59.74184881272239,753548.2959555471,-0.001406950782984495,0.025844404101371767,1.1546992301940917,0.004619979485869408,0.04236096739768982
27,22118400,0.0002844,0.07823059558868409,0.001419880837202072,0.004346923828125,1.0,58.367611451360204,758194.5565920331,-0.0013530842959880828,0.02626464068889618,1.1251803398132325,0.004525705799460411,0.041354864835739136
28,22937600,0.00028379999999999996,0.07949273586273194,0.0014099213480949402,0.004375,1.0,57.727706447765385,758536.2892428803,-0.0012072054669260979,0.024983040988445282,1.0973002433776855,0.004301609098911285,0.037797003984451294
29,23756800,0.00028319999999999994,0.08141799926757813,0.0015139284729957581,0.004686279296875,1.0,56.061285704547004,756777.7950641563,-0.001309080235660076,0.02458086460828781,1.067509651184082,0.004211186617612839,0.03822191953659058
30,24576000,0.0002826,0.08235855102539062,0.0014341524243354797,0.004361572265625,1.0,55.607154979295366,761339.1786663898,-0.0012018485926091672,0.024508365988731386,1.041218090057373,0.003979240730404854,0.035020864009857176
31,25395200,0.00028199999999999997,0.08407171249389649,0.0012107844650745391,0.003792724609375,1.0,54.274253483742534,758684.9642824475,-0.001299674902111292,0.020076000690460206,1.0136239051818847,0.00442345067858696,0.0378509521484375
32,26214400,0.00028139999999999996,0.08536385536193848,0.0011747971922159194,0.00358154296875,1.0,54.148389217619986,763920.3443362849,-0.0011458599008619785,0.01927931308746338,0.9855515480041503,0.0036427944898605345,0.031086060404777526
33,27033600,0.00028079999999999994,0.08634289741516113,0.001383618712425232,0.00412109375,1.0,52.93242633309691,767825.4617423621,-0.0010469425469636917,0.022819148004055025,0.9619854927062989,0.004034104198217392,0.033236327767372134
34,27852800,0.0002802,0.0870278549194336,0.001524842232465744,0.00452880859375,1.0,52.270560419196116,760861.2936096109,-0.0009569516405463219,0.02620215117931366,0.9424269676208497,0.0038995064795017244,0.028935185074806212
35,28672000,0.00027959999999999997,0.08820138931274414,0.0014339131116867065,0.004261474609375,1.0,52.01676260358024,764942.6413037623,-0.0007538929115980863,0.023736914992332457,0.9233046531677246,0.0032238084822893143,0.02279602438211441
36,29491200,0.00027899999999999995,0.0891352939605713,0.001211610585451126,0.003699951171875,1.0,51.11742923492123,760971.8762876586,-0.0008601455949246884,0.020465099811553956,0.9047480583190918,0.0036838892847299576,0.027330073714256286
37,30310400,0.0002784,0.09027334213256837,0.0013569025695323944,0.0041552734375,1.0,51.06904879861283,756397.0084591104,-0.0006958724930882454,0.02223283052444458,0.8850111961364746,0.0031773891299963,0.019974854588508607
38,31129600,0.0002778,0.09089145660400391,0.0013177195191383362,0.004149169921875,0.9999383096853794,50.49049969154843,751407.2172683739,-0.0006642640568315983,0.020581117272377013,0.864692211151123,0.003283558413386345,0.024659061431884767
39,31948800,0.0002772,0.09213689804077148,0.0013870233297348022,0.004237060546875,0.9999392577294539,49.97126890603171,754042.0855637889,-0.0006291714496910572,0.02197169214487076,0.8438214302062989,0.0031436219811439513,0.020750243961811066
40,32768000,0.0002766,0.09255805969238282,0.0014019665122032166,0.004276123046875,1.0,49.507348512227445,760959.2099552419,-0.000587182492017746,0.022546370327472687,0.8223928451538086,0.003209634497761726,0.02224511355161667
41,33587200,0.000276,0.09291364669799805,0.0012630340456962585,0.0038232421875,1.0,49.33381555153707,754685.9256704157,-0.0005915023852139711,0.018702439963817596,0.798933458328247,0.0029083944857120512,0.018077264726161956
42,34406400,0.00027539999999999997,0.09310669898986816,0.0013410505652427674,0.0041552734375,1.0,49.05431117533719,759272.2212934701,-0.0006042939610779285,0.020146769285202027,0.7777398109436036,0.0029770225286483766,0.01930016726255417
43,35225600,0.0002748,0.09390115737915039,0.001273142695426941,0.003834228515625,1.0,48.903440489630995,752316.4722694319,-0.0005579707678407431,0.01930831968784332,0.7600068092346192,0.0031745392829179765,0.023030394315719606
44,36044800,0.0002742,0.09484865188598633,0.0013233645260334016,0.00402099609375,1.0,48.355508374616655,757619.6876375632,-0.0006212505511939525,0.01875857710838318,0.7412113666534423,0.0028405098244547846,0.019282960891723634
45,36864000,0.0002736,0.0956180763244629,0.0012514427304267882,0.00380615234375,1.0,48.21181429658685,761788.9292223493,-0.0005818931385874748,0.017469660937786104,0.7189873695373535,0.002802896872162819,0.019404783844947815
46,37683200,0.00027299999999999997,0.09595407485961914,0.001346309334039688,0.004044189453125,1.0,47.72293942403178,755233.8985860206,-0.0005477886646986007,0.0202140748500824,0.6961680889129639,0.002961387485265732,0.018593989312648773
47,38502400,0.0002724,0.09736699104309082,0.0013439124822616577,0.0040625,1.0,47.479230458143164,760754.2180614593,-0.0006595790386199951,0.01857142299413681,0.6776872158050538,0.0027489691972732546,0.017026124894618987
48,39321600,0.0002718,0.09787675857543945,0.0011324852705001831,0.003463134765625,1.0,47.099552444342436,760160.3946625647,-0.0006556174252182245,0.01617276668548584,0.6624413013458252,0.0027031831443309782,0.01727013885974884
49,40140800,0.0002712,0.09914561271667481,0.001327030062675476,0.003961181640625,1.0,46.35022573363431,760197.004639027,-0.0007858394645154476,0.019019894301891327,0.6478584766387939,0.002816513553261757,0.01917114406824112
50,40960000,0.00027059999999999996,0.09996820449829101,0.0012090018391609193,0.00386962890625,1.0,46.024595687331534,765865.9321657027,-0.0006011105142533779,0.016950656473636628,0.6293696403503418,0.0026366427540779115,0.019108396768569947
51,41779200,0.00027,0.10096346855163574,0.0012315353751182556,0.003680419921875,0.999888504850039,45.624707325231356,759628.6954520659,-0.0007882968522608281,0.018199005722999574,0.6057501316070557,0.002890367805957794,0.01955859363079071
52,42598400,0.0002694,0.10237493515014648,0.0009637068957090378,0.003155517578125,1.0,45.08963294734542,762708.6370855161,-0.0008622939698398113,0.011338739097118378,0.5851119518280029,0.0025938304141163828,0.019816163182258605
53,43417600,0.0002688,0.1030653476715088,0.0011712853610515595,0.00353759765625,1.0,44.5466731792033,767334.0873565463,-0.0008072705939412117,0.014871826767921448,0.5650693893432617,0.003005659393966198,0.02127991020679474
54,44236800,0.00026819999999999996,0.10416051864624024,0.0012085048109292983,0.00373046875,0.9999460800172544,44.06556669901865,760642.8290606748,-0.0007928569801151752,0.015028499066829681,0.547172737121582,0.0025115111842751504,0.01760241389274597
55,45056000,0.0002676,0.10557012557983399,0.0011875387281179428,0.00364501953125,1.0,43.656646662063835,762138.5501914006,-0.000671490840613842,0.014883127808570863,0.5244287014007568,0.0027384961023926733,0.019518066942691804
56,45875200,0.000267,0.10522048950195312,0.0011617277562618255,0.003563232421875,1.0,43.58852310801468,763415.1952157922,-0.0007927164435386658,0.013168470561504364,0.4996385097503662,0.002790683135390282,0.01906176656484604
57,46694400,0.00026639999999999997,0.10558917045593262,0.001153435707092285,0.003487548828125,0.9999466950959488,43.29253731343284,755631.3651559437,-0.0005708091892302036,0.012990833818912506,0.4822941780090332,0.002648020349442959,0.018864502012729645
58,47513600,0.00026579999999999996,0.10620786666870118,0.0010812141001224518,0.00343017578125,0.9999470338983051,43.3770656779661,749550.8297757678,-0.0006925745401531458,0.011889903992414474,0.4730571746826172,0.0025491146370768547,0.018015868961811066
59,48332800,0.0002652,0.1063994026184082,0.0011102669686079026,0.00348876953125,0.9999470647398232,43.02413847864062,753011.1006441378,-0.0006243488751351833,0.011889471858739852,0.4618358612060547,0.0026605335995554926,0.01804797351360321
60,49152000,0.0002646,0.10663466453552246,0.0011868222057819366,0.00353515625,0.9998949414298471,42.950307296317696,759522.280010723,-0.0006308176554739476,0.014150314033031464,0.44985003471374513,0.002663571387529373,0.01874413788318634
61,49971200,0.00026399999999999997,0.10684232711791992,0.001109846532344818,0.003314208984375,0.9997371050002629,43.23834060676166,756357.4329747505,-0.0006749112159013748,0.012312166392803192,0.43415050506591796,0.002603133395314217,0.019019773602485655
62,50790400,0.00026339999999999995,0.10714126586914062,0.0011742471158504486,0.003636474609375,0.9998434564809017,42.919901899394695,757849.8823200751,-0.0005181078799068928,0.012086205184459686,0.41936802864074707,0.002620508335530758,0.016160035133361818
63,51609600,0.0002628,0.10725061416625976,0.0010985255241394043,0.003433837890625,0.999738425320429,42.80763798064348,755054.6898518199,-0.0005739701446145773,0.01074211671948433,0.40320286750793455,0.002443080022931099,0.015168821811676026
64,52428800,0.0002622,0.10775081634521484,0.0012352395057678223,0.00375,0.9997393661384487,42.569797748123435,757142.4129966394,-0.0005015413276851177,0.012578059732913972,0.389799976348877,0.002428038977086544,0.013697630167007447
65,53248000,0.00026159999999999996,0.1076357364654541,0.0011839427798986434,0.003558349609375,0.9996360800623862,42.55243046529763,761348.0070081741,-0.0004722441080957651,0.01208992898464203,0.37421479225158694,0.002755242958664894,0.018019287288188933
66,54067200,0.000261,0.10788290977478027,0.0011214158684015275,0.0034912109375,0.9996359665089188,42.63690259503874,755181.2161061188,-0.0004788522608578205,0.011390362679958344,0.36072735786437987,0.0024321353062987327,0.015060423314571381
67,54886400,0.0002604,0.10766923904418946,0.0012195365130901338,0.003619384765625,0.9994766863781465,42.78203987649798,759386.5163383428,-0.00039014345966279505,0.01211366057395935,0.3482327699661255,0.002368650212883949,0.013945677876472473
68,55705600,0.00025979999999999997,0.10835620880126953,0.0011886616051197051,0.00365478515625,0.9995839184480159,42.62516253185624,766205.5631342808,-0.0005085856653749942,0.012872810661792754,0.33599746227264404,0.002269383892416954,0.0140266090631485
69,56524800,0.00025919999999999996,0.10904995918273926,0.0012244878709316254,0.0037255859375,0.9995877563640111,42.36004328558178,761317.5136222895,-0.00045370543375611305,0.01194930002093315,0.3242386817932129,0.002524538151919842,0.015687499940395356
70,57344000,0.0002586,0.10862934112548828,0.0011865617334842682,0.003668212890625,0.9995878625521611,42.327906856936785,764848.8987793364,-0.0005282569210976363,0.01139761507511139,0.30970723628997804,0.0027269074693322183,0.01904015839099884
71,58163200,0.000258,0.10912094116210938,0.001178576797246933,0.003665771484375,0.9992788709178944,42.51200164829505,764686.9528155519,-0.000503432983532548,0.01140708476305008,0.2941101312637329,0.002499234862625599,0.015505735576152802
72,58982400,0.00025739999999999997,0.10882515907287597,0.0010565122216939927,0.003251953125,0.9996907216494846,42.152731958762885,762229.0381079587,-0.00037160227075219157,0.009952552616596222,0.28198287487030027,0.0021493494510650634,0.012982423603534698
73,59801600,0.00025679999999999995,0.10942240715026856,0.001159798502922058,0.0035546875,0.9996916593864021,42.045634410812475,764446.1079910567,-0.0005060900002717972,0.010976575314998627,0.26670517921447756,0.002611810714006424,0.015282104909420013
74,60620800,0.0002562,0.10907205581665039,0.001184854656457901,0.003631591796875,0.999537108470915,42.07884585712082,753302.1570372753,-0.0003437364473938942,0.011146877706050873,0.25496687889099123,0.002282998524606228,0.012843869626522064
75,61440000,0.0002556,0.1092791748046875,0.0012035748362541198,0.003704833984375,0.999536536381894,42.11148874813327,763841.4651315717,-0.00034716222435235975,0.010780242085456849,0.2386084794998169,0.0026971839368343355,0.017181152105331422
76,62259200,0.00025499999999999996,0.10958796501159668,0.0011233837902545928,0.003525390625,0.9995907719064914,41.90367793749041,762084.1691432127,-0.0002834661863744259,0.010391311347484588,0.22581129074096679,0.0022024527192115785,0.01165502965450287
77,63078400,0.00025439999999999995,0.10953136444091797,0.0011389543861150741,0.003472900390625,0.9995906043702983,41.95169131569521,756136.018686903,-0.0002531751990318298,0.010593769699335098,0.21634178161621093,0.0022221213206648827,0.013640867173671722
78,63897600,0.0002538,0.10938632965087891,0.0011651423573493958,0.003560791015625,0.9996416137620315,41.83831660864223,754561.2693022005,-0.00037881054449826477,0.010895492881536484,0.2075902223587036,0.00224507600069046,0.011838742345571519
79,64716800,0.0002532,0.1093904972076416,0.0010722431540489197,0.003245849609375,0.9993360572012258,42.080949948927476,750357.475664343,-0.0003515823744237423,0.010841731727123261,0.20188279151916505,0.0020136600360274315,0.010948119312524795
80,65536000,0.00025259999999999996,0.10960988044738769,0.0011988742649555206,0.003663330078125,0.9994882554628729,41.90143800214933,759238.1440855657,-0.0003573569469153881,0.010973522812128067,0.1926846385002136,0.002161776274442673,0.011669068783521652
81,66355200,0.00025199999999999995,0.10969228744506836,0.0010619153827428817,0.003311767578125,0.9996929847004042,41.886404339149564,758799.9911403533,-0.0003828315995633602,0.010162430256605149,0.18159688711166383,0.0022826841101050376,0.014521975815296174
82,67174400,0.0002514,0.10971899032592773,0.0011573299020528794,0.003509521484375,0.9996432030174831,41.66461083643407,756247.5986726247,-0.00035954252816736696,0.010565784573554993,0.17153583765029906,0.0021871542558073997,0.011557493358850479
83,67993600,0.00025079999999999997,0.10969511032104493,0.0011688008159399033,0.003529052734375,0.9995414947271893,41.77354934026186,761360.9319327639,-0.0003208564594388008,0.011196266859769821,0.1627010226249695,0.002224292419850826,0.013289184868335724
84,68812800,0.00025019999999999996,0.1097955322265625,0.0011270024627447128,0.0034912109375,0.999385655045308,41.9499308861926,755042.7283436597,-0.0003735422156751156,0.010436228662729263,0.1502296209335327,0.002541445009410381,0.016657958924770355
85,69632000,0.00024959999999999994,0.1102003288269043,0.0011061330884695054,0.003394775390625,0.9997456247456248,41.5768722018722,759611.0171142311,-0.00036408796440809963,0.010231997817754745,0.13561345338821412,0.0022658497095108033,0.01163647472858429
86,70451200,0.000249,0.10993752479553223,0.0012358322739601136,0.00376708984375,0.9994386609512146,41.924882629107984,755474.6905948485,-0.000280830985866487,0.011236670613288879,0.12053567171096802,0.0022487524896860124,0.01441638171672821
87,71270400,0.0002484,0.11024722099304199,0.001159004494547844,0.003531494140625,0.9995409568499439,41.815209629705194,760324.9231751102,-0.00019737957045435907,0.01054932400584221,0.10693902969360351,0.002035435475409031,0.011516721546649933
88,72089600,0.0002478,0.11014495849609375,0.0010910503566265105,0.003450927734375,0.9993384223918576,41.967735368956745,765803.5008818264,-0.00034240016248077154,0.01041051298379898,0.09409003257751465,0.002435803227126598,0.01614440679550171
89,72908800,0.0002472,0.11004582405090332,0.001170300990343094,0.00344970703125,0.999694827323127,41.48029093128529,761031.8769599948,-0.00028246035799384117,0.011311644315719604,0.08376846313476563,0.002036229893565178,0.010749512165784837
90,73728000,0.0002466,0.11072254180908203,0.001140703335404396,0.003514404296875,0.999695879162654,41.53064017436262,763511.1832022042,-0.00023729125969111918,0.010399473458528518,0.07262511253356933,0.002042718417942524,0.011885253340005874
91,74547200,0.000246,0.11093658447265625,0.001080596223473549,0.00326171875,0.9995450409463148,41.57992114043069,767545.7556136957,-0.00030096445698291063,0.009320083260536193,0.059827423095703124,0.0023030223324894904,0.013696531951427459
92,75366400,0.0002454,0.11026758193969727,0.0011171330511569977,0.0034716796875,0.9994921279837481,41.72574911122397,761728.1829530508,-0.0003005338832736015,0.009860538691282273,0.04876754581928253,0.0020835975185036658,0.010445555299520492
93,76185600,0.0002448,0.110623779296875,0.0010352817922830583,0.00323486328125,0.9996446520127925,41.655007868419716,757442.3738479312,-0.00045137787237763404,0.008593247085809708,0.03582926988601685,0.0026254139840602873,0.017369015514850615
94,77004800,0.00024419999999999997,0.11130504608154297,0.0011607928574085236,0.003592529296875,0.9997978368543414,41.33018295764682,756365.5414588413,-0.00035914748441427945,0.009893755614757537,0.02540726065635681,0.002018369920551777,0.01010156273841858
95,77824000,0.00024359999999999999,0.11100305557250977,0.0011221235245466232,0.003502197265625,0.9997471171353429,41.29607525794052,756554.544932807,-0.00033903769217431546,0.009340125322341918,0.01407189816236496,0.002205507270991802,0.012172606587409974
96,78643200,0.000243,0.11085609436035156,0.0011432972550392152,0.003470458984375,0.999645084419206,41.6866095421589,757678.7599401515,-0.00018957725260406732,0.009872151911258698,0.005574308335781097,0.002378163114190102,0.015213990211486816
97,79462400,0.00024239999999999998,0.11087990760803222,0.001201380267739296,0.00364990234375,0.9996461250695111,41.501491330064205,756748.6298883273,-0.00031226477585732937,0.009715686738491058,-0.0020283252000808717,0.0021680211648344994,0.012702879309654237
98,80281600,0.0002418,0.11140973091125489,0.0011618421971797944,0.0035302734375,0.9997981938348216,41.41294586549619,758324.1291145484,-0.00017503103008493782,0.00946798101067543,-0.010685975849628448,0.0019239053130149842,0.0097261942923069
99,81100800,0.00024119999999999998,0.11182022094726562,0.0011092965304851533,0.00349609375,0.9997492351672601,41.232960529615326,742638.9444192708,-0.0003365934593603015,0.009317107498645782,-0.022851504385471344,0.002453634329140186,0.013013428449630738
100,81920000,0.0002406,0.11181678771972656,0.001274530589580536,0.003846435546875,0.999749184850765,41.280160521695514,756324.2816861863,-0.0003390714759007096,0.010716994106769562,-0.039547276496887204,0.0022084200754761696,0.012337157130241394
101,82739200,0.00023999999999999998,0.11165202140808106,0.0011251343786716462,0.003548583984375,0.9999496703407318,41.10830942674518,752928.1676735493,-0.000347345438785851,0.008648364245891571,-0.04836663901805878,0.0018959704786539078,0.01015319675207138
102,83558400,0.0002394,0.11175371170043945,0.0011171407252550125,0.003544921875,0.9998493673428399,41.11663988752762,756562.9441271621,-0.0002958950586616993,0.008929852396249771,-0.058041435480117795,0.0021356701850891112,0.012290892004966737
103,84377600,0.0002388,0.11177289009094238,0.0011627990752458572,0.003616943359375,0.9998492386552088,41.245137946630486,758377.7992871992,-0.00023748227395117282,0.009059960395097733,-0.07137496471405029,0.002169017679989338,0.012119140475988388
104,85196800,0.0002382,0.11176386833190918,0.001038951352238655,0.0031494140625,0.9998996135120213,41.0999849420268,752211.3282922212,-0.00027099414728581905,0.008089118450880051,-0.07962371706962586,0.002176222205162048,0.01265234500169754
105,86016000,0.0002376,0.11190893173217774,0.0011332890391349793,0.003509521484375,0.9999499424337989,41.01156329779246,760984.5756304531,-0.0002670764224603772,0.008442695438861846,-0.0886431872844696,0.0019940480589866636,0.010428954660892487
106,86835200,0.000237,0.1120163631439209,0.0011711183190345764,0.00360107421875,0.9997990959316926,41.091160220994475,759413.8013995895,-0.0003474762197583914,0.009074888378381728,-0.1018141508102417,0.002208438515663147,0.013323850929737091
107,87654400,0.0002364,0.11185066223144531,0.0011605585366487503,0.00353271484375,0.9998490566037735,41.33454088050314,763775.5411086963,-0.0003184265689924359,0.008642335236072541,-0.11128251552581787,0.0021952550858259203,0.013635742664337158
108,88473600,0.00023579999999999999,0.11191742897033691,0.0012144894897937774,0.0037841796875,0.9999497840715075,41.06051019383349,766705.14114457,-0.00019074638839811087,0.009997498989105225,-0.1239772915840149,0.002727122977375984,0.021002933382987976
109,89292800,0.0002352,0.11197431564331055,0.0012056837975978852,0.003572998046875,0.999900174694285,40.984177689044174,762315.9161611906,-0.0003264054888859391,0.009749264270067216,-0.1427074909210205,0.002226613275706768,0.012892942130565643
110,90112000,0.00023459999999999998,0.1117883014678955,0.0010917703807353974,0.003328857421875,0.9998993963782696,41.09502012072435,766234.8225485645,-0.00033277012407779695,0.008704788982868195,-0.15965112447738647,0.0019797053188085555,0.010693725198507309
111,90931200,0.000234,0.11231230735778809,0.0010838405787944793,0.00335693359375,0.9998500899460324,40.97086747951229,766336.5765253234,-0.00030496043618768456,0.0076775610446929935,-0.1728893995285034,0.0024157606065273287,0.014266358315944671
112,91750400,0.00023339999999999998,0.11235998153686523,0.0011992242932319641,0.003721923828125,0.9998998848675977,41.01937227811984,754131.6447410397,-0.00026256944984197615,0.00871223583817482,-0.1816807508468628,0.002145259641110897,0.011876952648162842
113,92569600,0.0002328,0.11228328704833984,0.0011169740557670593,0.0034375,0.9998005285992121,40.89298359347728,763071.9624162543,-0.00030905622988939283,0.008408476412296296,-0.19663257598876954,0.0019989743828773498,0.011041015386581421
114,93388800,0.00023219999999999998,0.11240371704101562,0.0011861880123615264,0.00357421875,0.9999498319369889,41.011187478051475,757312.0349314351,-0.00021296609193086625,0.0089410200715065,-0.20746326446533203,0.002132481336593628,0.012549681961536408
115,94208000,0.0002316,0.11247517585754395,0.001095610037446022,0.003411865234375,0.9998503292755937,41.000947914587904,757321.6383073623,-0.00022853538393974304,0.007814523577690125,-0.2207031488418579,0.002718299999833107,0.019036252796649934
116,95027200,0.00023099999999999998,0.1121971321105957,0.0012878653407096862,0.003948974609375,0.9998504859207575,40.947271368053826,761949.5234965464,-0.0003609106643125415,0.00886467918753624,-0.23025476932525635,0.002180245704948902,0.012614992260932923
117,95846400,0.0002304,0.11245519638061524,0.0011466631293296813,0.003585205078125,1.0,40.91960126233532,757945.0676916523,-0.000255130953155458,0.007861854881048203,-0.23986878395080566,0.0023555658757686616,0.01347362995147705
118,96665600,0.00022979999999999997,0.11270990371704101,0.0011716297268867493,0.003525390625,1.0,40.73276633840645,758437.907704649,-0.00019234592327848076,0.008275793492794037,-0.2525540828704834,0.0019715923815965654,0.010896974056959153
119,97484800,0.0002292,0.11257896423339844,0.0010327719151973723,0.00321533203125,0.9998505678421996,40.89654313608288,745757.2257722376,-0.00028966651298105716,0.007455282658338547,-0.26574466228485105,0.001911219023168087,0.009516721218824386
120,98304000,0.00022859999999999997,0.11248472213745117,0.0010737405717372894,0.003306884765625,0.9999498897574665,40.96346963319302,760694.8954989683,-0.0002601750660687685,0.007798778265714646,-0.27400641441345214,0.0019872553646564485,0.010086914151906967
121,99123200,0.00022799999999999999,0.11285755157470703,0.0011762805283069611,0.0035693359375,0.9999502438053538,40.88232659966166,754237.5922540358,-0.00021322104148566723,0.0090762197971344,-0.28561131954193114,0.002023007906973362,0.010800415277481079
122,99942400,0.00022739999999999997,0.11299715995788574,0.0012065238505601884,0.003626708984375,1.0,40.7295130936971,757689.9222161736,-0.000267542595975101,0.007929889112710952,-0.2973139524459839,0.0020971238613128663,0.010398316383361816
123,100761600,0.00022679999999999998,0.11254919052124024,0.0011981137096881867,0.00364990234375,0.9999501520362893,40.82438562384726,763705.768687912,-0.00026734450366348026,0.007852355390787125,-0.3085915565490723,0.0020717842504382133,0.011031006276607514
124,101580800,0.00022619999999999997,0.11256277084350585,0.0012309827655553817,0.003787841796875,1.0,40.83205268935236,757116.2671238239,-0.0003106402000412345,0.007884436845779419,-0.3191277027130127,0.0025406064465641975,0.016019287705421447
125,102400000,0.00022559999999999998,0.1128984546661377,0.0011239080131053925,0.00352294921875,0.9998006379585327,40.813397129186605,761029.702305118,-0.00022646398283541203,0.007584930956363678,-0.33029701709747317,0.0021913932636380196,0.010950803011655807
126,103219200,0.000225,0.11302054405212403,0.0012656040489673615,0.0038720703125,0.9999008330027767,40.75654502181674,762648.5329139904,-0.0002824552590027452,0.008151239156723023,-0.34388055801391604,0.0023343067616224287,0.014626830816268921
127,104038400,0.00022439999999999998,0.11299979209899902,0.0011091507226228714,0.0033984375,1.0,40.74983826822593,756910.6174759046,-0.000306405290029943,0.007366222143173218,-0.3561394453048706,0.0022088129073381422,0.011367308348417282
128,104857600,0.0002238,0.11303853988647461,0.0012015553563833237,0.00368408203125,1.0,40.80557637535602,765843.6856674136,-0.0002527769422158599,0.007410876452922821,-0.3644871234893799,0.0023637887090444563,0.013123410940170287
129,105676800,0.00022319999999999998,0.11311386108398437,0.0011768189072608947,0.003582763671875,0.999900867410161,40.6456009913259,761363.4842832743,-0.00023422124795615673,0.007421144098043442,-0.37727329730987547,0.0023851372301578523,0.013676759600639344
130,106496000,0.0002226,0.11322046279907226,0.0012069560587406158,0.00373291015625,1.0,40.61149402489215,763255.5104871074,-0.00031247388105839493,0.006854477524757385,-0.3875351667404175,0.0021584246307611464,0.01173705980181694
131,107315200,0.00022199999999999998,0.11320951461791992,0.001199743002653122,0.003687744140625,0.9999009606813906,40.677230860651676,758676.752497649,-0.00029255503322929145,0.0072530113160610196,-0.39680187702178954,0.0019833263009786605,0.011314695328474044
132,108134400,0.0002214,0.11344179153442382,0.0011327024549245834,0.003505859375,0.9999504607153473,40.56341028435549,757183.385507191,-0.00017644499894231558,0.006905080378055572,-0.40622262954711913,0.001999409310519695,0.010026858001947404
133,108953600,0.00022079999999999997,0.11303689956665039,0.0010766196995973588,0.003438720703125,0.9999503105590062,40.61888198757764,759792.186285896,-0.00021887000184506178,0.0066272556781768795,-0.41615724563598633,0.001965756714344025,0.011013916879892349
134,109772800,0.00022019999999999999,0.11322633743286133,0.0011086800694465636,0.00339599609375,0.9999503475670308,40.701986097318766,757527.170029108,-0.00027688827831298115,0.007532202452421188,-0.4281173229217529,0.002359556034207344,0.013152098655700684
135,110592000,0.00021959999999999997,0.11363924026489258,0.001145431101322174,0.003497314453125,0.9999010439859483,40.64059175696403,759944.5311767495,-0.00021798566449433566,0.007280297577381134,-0.4363862037658691,0.0019262805581092834,0.00965002402663231
136,111411200,0.00021899999999999998,0.11341482162475586,0.0012233752012252809,0.003778076171875,1.0,40.623431999603355,755812.1964884759,-0.00019900118932127952,0.007672438770532608,-0.4416782855987549,0.001778755523264408,0.008491333574056625
137,112230400,0.00021839999999999997,0.11326981544494628,0.0012580269575119018,0.003873291015625,0.9999503056204343,40.73065646275406,757453.2062903901,-0.0002156637841835618,0.007889994233846665,-0.4456812381744385,0.0020375236868858337,0.010860472917556763
138,113049600,0.00021779999999999998,0.11358222961425782,0.0012489822506904602,0.003873291015625,1.0,40.584420092229884,756340.16995725,-0.00030374410562217236,0.007746489346027374,-0.4570652961730957,0.0024887487292289735,0.016022950410842896
139,113868800,0.00021719999999999997,0.11342652320861817,0.0011460141092538834,0.003509521484375,1.0,40.64609503003823,747525.886593623,-0.00019666070584207774,0.006680639833211899,-0.4695549011230469,0.002294990420341492,0.013054929673671722
140,114688000,0.00021659999999999998,0.11359483718872071,0.0011880078911781311,0.003626708984375,1.0,40.51525054466231,760642.5996646845,-0.00027672017458826306,0.0073529727756977085,-0.48112239837646487,0.002061659097671509,0.012534423172473908
141,115507200,0.00021599999999999996,0.11331226348876954,0.001104920357465744,0.003370361328125,0.9999504459861249,40.61962338949455,756230.4438808656,-0.00029360179323703053,0.006695413589477539,-0.49796152114868164,0.0023310041055083276,0.014328248798847198
142,116326400,0.00021539999999999998,0.11357619285583496,0.0011825651675462722,0.0036474609375,1.0,40.52598979237897,758095.0866295435,-0.00022249158937484025,0.006814286857843399,-0.5083991527557373,0.002215755172073841,0.013422974944114685
143,117145600,0.00021479999999999996,0.11298784255981445,0.0012309077382087709,0.00384033203125,1.0,40.38588514381734,765287.9367800042,-0.0002942322054877877,0.006784731894731522,-0.517944622039795,0.001995067298412323,0.01027258187532425
144,117964800,0.00021419999999999998,0.11336543083190918,0.0012127628922462463,0.003780517578125,0.9999007838079175,40.65934120448457,757485.6798734049,-0.00021288124844431877,0.007540769875049591,-0.5280161380767823,0.0022131046280264854,0.012399901449680329
145,118784000,0.00021359999999999996,0.11294465065002442,0.0011653412133455277,0.00359619140625,0.9998012916045703,40.70243417784401,764646.5702650436,-0.00022680892143398524,0.006308557838201523,-0.5388310432434082,0.0021210053935647013,0.01269824206829071
146,119603200,0.00021299999999999997,0.11325298309326172,0.001208449974656105,0.003642578125,1.0,40.6107823146168,763173.7803776436,-0.0002535826526582241,0.006771783530712128,-0.548564338684082,0.0020404055714607237,0.010956785827875137
147,120422400,0.00021239999999999996,0.1135258674621582,0.0012471465021371842,0.0038623046875,0.9998027224304596,40.52184849082659,760985.7753245953,-0.00021377515513449908,0.006674323230981827,-0.558821153640747,0.002154828794300556,0.012224609404802323
148,121241600,0.00021179999999999997,0.11377918243408203,0.0012746363878250121,0.00383544921875,0.9998515439429929,40.6521674584323,766021.8672962306,-0.00024387838784605264,0.00672566145658493,-0.568759822845459,0.00238381028175354,0.012907713651657104
149,122060800,0.00021119999999999996,0.11306142807006836,0.0010938505828380586,0.00338134765625,0.9999502116006971,40.67806821010704,756181.226756818,-0.00019781237933784722,0.00631369948387146,-0.5762039661407471,0.0019103286787867547,0.010268310457468033
150,122880000,0.00021059999999999997,0.1134405517578125,0.0012571176886558533,0.003834228515625,1.0,40.464844523668056,756421.352265128,-0.00021344339475035668,0.007136118412017822,-0.5905194759368897,0.002158566564321518,0.012775997817516326
151,123699200,0.00020999999999999998,0.11314048767089843,0.0011278185248374938,0.003426513671875,0.9999504312481412,40.600872410032714,754749.1961959302,-0.00024185278452932836,0.006375309079885483,-0.6005791187286377,0.002069151774048805,0.010767086595296859
152,124518400,0.00020939999999999997,0.11330121994018555,0.00123252734541893,0.003717041015625,0.999751848726984,40.75160057571095,753029.2932886966,-0.0002654373878613114,0.006778447329998017,-0.6070291519165039,0.001963135413825512,0.010369138419628143
153,125337600,0.00020879999999999998,0.11334358215332031,0.0012754812836647035,0.00388427734375,0.9998516100311619,40.526932779344115,757565.3650889411,-0.0001881130854599178,0.006411252170801162,-0.6155807971954346,0.0022010857239365576,0.014729860424995422
154,126156800,0.00020819999999999996,0.11360763549804688,0.0010820287466049195,0.003470458984375,0.9999504508968388,40.62233673570508,753618.3878183209,-0.00032260669395327567,0.006039811670780182,-0.6285799503326416,0.0020645366981625556,0.010968504101037979
155,126976000,0.00020759999999999998,0.113420991897583,0.001203690990805626,0.003673095703125,0.9998515733227785,40.54977241242826,756289.7773476801,-0.0002933591138571501,0.006293391436338424,-0.6404955863952637,0.001984943822026253,0.010645997524261475
156,127795200,0.00020699999999999996,0.11324792861938476,0.0010818491876125335,0.00341552734375,0.9999012248123271,40.45811932042671,754399.0650317353,-0.000264010252431035,0.00582752525806427,-0.6498358726501465,0.0021087246015667914,0.011090453714132309
157,128614400,0.00020639999999999998,0.11329137802124023,0.0011707630753517151,0.003604736328125,1.0,40.438190009406405,756155.9595979432,-0.0002341256709769368,0.0060053858906030655,-0.6539743900299072,0.0018629459664225578,0.010059080272912978
158,129433600,0.00020579999999999996,0.11323299407958984,0.0011487270891666413,0.00348388671875,0.9999010880316518,40.54540059347181,747279.6688701856,-0.00018121227622032167,0.006272949278354645,-0.6586428642272949,0.0021704647690057753,0.012065549939870834
159,130252800,0.00020519999999999997,0.1138527011871338,0.0011194828152656555,0.003453369140625,0.9999009999009999,40.543956043956044,747874.6903412625,-0.00018207691609859467,0.00574677437543869,-0.6703043937683105,0.002190262824296951,0.013080443441867828
160,131072000,0.00020459999999999996,0.11374506950378419,0.0010846278816461564,0.0033642578125,0.9998021075545441,40.66190075693861,757110.8873689814,-0.0002203802578151226,0.00644623413681984,-0.6826534748077393,0.0021969171240925787,0.013777825236320495
161,131891200,0.00020399999999999997,0.11350839614868163,0.0011437247693538667,0.00345458984375,0.9999012491976498,40.564311460030616,753868.2411398338,-0.0002686818828806281,0.006291642785072327,-0.6924839496612549,0.0020267240703105926,0.00977209433913231
162,132710400,0.00020339999999999996,0.11380667686462402,0.00117561474442482,0.00359130859375,1.0,40.33732918948251,764265.932827947,-0.000150649668648839,0.006307897716760635,-0.7018561363220215,0.0023618824779987335,0.013640137016773224
163,133529600,0.00020279999999999997,0.11387130737304688,0.001161520779132843,0.003592529296875,1.0,40.49012718364923,758901.9481448245,-0.00024499187711626293,0.006200148537755012,-0.7112452983856201,0.0020095767453312875,0.010373169183731079
164,134348800,0.00020219999999999995,0.11394692420959472,0.001064624786376953,0.003338623046875,0.9999507073495342,40.42633213387884,760973.6554440192,-0.00012173756258562207,0.005694591626524925,-0.7193651676177979,0.0021492417901754378,0.01325366050004959
165,135168000,0.00020159999999999997,0.11357050895690918,0.0010584136843681336,0.0033203125,0.9999013660797949,40.38639838240371,768077.2793784403,-0.0002178338821977377,0.005551895126700401,-0.7295930862426758,0.0019707245752215385,0.01082446351647377
166,135987200,0.00020099999999999995,0.11407133102416993,0.0013298302888870238,0.003919677734375,1.0,40.37549135220126,760152.7616777435,-0.0002462449949234724,0.0062543928623199465,-0.7387361526489258,0.0024955779314041137,0.016869622468948364
167,136806400,0.00020039999999999997,0.1138375186920166,0.0011463683098554612,0.00353515625,0.9999504631693664,40.477683657799574,763106.5923639099,-0.00021494945976883174,0.00567898377776146,-0.7454083919525146,0.002114621363580227,0.010725585371255874
168,137625600,0.00019979999999999995,0.11471601486206055,0.0011086392402648926,0.00341552734375,1.0,40.34140590460284,761531.6850247398,-0.00021836389787495137,0.005494488030672073,-0.7544489860534668,0.002132953517138958,0.011983399093151093
169,138444800,0.00019919999999999996,0.1139937686920166,0.0011522935330867767,0.00357177734375,1.0,40.28645447816432,757759.318090814,-0.0002455597510561347,0.005966109782457351,-0.7619788646697998,0.0023649144917726518,0.013587647676467895
170,139264000,0.00019859999999999995,0.11434787750244141,0.0012094355374574661,0.00371337890625,0.9999508816739525,40.311999607053394,762924.2272551644,-0.00017502675764262675,0.0058844201266765594,-0.7721809864044189,0.002160320058465004,0.012766602635383605
171,140083200,0.00019799999999999996,0.11385234832763672,0.0010803072154521942,0.003311767578125,0.9999508864986985,40.18191640882078,757261.611505896,-0.00015575906727463006,0.005368514358997345,-0.7844900608062744,0.0018332932144403459,0.010045773535966872
172,140902400,0.00019739999999999995,0.11447516441345215,0.0011318954825401306,0.003375244140625,0.9999510044096032,40.22939735423812,763207.7424572835,-0.00033059262204915285,0.005977560207247734,-0.7961625099182129,0.002181968092918396,0.01222497522830963
173,141721600,0.00019679999999999999,0.11389186859130859,0.0011770644038915634,0.003597412109375,0.9999504508968388,40.399762164304825,760580.2510177693,-0.0001643339404836297,0.005868203192949295,-0.8033758163452148,0.0019781863316893577,0.009737549722194672
174,142540800,0.0001962,0.11421609878540039,0.0011297067999839782,0.00347412109375,0.9999018019345018,40.43938724407129,755444.3288041307,-0.0002862829249352217,0.006185220927000046,-0.8088428497314453,0.0021918531507253646,0.012671142816543579
175,143360000,0.00019559999999999998,0.11393926620483398,0.0011556092649698257,0.003597412109375,1.0,40.30336912619446,762416.9930382903,-0.0002821334172040224,0.005319622904062271,-0.8191219329833984,0.0020426955074071885,0.010683103650808334
176,144179200,0.000195,0.11420413970947266,0.0012599697709083557,0.003756103515625,0.9999506099669087,40.474588827974515,757405.107172714,-0.00029244120232760904,0.005932739749550819,-0.8296970367431641,0.002216853387653828,0.012903809547424316
177,144998400,0.00019439999999999998,0.1139714241027832,0.0011675436794757843,0.003544921875,1.0,40.335103767089606,760817.2906477218,-0.00023440048098564148,0.0054637670516967775,-0.8389432907104493,0.0019674282521009445,0.010157594084739685
178,145817600,0.0001938,0.1141163444519043,0.001212213858962059,0.003714599609375,1.0,40.20175309006746,753314.7402252529,-0.00022928589023649693,0.006118695065379143,-0.8455853462219238,0.002047746255993843,0.011867677420377731
179,146636800,0.00019319999999999998,0.1145943546295166,0.00119146429002285,0.0036572265625,0.999902099955945,40.34818150668168,749892.6821511191,-0.00011474426137283444,0.005307796597480774,-0.8544375419616699,0.002094636484980583,0.012060914933681489
180,147456000,0.0001926,0.11407073974609375,0.0012981802225112914,0.00406494140625,1.0,40.17190579424517,762330.6581560993,-0.00014927664306014777,0.006041647493839264,-0.8625433921813965,0.0020547708496451377,0.012455812096595765
181,148275200,0.00019199999999999998,0.11386248588562012,0.001181468814611435,0.00354736328125,1.0,40.36779177327298,758504.3562091533,-0.00029504371341317894,0.005529055371880531,-0.8696799278259277,0.001967952400445938,0.011547120660543442
182,149094400,0.0001914,0.11435840606689453,0.00126988485455513,0.0038818359375,1.0,40.25243052145733,764405.8242776578,-0.00020440835505723952,0.005616879463195801,-0.876727294921875,0.0022523649036884307,0.013468262553215028
183,149913600,0.00019079999999999998,0.11449474334716797,0.0011420620977878571,0.003570556640625,0.9999509419152276,40.13383045525903,766246.4911623338,-0.0002922206651419401,0.00519542507827282,-0.8837403297424317,0.0020997952669858932,0.011038816720247268
184,150732800,0.0001902,0.11434907913208008,0.0011562465131282806,0.003524169921875,1.0,40.190237920039245,760795.8446436415,-0.0002718004630878568,0.005348266288638115,-0.8930560111999511,0.002170851454138756,0.012109863013029099
185,151552000,0.00018959999999999997,0.11455068588256836,0.0011080221831798554,0.00343505859375,1.0,40.24201474201474,765333.8461515883,-0.0002535324078053236,0.005032495409250259,-0.9019319534301757,0.0021508971229195597,0.011789428442716599
186,152371200,0.00018899999999999999,0.11432073593139648,0.0012361881136894225,0.00382080078125,1.0,40.37580780425238,760046.3883400222,-0.0002443036762997508,0.005507178604602814,-0.9112980842590332,0.002234311029314995,0.014639529585838317
187,153190400,0.00018839999999999997,0.11438230514526367,0.0012763813138008118,0.00390869140625,0.9999509683746016,40.236773719048784,755830.9278932674,-0.00016990350559353828,0.0056153394281864165,-0.9208478927612305,0.0024483967572450638,0.016093869507312775
188,154009600,0.00018779999999999998,0.11459711074829101,0.001136993020772934,0.00350341796875,1.0,40.27201690583841,764390.5854210444,-0.000159119488671422,0.005385391041636467,-0.9324201583862305,0.0021152662113308905,0.012907588481903076
189,154828800,0.0001872,0.11414582252502442,0.0010837478935718536,0.003349609375,1.0,40.339645904226465,759716.2914173878,-0.0002638062695041299,0.00477106161415577,-0.9429879188537598,0.0019172826781868935,0.009853635728359223
190,155648000,0.00018659999999999998,0.11446155548095703,0.0012155650556087494,0.00377685546875,0.9999509972068408,40.18841573969716,764418.9792863681,-0.000181137234903872,0.005504731833934784,-0.953300666809082,0.0022022198885679246,0.012182006984949112
191,156467200,0.000186,0.11429659843444824,0.0011316578090190888,0.003582763671875,0.9999507389162562,40.285320197044335,765441.0483358592,-0.00025211763568222523,0.004863974079489708,-0.9611800193786622,0.0019660811871290208,0.010299804806709289
192,157286400,0.00018539999999999998,0.11438867568969727,0.0011013709008693695,0.003450927734375,1.0,40.15123169596944,761169.7905394823,-0.00026924056001007555,0.0050480574369430545,-0.969666576385498,0.0021034521982073785,0.010187254846096038
193,158105600,0.0001848,0.11449289321899414,0.0011734804511070252,0.003580322265625,0.9999508454581203,40.280033425088476,765855.8108072799,-0.00023858482018113136,0.004923630878329277,-0.9778565406799317,0.001869836263358593,0.010266236960887909
194,158924800,0.00018419999999999998,0.11429034233093262,0.0011762815713882446,0.00356201171875,1.0,40.20308432788173,760623.2758103306,-0.0002941393991932273,0.005263904854655266,-0.9889535903930664,0.002290232665836811,0.013615597784519196
195,159744000,0.0001836,0.11440801620483398,0.0011264656484127045,0.0034619140625,0.9999508623654857,40.1710972433787,762007.5727918888,-0.00017692071851342915,0.005427609384059906,-0.9972488403320312,0.0019492300227284432,0.009296140819787978
196,160563200,0.00018299999999999998,0.1143634033203125,0.001148756667971611,0.00352294921875,1.0,40.08086292926328,764781.421824992,-0.00027308438438922167,0.005086547508835792,-1.0018804550170899,0.002026071213185787,0.010993282496929168
197,161382400,0.0001824,0.11428825378417969,0.0011835739016532898,0.003548583984375,0.9999510739272959,40.05939625226283,760130.7262911097,-0.0002896459773182869,0.004991886019706726,-1.0113183975219726,0.0019498869776725769,0.011005737632513047
198,162201600,0.00018179999999999997,0.11439888000488281,0.0011054727435112,0.003448486328125,0.9998524638536441,40.45893577259762,763447.8909684399,-0.0002085062675178051,0.0051207378506660465,-1.0231663703918457,0.001834794133901596,0.009630981832742691
199,163020800,0.00018119999999999999,0.1145997714996338,0.0011077134311199188,0.00337646484375,0.9999018693881556,40.12344830970021,747516.796853082,-0.00019849082455039024,0.0048818767070770265,-1.0330802917480468,0.0019350696355104446,0.008906859904527664
200,163840000,0.00018059999999999997,0.1142958927154541,0.0011064472049474715,0.0034033203125,1.0,40.18620858895706,754907.4807249724,-0.00021586441434919834,0.005456229671835899,-1.0383770942687989,0.0020705588161945344,0.012413330376148224
201,164659200,0.00017999999999999998,0.11424443244934082,0.001104714497923851,0.00339599609375,1.0,40.151263395929604,767520.4367019101,-0.00017321016639471054,0.005195355415344239,-1.0427577018737793,0.002397940680384636,0.015812139213085174
202,165478400,0.00017939999999999997,0.11421286582946777,0.00122087724506855,0.003699951171875,0.9999509611612397,40.216604550804234,760684.8391435922,-0.00022700841072946786,0.0049347784370183945,-1.0519561767578125,0.002310178428888321,0.014956055581569672
203,166297600,0.00017879999999999998,0.11445453643798828,0.00126413494348526,0.003768310546875,0.9999014535599902,40.28391229366839,765146.5938179424,-0.0002782387193292379,0.00491478405892849,-1.0615057945251465,0.0021149592474102976,0.011970210820436478
204,167116800,0.00017819999999999997,0.11455104827880859,0.001108793094754219,0.003426513671875,0.9999511169770738,40.11599941340373,760602.6289915091,-0.00029343368951231243,0.004562679678201675,-1.0712697982788086,0.0019210638478398324,0.009860839694738388
205,167936000,0.0001776,0.1144572925567627,0.001099853813648224,0.0034765625,0.9999017343880509,40.188080381270574,762202.6028300223,-0.00014185924082994462,0.005146532133221626,-1.0800026893615722,0.0019689228385686873,0.010495483875274658
206,168755200,0.00017700000000000002,0.11455006599426269,0.001287437528371811,0.003831787109375,0.9999511790265098,40.07508665722794,758081.6340307497,-0.00017182317096740008,0.005132649838924408,-1.090321922302246,0.0022335829213261603,0.013006225228309631
207,169574400,0.0001764,0.11404599189758301,0.0012559458613395692,0.00381103515625,0.9999507558969813,40.24257645146994,756860.1908309129,-0.00027283444069325924,0.005481734871864319,-1.1026360511779785,0.0021318135783076285,0.012407226115465164
208,170393600,0.00017580000000000002,0.1142770767211914,0.0012955784797668457,0.003865966796875,0.9999509659703835,40.05158379915662,757167.7648632316,-0.0001915387576445937,0.005253809690475464,-1.1117687225341797,0.0017350951209664344,0.008526244759559631
209,171212800,0.0001752,0.11427398681640626,0.0012484011054039001,0.003701171875,0.9998039696152904,40.20485175202156,758841.9136157917,-0.00011957912938669324,0.00503646582365036,-1.1190441131591797,0.0023103827610611916,0.014215698838233948
210,172032000,0.00017460000000000002,0.11414598464965821,0.0012901344895362855,0.00392578125,0.9999509106082176,40.16263315497521,756014.3999682216,-0.00018853024812415242,0.0050738371908664705,-1.124082088470459,0.0020048055797815324,0.010659421980381011
211,172851200,0.000174,0.11435203552246094,0.001202302873134613,0.003646240234375,0.9999015117939627,40.1701876200325,760417.5642367966,-0.00025254967622458937,0.005106838792562485,-1.1277714729309083,0.0019344570115208625,0.0101778544485569
212,173670400,0.0001734,0.11434038162231445,0.001095774844288826,0.003414306640625,0.999655782848151,40.46965971675846,752706.4904606168,-0.00023494744673371314,0.004439416155219078,-1.1327692985534668,0.002090333588421345,0.011289550364017487
213,174489600,0.0001728,0.11406248092651367,0.0011965662240982055,0.0036669921875,0.9999020472132432,40.103389166421785,757835.2618590152,-6.505359779112041e-05,0.004792452603578567,-1.1397736549377442,0.0026480827480554582,0.02157922089099884
214,175308800,0.0001722,0.11430624008178711,0.0011754670739173888,0.00358642578125,0.9998527462818436,40.09753104599224,754989.7148198115,-0.000298367184586823,0.00434207059442997,-1.1525217056274415,0.0020595282316207887,0.011190184950828552
215,176128000,0.0001716,0.11427525520324706,0.0010932902991771698,0.003380126953125,0.9998037869125871,40.16678112430099,756502.8159937264,-0.00010698586702346801,0.004499302059412002,-1.1648176193237305,0.0019913222640752792,0.011305541545152665
216,176947200,0.000171,0.11433208465576172,0.0010787007212638856,0.003270263671875,0.9997054058035056,40.2907644719399,759098.6751661092,-0.0002366418018937111,0.00422227531671524,-1.1770463943481446,0.001882166787981987,0.008634889125823974
217,177766400,0.0001704,0.11401275634765624,0.0011672361195087433,0.00356201171875,0.9998522749655309,40.23153437069136,755766.9865889316,-0.0002551520941779017,0.004468780755996704,-1.1845495223999023,0.0017625877633690834,0.009206665307283401
218,178585600,0.0001698,0.11429309844970703,0.0011008608341217042,0.0033935546875,0.9998527462818436,40.13684778874,762159.0376227588,-0.00022025571670383214,0.0043657742440700534,-1.190565013885498,0.002007027342915535,0.01006176620721817
219,179404800,0.0001692,0.11416431427001954,0.0011228357255458831,0.00359619140625,0.999755285826155,40.16131558339859,745392.8746786861,-0.00021433038637042046,0.004328138381242752,-1.19596586227417,0.0019476069137454033,0.010631224513053894
220,180224000,0.0001686,0.11443897247314454,0.0012880225479602813,0.0040478515625,0.9996051527565273,40.58945757859928,763600.5837547531,-0.00026407623663544656,0.004706443101167679,-1.2012674331665039,0.001953333616256714,0.009987915307283402
221,181043200,0.000168,0.11425100326538086,0.00113655723631382,0.00357421875,0.9998030817702949,40.30231871215478,767750.3698647935,-0.00016340645961463452,0.004161780327558517,-1.2106120109558105,0.002024977095425129,0.0104154072701931
222,181862400,0.0001674,0.11415642738342285,0.0012611286342144013,0.003836669921875,0.9998533007334963,40.10718826405868,761196.8722328122,-0.00025423038750886916,0.004371683672070503,-1.2215778350830078,0.001995536312460899,0.010935667902231216
223,182681600,0.0001668,0.11435218811035157,0.0011303876340389252,0.00352783203125,0.9997545650893384,40.17519143923032,764236.3551359314,-0.00016743493033573033,0.004516144096851349,-1.230656051635742,0.0023265881463885307,0.014647585153579713
224,183500800,0.0001662,0.1147781753540039,0.0011117774993181229,0.003424072265625,0.9998535013184882,40.06655923430022,757981.0517855567,-0.00019993158057332038,0.004149084910750389,-1.2390643119812013,0.002092159353196621,0.012813962996006012
225,184320000,0.0001656,0.11468908309936524,0.0011523149162530899,0.0034228515625,0.9997551540081289,40.24499289946623,752110.4449039327,-0.00018572567496448754,0.004155021533370018,-1.2487711906433105,0.001791667379438877,0.009318724274635315
226,185139200,0.000165,0.11478025436401368,0.001218705028295517,0.00378662109375,0.9998528762689421,40.1408954931097,759391.1645387353,-0.00029881084337830545,0.00431111715734005,-1.252194595336914,0.002080175280570984,0.01180700734257698
227,185958400,0.0001644,0.11434868812561035,0.0011083158850669862,0.0033447265625,1.0,40.00127601099332,755639.8037479516,-0.00019112688023597,0.0038873057812452315,-1.2590387344360352,0.001979581080377102,0.010121093690395355
228,186777600,0.0001638,0.1139799690246582,0.0011443668603897095,0.00354736328125,0.9998039696152904,40.163636363636364,760026.4773029342,-0.00014258158626034856,0.004233204945921898,-1.266262149810791,0.00184438806027174,0.010037962347269058
229,187596800,0.0001632,0.11415390014648437,0.0012946981191635132,0.0039892578125,0.9998523912615627,40.19833694154694,749988.7979032848,-0.00014063648413866758,0.005110186710953713,-1.270406723022461,0.002163846045732498,0.012898927927017212
230,188416000,0.0001626,0.11438276290893555,0.0011470162868499757,0.003583984375,0.9999019319407669,40.024026674512115,757183.9691918289,-0.00025750386994332074,0.004212880134582519,-1.278875732421875,0.0020932499319314957,0.011557250469923019
231,189235200,0.000162,0.1142496681213379,0.001116839274764061,0.0034765625,0.9994585548336287,40.513536129159284,756809.5765350978,-0.00024951400700956583,0.003968389332294464,-1.2854634284973145,0.0018942127004265784,0.00971691831946373
232,190054400,0.0001614,0.11438575744628907,0.0012032165378332137,0.003634033203125,0.9999016474059503,40.20467174821736,755714.9343336686,-0.00022898530587553979,0.0044852692633867266,-1.2947627067565919,0.001999977044761181,0.009956663846969605
233,190873600,0.0001608,0.11447076797485352,0.0011908717453479767,0.003641357421875,0.9996573666177191,40.186979931473324,760355.6673759096,-0.0002174526220187545,0.0042278837412595745,-1.3069585800170898,0.0020073127001523972,0.011203249543905258
234,191692800,0.0001602,0.1142185401916504,0.0011229290068149567,0.003533935546875,0.9997550700499657,40.170961105123936,754546.4552181304,-0.0001743744476698339,0.004126115888357163,-1.3178813934326172,0.001870134472846985,0.009782592207193375
235,192512000,0.0001596,0.11429386138916016,0.0011911588907241822,0.003685302734375,0.9999019030802433,40.010888758092996,759213.1823763388,-0.000318713067099452,0.004281540960073471,-1.3301898956298828,0.002015298046171665,0.011186399310827256
236,193331200,0.000159,0.11443157196044922,0.0011748605221509932,0.0036181640625,0.99965613793781,40.30092842756791,756113.5579631983,-0.00020202407613396646,0.004386540502309799,-1.3433555603027343,0.0022171784192323686,0.013130982220172883
237,194150400,0.0001584,0.11386184692382813,0.0010898514837026597,0.003248291015625,0.9997546614327772,40.20304219823356,759436.0796409863,-0.00019011263502761723,0.0038195382803678513,-1.3533892631530762,0.0018563712015748023,0.008375120908021927
238,194969600,0.0001578,0.11427635192871094,0.0011194980144500733,0.00345458984375,0.9997547216090262,40.17900416973265,762209.5216135834,-0.00016684213187545538,0.004079683125019074,-1.3597780227661134,0.0017349563539028167,0.008756592124700546
239,195788800,0.0001572,0.11431029319763183,0.0011403864622116088,0.00344970703125,0.9996571820363387,40.26543905186346,747995.2216211624,-0.000220516393892467,0.003983493521809578,-1.367966079711914,0.0020589374005794527,0.011317504942417145
240,196608000,0.00015659999999999998,0.1150069522857666,0.0011982408165931702,0.0037109375,0.9997556207233627,40.13250244379277,763854.668714293,-0.00025493709836155176,0.004095064476132393,-1.3734397888183594,0.0019687887281179426,0.011052855104207993
241,197427200,0.000156,0.1147846794128418,0.0011746981739997864,0.003529052734375,0.9998528762689421,40.054288656760335,762633.5215754899,-0.000190800114069134,0.004093941673636437,-1.3789844512939453,0.00216557364910841,0.01280200332403183
242,198246400,0.00015539999999999998,0.11492000579833984,0.001186758577823639,0.0036181640625,0.9998047828208882,40.18570034163006,761886.7522168107,-0.00017865771660581232,0.0039335634559392926,-1.3854453086853027,0.0018134785816073418,0.008860106021165848
243,199065600,0.0001548,0.11475696563720703,0.0011805181205272674,0.0036669921875,0.9998042669798395,40.108240360148756,763634.6151567397,-0.00021946339402347803,0.003999819979071617,-1.3936885833740233,0.002217013016343117,0.013240601122379302
244,199884800,0.00015419999999999998,0.11481832504272461,0.0011248427629470825,0.00341552734375,0.9999510691393062,39.90321475754759,752273.9082272013,-0.0001641235314309597,0.003778686374425888,-1.3987936973571777,0.002062743902206421,0.011333008110523225
245,200704000,0.0001536,0.11447315216064453,0.0011613189429044723,0.003570556640625,0.9997547216090262,40.217905322541085,752624.3244047667,-0.00014374383026733996,0.004087530449032784,-1.402608871459961,0.0019264530390501022,0.01075732484459877
246,201523200,0.00015299999999999998,0.1149882698059082,0.0011986425518989562,0.003536376953125,0.9998043052837573,40.33248532289628,749889.5792948793,-0.00028680139221251013,0.003795645758509636,-1.4082168579101562,0.001931878924369812,0.008955323696136474
247,202342400,0.0001524,0.11483026504516601,0.0011278614401817322,0.00345458984375,0.9998532648569333,40.0735632183908,752820.5017336692,-0.0001344069722108543,0.003572374954819679,-1.4126317977905274,0.0021149752661585807,0.012277588248252869
248,203161600,0.00015179999999999998,0.11457644462585449,0.0011795362830162048,0.00374267578125,0.9999510427886028,40.0708410848918,751492.8101096681,-0.00016885939985513687,0.0038257863372564314,-1.41796817779541,0.001966547034680843,0.010352415591478347
249,203980800,0.0001512,0.11494956970214844,0.0012235043942928315,0.00375732421875,0.9999024675704672,39.894518677460255,752063.0371859899,-0.00019120009383186699,0.003950089961290359,-1.423774242401123,0.0019799144938588142,0.010684691369533539
250,204800000,0.00015059999999999997,0.11440250396728516,0.0012200541794300079,0.003724365234375,0.9999509515401216,40.0444379046498,756674.7865252007,-0.0001861759112216532,0.004371702298521995,-1.428111743927002,0.001871304214000702,0.01022961363196373
251,205619200,0.00015,0.11483071327209472,0.0011173945665359497,0.003441162109375,0.9999511504078941,39.867519906208784,751614.4347497086,-0.00023314757272601127,0.0035638101398944855,-1.4344964981079102,0.0019393421709537507,0.010230346024036408
252,206438400,0.0001494,0.11447789192199707,0.00110729843378067,0.003414306640625,0.9997547817557626,40.13609612555174,755862.8349710562,-0.0001631792285479605,0.004134074226021767,-1.4430580139160156,0.0023607030510902406,0.01693188548088074
253,207257600,0.00014879999999999998,0.11432731628417969,0.0012991827726364135,0.00383544921875,0.999753439518714,40.226490458109375,750233.4920076736,-0.0002207617973908782,0.003938983753323555,-1.4517808914184571,0.0018480237573385238,0.00860632285475731
254,208076800,0.0001482,0.11449864387512207,0.0011958488076925277,0.003740234375,0.9998038254046101,40.11888180480628,753699.1158585073,-0.00017090279143303633,0.003617166727781296,-1.4607969284057618,0.0018603796139359473,0.009410279989242553
255,208896000,0.00014759999999999998,0.11423548698425293,0.0012298598885536194,0.00378662109375,0.9997558832145298,40.01249877941607,750730.908767828,-0.00017407694831490518,0.003611915931105614,-1.4689802169799804,0.0020107666030526163,0.010677733272314072
256,209715200,0.000147,0.11411078453063965,0.0012627336382865905,0.003763427734375,0.9996062410788994,40.4810749618546,759266.5922843743,-0.00010019496548920869,0.00403527282178402,-1.4733888626098632,0.0020388087257742884,0.01276220679283142
257,210534400,0.00014639999999999998,0.11464649200439453,0.0011766852438449859,0.003636474609375,0.999657517491071,40.23269240178091,767919.0175737533,-0.00014667385257780552,0.004463465511798858,-1.4777901649475098,0.002158217504620552,0.012198364734649659
258,211353600,0.0001458,0.11445516586303711,0.0010950195044279098,0.003504638671875,0.999804132797963,40.14577416511605,761006.2791743701,-0.0002546326024457812,0.003605836629867554,-1.4857460021972657,0.001908923126757145,0.009678222239017487
259,212172800,0.00014519999999999998,0.1148188591003418,0.0012040653824806214,0.003714599609375,0.999853379600215,40.05996774351205,753216.9548940512,-9.074822301045061e-05,0.0038622379302978515,-1.4937378883361816,0.0018715299665927887,0.0097808837890625
260,212992000,0.0001446,0.11499624252319336,0.0011674967408180238,0.00358154296875,0.9998536870854468,39.98361295357004,758004.6692247402,-0.00012610802659764885,0.003715210035443306,-1.50282621383667,0.001963537000119686,0.011524900048971175
261,213811200,0.00014399999999999998,0.114697265625,0.0011703434586524963,0.00353759765625,0.999901768172888,40.11669941060904,763015.6550591489,-0.00027200460899621246,0.0035862728953361513,-1.5125713348388672,0.0021370047703385352,0.012336061894893646
262,214630400,0.0001434,0.1149868106842041,0.0012297995388507843,0.003804931640625,0.9996102124342233,40.118203079321766,764509.7734978163,-0.00012228352716192603,0.003812799975275993,-1.5207156181335448,0.0018403701484203338,0.009182006865739823
263,215449600,0.00014279999999999997,0.1147004508972168,0.0010574020445346833,0.0033203125,0.9998535013184882,40.0230491258912,757105.2517500732,-0.0002320143161341548,0.003506121039390564,-1.5271299362182618,0.001985146477818489,0.010363160073757172
264,216268800,0.0001422,0.11480764389038085,0.0012526169419288635,0.003782958984375,0.9999016812506145,40.12476649297021,750900.5744562766,-0.00019556288607418536,0.003845842555165291,-1.533211898803711,0.0020403005182743073,0.011867431551218032
265,217088000,0.00014159999999999997,0.1152325439453125,0.0011265387386083603,0.0034912109375,0.9999025626035273,40.077024261911724,752409.1934815604,-5.2548362873494625e-05,0.003381911665201187,-1.5419163703918457,0.002224855124950409,0.015376344323158264
266,217907200,0.00014099999999999998,0.11465904235839844,0.0012851867079734802,0.00375244140625,0.9998038446449589,40.13971165162809,754389.3962053492,-0.0002329610986635089,0.0038565658032894135,-1.55213623046875,0.0020655484870076178,0.011780516803264618
267,218726400,0.00014039999999999997,0.11484102249145507,0.001180451363325119,0.00351318359375,0.9999512290284822,39.86670893484198,753948.1574056328,-0.0002302195178344846,0.0034959517419338227,-1.5599651336669922,0.0019508639350533485,0.011512941122055054
268,219545600,0.00013979999999999998,0.11487236022949218,0.0012420202046632767,0.0037451171875,0.9998538723818802,39.92981003409644,753625.3900542473,-0.0002763991244137287,0.003912273421883583,-1.5675741195678712,0.0020977223291993143,0.012431153655052185
269,220364800,0.00013919999999999997,0.11475372314453125,0.0013172174990177155,0.00406494140625,0.9999025293630294,39.92991861201813,757185.0286909221,-0.00021377368830144405,0.00367603525519371,-1.5734620094299316,0.0016747523099184037,0.007923217862844468
270,221184000,0.00013859999999999998,0.11474803924560546,0.001040458232164383,0.0033056640625,0.9998532217818875,40.02827927002299,752650.6236732557,-0.0002448356011882424,0.003147917985916138,-1.5799488067626952,0.002068118378520012,0.011677976697683334
271,222003200,0.00013799999999999997,0.1148598861694336,0.001222764104604721,0.003740234375,0.9997077874640822,40.02863682851994,756735.5562425742,-0.00019223293056711555,0.0034986190497875214,-1.5852859497070313,0.002069477178156376,0.012687012553215027
272,222822400,0.00013739999999999998,0.1151828956604004,0.0012349382787942885,0.00384521484375,0.9998538937320411,39.94214191788828,753438.1554195286,-0.00016872980631887913,0.003552086651325226,-1.5884896278381349,0.0019393278285861014,0.010706300288438797
273,223641600,0.00013679999999999996,0.114617919921875,0.0010241016000509262,0.00322998046875,0.9999024675704672,39.87291524431873,757109.1625596158,-0.00019884270150214434,0.003387065976858139,-1.5930315971374511,0.0021221525967121124,0.012849000096321107
274,224460800,0.00013619999999999998,0.11463241577148438,0.001227610409259796,0.00381103515625,0.9999022196147452,39.97565268407158,755509.0621954667,-0.00017396387411281467,0.003618965670466423,-1.6013599395751954,0.0019742880016565324,0.011513424664735794
275,225280000,0.00013559999999999996,0.11477569580078124,0.0012466760724782944,0.0038232421875,0.9998529411764706,40.13676470588236,758099.5834582676,-0.00012610931880772114,0.0035988323390483854,-1.609412956237793,0.0020411435514688494,0.013147705793380737
276,226099200,0.00013499999999999997,0.11460583686828613,0.0011163635551929474,0.00343994140625,0.999853228962818,40.09618395303327,766453.9347696493,-0.00036300718784332275,0.00343971773982048,-1.6143417358398438,0.0019202493131160736,0.009542115777730942
277,226918400,0.0001344,0.11518474578857422,0.0011535941809415818,0.00356201171875,0.9998537726652369,39.93273542600897,761970.4534054223,-0.00028638388030230997,0.003467988595366478,-1.6184537887573243,0.0018210379406809808,0.009672483801841736
278,227737600,0.00013379999999999997,0.11507305145263672,0.0012295393645763398,0.0036865234375,0.9998539079620161,39.91400048697346,763111.2171991827,-0.00012390885967761278,0.0034427229315042497,-1.6260465621948241,0.0020137660205364226,0.011411011219024658
279,228556800,0.00013319999999999999,0.11481529235839844,0.0011385474354028702,0.003623046875,0.9998536442579764,39.91106449409698,756778.5584783626,-6.030956283211708e-05,0.0032454416155815124,-1.6355587005615235,0.00219231229275465,0.013079100847244262
280,229376000,0.00013259999999999997,0.11478139877319336,0.0011109978705644607,0.003414306640625,0.9997557997557998,40.00888888888889,753186.0206958152,-0.000269040884450078,0.0032304976135492324,-1.6463815689086914,0.001919550821185112,0.010631591826677323
281,230195200,0.00013199999999999998,0.11485235214233398,0.0011784140765666961,0.003590087890625,0.999756049960968,40.06747658079625,757048.4600428495,-0.00021900639403611423,0.0033734608441591263,-1.6544130325317383,0.0021518785506486893,0.012616334855556488
282,231014400,0.00013139999999999997,0.1150300407409668,0.0013266229629516602,0.00398193359375,0.9999512337852335,39.87857212523164,758471.7123308656,-0.00027147175278514625,0.0034575916826725004,-1.6613073348999023,0.0021027928218245507,0.011858153343200683
283,231833600,0.0001308,0.11483744621276855,0.001125592216849327,0.0034716796875,0.9999022004889976,39.99085574572127,756968.3516364093,-0.00012353124329820276,0.0031566906720399855,-1.6691972732543945,0.0022410199046134947,0.013254761695861816
284,232652800,0.0001302,0.1146992301940918,0.001191035583615303,0.003748779296875,0.9997056226081837,40.309734079089395,752221.5190344937,-0.00031425056513398884,0.0032782837748527526,-1.6782575607299806,0.0021034181118011475,0.011408203840255737
285,233472000,0.0001296,0.11511759757995606,0.0011502769589424133,0.0035888671875,0.9998048304464503,40.136813857038305,755948.2224626091,-0.0002738992916420102,0.003123430535197258,-1.6871322631835937,0.0019868575036525726,0.011095214635133743
286,234291200,0.000129,0.11508848190307618,0.0011726398020982741,0.00369873046875,0.99990225306681,39.906847172669956,759421.1671238058,-0.00020320506300777196,0.003544188663363457,-1.6944747924804688,0.0018534785136580466,0.009544312208890914
287,235110400,0.0001284,0.11507453918457031,0.001124487891793251,0.003453369140625,0.9999512242708029,39.84162520729685,754925.645578114,-0.0001832956913858652,0.0038015700876712797,-1.7009159088134767,0.002246404066681862,0.01444360613822937
288,235929600,0.0001278,0.11487580299377441,0.001161564290523529,0.003555908203125,0.99980479234786,40.03050119564687,759316.6081060141,-0.00022904938086867332,0.003404967114329338,-1.7047054290771484,0.0020930593833327293,0.01185900866985321
289,236748800,0.0001272,0.11513360977172851,0.0011990185081958771,0.00359375,0.9998048685301723,40.085174886579836,751051.6829448179,-5.2832579240202906e-05,0.003340023756027222,-1.711087989807129,0.0021966414526104925,0.013547849655151368
290,237568000,0.00012660000000000001,0.11518842697143555,0.0012292307615280151,0.00384033203125,0.9999509996079968,39.96138769110153,757790.2070356406,-0.00022997329942882062,0.0031685907393693923,-1.7204055786132812,0.0017120718955993652,0.008146362006664276
291,238387200,0.000126,0.11471845626831055,0.001224651336669922,0.003756103515625,0.9998533007334963,40.00601466992665,758154.0991316551,-0.0001379355788230896,0.003514355421066284,-1.7263418197631837,0.002245175093412399,0.013910768926143647
292,239206400,0.0001254,0.11483386039733887,0.001124119833111763,0.003453369140625,0.9997552259264698,40.133597689332746,756346.841591257,-0.0002730970270931721,0.003450015187263489,-1.7264110565185546,0.0019062280654907227,0.010645874589681626
293,240025600,0.0001248,0.11496017456054687,0.0011943593621253968,0.003626708984375,0.9999022626203391,39.931877046376385,761949.0608169541,-0.00020660494919866323,0.0030933082103729247,-1.7287397384643555,0.0017867278307676314,0.00913378968834877
294,240844800,0.0001242,0.11499927520751953,0.001182956025004387,0.003585205078125,0.9997555609875336,40.17721828403813,758202.9396295003,-0.00018949734512716532,0.003310885652899742,-1.7367843627929687,0.0017840860411524773,0.009123899787664414
295,241664000,0.0001236,0.11483050346374511,0.0011332413554191588,0.0034716796875,0.9996590687706994,40.08489187609585,763160.9146686508,-0.0001718037761747837,0.003493274375796318,-1.7459890365600585,0.002000877819955349,0.01068701222538948
296,242483200,0.000123,0.11534296035766602,0.0010798919200897218,0.0032861328125,0.9999512171325431,39.91131274696327,766112.8605348242,-0.0002633006079122424,0.0028942527249455454,-1.7552085876464845,0.002041621319949627,0.011677486449480056
297,243302400,0.0001224,0.11505062103271485,0.0011067836731672286,0.003463134765625,0.9998538439052909,39.96657897300984,761419.316701152,-0.0002512095030397177,0.0033353704959154127,-1.7645217895507812,0.002156667411327362,0.011799193918704987
298,244121600,0.00012179999999999999,0.11500192642211914,0.0011908793449401855,0.00365478515625,0.9999513287257861,39.7953372919303,762354.4963889729,-0.00027476430404931306,0.003276129812002182,-1.7731342315673828,0.001962878741323948,0.010874510556459428
299,244940800,0.00012119999999999999,0.11496248245239257,0.0011752568185329436,0.003599853515625,0.9999022291748142,40.025371529135704,759149.5305996404,-0.0001401661313138902,0.003063279017806053,-1.7794557571411134,0.0020997097715735437,0.01282067745923996
300,245760000,0.00012059999999999999,0.11497303009033204,0.0011499836295843125,0.003515625,0.9999023294427895,39.974556819846654,747046.8027350821,-0.00022713171783834697,0.003100854903459549,-1.7860950469970702,0.0017898201942443848,0.00853552296757698
301,246579200,0.00011999999999999999,0.11488637924194336,0.0011697353422641754,0.003536376953125,0.9997075310748234,39.996636607360465,758335.4421512568,-0.00022611666936427354,0.003337138518691063,-1.7955631256103515,0.001864965632557869,0.009128540754318237
302,247398400,0.0001194,0.11473222732543946,0.0011799081414937973,0.0036083984375,1.0,39.82561999609451,750931.7858251038,-0.0002190673490986228,0.0035616014152765273,-1.8066417694091796,0.0019174389541149139,0.011390504240989686
303,248217600,0.0001188,0.11489736557006835,0.0011533123254776,0.00362060546875,0.9997561808163066,40.14278051397084,754080.777013967,-0.00018899723654612898,0.0032058458775281904,-1.8172130584716797,0.001928589679300785,0.010346678644418716
304,249036800,0.0001182,0.11520633697509766,0.0012221594154834747,0.003677978515625,0.9999513878761364,39.653930290214376,748178.6884876628,-0.00024103051982820033,0.003246419131755829,-1.8207592010498046,0.0017353998497128486,0.009139405936002732
305,249856000,0.0001176,0.11494988441467285,0.0011681411415338516,0.00358642578125,0.9998043818466353,40.07140062597809,753224.7857518117,-0.0002681529149413109,0.0033536434173583986,-1.8240789413452148,0.001857799105346203,0.009260863810777665
306,250675200,0.000117,0.11534919738769531,0.001215682402253151,0.0037060546875,0.999902799377916,39.81424961119751,749358.8109057682,-4.711565270554274e-06,0.003058924712240696,-1.8314241409301757,0.0023393234238028525,0.01635119616985321
307,251494400,0.0001164,0.11510004043579102,0.0012578274309635162,0.003824462890625,0.9998046111762408,40.106926533802266,752804.7920773142,-0.0002685527550056577,0.0032244306057691574,-1.8396703720092773,0.002046094834804535,0.010999755561351776
308,252313600,0.0001158,0.11474033355712891,0.001202344298362732,0.00374267578125,0.9998046398046398,40.055140415140414,751320.2912884003,-0.00017886741552501916,0.0034133922308683395,-1.8458145141601563,0.0018207451328635215,0.009526975452899933
309,253132800,0.0001152,0.11501002311706543,0.001116928681731224,0.00343994140625,1.0,40.0443137254902,752099.8988175761,-0.00013293381780385972,0.0031779929995536804,-1.8509271621704102,0.0021715892478823664,0.013380980491638184
310,253952000,0.0001146,0.1151130485534668,0.0011567060649394988,0.00357666015625,0.9997554892659788,40.175069685559194,755045.9963244834,-0.00026848684065043925,0.0029619509354233743,-1.857707405090332,0.002015499956905842,0.011152707785367966
311,254771200,0.00011399999999999999,0.11476729393005371,0.0012804627418518066,0.0038623046875,0.9999510164095028,39.91398481508695,751075.4677680843,-0.0001539000775665045,0.003329780325293541,-1.8655927658081055,0.0019914314150810243,0.010487670451402665
312,255590400,0.00011339999999999999,0.11491056442260743,0.0011214900016784668,0.00363525390625,0.9997567501824374,39.95991243006568,759671.7938973267,-0.00022855261340737343,0.003027850389480591,-1.873786735534668,0.0018181512132287025,0.009348388761281967
313,256409600,0.00011279999999999999,0.11519386291503907,0.0011595457792282105,0.003472900390625,0.9999023199023199,39.94930402930403,759213.4651367657,-0.00024389631580561398,0.0031896524131298067,-1.8825296401977538,0.0019396336749196053,0.010273802280426025
314,257228800,0.00011219999999999999,0.11478155136108398,0.0011717204749584198,0.003543701171875,0.999805153685031,39.971162745384575,762575.4006758558,-0.00019656284712255,0.0031046416610479356,-1.8901153564453126,0.0020727386698126795,0.011963012814521789
315,258048000,0.00011159999999999999,0.1147873878479004,0.0011027569323778152,0.003336181640625,0.9998531067913626,40.01811682906527,766885.4007625089,-0.00019232210470363498,0.0028468767181038857,-1.8957155227661133,0.0016876842826604843,0.007875732332468032
316,258867200,0.00011099999999999999,0.11499995231628418,0.0012130162119865417,0.003673095703125,0.9997071313515888,40.06257626787719,761390.3270119191,-0.00019012924749404193,0.003103491850197315,-1.9003986358642577,0.0018738105893135071,0.00913403332233429
317,259686400,0.00011039999999999999,0.11488784790039062,0.0011905834078788757,0.003582763671875,0.9998535442296427,39.98120484280414,763232.0559401115,-0.00016554463654756547,0.0030221156775951385,-1.9044321060180665,0.0020905926823616026,0.01221008226275444
318,260505600,0.00010979999999999999,0.1150731658935547,0.0013412119448184968,0.003990478515625,1.0,39.88154364053276,764328.5300820497,-0.00016089152777567505,0.0039700947701931,-1.9084850311279298,0.0020008474588394166,0.011776977777481079
319,261324800,0.00010919999999999998,0.11511554718017578,0.0011567822843790054,0.0035888671875,0.9996105729445554,40.11001314316312,750936.5665376317,-0.0001643773983232677,0.003025803342461586,-1.9143220901489257,0.0020115062594413756,0.012093385308980941
320,262144000,0.00010859999999999998,0.11556715965270996,0.0010690826177597046,0.003314208984375,0.9998050397231564,39.9977579568163,752570.4767799985,-0.00025772142689675095,0.0027951888740062715,-1.9212411880493163,0.0021574610844254495,0.012065549194812775
321,262963200,0.00010799999999999998,0.11511823654174805,0.0011279104650020598,0.003419189453125,0.9999515879163439,39.783113865220756,757278.1578928386,-0.00029231151565909384,0.0029181560501456262,-1.9270877838134766,0.002226288802921772,0.012333250790834426
322,263782400,0.00010739999999999998,0.11529060363769532,0.001255905330181122,0.003797607421875,0.9999513381995134,39.680194647201944,761019.9332193469,-0.0002428055042400956,0.0031073106452822684,-1.9328062057495117,0.0019039973616600037,0.010744749754667281
323,264601600,0.00010679999999999998,0.11507243156433106,0.0011491343379020692,0.00362060546875,0.9999512979106804,39.909462815954804,756600.1217898275,-0.0002799324924126267,0.003008621744811535,-1.938494873046875,0.0018874870613217354,0.010098634660243988
324,265420800,0.00010619999999999998,0.11523272514343262,0.0012360624969005585,0.003753662109375,0.9998539932836911,39.924368520951965,760227.5806396245,-0.00011119832051917911,0.0029327921569347382,-1.946060562133789,0.0021328236907720566,0.012231688201427459
325,266240000,0.00010559999999999998,0.11515042304992676,0.0010768990218639374,0.00331787109375,0.9999513713285353,39.812098813460416,758677.6651820588,-0.00023301024921238423,0.003064592368900776,-1.9547822952270508,0.0021803688257932665,0.014561645686626434
326,267059200,0.00010499999999999999,0.11515182495117188,0.001265321969985962,0.003817138671875,0.9999026906047779,39.83150878217292,756135.6179651765,-0.0002273505087941885,0.003104684129357338,-1.9629409790039063,0.00192866250872612,0.010980224609375
327,267878400,0.00010439999999999999,0.11522785186767578,0.0011561138927936555,0.003515625,0.9999021909233177,39.98024256651017,762393.0238586441,-0.0002802379662171006,0.002913280576467514,-1.971238899230957,0.002196478098630905,0.011433713138103485
328,268697600,0.00010379999999999999,0.11505425453186036,0.0012103989720344543,0.0037646484375,0.9999023389813956,39.948825626251285,756089.1634485082,-0.00018125507049262523,0.003100805729627609,-1.9805280685424804,0.0018981307744979858,0.01026330515742302
329,269516800,0.00010319999999999999,0.11503433227539063,0.0012117135524749756,0.003642578125,0.9999024818372422,40.046126090984444,757872.2940120479,-0.0001520369783975184,0.0029609518125653265,-1.9876346588134766,0.002028639428317547,0.011323118954896927
330,270336000,0.00010259999999999999,0.11537477493286133,0.0011957171559333801,0.00371337890625,0.9999026621891274,39.804058986713386,761900.1664738156,-0.0002850251505151391,0.003407183662056923,-1.9929750442504883,0.0017580671235918998,0.00896020457148552
331,271155200,0.00010199999999999999,0.1151024055480957,0.0011992888152599335,0.003701171875,0.9998539008473751,39.94112204149216,760170.5099133665,-0.00021553875412791968,0.0030240023508667944,-1.9995864868164062,0.0020092902705073357,0.010181517899036407
332,271974400,0.00010139999999999998,0.11524303436279297,0.00121184341609478,0.003714599609375,0.9999028890507404,39.913959698956056,764104.7959902859,-0.00021997843869030475,0.0030800532549619675,-2.0073148727416994,0.001755334995687008,0.009224607050418854
333,272793600,0.00010079999999999998,0.11518458366394042,0.0012548775970935822,0.00380859375,0.9999022148340097,39.89757003862514,761263.6994972752,-0.00020116709638386964,0.0032961513847112657,-2.0129091262817385,0.0019755471497774125,0.010248535871505737
334,273612800,0.00010019999999999998,0.11528383255004883,0.00123740553855896,0.003836669921875,0.9998536228348378,40.158819224201025,763691.2168006079,-0.00023597218096256257,0.0029015678912401198,-2.0182207107543944,0.0016528988257050515,0.007753051817417145
335,274432000,9.959999999999998e-05,0.11507915496826172,0.0011892297118902206,0.0036767578125,0.9999511002444987,39.9839119804401,766591.9999596454,-0.0002451658248901367,0.003139471635222435,-2.0224836349487303,0.00219992995262146,0.013729003071784974
336,275251200,9.899999999999998e-05,0.11550537109375,0.001165493205189705,0.00357666015625,1.0,39.8218164110056,760910.8468807895,-0.0001414232887327671,0.0033568058162927626,-2.0253536224365236,0.0019755644723773004,0.010946410149335862
337,276070400,9.839999999999998e-05,0.11529955863952637,0.0011808093637228011,0.00361328125,0.9999025673503191,39.91070297656745,763649.9278076947,-0.0003258562181144953,0.003358301520347595,-2.0312576293945312,0.0026354359462857245,0.017467527091503142
338,276889600,9.779999999999998e-05,0.11541821479797364,0.0011794175952672958,0.00361572265625,0.9999026337568765,39.864076724599585,765003.6635128356,-0.00021695324685424566,0.003003564290702343,-2.0361764907836912,0.00203961618244648,0.01146850511431694
339,277708800,9.719999999999998e-05,0.11540451049804687,0.001183069795370102,0.003792724609375,0.9999023246727876,39.94872045321352,755161.8812105028,-0.00023540181573480367,0.00269463025033474,-2.038368797302246,0.001991325244307518,0.01044909656047821
340,278528000,9.659999999999998e-05,0.11492977142333985,0.0012202089279890061,0.0036083984375,0.9998534440644846,39.9894968246214,750586.1392796232,-0.00018415405647829176,0.002921668440103531,-2.0410032272338867,0.0016290929168462753,0.007558594644069672
341,279347200,9.599999999999998e-05,0.1151882553100586,0.0010853186249732971,0.003358154296875,0.9998536728124086,40.02287581699346,755092.5761872025,-0.00022867659572511911,0.002775074914097786,-2.0447998046875,0.0019484886899590493,0.010209471732378007
342,280166400,9.539999999999997e-05,0.11490150451660157,0.0011253900825977325,0.003397216796875,0.9999512456730535,39.96752961825362,759534.3696078486,-0.00021629417315125466,0.002699737809598446,-2.0491085052490234,0.002020023949444294,0.011868530511856079
343,280985600,9.479999999999997e-05,0.1149507236480713,0.0011127282679080962,0.003349609375,0.9998053433257093,39.903206968708936,761292.857115656,-0.0002453841967508197,0.003488408774137497,-2.0522172927856444,0.0018205413594841956,0.00969580039381981
344,281804800,9.419999999999997e-05,0.11546832084655761,0.0013355261087417602,0.004112548828125,0.999853386765712,40.02140553220604,758200.6373310611,-0.00019234259380027652,0.003346122056245804,-2.0564865112304687,0.0021706750616431237,0.010628176480531692
345,282624000,9.360000000000001e-05,0.11508757591247559,0.0011677009612321855,0.003746337890625,0.999951340567369,39.82657778210306,757858.0985785826,-0.00024395207874476909,0.0027692340314388274,-2.063195991516113,0.0020214814692735674,0.010485351085662842
346,283443200,9.300000000000001e-05,0.11570138931274414,0.0012268637120723723,0.003787841796875,0.9999027710257656,39.8427807486631,756908.7914838067,-6.164467777125537e-05,0.0029501816257834434,-2.0682064056396485,0.00194105114787817,0.011643677204847335
347,284262400,9.240000000000001e-05,0.11551488876342773,0.0011722815781831741,0.003662109375,0.9998545595578611,39.882338682309594,760149.0402488105,-0.0001778910285793245,0.0029203342273831367,-2.070081329345703,0.0017817843705415725,0.009126221388578415
348,285081600,9.180000000000001e-05,0.11533103942871094,0.0012099413573741912,0.00361328125,0.9999514327343371,39.71486158329286,759458.8931095387,-0.00019306719768792392,0.00299947913736105,-2.0711830139160154,0.0016849597916007042,0.007964232563972473
349,285900800,9.120000000000001e-05,0.11566089630126954,0.0012646251916885376,0.003916015625,0.9999514610232016,39.79972818172993,754516.9574288126,-0.0001902121352031827,0.002847617119550705,-2.0761337280273438,0.0019371671602129935,0.009943970292806626
350,286720000,9.06e-05,0.11521125793457031,0.0012174303084611893,0.003726806640625,0.99995141149604,39.809144356445266,766570.3455816674,-0.0001783200539648533,0.003273904323577881,-2.0820587158203123,0.0021141400560736657,0.012969115376472473
351,287539200,9e-05,0.11534950256347656,0.0012378156185150146,0.003775634765625,0.9999025531085558,39.910641200545705,760486.4568430495,-0.00023342566564679145,0.003059833496809006,-2.0852636337280273,0.0021276000887155535,0.011431028693914413
352,288358400,8.94e-05,0.11541524887084961,0.0012562669813632964,0.0038525390625,0.9999026432361389,39.97921433091564,763583.0181872824,-0.00029145062435418365,0.002749195136129856,-2.090884780883789,0.0019347954541444779,0.010192746669054032
353,289177600,8.88e-05,0.11542619705200195,0.0012439723312854768,0.003641357421875,1.0,39.69640085370586,767860.1278380929,-0.00013916263123974203,0.002847643010318279,-2.0974239349365233,0.0017701122909784318,0.008992433547973633
354,289996800,8.82e-05,0.11552042961120605,0.0011191043257713319,0.00347412109375,1.0,39.82880381842977,760749.9628990098,-0.0001454060198739171,0.0025737414136528967,-2.100836181640625,0.0016285542398691178,0.008124755322933197
355,290816000,8.76e-05,0.11580058097839356,0.0011759227514266967,0.003533935546875,1.0,39.735855470836775,764596.5606511686,-0.00016755193937569856,0.0027911121025681494,-2.103534126281738,0.0019194409251213074,0.010536134243011475
356,291635200,8.7e-05,0.11529651641845703,0.001234964281320572,0.00372314453125,0.9999513168784382,39.81602648361813,758172.0921812177,-0.0002653851406648755,0.0029716638848185538,-2.1076005935668944,0.001917056366801262,0.010541872680187225
357,292454400,8.64e-05,0.11512048721313477,0.0011449416726827622,0.003553466796875,0.9999515668135807,39.623480408776096,758880.630279485,-0.00021070968359708785,0.002820606343448162,-2.110910987854004,0.001848948374390602,0.008949583023786544
358,293273600,8.58e-05,0.11542762756347656,0.0011858507990837098,0.003597412109375,0.999805494772672,39.96712861658157,758634.3676867182,-0.0002784005831927061,0.0027724295854568482,-2.1138984680175783,0.001949315145611763,0.010975097864866256
359,294092800,8.52e-05,0.11560077667236328,0.0011882586032152176,0.003665771484375,0.9998545948041877,39.80040713454827,753295.03129878,-0.00018945587798953057,0.0027186622843146323,-2.1200092315673826,0.001897294446825981,0.009957153350114822
360,294912000,8.46e-05,0.1153099536895752,0.0012684977054595948,0.003748779296875,1.0,39.75191840699369,749319.3626937119,-0.00022671883925795555,0.00300474651157856,-2.126034736633301,0.001720547117292881,0.007997679710388183
361,295731200,8.4e-05,0.11509873390197754,0.0011528658866882325,0.0034912109375,0.9999028277135361,39.8185793411719,752266.707193709,-0.00025339450221508744,0.0027063580229878424,-2.1340572357177736,0.00164690800011158,0.007473389059305191
362,296550400,8.34e-05,0.11529934883117676,0.0012982046604156493,0.00389892578125,0.9999512409186211,39.82505241601248,755787.7335843951,-0.00024526459164917467,0.0033269476145505903,-2.1405508041381838,0.0019731126725673676,0.010654418170452118
363,297369600,8.28e-05,0.11517996788024902,0.0012126928567886353,0.00377197265625,0.9999513760575708,39.8304483127492,755229.6423792309,-0.0002007725415751338,0.0029670897871255874,-2.143792915344238,0.0021957721561193465,0.011989255249500275
364,298188800,8.22e-05,0.11548978805541993,0.0012416037917137145,0.003819580078125,0.9999027946537059,39.90668286755771,755095.2571615556,-0.0002139994874596596,0.00282620582729578,-2.147705078125,0.0016158049926161765,0.007814818620681762
365,299008000,8.16e-05,0.11543743133544922,0.001225254610180855,0.00361328125,0.999902624275768,39.922002044890206,755718.1175618696,-0.00017025673296302556,0.0031004764139652254,-2.149397277832031,0.0020173046737909316,0.011922243237495422
366,299827200,8.1e-05,0.11553841590881347,0.0012235580384731292,0.0037158203125,1.0,39.61690072639225,753134.613037769,-0.0003132260637357831,0.0030497310683131216,-2.1519065856933595,0.0019260333850979806,0.009950804710388183
367,300646400,8.04e-05,0.11573586463928223,0.0012743517756462098,0.00391357421875,0.9999027331971598,39.91333527866939,757996.0087165034,-0.0002633839147165418,0.0027725473046302795,-2.1568157196044924,0.001736854761838913,0.008569701761007308
368,301465600,7.98e-05,0.11547245025634766,0.001142725795507431,0.003621826171875,0.999951425656968,39.64331859911595,752455.2627028415,-0.00016949851997196674,0.0025642333552241326,-2.1646379470825194,0.0016041921451687812,0.007575194537639618
369,302284800,7.92e-05,0.11564221382141113,0.0011317828297615052,0.00350830078125,0.9999516768145356,39.73006668599594,762247.3563814913,-0.00012982713524252177,0.0025502417236566545,-2.170890998840332,0.0015931608155369758,0.007579588890075683
370,303104000,7.86e-05,0.11517847061157227,0.0011210080981254578,0.003551025390625,0.9999513429349942,39.88117944725574,767502.3365716712,-0.0002554450184106827,0.003021480701863766,-2.173681640625,0.0019134806469082832,0.010512206703424454
371,303923200,7.8e-05,0.11579729080200195,0.0011308184266090393,0.0035205078125,1.0,39.76855449776569,762029.7045868624,-0.00019328673370182513,0.0025192996487021445,-2.178737258911133,0.0016834402456879615,0.007231565564870835
372,304742400,7.74e-05,0.1151992416381836,0.0011051078885793686,0.0035693359375,0.9999512099921936,39.83391881342701,763886.9198381803,-0.0002395051997154951,0.0024862563237547874,-2.1848426818847657,0.0018185311928391457,0.009727171808481216
373,305561600,7.68e-05,0.11565244674682618,0.0012661081552505493,0.003970947265625,0.9999515104494981,39.76065557872278,765716.7386588575,-0.00012889908393844962,0.002706022374331951,-2.186892509460449,0.00172712504863739,0.007993286103010177
374,306380800,7.62e-05,0.1156503677368164,0.0011688987165689468,0.00358642578125,0.9999025388626285,39.98903562204571,762710.7831533168,-0.0002806741977110505,0.0026002250611782073,-2.1879371643066405,0.0018362505361437798,0.009104125201702118
375,307200000,7.56e-05,0.11562899589538574,0.0012194791436195374,0.003775634765625,0.9999031852066996,39.67208829509149,758975.9829178851,-0.00024628459941595794,0.0026641495525836943,-2.190995788574219,0.0016971444711089134,0.007445558160543442
376,308019200,7.5e-05,0.11561834335327148,0.001115885078907013,0.0035302734375,1.0,39.80617295933224,760017.7999201021,-0.00017062537372112275,0.002711799368262291,-2.1946054458618165,0.0018257929012179374,0.00999402031302452
377,308838400,7.439999999999999e-05,0.11544948577880859,0.0011727069318294525,0.003541259765625,1.0,39.80930594762971,758334.8027530955,-0.0001915417262353003,0.002760804444551468,-2.1985572814941405,0.0018473612144589424,0.009747067838907242
378,309657600,7.379999999999999e-05,0.1156652545928955,0.0011062778532505036,0.0034814453125,0.9999513050253214,39.88960849240358,759867.4415339291,-0.00021205209195613862,0.0029017753899097443,-2.202638626098633,0.001976691745221615,0.009775026887655257
379,310476800,7.319999999999999e-05,0.11552207946777343,0.0011793751269578933,0.003660888671875,0.9999512884212577,39.83136051439427,756488.4049066699,-0.00010043204529210925,0.002687331847846508,-2.207263946533203,0.0018732180818915368,0.009274902194738388
380,311296000,7.259999999999999e-05,0.11558073997497559,0.001146530658006668,0.00352294921875,0.9999029832646131,39.764782925054575,749961.9766399631,-0.0001767588662914932,0.002837827056646347,-2.2149374008178713,0.0018165567889809608,0.008417967706918716
381,312115200,7.199999999999999e-05,0.11563850402832031,0.0011830004304647446,0.003658447265625,0.9999515386479283,39.719602616913015,751121.9356726256,-0.00019938386976718902,0.002723824046552181,-2.220517158508301,0.0016088243573904037,0.007178588956594467
382,312934400,7.139999999999999e-05,0.11570520401000976,0.0011825668811798096,0.00368896484375,0.9999515339504677,39.672999563805554,759750.5469077646,-0.000302331056445837,0.003356397897005081,-2.2248634338378905,0.0018260763958096505,0.008706176280975341
383,313753600,7.079999999999999e-05,0.11540626525878907,0.0011214962601661682,0.003502197265625,1.0,39.641598062953996,751282.5918038011,-0.000181820266880095,0.0026308147236704825,-2.229460906982422,0.0018196398392319678,0.008421509712934493
384,314572800,7.019999999999999e-05,0.11544523239135743,0.001152273193001747,0.00356689453125,0.9999025815879201,39.85966877739893,755783.5799056162,-0.00014051467878744005,0.002708515152335167,-2.2336757659912108,0.0017106520012021066,0.007246705144643784
385,315392000,6.959999999999998e-05,0.11541919708251953,0.001174805760383606,0.00361083984375,0.9999514162172667,39.81008599329544,755066.2793724939,-0.00020933842752128838,0.0026342831552028656,-2.237770652770996,0.0015134779736399651,0.0059504382312297825
386,316211200,6.899999999999998e-05,0.11573047637939453,0.0012110643088817596,0.003612060546875,0.999854177805862,39.86978078063481,756549.8868196867,-0.000273659685626626,0.0025301191955804823,-2.243172454833984,0.0016037952154874802,0.007057739049196243
387,317030400,6.839999999999998e-05,0.11534032821655274,0.0011412110179662704,0.003521728515625,0.9998541352652307,39.87664705596344,760186.4654251632,-0.00023634268436580896,0.002732420898973942,-2.2510498046875,0.0020797405391931533,0.009779295325279236
388,317849600,6.779999999999998e-05,0.11553476333618164,0.001167576089501381,0.003687744140625,1.0,39.77839416058394,757679.0859390191,-0.0003112397389486432,0.0026060121133923532,-2.2580638885498048,0.001931759901344776,0.008946044743061066
389,318668800,6.72e-05,0.11565275192260742,0.001177717074751854,0.003631591796875,0.9999513618677043,39.77436770428015,762692.1848513546,-0.0002666307846084237,0.0026477398350834846,-2.263560485839844,0.0016770068556070327,0.006873656809329986
390,319488000,6.659999999999999e-05,0.1151511287689209,0.001136254221200943,0.00353271484375,0.9998541423570595,39.914332944379616,768306.9423693812,-0.00023390529677271842,0.0026573095470666885,-2.2680294036865236,0.0019334051758050919,0.009144775569438934
391,320307200,6.599999999999999e-05,0.11549285888671874,0.0011896252632141112,0.003690185546875,1.0,39.78335528562369,761307.7562546838,-0.0001867154845967889,0.002715521864593029,-2.2705463409423827,0.0014583262614905833,0.007261107861995697
392,321126400,6.539999999999999e-05,0.11517683029174805,0.001158534437417984,0.0035888671875,0.9998062766369624,39.831170089112746,765760.9867042507,-0.00023506020661443472,0.002591429091989994,-2.275050926208496,0.0018737519159913063,0.007486572861671448
393,321945600,6.479999999999999e-05,0.11552123069763183,0.0012006184458732605,0.0036572265625,0.9998535227772082,40.01640544895269,765789.8684900989,-0.00020375442691147327,0.0025510670617222785,-2.2790687561035154,0.001797056756913662,0.008813844621181488
394,322764800,6.419999999999999e-05,0.1155799674987793,0.001212015002965927,0.003740234375,0.9999513239875389,39.848666277258566,754742.6270295444,-0.0001497791730798781,0.0025699207559227943,-2.2804424285888674,0.0016312073916196824,0.0068782947957515715
395,323584000,6.359999999999999e-05,0.11558854103088378,0.0011247609555721282,0.0034375,0.9999514303754432,39.828403516440815,763293.0315540809,-0.00025958854239434005,0.0024955041706562044,-2.281559371948242,0.0017568882554769515,0.008442992717027665
396,324403200,6.299999999999999e-05,0.11586828231811523,0.0010328678786754608,0.0031884765625,0.9998542132374381,39.97502186801439,754861.4586200325,-0.0002037007361650467,0.002349665015935898,-2.2829864501953123,0.0017906388267874718,0.007553344219923019
397,325222400,6.239999999999999e-05,0.11542901992797852,0.001161447912454605,0.00353759765625,1.0,39.59073508746426,760858.1022809572,-0.00023782027419656516,0.0025733338668942453,-2.2875038146972657,0.0018022926524281502,0.008044067770242691
398,326041600,6.179999999999998e-05,0.11553930282592774,0.0012171361595392227,0.003720703125,0.9999514209375759,39.84066067524897,760656.1949459403,-0.00023921099491417409,0.0027513867244124413,-2.293502998352051,0.0019490601494908332,0.008473998308181763
399,326860800,6.119999999999998e-05,0.11546633720397949,0.001108209937810898,0.00345703125,0.9999513855128829,39.80068060281964,756407.0859194695,-0.00013732602819800378,0.002862262912094593,-2.296194648742676,0.001672602631151676,0.007810913026332855
400,327680000,6.059999999999998e-05,0.11555377006530762,0.0012171085178852082,0.00376708984375,0.9999514492401806,39.826673787444776,752426.2216837906,-0.0003085564123466611,0.0027297956869006155,-2.299612617492676,0.001886841654777527,0.00793774351477623
401,328499200,5.999999999999998e-05,0.11537336349487305,0.001096450686454773,0.00337158203125,0.9999513831493996,39.791093392970005,755108.5086884252,-0.00033005361910909414,0.002570994757115841,-2.3047119140625,0.0019529495388269425,0.008270994573831559
402,329318400,5.939999999999998e-05,0.11582962036132813,0.0011527222394943238,0.00359130859375,0.9999029550196517,39.78164879421612,758111.5719409201,-0.00011889690067619085,0.0029964113608002664,-2.3079437255859374,0.001936514303088188,0.009786252677440644
403,330137600,5.879999999999998e-05,0.11548535346984863,0.0010095973312854766,0.003175048828125,1.0,39.759461691687314,755166.8545161268,-0.00015268558636307716,0.002396132051944733,-2.311837577819824,0.0017801979556679726,0.008815306425094604
404,330956800,5.819999999999998e-05,0.11564937591552735,0.0011270586401224136,0.003497314453125,1.0,39.601978287092884,758012.4960880224,-0.000232474016956985,0.0025208862498402596,-2.315980339050293,0.0018329361453652381,0.00827917382121086
405,331776000,5.759999999999998e-05,0.11539488792419433,0.0013312345743179321,0.0040478515625,1.0,39.803818429768164,756800.6406974116,-0.00023930086754262448,0.002713289298117161,-2.3198736190795897,0.0015296065248548985,0.006785278022289276
406,332595200,5.6999999999999976e-05,0.11571784019470215,0.0011527682840824127,0.00353515625,0.9999031101637438,39.80379808158124,756369.8496647691,-0.0002626024419441819,0.002609565854072571,-2.324689483642578,0.0016649587079882622,0.006712769716978073
407,333414400,5.639999999999998e-05,0.11546331405639648,0.0012009181082248688,0.0036279296875,1.0,39.782853810264385,762875.5088914831,-0.00023130252957344056,0.002646338567137718,-2.330085563659668,0.0016914302483201026,0.006746336817741394
408,334233600,5.5800000000000015e-05,0.11554718017578125,0.0012755942344665526,0.003916015625,1.0,39.711230986052385,761375.969497697,-0.00015684434911236166,0.0027102243155241014,-2.3340522766113283,0.0017743078991770745,0.008552245795726776
409,335052800,5.5200000000000014e-05,0.11574396133422851,0.0011478615552186966,0.00365966796875,0.9999515832284304,39.707223782318195,763155.4531389866,-0.00014761462807655334,0.0025105228647589683,-2.3357343673706055,0.0018124066293239594,0.009288817644119263
410,335872000,5.460000000000001e-05,0.11569002151489258,0.001195649653673172,0.003719482421875,1.0,39.75827219279918,761138.4642714235,-0.0002707802690565586,0.0029801853001117707,-2.33807258605957,0.0017579091712832452,0.007597167044878006
411,336691200,5.400000000000001e-05,0.11580265045166016,0.0011823181062936782,0.003701171875,1.0,39.56924638661962,761672.7862071223,-0.0002931792521849275,0.0026589514687657355,-2.341849517822266,0.0016739420592784882,0.006616577506065369
412,337510400,5.340000000000001e-05,0.11563905715942382,0.0011629100143909455,0.00351318359375,0.9999025910773427,39.875949736995906,764998.4207470387,-0.0002032106276601553,0.0022943386808037757,-2.3452743530273437,0.001574842631816864,0.006383056938648224
413,338329600,5.280000000000001e-05,0.11603655815124511,0.0010356511175632476,0.003363037109375,0.9999030679009354,39.752532351088064,752083.6469092602,-0.00029952391050755975,0.002455971948802471,-2.3492053985595702,0.001563221961259842,0.006752563267946243
414,339148800,5.220000000000001e-05,0.11540787696838378,0.0012350492179393768,0.00380126953125,1.0,39.924213606437455,750466.4376406276,-0.00020376592874526978,0.002775775454938412,-2.3534465789794923,0.0015896648168563844,0.006577637046575546
415,339968000,5.160000000000001e-05,0.1155399227142334,0.0011299046874046325,0.0034423828125,0.9999511814098809,39.913444639718804,754564.3484754801,-0.00016764207975938916,0.002422695979475975,-2.3558578491210938,0.0014809418469667434,0.005881713703274727
416,340787200,5.1000000000000006e-05,0.11517842292785645,0.0011679106950759888,0.003544921875,0.9998539079620161,40.07129291453616,750872.1861288405,-0.0003729312215000391,0.0023787133395671844,-2.358066749572754,0.0019012507051229476,0.007998532056808472
417,341606400,5.0400000000000005e-05,0.11549203872680663,0.0011056291311979294,0.003472900390625,1.0,39.80094417676546,755510.2592880761,-0.0002884575631469488,0.0023804325610399246,-2.360095977783203,0.0016499323770403861,0.006925901770591736
418,342425600,4.9800000000000004e-05,0.11564303398132324,0.0013300852477550506,0.00395751953125,1.0,39.63601625229757,748292.6702347051,-0.00014265229692682623,0.003031247854232788,-2.3617746353149416,0.0014578568749129771,0.005442870035767555
419,343244800,4.92e-05,0.11560382843017578,0.001215604618191719,0.003653564453125,0.9999026621891274,39.88519005207573,748967.6654867108,-0.00023032377939671277,0.002387811802327633,-2.3635879516601563,0.0018214114010334016,0.009804688394069672
420,344064000,4.86e-05,0.11560574531555176,0.001180022805929184,0.00368896484375,1.0,39.78444714459295,738856.1531073935,-0.0002227703109383583,0.0024811232462525366,-2.365013313293457,0.001660451479256153,0.008397214859724045
421,344883200,4.800000000000001e-05,0.11579463958740234,0.0011838395893573762,0.003568115234375,0.9999514468828898,39.8876966401243,752835.972514536,-0.00017514029750600457,0.0023520618677139284,-2.3678348541259764,0.0015326382592320443,0.006173462048172951
422,345702400,4.740000000000001e-05,0.11552120208740234,0.0011458411812782288,0.003502197265625,0.9999028324345334,39.780838556089975,746634.4596227655,-0.00027650645934045314,0.0025767795741558075,-2.3700139999389647,0.0017671560868620872,0.006807617098093033
423,346521600,4.6800000000000006e-05,0.11551525115966797,0.001238817423582077,0.003726806640625,1.0,39.840089651140126,753175.74237553,-0.0002385203493759036,0.002428526058793068,-2.373149108886719,0.0013479779474437237,0.004645751044154167
424,347340800,4.6200000000000005e-05,0.1157559871673584,0.0011312710493803025,0.00353759765625,0.9999516557892193,39.69567319313512,747852.3368651571,-0.00028774491511285305,0.0024436559528112412,-2.377313423156738,0.0016941307112574577,0.0075729995965957645
425,348160000,4.5600000000000004e-05,0.11566366195678711,0.0011665485799312592,0.003541259765625,0.999951648776714,39.62339232182574,751875.9955290598,-0.000161402125377208,0.002686702832579613,-2.381182098388672,0.0016716234385967255,0.005557861551642418
426,348979200,4.5e-05,0.11578701019287109,0.0011674770712852478,0.00354248046875,1.0,39.85341639088963,760910.1280942019,-0.00028023875784128905,0.0023886723443865775,-2.384177589416504,0.0016369543969631194,0.006553222984075546
427,349798400,4.44e-05,0.11559542655944824,0.0012252702564001083,0.00369384765625,1.0,39.74768260131036,761123.8050663156,-0.0003251743037253618,0.0023992761969566347,-2.387271499633789,0.001812373474240303,0.0075521238148212435
428,350617600,4.38e-05,0.11586114883422852,0.0011170993745326996,0.00356689453125,1.0,39.71848189617566,763378.7110500879,-0.00027856037486344575,0.0024841399863362312,-2.3901859283447267,0.0014496318995952605,0.005978759750723839
429,351436800,4.32e-05,0.11570035934448242,0.0012415798753499985,0.00381591796875,1.0,39.81007733086912,761341.0834278937,-0.0003257432719692588,0.002717576175928116,-2.3910478591918944,0.0014621107839047909,0.005965698137879371
430,352256000,4.26e-05,0.11579843521118165,0.0013169261813163757,0.003973388671875,1.0,39.74360595157055,764539.4692120703,-0.00027979051228612664,0.002621388807892799,-2.3916677474975585,0.0015424780547618866,0.006536254286766052
431,353075200,4.2e-05,0.11583696365356445,0.001171415001153946,0.003568115234375,1.0,39.83701724556716,768223.6263909985,-0.0002555644139647484,0.002314884774386883,-2.392111968994141,0.0014558423310518265,0.005674804374575615
432,353894400,4.14e-05,0.11532302856445313,0.0011325670778751372,0.003548583984375,1.0,39.720175012153625,753764.5818691518,-0.0002461883472278714,0.002770875208079815,-2.3921817779541015,0.001721646822988987,0.00655212476849556
433,354713600,4.08e-05,0.11572006225585937,0.0011275135725736618,0.003494873046875,0.9998539150759641,40.00847292559408,756411.144493601,-0.00021752472966909408,0.002415668964385986,-2.3938684463500977,0.0013104787096381188,0.004859496280550957
434,355532800,4.02e-05,0.11573145866394043,0.0012038327008485794,0.003753662109375,1.0,39.72411619223122,755043.9244450154,-0.0002912965603172779,0.002344968169927597,-2.396160697937012,0.0018952082842588424,0.007250367105007172
435,356352000,3.96e-05,0.11576716423034668,0.0011712541431188584,0.003609619140625,0.9999026763990267,39.833625304136255,757273.669988786,-0.00023384925443679095,0.002471144311130047,-2.399082374572754,0.0014592601917684078,0.005093993246555328
436,357171200,3.9e-05,0.11588404655456543,0.0011494868248701096,0.003472900390625,0.9999514020508334,39.798658696603006,761480.3916108618,-0.00033653436694294216,0.0025182047858834265,-2.4013555526733397,0.0016553811728954315,0.007517090439796448
437,357990400,3.84e-05,0.11558637619018555,0.0011434860527515412,0.00350830078125,1.0,39.822619740159006,755438.1948761458,-0.0003268024418503046,0.0027266500517725946,-2.4031959533691407,0.001599462144076824,0.006366211175918579
438,358809600,3.78e-05,0.11565032958984375,0.0012454306334257126,0.003758544921875,1.0,39.722710284909965,758977.6148993607,-0.0003217063145712018,0.002816365659236908,-2.405257225036621,0.0015319911763072014,0.0057440180331468586
439,359628800,3.7199999999999996e-05,0.11556378364562989,0.0012500950694084168,0.003677978515625,0.9999514680902694,39.81553021111381,751292.9619372366,-0.0002407186198979616,0.0026961274445056914,-2.4077438354492187,0.0016477873548865318,0.0066215813159942625
440,360448000,3.6599999999999995e-05,0.11536890983581544,0.0012630623579025268,0.003760986328125,1.0,39.64112276612276,747775.1661965386,-0.00030416806694120167,0.002578986622393131,-2.410063934326172,0.0017638644203543663,0.006407957524061203
441,361267200,3.5999999999999994e-05,0.1156503677368164,0.0012238211929798126,0.003675537109375,0.9999514822182329,39.846732327397994,753156.0876366281,-0.00019848712254315614,0.0025264210999011993,-2.4121591567993166,0.0014668351970613003,0.0046799320727586744
442,362086400,3.539999999999999e-05,0.11558515548706055,0.0012057439982891083,0.0037841796875,0.9999513949645183,39.80528822786041,755778.1055939426,-0.0003081658389419317,0.0026681611314415933,-2.414488983154297,0.001536235772073269,0.005839354544878006
443,362905600,3.479999999999999e-05,0.11583070755004883,0.0010437126457691192,0.003177490234375,1.0,39.75110635607645,758335.6100097974,-0.00028024562634527684,0.002365691214799881,-2.417800521850586,0.0017002590000629425,0.005961546674370766
444,363724800,3.419999999999999e-05,0.11575006484985352,0.0012483383715152742,0.003714599609375,1.0,39.764048763903055,757636.4571960144,-0.00027191124390810726,0.0025668943300843237,-2.4203990936279296,0.0016052503138780593,0.006196289137005806
445,364544000,3.36e-05,0.11574085235595703,0.0012319349497556687,0.00379638671875,0.9999518049062606,39.59434189599499,760701.3849800779,-0.0003339060815051198,0.002628318779170513,-2.4228071212768554,0.0016903381794691086,0.00580139197409153
446,365363200,3.2999999999999996e-05,0.11564064979553222,0.0011973237246274949,0.00369873046875,1.0,39.867544501341136,761137.7351753983,-0.0003281520679593086,0.0024935925379395486,-2.424913215637207,0.0016283977776765824,0.00533740296959877
447,366182400,3.2399999999999995e-05,0.11567715644836425,0.0012017130106687546,0.00369140625,0.9999515010427276,39.73577768077986,762391.909261059,-0.00033107802737504245,0.002774437516927719,-2.4272912979125976,0.001691259630024433,0.006901976466178894
448,367001600,3.1799999999999994e-05,0.11542308807373047,0.0012151695042848588,0.003746337890625,1.0,39.74153263035133,764385.50698893,-0.00024241202045232056,0.002704046666622162,-2.4292715072631834,0.0014225609600543975,0.004722169041633606
449,367820800,3.119999999999999e-05,0.11552263259887695,0.0011823930591344832,0.003656005859375,0.9999028182701653,39.929008746355684,760775.1239717135,-0.0002694011200219393,0.0027494562789797785,-2.430083656311035,0.0017354469746351242,0.005975097790360451
450,368640000,3.059999999999999e-05,0.11538278579711914,0.0011307203769683838,0.0035498046875,0.9999513713285353,39.764053686053295,760848.4866648581,-0.00033305268734693525,0.002527721971273422,-2.4318140029907225,0.0017417730763554574,0.006041138246655464
451,369459200,2.999999999999999e-05,0.11566720962524414,0.001089244782924652,0.003446044921875,0.9999513500364875,39.75319873510095,760020.5013714653,-0.0003130186349153519,0.0022967027500271795,-2.434752082824707,0.0016889497637748718,0.006309814006090164
452,370278400,2.939999999999999e-05,0.11585250854492188,0.0011284412443637848,0.003524169921875,0.9998548621190131,39.84668601838413,757609.4398307553,-0.00019125841790810228,0.0024361399933695792,-2.4379276275634765,0.0013005207292735577,0.00399487279355526
453,371097600,2.879999999999999e-05,0.11554902076721191,0.0012763118743896484,0.00393798828125,1.0,39.677344430465496,761523.0576265951,-0.0003424852155148983,0.0025676047429442407,-2.4400279998779295,0.0018367497250437737,0.005944214016199112
454,371916800,2.819999999999999e-05,0.11589330673217774,0.0012501230835914611,0.00388427734375,0.9999514845720939,39.73331069280031,754563.8411577834,-0.0003238452132791281,0.0024185078218579292,-2.441472816467285,0.00125831738114357,0.004066284373402595
455,372736000,2.759999999999999e-05,0.11578020095825195,0.0011712463200092315,0.003720703125,1.0,39.77457800262684,759148.0061478575,-0.00033325692638754847,0.0025396265089511873,-2.4425022125244142,0.0014211521483957767,0.00638391226530075
456,373555200,2.699999999999999e-05,0.11585561752319336,0.0011611473560333252,0.003568115234375,1.0,39.85486528396976,757291.3313027101,-0.0002662927843630314,0.0022986046969890594,-2.4432842254638674,0.0014775110408663749,0.004639282077550888
457,374374400,2.6399999999999988e-05,0.11567544937133789,0.0011278046667575837,0.0035888671875,1.0,39.605672727272726,756711.7165769147,-0.000146605190820992,0.0023501401767134665,-2.443720245361328,0.001287616603076458,0.0025465091690421104
458,375193600,2.5799999999999987e-05,0.1159471607208252,0.0011809754371643066,0.003543701171875,1.0,39.63659232741522,760960.9014962438,-0.0003434247337281704,0.00244008656591177,-2.4447736740112305,0.001666402630507946,0.006316528469324112
459,376012800,2.5199999999999986e-05,0.11581796646118164,0.0012592868506908416,0.003818359375,0.9999515010427276,39.70279838983462,753103.4280081218,-0.0002130073495209217,0.0027118394151329993,-2.447119140625,0.0013295735232532024,0.00394299253821373
460,376832000,2.4599999999999985e-05,0.11613066673278809,0.00123958982527256,0.003759765625,1.0,39.66233388301484,748025.7472763563,-0.00021435124799609184,0.0027886159718036652,-2.4490793228149412,0.0014708411879837513,0.0034810788929462433
461,377651200,2.3999999999999987e-05,0.11604865074157715,0.0011521656811237335,0.003612060546875,0.999951526902569,39.705186621425106,752092.8662212804,-0.00021062963642179967,0.002325090020895004,-2.45098762512207,0.0012804262340068817,0.004372557625174522
462,378470400,2.3399999999999986e-05,0.11600139617919922,0.0011179246008396148,0.003388671875,0.9999515996321572,39.711630608392625,758619.6713061774,-0.0002922846702858806,0.002486828528344631,-2.4525901794433596,0.0013644652441143989,0.005278319492936135
463,379289600,2.2799999999999985e-05,0.11581496238708495,0.0012435427308082581,0.00388916015625,0.9999030350043634,39.77804712498788,760351.2791385752,-0.0002202226547524333,0.002923615276813507,-2.453841781616211,0.001189429871737957,0.003100097365677357
464,380108800,2.2199999999999984e-05,0.11597549438476562,0.0011876849830150605,0.00359130859375,1.0,39.59209509083881,758273.6670824267,-0.00025521183852106333,0.0025725550949573517,-2.455030059814453,0.001523065287619829,0.0036790769547224043
465,380928000,2.1599999999999983e-05,0.11583829879760742,0.0013269178569316864,0.00403564453125,1.0,39.69360874848117,763016.8305539541,-0.00021554909180849792,0.0026875464245676994,-2.4566635131835937,0.0013421615585684776,0.0037158198654651644
466,381747200,2.0999999999999982e-05,0.1158835220336914,0.0011727404594421387,0.003560791015625,0.9999514892791307,39.774764723003784,761399.5450649906,-0.00024724656250327823,0.0025229135528206824,-2.4571609497070312,0.0010974984616041183,0.003228149935603142
467,382566400,2.0399999999999984e-05,0.11587638854980468,0.0011548972129821777,0.0035205078125,1.0,39.44018264840182,764550.299428849,-0.00031372604425996544,0.0025207577273249626,-2.4576789855957033,0.00157383494079113,0.004957763105630874
468,383385600,1.9799999999999983e-05,0.11583667755126953,0.001220155954360962,0.003603515625,0.9999513949645183,39.682803538446585,766854.6323538714,-0.00023526744917035103,0.002397004887461662,-2.459225082397461,0.0013164306059479714,0.0030408937484025953
469,384204800,1.9199999999999982e-05,0.11578356742858886,0.0011464480310678482,0.003597412109375,0.9999514845720939,39.81976518532893,754304.1284254268,-0.00028024776838719845,0.0022222097963094712,-2.460308837890625,0.0015788743272423743,0.005074463039636612
470,385024000,1.8600000000000015e-05,0.11573589324951172,0.0011204974353313446,0.003466796875,1.0,39.69535108958838,761933.1975501049,-0.0002458950038999319,0.0023957276716828346,-2.4611507415771485,0.0014389203861355782,0.003716796636581421
471,385843200,1.8000000000000014e-05,0.11571043968200684,0.0011791323125362396,0.00359375,0.9999514303754432,39.71883044344067,757545.1790025685,-0.00032116645015776155,0.00230023842304945,-2.462202453613281,0.001554651092737913,0.005646971613168716
472,386662400,1.7400000000000013e-05,0.11597750663757324,0.0011764166504144669,0.00361083984375,0.9999515691592405,39.69319062378923,758920.2698916956,-0.0002948528621345758,0.00283344816416502,-2.4625211715698243,0.001542286854237318,0.004390991479158402
473,387481600,1.6800000000000012e-05,0.11577810287475586,0.0012237592041492462,0.003624267578125,0.9999514280163202,39.775500291431904,762818.1983622552,-0.00026102804113179443,0.0024609526619315146,-2.463262748718262,0.0015079128555953504,0.004692015424370766
474,388300800,1.6200000000000014e-05,0.11608493804931641,0.0012140730023384094,0.0038037109375,0.9999514303754432,39.82349798436058,753145.0828883022,-0.00022809074725955726,0.0023031335324048994,-2.4652694702148437,0.001313123758882284,0.0034934081137180328
475,389120000,1.5600000000000013e-05,0.11596393585205078,0.001108260452747345,0.0034228515625,1.0,39.64029055690072,760511.8503531723,-0.00021704738028347493,0.0023042796179652213,-2.4668212890625,0.00155662652105093,0.003350463509559631
476,389939200,1.5000000000000012e-05,0.11590306282043457,0.0012511685490608215,0.003717041015625,0.9999516253869969,39.642995356037154,755208.3069507598,-0.000226998096331954,0.002726582624018192,-2.4678415298461913,0.0013423359021544456,0.0032255854457616806
477,390758400,1.4400000000000011e-05,0.11582749366760253,0.0011916449666023255,0.00357421875,0.9998546229889513,39.78363054855592,757780.5462379652,-0.00027583788614720105,0.0027836646884679796,-2.468779945373535,0.0017704514786601067,0.004332886636257171
478,391577600,1.3800000000000012e-05,0.11613898277282715,0.0011706984043121339,0.00359375,1.0,39.644263244234295,761063.8600279251,-0.00021655154414474965,0.0025950197130441667,-2.4698362350463867,0.0014751547947525977,0.003058226965367794
479,392396800,1.320000000000001e-05,0.11581174850463867,0.0012234944105148316,0.0037109375,1.0,39.50454281848057,754107.6965106501,-0.00020901639945805072,0.0025414636358618735,-2.470539093017578,0.0010525401681661605,0.0026752930134534836
480,393216000,1.260000000000001e-05,0.11560672760009766,0.0011978308111429215,0.0036328125,1.0,39.704977859958156,750691.3702622844,-0.0003379927249625325,0.0023539647459983825,-2.4714664459228515,0.0018128033727407456,0.004731322824954987
481,394035200,1.2000000000000009e-05,0.11605693817138672,0.0011144393682479858,0.003470458984375,0.999951648776714,39.70152789865583,757356.0358576876,-0.00017029738519340752,0.002401837706565857,-2.472715950012207,0.0011158480308949947,0.002016235515475273
482,394854400,1.140000000000001e-05,0.11583271026611328,0.0012251899391412734,0.003741455078125,1.0,39.645053669857845,760922.7751844935,-0.00023443172685801982,0.0024458054453134538,-2.4737245559692385,0.001485704444348812,0.003025878593325615
483,395673600,1.0800000000000008e-05,0.11602359771728515,0.001251777559518814,0.003914794921875,1.0,39.571539131276,766016.3625733284,-0.00026042715180665257,0.0024027882143855097,-2.474658393859863,0.001446215808391571,0.0034410398453474044
484,396492800,1.0200000000000007e-05,0.1157613182067871,0.001188800483942032,0.003662109375,0.9999516043168949,39.71069060639791,760928.6741441868,-0.00021251621656119822,0.002438299544155598,-2.4754215240478517,0.0012618126347661018,0.0026748046278953553
485,397312000,9.600000000000008e-06,0.11575447082519531,0.0011667991429567337,0.003585205078125,1.0,39.71954246775371,760582.6546018703,-0.0002773951506242156,0.0024486035108566284,-2.4759519577026365,0.0016877522692084312,0.0037082523107528687
486,398131200,9.000000000000007e-06,0.11583136558532715,0.0010881907492876052,0.0035205078125,0.9999516019746394,39.791549704772045,761096.9967670662,-0.0002506930846720934,0.0024875426664948464,-2.476617431640625,0.0013170490972697734,0.003217162936925888
487,398950400,8.400000000000006e-06,0.1155982780456543,0.0012212465703487396,0.0036767578125,1.0,39.722114357829334,762481.2344288939,-0.0002183397300541401,0.003119451366364956,-2.4767829895019533,0.0010242916643619538,0.002782593108713627
488,399769600,7.800000000000007e-06,0.11550434112548828,0.001085526943206787,0.00336669921875,0.999951392601954,39.74874835950032,756151.5925636956,-0.0003098159795626998,0.002415546774864197,-2.477354049682617,0.0016198614612221718,0.004095093533396721
489,400588800,7.200000000000006e-06,0.11620460510253906,0.001262006461620331,0.00383544921875,1.0,39.62438930005321,759840.4530399374,-0.00020873246248811483,0.0026065487414598464,-2.4783550262451173,0.0011285057291388512,0.0023549800738692284
490,401408000,6.600000000000005e-06,0.11567523956298828,0.0011729386448860169,0.00357421875,0.9999515339504677,39.70692579847817,764249.0011522153,-0.0001999312313273549,0.00235934853553772,-2.479020118713379,0.000859570037573576,0.0016640624031424522
491,402227200,6.000000000000004e-06,0.11572393417358398,0.0011321882903575897,0.003499755859375,1.0,39.69116861678885,763884.1911626981,-0.00018212401773780583,0.0023619169369339943,-2.479357147216797,0.001149165816605091,0.0021495364606380464
492,403046400,5.400000000000004e-06,0.11569778442382812,0.0011492261290550231,0.0035888671875,0.9999030679009354,39.729171715213496,762046.8468757813,-0.00014562131837010385,0.0027119209989905357,-2.47955207824707,0.0011018176563084125,0.0017880860716104508
493,403865600,4.800000000000004e-06,0.11582393646240234,0.0011529575288295746,0.00364990234375,0.9999515433444783,39.77889228085478,765179.11138687,-0.00017280703177675606,0.002186976186931133,-2.479751205444336,0.0011225305497646332,0.0019663088023662567
494,404684800,4.200000000000003e-06,0.11593484878540039,0.0011978041380643844,0.003743896484375,0.9999514798641436,39.751188743328484,761229.1285655764,-0.00013498503249138595,0.0024606194347143173,-2.480057716369629,0.0007828027941286564,0.0012402343563735485
495,405504000,3.600000000000003e-06,0.11639760971069336,0.0011475010961294174,0.003460693359375,0.9999517700395486,39.632101861676475,763424.1521081645,-0.00018760489765554667,0.0025128584355115892,-2.4802925109863283,0.0008149129338562488,0.0016557615250349044
496,406323200,3.000000000000002e-06,0.11578123092651367,0.001127748042345047,0.00346435546875,1.0,39.74008061774562,766813.5913720899,-0.00015421960270032287,0.0023753812536597254,-2.480528450012207,0.0007522442378103733,0.001192749012261629
497,407142400,2.400000000000002e-06,0.11581859588623047,0.001099787801504135,0.003367919921875,1.0,39.61843442900712,759126.502316923,-0.00010696171084418893,0.002372099459171295,-2.480635070800781,0.0006568185053765774,0.0009649659506976605
498,407961600,1.8000000000000014e-06,0.11587011337280273,0.0012354634702205658,0.003787841796875,1.0,39.56345177664975,763473.5465860668,-0.00010072581935673952,0.002542676031589508,-2.4806503295898437,0.0006783879827708006,0.0008226319216191769
499,408780800,1.200000000000001e-06,0.11582029342651368,0.001251297891139984,0.003795166015625,0.9999515949465124,39.66271358729851,758801.8085948183,-3.0314104515127836e-05,0.0029273673892021177,-2.4806543350219727,0.00012848732294514775,5.249024252407253e-06
500,409600000,6.000000000000005e-07,0.1161477279663086,0.0011034965515136718,0.0033447265625,1.0,39.70086424548456,750831.1634597385,-2.5681374245323242e-05,0.002453259564936161,-2.480691146850586,3.540243487805128e-05,0.0
