update,env_steps,lr,reward_per_step,cost_per_step,violation_rate,success_rate,mean_episode_length,steps_per_sec,policy_loss,value_loss,entropy,approx_kl,clip_frac
1,819200,0.0003,-0.0007978180050849915,0.0015647123754024507,0.00453125,1.0,75.76811594202898,765732.7060355018,-0.004167410731315613,0.08530382513999939,1.8337577819824218,0.006752188503742218,0.08868030905723571
2,1638400,0.00029939999999999996,0.005140097141265869,0.003313617706298828,0.0095166015625,1.0,320.7567567567568,761305.0706833006,-0.0035410810261964796,0.16832945346832276,1.8213233947753906,0.00778336375951767,0.10335717201232911
3,2457600,0.0002988,0.005849454402923584,0.0030851370096206666,0.00946533203125,1.0,480.59655172413795,760821.5041175116,-0.004623052850365639,0.13291211128234864,1.7965469360351562,0.008665071427822113,0.12091529369354248
4,3276800,0.0002982,0.008200838565826415,0.001992368400096893,0.00563232421875,1.0,663.3818681318681,752574.1436911313,-0.005329323559999466,0.09741755723953247,1.7683944702148438,0.009083908051252365,0.12750755548477172
5,4096000,0.00029759999999999997,0.011965372562408448,0.001225038468837738,0.003712158203125,0.6212904982303294,815.9967329158726,758282.7879248597,-0.005597852170467377,0.07159610390663147,1.7396142959594727,0.007125211507081985,0.09245214462280274
6,4915200,0.00029699999999999996,0.01981938362121582,0.0012793715298175812,0.003916015625,0.9863112391930836,203.7928674351585,761071.3704004722,-0.00575268343091011,0.07289270758628845,1.7121814727783202,0.006435064971446991,0.0797407329082489
7,5734400,0.0002964,0.022593917846679686,0.000951138585805893,0.0029736328125,0.9980392156862745,211.1046568627451,755708.3254590547,-0.005983542278409004,0.05980418920516968,1.6824609756469726,0.005830025300383568,0.07037391066551209
8,6553600,0.0002958,0.027401819229125976,0.0010144607722759246,0.00334228515625,0.9975728155339806,197.36124595469255,759929.3265518154,-0.005713498592376709,0.05901031494140625,1.6527572631835938,0.005560239404439926,0.06400622129440307
9,7372800,0.00029519999999999997,0.031916141510009766,0.0008218665421009064,0.00275146484375,0.9994869163673679,159.41679493757482,756333.8831140508,-0.005781564489006996,0.04646122753620148,1.627556037902832,0.0055558871477842334,0.06387791633605958
10,8192000,0.00029459999999999995,0.037354717254638674,0.0011977656185626984,0.00376708984375,0.9998520710059171,129.24807692307692,757857.0236461903,-0.004475218057632446,0.05806649327278137,1.603966522216797,0.0050315320491790775,0.054212892055511476
11,9011200,0.000294,0.042458839416503906,0.0010626498609781266,0.003187255859375,1.0,111.96839525283798,762502.2277654201,-0.0043217774480581285,0.04741171896457672,1.5773515701293945,0.005153223499655723,0.056040889024734496
12,9830400,0.0002934,0.04731158256530762,0.0009276264905929565,0.0030126953125,1.0,98.03935558112774,755092.3423482847,-0.004877579584717751,0.03063257336616516,1.5493104934692383,0.005532822757959366,0.06232505440711975
13,10649600,0.00029279999999999996,0.05273318290710449,0.000982055589556694,0.0031689453125,1.0,88.16360025088856,760110.7505693317,-0.00508347675204277,0.029776838421821595,1.5197715759277344,0.00614527128636837,0.07362865805625915
14,11468800,0.00029219999999999995,0.05804352760314942,0.001003667265176773,0.00314453125,1.0,80.13430144267274,756136.5295833452,-0.005440258979797363,0.025523567199707033,1.4882494926452636,0.006644900888204575,0.08204126358032227
15,12288000,0.0002916,0.06263823032379151,0.0010893389582633973,0.003538818359375,1.0,73.87451669595782,758691.4003742299,-0.004942075163125992,0.02598724067211151,1.4552497863769531,0.006658424437046051,0.08158984780311584
16,13107200,0.00029099999999999997,0.06744815826416016,0.0010841340571641923,0.003497314453125,1.0,68.26476394143774,763375.7837754572,-0.0048109166324138645,0.022570005059242247,1.4206655502319336,0.006704511493444443,0.08234473466873168
17,13926400,0.00029039999999999996,0.07113752365112305,0.0010765792429447173,0.00327880859375,1.0,64.60178375841026,756688.7484011448,-0.004301165416836739,0.02122499942779541,1.386878490447998,0.006326179951429367,0.07528270483016967
18,14745600,0.00028979999999999994,0.07527628898620606,0.0011166493594646455,0.0035595703125,1.0,61.171361156171656,753605.7168446004,-0.0035883650183677674,0.02204623371362686,1.353626537322998,0.00607885979115963,0.06932592988014222
19,15564800,0.0002892,0.07856396675109863,0.0011649908125400544,0.003668212890625,1.0,58.35080417607224,754951.6403675677,-0.003420809656381607,0.019762973487377166,1.3213735580444337,0.005924632027745247,0.06583409309387207
20,16384000,0.00028859999999999997,0.08207977294921875,0.0010991635918617248,0.003404541015625,1.0,56.13135362870345,762442.7704102038,-0.0031767904758453367,0.017907023429870605,1.2896364212036133,0.005783691257238388,0.06302599310874939
21,17203200,0.00028799999999999995,0.0846911334991455,0.0011747057735919952,0.003720703125,1.0,53.86942862752798,766568.7824959802,-0.0026998559013009073,0.01808093339204788,1.2576485633850099,0.005504348501563072,0.05760350823402405
22,18022400,0.00028739999999999994,0.08704924583435059,0.0012081293016672134,0.003699951171875,1.0,52.49307107733572,759888.1986233202,-0.0026465797796845435,0.017342391610145568,1.2277591705322266,0.005520493164658547,0.05719971060752869
23,18841600,0.0002868,0.08999956130981446,0.0011504772305488587,0.00362060546875,1.0,51.076585486463095,752236.8794853096,-0.002523408830165863,0.01600315570831299,1.1985837936401367,0.005402378365397453,0.055470579862594606
24,19660800,0.00028619999999999996,0.09225259780883789,0.0010184531658887863,0.003349609375,1.0,49.43582612901275,755812.1211536265,-0.002261452563107014,0.013366371393203735,1.1690027236938476,0.00495484471321106,0.048492431640625
25,20480000,0.00028559999999999995,0.09415102005004883,0.0010319965332746507,0.00332763671875,1.0,48.810586772455444,757881.8108772099,-0.0020742855966091158,0.013430574536323547,1.1383329391479493,0.00483771525323391,0.045088985562324525
26,21299200,0.000285,0.09598394393920899,0.0011942154914140702,0.003616943359375,1.0,47.613148869383245,758232.9848357205,-0.0019313596189022065,0.015564404428005219,1.1087796211242675,0.004758918657898903,0.04488183557987213
27,22118400,0.0002844,0.09764077186584473,0.0011180981993675232,0.003397216796875,1.0,47.00521161445507,755968.2882836944,-0.001736684888601303,0.014020520448684692,1.0799164772033691,0.004554720968008042,0.04056896865367889
28,22937600,0.00028379999999999996,0.09912555694580077,0.0012134595215320587,0.003660888671875,1.0,46.343998645674624,759346.7437716542,-0.001535545103251934,0.015147696435451507,1.0525019645690918,0.004396852850914001,0.03849939107894897
29,23756800,0.00028319999999999994,0.10058635711669922,0.0011589503288269042,0.003563232421875,1.0,45.710919699916644,754819.2125615568,-0.0014072961173951625,0.014067165553569794,1.0283790588378907,0.004260236769914627,0.03564245104789734
30,24576000,0.0002826,0.10165900230407715,0.0011207957565784455,0.00336669921875,1.0,45.016377225763904,758493.9938692413,-0.001421772688627243,0.013196021318435669,1.0042051315307616,0.004218931123614311,0.03610766530036926
31,25395200,0.00028199999999999997,0.10286611557006836,0.0012076523900032042,0.003746337890625,1.0,44.621561378710446,754274.0577590112,-0.0012549465522170068,0.013660658895969392,0.9796816825866699,0.0037267185747623444,0.028585445880889893
32,26214400,0.00028139999999999996,0.10394437789916992,0.0011055810749530791,0.0034033203125,1.0,44.32502024291498,754892.8242405929,-0.0012497412972152233,0.012709377706050873,0.9524402618408203,0.004150062426924705,0.03240954577922821
33,27033600,0.00028079999999999994,0.1047745704650879,0.0009510740637779236,0.00295654296875,1.0,43.82413940560188,762158.4516909596,-0.001118616573512554,0.010849065333604812,0.9290958404541015,0.0036024961620569227,0.026189324259757996
34,27852800,0.0002802,0.10584741592407226,0.0010542809218168259,0.0032763671875,1.0,43.35562261753494,754775.641262774,-0.0010296865366399288,0.011945165693759918,0.9062819480895996,0.003612354025244713,0.02770727574825287
35,28672000,0.00027959999999999997,0.10584810256958008,0.0010832013934850692,0.003363037109375,1.0,43.2440932396004,762154.331207573,-0.0009244960732758045,0.011903728544712066,0.8856346130371093,0.0035419177263975145,0.026445677876472472
36,29491200,0.00027899999999999995,0.1068797492980957,0.0011527247726917267,0.00353759765625,1.0,43.02881587234936,762099.595478308,-0.0007347404025495052,0.013257814943790436,0.8658194541931152,0.003083780035376549,0.020875486731529235
37,30310400,0.0002784,0.10811253547668458,0.0010608577728271485,0.003367919921875,1.0,42.481800815736484,761098.6612613843,-0.0009906027466058732,0.01084679588675499,0.842017936706543,0.003463737666606903,0.024241699278354643
38,31129600,0.0002778,0.10868576049804687,0.001127243936061859,0.00360595703125,1.0,42.25406913656797,751098.1900758399,-0.0008500918745994567,0.011704391986131667,0.821678638458252,0.0032559722661972047,0.02359057366847992
39,31948800,0.0002772,0.1093697738647461,0.00126686692237854,0.003812255859375,1.0,42.10533873531976,759359.4423576694,-0.0007572152651846408,0.013500261306762695,0.8032900810241699,0.003469124436378479,0.023167848587036133
40,32768000,0.0002766,0.11026920318603516,0.001145157441496849,0.003494873046875,1.0,41.77353210542383,763967.9862964005,-0.0007774901110678911,0.01174631342291832,0.7819473743438721,0.0030738482251763343,0.02256799042224884
41,33587200,0.000276,0.11070352554321289,0.0013066565990447999,0.00390380859375,1.0,41.45510679218545,759031.0535632689,-0.0006192932836711406,0.013133186101913451,0.7581992149353027,0.0027218244969844816,0.0189178466796875
42,34406400,0.00027539999999999997,0.11105738639831543,0.0010728072375059128,0.003363037109375,1.0,41.41266309295034,758134.3725516116,-0.000544655416160822,0.010879924148321151,0.7363159656524658,0.0028721077367663385,0.018033325672149658
43,35225600,0.0002748,0.11163860321044922,0.0012518997490406037,0.00383544921875,1.0,41.061098879103284,755066.2578212682,-0.0005162028595805168,0.01285673975944519,0.7188993453979492,0.0027557030320167542,0.01633666604757309
44,36044800,0.0002742,0.11195093154907226,0.001218693107366562,0.00373291015625,1.0,40.97365389431505,752872.1909709566,-0.0006174106150865555,0.01204628050327301,0.6984703063964843,0.00269143171608448,0.016779546439647675
45,36864000,0.0002736,0.1121143627166748,0.0011062051355838775,0.003404541015625,1.0,40.90553501848336,760370.3137681079,-0.00041871829889714716,0.010957469791173935,0.6800384521484375,0.0025470249354839327,0.014553585648536682
46,37683200,0.00027299999999999997,0.1134708595275879,0.0012053382396697999,0.00373046875,1.0,40.784253222515304,756594.337421474,-0.000412124814465642,0.011667417734861374,0.6655516147613525,0.0025502461940050125,0.014154298603534699
47,38502400,0.0002724,0.11319597244262695,0.0011966583132743836,0.003692626953125,1.0,40.64521566683193,760911.2177936303,-0.00033354454208165405,0.012215707451105118,0.6484364986419677,0.0024696636945009233,0.015283933281898499
48,39321600,0.0002718,0.11350032806396484,0.0011234767735004425,0.0035009765625,1.0,40.562435143548946,763443.883754003,-0.00041776313446462154,0.011250965297222137,0.6293412685394287,0.00262786615639925,0.016454954445362092
49,40140800,0.0002712,0.11418233871459961,0.0012392734736204147,0.003726806640625,1.0,40.435972003154575,756520.7706015991,-0.000318483542650938,0.012502823770046235,0.6099483013153076,0.0021879320964217188,0.012690916657447815
50,40960000,0.00027059999999999996,0.11424694061279297,0.0011661089956760406,0.003511962890625,1.0,40.33743842364532,761973.296974378,-0.00039695519953966143,0.011581840366125107,0.594106388092041,0.002305109612643719,0.013862550258636475
51,41779200,0.00027,0.11436431884765624,0.0010713484138250352,0.0034375,1.0,40.17631488652517,755931.9405660788,-0.00042474600486457347,0.010446056723594666,0.5783798217773437,0.002628828026354313,0.014734737575054169
52,42598400,0.0002694,0.11488975524902344,0.001061716675758362,0.0034228515625,1.0,40.13228600792835,760080.3745999574,-0.00040323478169739245,0.009933006763458253,0.5644737243652344,0.002214214578270912,0.01193237379193306
53,43417600,0.0002688,0.11456045150756836,0.0010946133732795715,0.0033740234375,1.0,40.15275119030089,764107.103751195,-0.00032295642886310817,0.010328961163759231,0.5513380527496338,0.0024210065603256226,0.013353393971920013
54,44236800,0.00026819999999999996,0.11529977798461914,0.0012165510654449463,0.0037060546875,1.0,39.920730219163374,758757.2860846182,-0.00029452547896653415,0.011632214486598968,0.5370365619659424,0.002637421898543835,0.01828259527683258
55,45056000,0.0002676,0.11553108215332031,0.0012217601388692855,0.00373779296875,1.0,39.8387550980773,763646.5812774774,-0.00037723747082054617,0.011736172437667846,0.5255696773529053,0.0024719536304473877,0.015099729597568511
56,45875200,0.000267,0.11585844039916993,0.0011554922163486481,0.0035791015625,1.0,39.87594003202174,765050.1088732266,-0.00029351632110774517,0.010818089544773101,0.5156081676483154,0.0021227356046438217,0.01131640449166298
57,46694400,0.00026639999999999997,0.11554027557373046,0.00121995247900486,0.003720703125,1.0,39.75104561813053,760150.5780846634,-0.0003484428394585848,0.012002518773078919,0.5035063266754151,0.002563115768134594,0.013939087092876435
58,47513600,0.00026579999999999996,0.11578660011291504,0.0011594877392053604,0.00357421875,1.0,39.70300860984812,753203.48443883,-0.0003068877384066582,0.011144569516181946,0.48966331481933595,0.00235090795904398,0.014118528366088868
59,48332800,0.0002652,0.11575167655944824,0.0011690150201320649,0.0035986328125,1.0,39.7052197135227,760058.5335407001,-0.00038682171143591406,0.011114715784788131,0.4743370056152344,0.0025335872545838357,0.013627074658870697
60,49152000,0.0002646,0.11609274864196778,0.0012246619910001755,0.003709716796875,1.0,39.68957334495617,753169.3348717976,-0.00043615205213427545,0.011626151204109193,0.4567525863647461,0.002403835766017437,0.014201657474040985
61,49971200,0.00026399999999999997,0.11617813110351563,0.0011405368149280549,0.003585205078125,1.0,39.46593046245841,758343.4162495217,-0.0003378488123416901,0.010822107642889022,0.4414322853088379,0.0023424424231052398,0.014102904498577118
62,50790400,0.00026339999999999995,0.11656734466552734,0.0011738282442092895,0.003565673828125,1.0,39.52978949401313,757929.5552016057,-0.00028530117124319075,0.011021416634321213,0.42655744552612307,0.0021960584446787832,0.013203608989715575
63,51609600,0.0002628,0.116954984664917,0.00113783597946167,0.00350830078125,1.0,39.509062861550326,758478.6570727768,-0.00027233632281422617,0.010830283910036088,0.40716891288757323,0.0021600980311632157,0.012180296331644058
64,52428800,0.0002622,0.11633523941040039,0.0011763502657413482,0.003587646484375,1.0,39.39073325635104,755572.1537711516,-0.00031497250311076643,0.011023671180009843,0.38949127197265626,0.002192959003150463,0.012923462688922882
65,53248000,0.00026159999999999996,0.11669489860534668,0.0012099872529506683,0.003721923828125,1.0,39.40287700791177,760854.6126802614,-0.0002788001671433449,0.011289644986391068,0.3784611225128174,0.002274782769382,0.012842650711536407
66,54067200,0.000261,0.11699970245361328,0.0012032538652420044,0.003753662109375,1.0,39.42535767618864,757748.9031503455,-0.0002445884980261326,0.011647997796535492,0.3658381223678589,0.0021721789613366126,0.01178552433848381
67,54886400,0.0002604,0.11727808952331543,0.0010788823664188386,0.0033203125,1.0,39.31436938883288,758171.9433465592,-0.0002555789425969124,0.009988500922918319,0.3473104476928711,0.002696901187300682,0.017065918445587157
68,55705600,0.00025979999999999997,0.11702313423156738,0.0011715376377105713,0.00357666015625,1.0,39.166108666539124,762196.406215055,-0.0003918000962585211,0.010619601607322693,0.3291607856750488,0.002400221861898899,0.014160522818565368
69,56524800,0.00025919999999999996,0.11725297927856446,0.0012081216275691986,0.00375244140625,1.0,39.164587813620074,755865.9002564531,-0.00027725184336304667,0.011071982979774474,0.3208709955215454,0.002110913023352623,0.012774658203125
70,57344000,0.0002586,0.11763184547424316,0.001297134906053543,0.00398193359375,1.0,39.128637645147414,759903.0146028798,-0.0002863682107999921,0.01208813264966011,0.3125510931015015,0.002148786373436451,0.011920776218175888
71,58163200,0.000258,0.11757636070251465,0.0011475352942943572,0.003538818359375,1.0,39.28730736096487,757444.8200929455,-0.00020786281675100327,0.01029684990644455,0.2982631206512451,0.0023951096460223197,0.015140257775783539
72,58982400,0.00025739999999999997,0.11733052253723145,0.001138150468468666,0.00348876953125,1.0,39.205732911513756,758449.4370063759,-0.0002715951530262828,0.010437678545713425,0.2805412769317627,0.0021648084744811057,0.012531860172748566
73,59801600,0.00025679999999999995,0.11752524375915527,0.0011607115715742112,0.00357666015625,1.0,39.11238477336772,765681.2797192939,-0.00029963459819555284,0.010408611595630645,0.2652019500732422,0.0024384016171097754,0.014269286394119262
74,60620800,0.0002562,0.11756088256835938,0.0011137128621339799,0.00328857421875,1.0,39.17022294517271,757674.6611565041,-0.00034046308137476445,0.010571624338626861,0.2531650304794312,0.0023454217240214347,0.014173218607902527
75,61440000,0.0002556,0.11791410446166992,0.0012172079086303711,0.00372314453125,1.0,38.951140684410646,764757.98344578,-0.00026920053642243147,0.011246468871831894,0.23929803371429442,0.002132853306829929,0.011249754577875137
76,62259200,0.00025499999999999996,0.11788658142089843,0.0012123748660087586,0.00371826171875,1.0,39.07112274024738,763693.7529723528,-0.00029300833120942115,0.010853016376495361,0.22618114948272705,0.0021914739161729814,0.01224682480096817
77,63078400,0.00025439999999999995,0.11789626121520996,0.0011416010558605195,0.003536376953125,1.0,38.991714680253324,759432.483411326,-0.00024769229348748923,0.01045517697930336,0.2145460367202759,0.002011880092322826,0.010655640810728072
78,63897600,0.0002538,0.11834782600402832,0.0011772005259990692,0.003466796875,1.0,38.88068478209323,754579.6851652117,-0.00023074247874319554,0.011090688407421112,0.19709919691085814,0.0026589900255203245,0.017274776101112367
79,64716800,0.0002532,0.11814484596252442,0.0011803725361824037,0.003580322265625,1.0,38.854693140794225,752957.5526434698,-0.00021539272274821996,0.010698606073856354,0.18502599000930786,0.0021617235615849495,0.01167345866560936
80,65536000,0.00025259999999999996,0.11797822952270508,0.0011895480751991272,0.003602294921875,1.0,38.956532066508316,758739.8907670828,-0.0002203862415626645,0.01069684624671936,0.17445638179779052,0.0021335724741220474,0.01189843863248825
81,66355200,0.00025199999999999995,0.11856185913085937,0.001322092115879059,0.003953857421875,1.0,38.835047149694354,753784.5214345965,-0.0002622791100293398,0.012021692097187042,0.15761976242065429,0.002364195138216019,0.013927122950553894
82,67174400,0.0002514,0.11864479064941406,0.0011646106839179992,0.00363037109375,1.0,38.792744643617276,752802.0922298764,-0.00018744467524811625,0.010386887937784195,0.1455814480781555,0.0021283511072397233,0.011531614512205125
83,67993600,0.00025079999999999997,0.11883155822753906,0.0011832927912473678,0.003626708984375,1.0,38.714562831188495,755053.2819382286,-0.00017821560613811015,0.010405938327312469,0.1334694504737854,0.0022255001589655877,0.012627074122428894
84,68812800,0.00025019999999999996,0.1189206886291504,0.0012233520299196243,0.003739013671875,1.0,38.77943677943678,755169.8812562221,-0.00028344187885522845,0.010820818692445755,0.12133485078811646,0.0020538395270705222,0.010805663466453553
85,69632000,0.00024959999999999994,0.11899129867553711,0.001186341643333435,0.003583984375,1.0,38.75777956709137,760540.4971610034,-0.00020307882223278285,0.01087477132678032,0.11082209348678589,0.0019313087686896324,0.010202515870332718
86,70451200,0.000249,0.11888418197631836,0.0013380420207977294,0.00400390625,1.0,38.71583226965442,751671.4927126915,-0.00014439178630709648,0.012157665193080902,0.09854401350021362,0.0020605133846402167,0.010940063744783401
87,71270400,0.0002484,0.11907651901245117,0.0011897117644548416,0.0035888671875,1.0,38.67162557853972,757826.2518368429,-0.00019665546715259553,0.010586155951023102,0.08538457751274109,0.002008984796702862,0.01077599972486496
88,72089600,0.0002478,0.11871678352355958,0.0011752892285585403,0.003607177734375,1.0,38.502861431654004,754943.9191886364,-0.00023060622625052928,0.01068655326962471,0.07322853803634644,0.002249496802687645,0.011925169825553894
89,72908800,0.0002472,0.11919034957885742,0.0012413205951452256,0.003702392578125,1.0,38.56925397049814,755784.431255874,-0.0002653803210705519,0.011275431513786316,0.05994999408721924,0.0024846063926815985,0.014927613735198974
90,73728000,0.0002466,0.11894041061401367,0.0012487106025218964,0.0038330078125,1.0,38.54261229870986,759524.0635443648,-0.00011324373772367836,0.010827010124921798,0.045723772048950194,0.0021884368732571604,0.01235925331711769
91,74547200,0.000246,0.11945489883422851,0.00117610365152359,0.00367431640625,1.0,38.73555008986851,756216.5618126665,-0.00021417893003672361,0.010144054144620895,0.03018592596054077,0.0021612655371427538,0.012553954124450683
92,75366400,0.0002454,0.11953130722045899,0.0012080675363540648,0.003724365234375,1.0,38.559429029066756,761449.8721294439,-0.0001538486569188535,0.010971052199602127,0.016324648261070253,0.002202085219323635,0.013104979693889619
93,76185600,0.0002448,0.11956602096557617,0.001201360449194908,0.003720703125,1.0,38.67086993482573,764832.4355487747,-0.00014777057804167272,0.010216739028692245,0.0005621597170829773,0.002128741703927517,0.010632690042257309
94,77004800,0.00024419999999999997,0.1193752384185791,0.0011783979833126068,0.00360595703125,1.0,38.52743487444262,763267.325974916,-0.0001778608188033104,0.010369542241096496,-0.010692523419857025,0.00235381405800581,0.013480100035667419
95,77824000,0.00024359999999999999,0.11933279037475586,0.0011960332095623015,0.003770751953125,1.0,38.492317812338484,766379.9108400418,-0.0001108192023821175,0.010021088272333145,-0.015975241363048554,0.002075431123375893,0.01103820651769638
96,78643200,0.000243,0.11939526557922363,0.0013140349090099335,0.00401123046875,1.0,38.44568585109379,760849.0292870089,-0.0002300425199791789,0.01115548312664032,-0.025122278928756715,0.0019066587090492248,0.008889526873826981
97,79462400,0.00024239999999999998,0.11949803352355957,0.0012556293606758118,0.003746337890625,1.0,38.457908822010424,759938.7969950052,-0.0002117198659107089,0.011016558110713958,-0.03569249212741852,0.00213040504604578,0.010889282077550888
98,80281600,0.0002418,0.11939644813537598,0.0013511966168880463,0.004132080078125,1.0,38.51171856653046,750858.3073175778,-0.00013252163771539926,0.011409406363964082,-0.04788025319576263,0.002193588577210903,0.012577393651008606
99,81100800,0.00024119999999999998,0.11920281410217286,0.0011668002605438232,0.003533935546875,1.0,38.450584134162426,755947.3303013063,-0.0001340561779215932,0.010380508005619049,-0.05668891668319702,0.0020684583112597467,0.010912231355905532
100,81920000,0.0002406,0.1199613094329834,0.0011502313613891602,0.003575439453125,1.0,38.53287992495309,756109.2248910711,-0.00019338768906891347,0.009852500259876251,-0.06323548555374145,0.0021247513592243194,0.011921995878219604
101,82739200,0.00023999999999999998,0.11951902389526367,0.0012327183783054352,0.003768310546875,1.0,38.50051677158696,753791.1889157114,-0.0002651245333254337,0.01030934825539589,-0.07147932052612305,0.0023862143978476526,0.013811522722244262
102,83558400,0.0002394,0.11971935272216797,0.0013019657135009766,0.004012451171875,1.0,38.45229383619476,759026.2601087699,-0.00016643425915390252,0.010891392827033997,-0.0790545403957367,0.001912899687886238,0.009907346963882447
103,84377600,0.0002388,0.11979656219482422,0.0012111221253871918,0.00374755859375,1.0,38.398798347728125,754046.8691158515,-0.00018362293485552073,0.010042858123779298,-0.08660674691200257,0.0019636543467640875,0.010338867455720902
104,85196800,0.0002382,0.11976091384887695,0.0011968702077865601,0.003765869140625,1.0,38.374724605071954,757042.2951507552,-0.0001818170421756804,0.009830375015735627,-0.09656664729118347,0.0019328897818922997,0.009526612609624863
105,86016000,0.0002376,0.11988892555236816,0.0011648789048194885,0.00359130859375,1.0,38.411318279771386,760646.798373204,-0.00018779776291921735,0.009769949316978454,-0.10956199169158935,0.002234185300767422,0.012624876201152801
106,86835200,0.000237,0.11988388061523438,0.0012424728274345398,0.003817138671875,1.0,38.409823772028496,755273.5979884409,-0.0001468267058953643,0.010140274465084077,-0.11784883737564086,0.0022962363436818123,0.013612549006938934
107,87654400,0.0002364,0.11997812271118163,0.0012320078909397124,0.0038720703125,1.0,38.40067513713723,758775.4231392214,-0.00014866712735965847,0.009927280992269517,-0.13049907684326173,0.0020373187959194182,0.011471190303564072
108,88473600,0.00023579999999999999,0.12003635406494141,0.0013559004664421082,0.004080810546875,1.0,38.362376515754484,753376.387114433,-0.0002184275770559907,0.010850992053747177,-0.14525188207626344,0.00204662811011076,0.010844358801841735
109,89292800,0.0002352,0.12037035942077637,0.0012535975873470306,0.003890380859375,1.0,38.27926288780033,758056.4121847939,-0.00020168516784906386,0.009856700897216797,-0.1604439377784729,0.002028719708323479,0.01032702699303627
110,90112000,0.00023459999999999998,0.11978771209716797,0.0011477233469486237,0.0035888671875,1.0,38.36233583489681,761924.6143459377,-0.0002872118726372719,0.009255127608776092,-0.17242077589035035,0.0018662406131625176,0.008957519382238387
111,90931200,0.000234,0.12002729415893555,0.0012171941995620728,0.003729248046875,1.0,38.29185372240928,758560.388257112,-0.0001423150417394936,0.009505588561296463,-0.18362702131271363,0.0019783765077590943,0.009464230388402939
112,91750400,0.00023339999999999998,0.11995713233947754,0.0012514032423496246,0.003734130859375,1.0,38.399578256794754,764852.5371790839,-8.73763463459909e-05,0.009911155700683594,-0.19220374822616576,0.002183862589299679,0.01402319073677063
113,92569600,0.0002328,0.12049357414245605,0.0011446824669837951,0.003551025390625,1.0,38.35877361586424,758155.5282716162,-0.00022928589023649693,0.009259591996669769,-0.20022385120391845,0.0019447475671768189,0.010075073689222336
114,93388800,0.00023219999999999998,0.1205270004272461,0.0011906307935714722,0.003690185546875,1.0,38.31818181818182,763463.0780137848,-0.00021002953872084618,0.00921344682574272,-0.2126242399215698,0.002310378849506378,0.012328857928514481
115,94208000,0.0002316,0.12026168823242188,0.0012077115476131438,0.003695068359375,1.0,38.37897895082275,766156.3295453481,-0.0001992650330066681,0.009365740418434142,-0.21889562606811525,0.002023419179022312,0.010555053502321244
116,95027200,0.00023099999999999998,0.1205216407775879,0.001338653415441513,0.004127197265625,1.0,38.343603890031794,760393.5038516809,-0.0002717422554269433,0.010042691230773925,-0.2284846544265747,0.0021943096071481705,0.01090686246752739
117,95846400,0.0002304,0.120433349609375,0.0011280117183923722,0.00348388671875,1.0,38.094513472008934,753065.3569175604,-0.00021147420629858972,0.008646436780691148,-0.23605215549468994,0.002027799002826214,0.00956127867102623
118,96665600,0.00022979999999999997,0.12028642654418946,0.0012133169174194337,0.00369384765625,1.0,38.273920762474305,747557.8509349527,-0.00015966029604896903,0.008983681350946427,-0.2443746566772461,0.002006859891116619,0.010309325903654099
119,97484800,0.0002292,0.12053498268127441,0.0012354810535907745,0.00378173828125,1.0,38.23722100554494,760309.8774806112,-0.00013237870298326014,0.009336978942155839,-0.25424044132232665,0.0019361989572644234,0.009552368521690368
120,98304000,0.00022859999999999997,0.12044601440429688,0.0012146545201539994,0.0037060546875,1.0,38.245513180033655,762873.1040264487,-0.00018517783610150218,0.009287119656801224,-0.2626543760299683,0.002134682796895504,0.011634643375873565
121,99123200,0.00022799999999999999,0.12032445907592773,0.0012650606036186218,0.003876953125,1.0,38.19128611369991,757166.36307133,-0.00011422944953665137,0.00935227945446968,-0.2718645095825195,0.0019170152023434638,0.00891735777258873
122,99942400,0.00022739999999999997,0.12080436706542969,0.0011706527322530747,0.0036767578125,1.0,38.119011035060765,761504.3955699443,-0.0001509095774963498,0.008638294786214829,-0.28058509826660155,0.0017441116273403169,0.007917723804712295
123,100761600,0.00022679999999999998,0.12058286666870117,0.0012591090798377991,0.0039453125,1.0,38.12346023334728,757994.3786674859,-0.00011954568326473236,0.008950044959783554,-0.29009759426116943,0.0021475549787282945,0.011358273774385452
124,101580800,0.00022619999999999997,0.12048015594482422,0.0011864034831523896,0.00362548828125,1.0,38.31432186709157,760307.5015791242,-0.00017824097303673626,0.008676726371049881,-0.29567530155181887,0.001787828467786312,0.008200561255216598
125,102400000,0.00022559999999999998,0.12027581214904785,0.001231643408536911,0.00384521484375,1.0,38.35534753100866,766178.2678647413,-0.00020403943490236997,0.00900329351425171,-0.3035097122192383,0.0019461870193481444,0.00871008336544037
126,103219200,0.000225,0.1207878303527832,0.0013030028343200683,0.003846435546875,1.0,38.21611909650924,760279.1236755237,-0.000144771090708673,0.010147890448570252,-0.3147631883621216,0.0019901975989341735,0.010631713271141052
127,104038400,0.00022439999999999998,0.1207303237915039,0.0012525823712348939,0.003751220703125,1.0,38.160132394760154,763666.0484469037,-0.0001459417981095612,0.008719839900732041,-0.3202401876449585,0.0019869513809680937,0.009517090022563934
128,104857600,0.0002238,0.12058061599731446,0.001181122213602066,0.00364501953125,1.0,38.136230400595544,764246.3988739721,-0.00019652245100587606,0.008505261689424514,-0.32426018714904786,0.002019191347062588,0.010345581173896789
129,105676800,0.00022319999999999998,0.12056158065795898,0.0012071672081947326,0.0037451171875,1.0,38.174113376151915,760362.4940069681,-0.00025743821170181035,0.008495230972766877,-0.33405017852783203,0.002009696513414383,0.009730347245931626
130,106496000,0.0002226,0.12076859474182129,0.0012289601564407348,0.003759765625,1.0,38.22780030764928,765228.6698192194,-0.00014141504652798176,0.008697395771741867,-0.3442943334579468,0.001953672431409359,0.00987548753619194
131,107315200,0.00022199999999999998,0.12030313491821289,0.0012411312013864517,0.003841552734375,1.0,38.145113202273365,762114.5128401046,-0.0001700349384918809,0.008680611848831177,-0.3530799150466919,0.001728111505508423,0.0074029527604579926
132,108134400,0.0002214,0.12035451889038086,0.0012852512300014496,0.003873291015625,1.0,38.26044776119403,762414.5714033846,-8.424138650298119e-05,0.008686655759811401,-0.36260366439819336,0.0019273797050118446,0.0094184547662735
133,108953600,0.00022079999999999997,0.12083660125732422,0.0012897577881813048,0.00400634765625,1.0,38.130453020134226,766083.1425533879,-0.00019463018979877235,0.008544455468654632,-0.3730508804321289,0.0018088681623339652,0.00858142226934433
134,109772800,0.00022019999999999999,0.1205512523651123,0.0012385655194520951,0.00386474609375,1.0,38.09388778020142,761011.0129008229,-0.00021357042714953423,0.008634530752897263,-0.38312296867370604,0.0023170385509729387,0.012212768942117692
135,110592000,0.00021959999999999997,0.12067991256713867,0.0012242722511291505,0.003826904296875,1.0,38.09525807805287,762447.7576323969,-0.00017472760519012808,0.008164701610803604,-0.3972663879394531,0.0018747624009847641,0.009506227076053619
136,111411200,0.00021899999999999998,0.12092367172241211,0.0013189966976642608,0.003975830078125,1.0,38.20932507336159,762468.6894767446,-0.00024744109250605104,0.00842234119772911,-0.41106653213500977,0.001856476254761219,0.00897228941321373
137,112230400,0.00021839999999999997,0.12078914642333985,0.0011999133229255677,0.00365966796875,1.0,38.13492765086307,746861.2876320085,-9.121157927438617e-05,0.008406992256641387,-0.4170227527618408,0.0017822442576289177,0.008532226830720902
138,113049600,0.00021779999999999998,0.12064888954162598,0.0013058587908744812,0.003873291015625,1.0,38.24432003732214,747157.4620502391,-0.0002576992381364107,0.009030207991600037,-0.42253837585449217,0.0020609790459275245,0.011024169623851776
139,113868800,0.00021719999999999997,0.12087044715881348,0.0012945577502250672,0.003966064453125,1.0,38.0641604243242,752593.989254304,-0.0002627520123496652,0.008576148748397827,-0.43052496910095217,0.002100218832492828,0.011396972835063935
140,114688000,0.00021659999999999998,0.12093129158020019,0.0013469426333904265,0.004105224609375,1.0,38.00213160333642,756811.2001900016,-0.00019282158464193345,0.008872560411691665,-0.4395928859710693,0.0019245965406298638,0.009383057057857514
141,115507200,0.00021599999999999996,0.1209213924407959,0.001200612634420395,0.003580322265625,1.0,38.082871125611746,750435.790732054,-0.0002141892211511731,0.008187910914421082,-0.445674467086792,0.0017633365467190742,0.00794079601764679
142,116326400,0.00021539999999999998,0.12056526184082031,0.001203840523958206,0.003704833984375,1.0,38.11086835254741,754186.3290348852,-0.00022285599261522292,0.007944464683532715,-0.45498013496398926,0.00200563445687294,0.01001574695110321
143,117145600,0.00021479999999999996,0.12081427574157715,0.0013172467052936553,0.0040283203125,1.0,38.12264327048721,751889.143943807,-0.0002155040856450796,0.008589538931846618,-0.4671643733978271,0.0019999412819743157,0.010050535202026367
144,117964800,0.00021419999999999998,0.12083208084106445,0.0011776453256607056,0.0035986328125,1.0,38.07880107477069,749348.3006691354,-0.00022326388861984014,0.00753558874130249,-0.47832298278808594,0.0021566364914178847,0.01182495355606079
145,118784000,0.00021359999999999996,0.12051013946533203,0.001192774623632431,0.00360595703125,1.0,38.162490083531665,755715.2536129578,-0.00023133866488933563,0.007829839736223221,-0.48650298118591306,0.0018166664987802506,0.00898742601275444
146,119603200,0.00021299999999999997,0.12079994201660156,0.0012069918215274812,0.00365478515625,1.0,38.157455731593664,753202.3894544219,-0.00022775728721171617,0.007856673002243042,-0.4927342414855957,0.001769471913576126,0.008273926377296448
147,120422400,0.00021239999999999996,0.12110193252563477,0.0011602158844470978,0.00357177734375,1.0,38.05675964171346,756904.6443618394,-0.00019520858768373728,0.007398723810911179,-0.5011592864990234,0.0017253007739782334,0.007789183408021927
148,121241600,0.00021179999999999997,0.12081293106079101,0.0012810912728309632,0.003895263671875,1.0,38.11342603357671,757356.7521838947,-0.0001652002101764083,0.007759115099906922,-0.512926721572876,0.002212321013212204,0.011863040179014206
149,122060800,0.00021119999999999996,0.12069576263427734,0.001181946247816086,0.003690185546875,1.0,38.00390516039052,763853.9906226456,-0.00022224674466997385,0.00762634351849556,-0.5224293231964111,0.002100876159965992,0.011220458149909972
150,122880000,0.00021059999999999997,0.12082213401794434,0.0011589910835027694,0.0035009765625,1.0,38.10676635861236,765448.4300295076,-0.00020245958585292102,0.00769248753786087,-0.5336738109588623,0.002047327533364296,0.010000365227460862
151,123699200,0.00020999999999999998,0.12098326683044433,0.001268913745880127,0.003912353515625,1.0,38.183546958750874,760109.5424661979,-0.00014678501756861805,0.00800219103693962,-0.5391327857971191,0.002198871411383152,0.012139403074979783
152,124518400,0.00020939999999999997,0.12083072662353515,0.0011828379333019257,0.003690185546875,1.0,37.914259302056855,766119.1812160667,-0.0001838313997723162,0.0076083183288574215,-0.5399540424346924,0.001700163073837757,0.008369140326976776
153,125337600,0.00020879999999999998,0.1211395263671875,0.0012992814183235169,0.003974609375,1.0,38.083310062366195,760672.4089828356,-0.00019854935817420483,0.008277220278978347,-0.5441704750061035,0.0018780957907438278,0.008671265840530396
154,126156800,0.00020819999999999996,0.12123729705810547,0.001115759015083313,0.00345703125,1.0,37.98808640830706,760276.9066640103,-0.00022009117528796197,0.006691589951515198,-0.5501573085784912,0.0019499855116009712,0.008765013515949249
155,126976000,0.00020759999999999998,0.12105663299560547,0.0012790974974632263,0.00399169921875,1.0,38.06371023914558,765165.5263427675,-0.0001951676094904542,0.007864037156105041,-0.5532180786132812,0.0020247410982847215,0.0106201171875
156,127795200,0.00020699999999999996,0.1209940528869629,0.0012858560681343078,0.003907470703125,1.0,38.05274623406721,757560.602851533,-0.00015383560676127673,0.00739835649728775,-0.5584473133087158,0.0021421581506729124,0.01037609949707985
157,128614400,0.00020639999999999998,0.12131639480590821,0.0012034515291452408,0.003662109375,1.0,37.876989267209474,750106.096844994,-0.00020668939687311648,0.007440946996212006,-0.5656404972076416,0.001975662633776665,0.009165894240140915
158,129433600,0.00020579999999999996,0.12116212844848633,0.0011727948486804961,0.00364501953125,1.0,38.00065013467076,744916.4220146729,-0.00017471262253820896,0.0069734640419483185,-0.5747487068176269,0.001877528615295887,0.009194334596395492
159,130252800,0.00020519999999999997,0.1212703514099121,0.0012875688076019287,0.0039208984375,1.0,38.1543333488567,761530.0014940258,-0.00018796547083184124,0.007403673231601715,-0.5882725715637207,0.0020623281598091125,0.010111937671899796
160,131072000,0.00020459999999999996,0.12107498168945313,0.0011368602514266967,0.0035400390625,1.0,38.02420813430413,761142.0743711264,-0.00013595237396657467,0.006787089258432388,-0.5990036010742188,0.0017561037093400955,0.00739135816693306
161,131891200,0.00020399999999999997,0.12105821609497071,0.0011601343750953675,0.003541259765625,1.0,38.01623557871232,760984.3424073225,-0.00025992467999458313,0.007033725082874298,-0.6076132297515869,0.0020909318700432777,0.010298584401607514
162,132710400,0.00020339999999999996,0.12093106269836426,0.0013750557601451873,0.004112548828125,1.0,37.956537855620425,763149.3092184606,-0.00021853181533515453,0.007509485632181167,-0.6170910358428955,0.0021126730367541312,0.011172120273113251
163,133529600,0.00020279999999999997,0.12115251541137695,0.0011739975214004517,0.003565673828125,1.0,37.97621365975797,757632.7070163849,-0.000203542853705585,0.007259242981672287,-0.6283329010009766,0.001995830237865448,0.009710447490215301
164,134348800,0.00020219999999999995,0.12142763137817383,0.0012847870588302613,0.003797607421875,1.0,38.01288946587537,759617.1176426982,-0.00017498484812676906,0.0073579162359237674,-0.639955997467041,0.00212619062513113,0.010850828140974045
165,135168000,0.00020159999999999997,0.12122032165527344,0.0012423135340213776,0.003870849609375,1.0,38.00574952473686,766786.2464152708,-0.00015593969728797675,0.007132630050182343,-0.6489394664764404,0.001998589560389519,0.009752929210662842
166,135987200,0.00020099999999999995,0.12127749443054199,0.001251392662525177,0.00372802734375,1.0,38.052482335440686,754793.9325480211,-0.000269717862829566,0.007293839007616043,-0.6574512481689453,0.001883361116051674,0.00933801308274269
167,136806400,0.00020039999999999997,0.12120590209960938,0.0012578287720680238,0.0038134765625,1.0,38.12444320712695,760307.3548622314,-0.00013843607157468796,0.007229641079902649,-0.6677331447601318,0.00213945247232914,0.011070556193590163
168,137625600,0.00019979999999999995,0.1210544776916504,0.001214248612523079,0.00371826171875,1.0,37.94852293280156,762031.0151861869,-0.0001794982235878706,0.0068952120840549466,-0.6803499221801758,0.00207187756896019,0.009937133640050888
169,138444800,0.00019919999999999996,0.121393461227417,0.001262560486793518,0.00381103515625,1.0,37.90125972582438,762923.4876205001,-0.0002437998540699482,0.007320983707904816,-0.6952877998352051,0.0021090226247906683,0.010900266468524933
170,139264000,0.00019859999999999995,0.12130825996398925,0.0012180791050195694,0.003768310546875,1.0,38.01301166882756,767849.2606230062,-0.00020309342071413993,0.007041188329458237,-0.7038421630859375,0.0019530361518263818,0.008998536318540574
171,140083200,0.00019799999999999996,0.12118535995483398,0.001187058910727501,0.003607177734375,1.0,37.94881340158213,759276.1664831102,-0.00014464044943451881,0.006683047860860825,-0.7104023456573486,0.0019266311079263686,0.009095460921525956
172,140902400,0.00019739999999999995,0.12145208358764649,0.0012477830797433852,0.00383544921875,1.0,37.984682308297465,765766.5364234184,-0.0002563233952969313,0.006731557101011277,-0.7210429191589356,0.002182171493768692,0.012641111016273498
173,141721600,0.00019679999999999999,0.12115047454833984,0.0013113510608673096,0.0039697265625,1.0,37.911424071157235,758217.8183926289,-9.978507878258825e-05,0.007133851945400238,-0.7280948638916016,0.0017589909955859184,0.007994262129068374
174,142540800,0.0001962,0.12117589950561523,0.0011858287453651428,0.00370849609375,1.0,37.97932087342709,754116.0713650857,-0.00023026408161967992,0.006530927866697312,-0.7352855682373047,0.002263481914997101,0.011649411916732789
175,143360000,0.00019559999999999998,0.12127045631408691,0.0012151297181844712,0.003779296875,1.0,38.025760252952665,755664.914376182,-0.0002098395023494959,0.006888850033283234,-0.7451188564300537,0.002284056879580021,0.013553832471370698
176,144179200,0.000195,0.12131170272827148,0.0012706011533737183,0.003875732421875,1.0,38.09672169262962,753436.4626309467,-0.0003479393199086189,0.006697743386030197,-0.7608587265014648,0.002192418463528156,0.011919554322957993
177,144998400,0.00019439999999999998,0.12133867263793946,0.001166357398033142,0.003623046875,1.0,38.017348548102795,752100.2550809836,-0.0001669411431066692,0.0061057619750499725,-0.7758285999298096,0.0018776489421725273,0.009083739668130874
178,145817600,0.0001938,0.12132707595825196,0.001204955130815506,0.003741455078125,1.0,38.018429970753445,742973.037768512,-0.00019064482767134906,0.0065530560910701755,-0.7880305767059326,0.0020963748916983604,0.010930052399635315
179,146636800,0.00019319999999999998,0.12158456802368164,0.0011989156156778336,0.003770751953125,1.0,37.89465641785516,757519.2187957087,-0.0001969007309526205,0.00634908452630043,-0.7993547439575195,0.0020782694220542906,0.009648314863443374
180,147456000,0.0001926,0.12131460189819336,0.0011260583996772766,0.003546142578125,1.0,38.06927710843374,753643.0149443715,-0.00027369111776351927,0.006100622192025185,-0.8090683937072753,0.0020046478137373926,0.00972912460565567
181,148275200,0.00019199999999999998,0.12127246856689453,0.0013331511616706847,0.00398681640625,1.0,37.973733061072956,756667.8708714066,-0.0001598842558450997,0.00666460171341896,-0.8171982765197754,0.0020377801731228827,0.009613401442766189
182,149094400,0.0001914,0.12148576736450195,0.0012752161920070648,0.00376708984375,1.0,37.86865561354085,757800.6160933115,-0.00017573342192918063,0.006619802862405777,-0.8232836723327637,0.001856408640742302,0.008800173550844193
183,149913600,0.00019079999999999998,0.12111459732055664,0.0012393666803836823,0.003785400390625,1.0,37.76960739030023,752868.7474966748,-0.00024572578258812426,0.00622793510556221,-0.8349892616271972,0.0020887132734060286,0.010809693485498428
184,150732800,0.0001902,0.12134219169616699,0.0012651194632053375,0.00380126953125,1.0,37.960027726432536,756758.2401401658,-0.0002649314235895872,0.006398942321538925,-0.8499191284179688,0.0018739115446805954,0.008340087532997132
185,151552000,0.00018959999999999997,0.12098809242248536,0.0011945433914661407,0.00364990234375,1.0,37.83609516756156,751684.5609069174,-0.00019905681256204844,0.0061162874102592465,-0.8616068840026856,0.0021979840472340583,0.011533446609973907
186,152371200,0.00018899999999999999,0.12128799438476562,0.0012403745949268342,0.0038232421875,1.0,38.03799518696779,754329.8158501456,-0.00017194915562868118,0.0063186950981616976,-0.869535255432129,0.001684962585568428,0.007419191300868988
187,153190400,0.00018839999999999997,0.12145528793334961,0.0012675833702087403,0.003895263671875,1.0,37.76072881982982,761490.8202186942,-0.00026186034083366396,0.006352335214614868,-0.8755670547485351,0.0018918834626674651,0.009170896559953689
188,154009600,0.00018779999999999998,0.12133650779724121,0.001245102286338806,0.0038671875,1.0,37.90668639600481,761750.9982811756,-0.00016965267714112996,0.006257641315460205,-0.8806925773620605,0.002063007652759552,0.010801269859075546
189,154828800,0.0001872,0.12124967575073242,0.00122951403260231,0.003719482421875,1.0,37.95471610660487,765433.6494665458,-0.00019315015524625778,0.006128765642642975,-0.8892717361450195,0.0017146728932857513,0.007038695365190506
190,155648000,0.00018659999999999998,0.12133270263671875,0.001228521317243576,0.00371337890625,1.0,37.93346933098428,761880.9055389584,-0.00018290288280695677,0.006052926182746887,-0.9021310806274414,0.0020300770178437234,0.009119261801242829
191,156467200,0.000186,0.12142743110656738,0.00116363525390625,0.00360595703125,1.0,37.953219618175936,763590.7926359959,-0.00012136820005252958,0.005741853266954422,-0.9136397361755371,0.001686485856771469,0.006981446593999863
192,157286400,0.00018539999999999998,0.12121260643005372,0.0012237980216741563,0.00376953125,1.0,37.771391609683974,759835.0361426353,-0.000149306352250278,0.005802533403038978,-0.9222675323486328,0.002064194157719612,0.01233227625489235
193,158105600,0.0001848,0.1216185760498047,0.0013891196250915528,0.00416748046875,1.0,38.01854943424225,757798.9295963385,-8.872848702594638e-05,0.006421864777803421,-0.9286750793457031,0.0017904151231050492,0.00732104554772377
194,158924800,0.00018419999999999998,0.1214523983001709,0.0012700244784355163,0.0038818359375,1.0,37.85794772328438,761660.9361097681,-0.000186423072591424,0.006054289638996124,-0.9377471923828125,0.0018068844452500342,0.00886816307902336
195,159744000,0.0001836,0.12155295372009277,0.0012236309051513671,0.003779296875,1.0,38.00496381517907,757515.3844793952,-0.00016234576469287276,0.0060608964413404465,-0.9432600975036621,0.001751333475112915,0.007905395328998565
196,160563200,0.00018299999999999998,0.12131261825561523,0.0010912929475307464,0.0033837890625,1.0,37.844982698961935,758425.3599182932,-0.00019893329590559006,0.005111778154969215,-0.9487371444702148,0.0019319361075758935,0.010716675221920014
197,161382400,0.0001824,0.12152727127075195,0.0012321170419454575,0.0037060546875,1.0,37.804548816568044,753659.8928855412,-0.00015147766098380088,0.005765315517783165,-0.9578107833862305,0.0019064297899603843,0.008918214589357376
198,162201600,0.00018179999999999997,0.12149940490722656,0.0012206795811653137,0.003792724609375,1.0,37.83635775961583,747281.0452446209,-0.0001564615173265338,0.005623560771346093,-0.9671038627624512,0.0019633324816823007,0.010197874903678895
199,163020800,0.00018119999999999999,0.12139375686645508,0.0012853343784809113,0.003897705078125,1.0,37.99656053915873,755163.6026696208,-0.0001493951305747032,0.005687185004353524,-0.9743494033813477,0.0017343545332551003,0.008049804717302322
200,163840000,0.00018059999999999997,0.12138093948364258,0.0012059810012578964,0.00381591796875,1.0,37.87493072233512,753607.8160267761,-0.00015875863609835506,0.005570230633020401,-0.9783280372619629,0.0018767671659588813,0.008565674722194671
201,164659200,0.00017999999999999998,0.1216724967956543,0.0012044018507003783,0.00363525390625,1.0,37.87885645667836,756124.1114528787,-0.00020725405775010586,0.005597588419914245,-0.9843401908874512,0.0018450906500220299,0.009204099327325821
202,165478400,0.00017939999999999997,0.12163639068603516,0.001301320195198059,0.003961181640625,1.0,37.81714761376249,752660.225277705,-0.00025109092239290477,0.0057477235794067385,-0.9917840003967285,0.0019767461344599724,0.00874377265572548
203,166297600,0.00017879999999999998,0.12154551506042481,0.0011595597863197327,0.003704833984375,0.9999536801148733,37.95284635694104,757180.1599406691,-0.00016094594029709698,0.005317907780408859,-1.0037775993347169,0.001795847900211811,0.008329956233501435
204,167116800,0.00017819999999999997,0.12187640190124512,0.0013169589638710021,0.003995361328125,1.0,37.90383548983364,765883.2783295648,-0.00023726117797195911,0.005720492452383041,-1.0111010551452637,0.0019084250554442406,0.008918455243110657
205,167936000,0.0001776,0.12148363113403321,0.0011183692514896394,0.003375244140625,1.0,37.84741686323482,758067.2866971269,-0.00014229955850169062,0.005262413620948791,-1.0182456970214844,0.0019555920735001564,0.01026867851614952
206,168755200,0.00017700000000000002,0.12141692161560058,0.0011926618218421935,0.003734130859375,1.0,37.882750323894136,764380.7140843543,-6.876873085275293e-05,0.005192941427230835,-1.0288708686828614,0.002004779689013958,0.010517942905426025
207,169574400,0.0001764,0.12190028190612794,0.0011841268092393875,0.003651123046875,1.0,37.856008127828574,753859.7635693668,-0.0001951865735463798,0.005129706114530563,-1.0392539978027344,0.0017867757007479668,0.008064941316843034
208,170393600,0.00017580000000000002,0.12159833908081055,0.0012738898396492005,0.00379638671875,1.0,37.86436611921019,763062.79848402,-0.00021786119323223828,0.005790402740240097,-1.0475022315979003,0.002026755549013615,0.010362670570611954
209,171212800,0.0001752,0.12151664733886719,0.001316768229007721,0.0038671875,1.0,37.92600120097926,768017.5588233788,-0.00014031338505446911,0.005761721357703209,-1.052457904815674,0.0019529948011040687,0.00988769456744194
210,172032000,0.00017460000000000002,0.1218087387084961,0.00127300426363945,0.003876953125,1.0,37.81192426977734,761088.2583736554,-0.000149682373739779,0.005351077765226364,-1.0549015045166015,0.0017144925892353057,0.007791505008935928
211,172851200,0.000174,0.12155439376831055,0.0012693165242671966,0.003848876953125,1.0,37.815991490936,759524.8805491971,-0.00026151237543672325,0.005379488319158554,-1.0615422248840332,0.001983913965523243,0.010239380598068237
212,173670400,0.0001734,0.12159355163574219,0.0012927627563476562,0.003868408203125,1.0,37.843660673121256,761036.2470481155,-0.0001421184279024601,0.005589567124843597,-1.071723747253418,0.0021704353392124178,0.01218567043542862
213,174489600,0.0001728,0.12220703125,0.0011200413107872009,0.0034814453125,1.0,38.03656951921292,758212.8486096925,-0.00013294396921992302,0.00511835440993309,-1.0803656578063965,0.0017459928989410401,0.008162353187799454
214,175308800,0.0001722,0.12164621353149414,0.0013280150294303894,0.00395263671875,1.0,37.915148142996244,760763.9211086574,-0.0002253403188660741,0.005405138805508613,-1.0869175910949707,0.0019389530643820763,0.009480835497379303
215,176128000,0.0001716,0.12163215637207031,0.0012653285264968871,0.00394287109375,1.0,37.85442189450326,756692.0747481139,-0.00022626142017543316,0.005498793348670006,-1.0985291481018067,0.002106139436364174,0.011360472440719605
216,176947200,0.000171,0.12150498390197755,0.0012654983997344971,0.0038427734375,1.0,37.818223781388475,758061.859936589,-0.00015082067111507058,0.005114751309156418,-1.1088109970092774,0.0019185226410627365,0.009540893137454987
217,177766400,0.0001704,0.12139041900634766,0.0013245122134685516,0.0040625,1.0,37.869428663803056,747186.463836928,-0.00022135803010314703,0.005646674707531929,-1.120071792602539,0.0020352423191070555,0.009525389224290848
218,178585600,0.0001698,0.12185256958007812,0.0012806665897369385,0.004014892578125,1.0,37.89835672082718,756204.6764210649,-0.00014124962035566568,0.005199826881289482,-1.1290835380554198,0.0018685681745409966,0.008689576387405395
219,179404800,0.0001692,0.12173624038696289,0.0013201349973678588,0.004002685546875,1.0,37.83707605581739,762897.6697937594,-0.00025321138091385367,0.0054897602647542955,-1.135826873779297,0.001974971406161785,0.010185181349515914
220,180224000,0.0001686,0.1213517951965332,0.0013248100876808167,0.00403564453125,1.0,37.77121976039595,756475.916663656,-0.00017736603040248157,0.005262942984700203,-1.1463363647460938,0.002046685852110386,0.01088000312447548
221,181043200,0.000168,0.12165939331054687,0.0012748192250728607,0.003878173828125,1.0,37.913478842693,759755.82938509,-0.00011233381228521466,0.0052678465843200685,-1.1566656112670899,0.0020676249638199805,0.012327633798122406
222,181862400,0.0001674,0.12195735931396484,0.001104927957057953,0.0033740234375,1.0,37.8976709728203,753728.5242227424,-0.00013299991842359306,0.004897122830152511,-1.1657882690429688,0.002030711434781551,0.010431886464357377
223,182681600,0.0001668,0.12154970169067383,0.0012926013767719268,0.004031982421875,1.0,37.84297406020252,761846.223925458,-0.0001941778347827494,0.005238931626081467,-1.175004768371582,0.0017021272331476211,0.007613769918680191
224,183500800,0.0001662,0.12160167694091797,0.0012211950123310088,0.003729248046875,1.0,37.83632504268377,765091.8789995417,-3.6733134766109285e-05,0.005178827419877052,-1.1863048553466797,0.002071601524949074,0.011247071623802184
225,184320000,0.0001656,0.12169952392578125,0.0012478723376989364,0.0039208984375,1.0,37.87988154728854,760869.9553817052,-0.00016498094191774726,0.005181546881794929,-1.1946885108947753,0.001824120618402958,0.008602049201726913
226,185139200,0.000165,0.12176990509033203,0.0012547653913497925,0.00381103515625,1.0,37.87800925925926,762231.414805157,-0.00017153546214103698,0.004837871715426445,-1.2033526420593261,0.0017567170783877374,0.007756837457418442
227,185958400,0.0001644,0.1216635513305664,0.0012001948058605195,0.00377685546875,1.0,37.7439198197784,764711.9869002014,-0.00019503356888890268,0.004767027497291565,-1.2108393669128419,0.002052272483706474,0.010737667977809905
228,186777600,0.0001638,0.12180791854858398,0.0013809970021247864,0.004093017578125,1.0,37.80282470229853,761599.5213188096,-8.851417223922908e-05,0.005360056459903717,-1.2180953979492188,0.0020450856536626816,0.010588258504867554
229,187596800,0.0001632,0.12174958229064942,0.0013622801005840303,0.004091796875,1.0,37.75960918056964,760942.2882114116,-8.937842212617398e-05,0.005269348993897438,-1.2241413116455078,0.0019003542140126229,0.010280518978834152
230,188416000,0.0001626,0.12169757843017578,0.0012394388765096665,0.0037255859375,1.0,37.95830244625649,758283.1636340148,-0.0001584093668498099,0.005313431471586227,-1.2306960105895997,0.0018472108989953996,0.008901731669902801
231,189235200,0.000162,0.12179306030273437,0.0012095880508422852,0.003768310546875,1.0,37.77789590459462,757469.372938877,-0.00020597088150680064,0.004914548248052597,-1.242074203491211,0.0021012088283896444,0.010750610381364822
232,190054400,0.0001614,0.12176994323730468,0.001221461296081543,0.003682861328125,1.0,37.95168076940861,765702.1825229378,-0.00016782667953521013,0.004916772991418838,-1.252688217163086,0.0019538478925824167,0.010796873271465302
233,190873600,0.0001608,0.12152414321899414,0.0010738910734653473,0.003397216796875,1.0,37.77138370589322,759097.6615661957,-0.00020908687729388477,0.004446336254477501,-1.2616948127746581,0.0020926954224705697,0.009610715508460998
234,191692800,0.0001602,0.12164218902587891,0.0012782168388366698,0.003883056640625,1.0,37.84546167689539,762251.3041457717,-0.00025025485083460806,0.0050704430788755415,-1.2667253494262696,0.0016026059165596962,0.007160644978284836
235,192512000,0.0001596,0.12199405670166015,0.0012878724932670594,0.003861083984375,1.0,37.93181923522596,760434.6117177914,-0.00011240022722631693,0.004995337501168251,-1.2715415954589844,0.0018391290679574013,0.009197753667831422
236,193331200,0.000159,0.12149812698364258,0.0013302218914031981,0.004024658203125,1.0,37.89364551584003,761011.3182355256,-0.00017988679464906455,0.00509287640452385,-1.2748416900634765,0.0019286148250102996,0.01023547276854515
237,194150400,0.0001584,0.12167173385620117,0.0012031964212656022,0.00372802734375,1.0,37.8926621634126,758413.7823047705,-0.0001475723460316658,0.0047869540750980375,-1.2788646697998047,0.0018040118739008904,0.008089842647314072
238,194969600,0.0001578,0.12192852020263673,0.001222398579120636,0.003863525390625,1.0,37.83287936845021,748518.7079356052,-0.00014719036407768727,0.004570816084742546,-1.285527229309082,0.0019354868680238723,0.009865236282348634
239,195788800,0.0001572,0.12183406829833984,0.0012907233834266662,0.003944091796875,1.0,37.90302272832477,762089.5034343438,-0.0002887288108468056,0.004766634479165077,-1.2936771392822266,0.0020482514053583147,0.009430540353059768
240,196608000,0.00015659999999999998,0.12176022529602051,0.0012742364406585693,0.003858642578125,1.0,37.78852353320438,755375.8792826238,-0.00020596026442945003,0.004763380810618401,-1.298764419555664,0.0018645403906702995,0.009372802823781968
241,197427200,0.000156,0.12139850616455078,0.0012372197210788727,0.003795166015625,1.0,37.869740687479705,762522.2133735222,-9.873855160549282e-05,0.004858101159334183,-1.306836223602295,0.0020683780312538147,0.011402951180934906
242,198246400,0.00015539999999999998,0.12166498184204101,0.001146690398454666,0.003526611328125,1.0,37.960815119449194,764590.6846049902,-0.00020976075902581214,0.004577726870775223,-1.3167770385742188,0.0020277375355362893,0.010331665724515915
243,199065600,0.0001548,0.12168708801269532,0.0011744508147239685,0.003656005859375,1.0,37.781118655027484,760640.6814591852,-0.00010385212954133749,0.004575637727975845,-1.3256489753723144,0.0016725471243262291,0.007210447639226914
244,199884800,0.00015419999999999998,0.12164495468139648,0.001393250823020935,0.004083251953125,1.0,37.80998568195464,764715.4752419641,-9.121595066972077e-05,0.004991417750716209,-1.3327066421508789,0.0021824102848768236,0.013460205495357513
245,200704000,0.0001536,0.12151420593261719,0.0013804873824119568,0.004158935546875,1.0,37.79968657817109,765397.4872861853,-0.0001345471478998661,0.005194655060768128,-1.3367978096008302,0.001747068576514721,0.007796020060777664
246,201523200,0.00015299999999999998,0.12184833526611329,0.001300847828388214,0.003931884765625,1.0,38.020722266005286,763056.0220752653,-0.00015347359003499151,0.004844131320714951,-1.3431756019592285,0.001868387684226036,0.009336669743061066
247,202342400,0.0001524,0.12173301696777344,0.0011309736967086792,0.003470458984375,1.0,37.80013844023996,763892.8656751463,-0.00011758013861253857,0.0044506523758172985,-1.348493480682373,0.0017950784415006638,0.009092407673597336
248,203161600,0.00015179999999999998,0.12149938583374023,0.0012376218289136887,0.003756103515625,1.0,37.84982397628312,753680.3532228713,-0.00017973948270082473,0.004640734195709229,-1.3568096160888672,0.0021348396316170693,0.010023438185453416
249,203980800,0.0001512,0.12180707931518554,0.0012923291325569154,0.003902587890625,1.0,37.866383881230114,760005.4939891265,-0.00010852417908608913,0.004619007930159569,-1.3672341346740722,0.001752140559256077,0.007018677145242691
250,204800000,0.00015059999999999997,0.12164434432983398,0.001283576786518097,0.00396240234375,1.0,37.687955699123215,761750.6222612218,-9.088118677027523e-05,0.004679303616285324,-1.3760997772216796,0.0017406461760401727,0.008226440101861954
251,205619200,0.00015,0.12177079200744628,0.0012787826359272002,0.003941650390625,1.0,37.87799815498155,754923.3644355917,-0.00018867740873247386,0.004483818635344505,-1.3831625938415528,0.0018101962283253669,0.00886206179857254
252,206438400,0.0001494,0.12170054435729981,0.0012065137922763825,0.00373291015625,1.0,37.72697126013264,760359.8418844454,-0.0002380511723458767,0.004530489817261696,-1.3902796745300292,0.0019958686083555222,0.009898071736097335
253,207257600,0.00014879999999999998,0.121760892868042,0.0011743871867656707,0.003658447265625,1.0,37.79331489165514,754978.6967609471,-0.0002642541890963912,0.004392939805984497,-1.3982927322387695,0.001977638900279999,0.008615967631340028
254,208076800,0.0001482,0.12171636581420898,0.0011249042302370071,0.003375244140625,1.0,37.6817470544919,757314.2374562586,-0.0001705976901575923,0.004142213240265846,-1.4030407905578612,0.0018858175724744796,0.008365842700004577
255,208896000,0.00014759999999999998,0.1219137191772461,0.0012505804002285003,0.00376708984375,1.0,37.96149390667717,760133.8387706996,-0.00011554466327652335,0.004641278460621834,-1.40687894821167,0.0021694274619221687,0.0126007080078125
256,209715200,0.000147,0.12167924880981446,0.001204121932387352,0.003780517578125,1.0,37.836307322485204,756115.7353234733,-0.00019054526928812264,0.004511651024222374,-1.4097522735595702,0.0017637262120842935,0.008851563930511475
257,210534400,0.00014639999999999998,0.12188051223754882,0.0012663456797599793,0.003907470703125,1.0,37.83081193615545,754501.982316594,-0.00017603900050744414,0.004608472436666488,-1.414607620239258,0.0018095329403877258,0.008869508653879166
258,211353600,0.0001458,0.12183481216430664,0.0012790040671825408,0.003831787109375,1.0,37.86353580975205,744155.2203056966,-0.00017608144553378225,0.004369376227259636,-1.4235203742980957,0.0016581680625677108,0.006978270411491394
259,212172800,0.00014519999999999998,0.12175143241882325,0.001199299991130829,0.003701171875,1.0,37.890600425571286,759926.0563747468,-0.00019906661473214626,0.004346542060375214,-1.4303569793701172,0.0017452294006943703,0.007905519753694534
260,212992000,0.0001446,0.12188680648803711,0.0011119335144758225,0.00338134765625,1.0,37.791607035686255,755646.935615986,-0.00021015761885792016,0.004205289855599403,-1.4373478889465332,0.0021058343350887298,0.011892332881689071
261,213811200,0.00014399999999999998,0.12157937049865723,0.0012759408354759217,0.003858642578125,1.0,37.76902850816496,757901.0761717426,-7.906733662821352e-05,0.004537175968289375,-1.4455387115478515,0.0019053740426898003,0.008724364638328552
262,214630400,0.0001434,0.12170130729675294,0.0012238526344299316,0.003731689453125,1.0,37.787782534640705,764033.4264014531,-0.00021200084593147038,0.004347881674766541,-1.4521726608276366,0.0018303615972399712,0.009609009325504302
263,215449600,0.00014279999999999997,0.12159690856933594,0.0012952139973640441,0.003944091796875,1.0,37.89332963271348,761325.2504081465,-0.0001488337176851928,0.004464009404182434,-1.462764835357666,0.0018965331837534904,0.009575683623552322
264,216268800,0.0001422,0.12198375701904297,0.001250932365655899,0.003836669921875,1.0,37.85451938199648,764923.7934768271,-0.00010261605493724346,0.0042034339159727095,-1.4716693878173828,0.001682150363922119,0.00770263671875
265,217088000,0.00014159999999999997,0.12160820007324219,0.001205917075276375,0.003714599609375,1.0,37.884293314827666,766518.2507804355,-0.0001795960939489305,0.004468470439314842,-1.476503276824951,0.0018740225583314895,0.009581054747104644
266,217907200,0.00014099999999999998,0.12173392295837403,0.0013351431488990784,0.00406982421875,1.0,37.82705795496493,762789.1283513128,-0.00025298518594354393,0.0044510338455438616,-1.4822042465209961,0.0019656892865896223,0.010127684473991394
267,218726400,0.00014039999999999997,0.12197029113769531,0.0012377671152353287,0.00377197265625,1.0,37.757107254938155,757714.6577229471,-0.00017727746162563563,0.004302481934428215,-1.489992332458496,0.001927165687084198,0.009131835401058197
268,219545600,0.00013979999999999998,0.12193998336791992,0.0012441520392894746,0.003740234375,1.0,37.66980525445526,759734.6095254199,-0.00029548760503530504,0.004223370179533959,-1.498425579071045,0.001966688968241215,0.009825561940670014
269,220364800,0.00013919999999999997,0.12211069107055664,0.0011909376084804535,0.00364990234375,1.0,37.76023580343573,763199.5230299841,-0.00012703333050012589,0.004155313223600387,-1.5064357757568358,0.0018840385600924492,0.009627197682857514
270,221184000,0.00013859999999999998,0.12192305564880371,0.0012254815548658371,0.003768310546875,1.0,37.8246141048156,767502.3472866074,-0.00026531475596129893,0.004258880764245987,-1.5135838508605957,0.0020553633570671082,0.009635376930236816
271,222003200,0.00013799999999999997,0.12186487197875977,0.0012967017292976378,0.003919677734375,1.0,37.847347994825355,760240.7566615937,-0.00023112315684556962,0.004296900704503059,-1.5207507133483886,0.0017933549359440803,0.008371704071760178
272,222822400,0.00013739999999999998,0.12206068038940429,0.0011226813495159148,0.003492431640625,1.0,37.74926212875853,763231.1820993705,-7.318378775380551e-05,0.003888551518321037,-1.5292030334472657,0.0018456647172570228,0.009385862201452256
273,223641600,0.00013679999999999996,0.12214750289916992,0.0011973176151514053,0.003751220703125,1.0,37.83208886430678,763500.9069459401,-0.00012200986966490746,0.0043020140379667286,-1.5383069038391113,0.0018100442364811897,0.009331300109624862
274,224460800,0.00013619999999999998,0.12195405960083008,0.0011480836570262908,0.003642578125,1.0,37.813212686394905,761037.884444894,-0.0001798289711587131,0.003906459361314773,-1.5455056190490724,0.001943504624068737,0.009080079197883607
275,225280000,0.00013559999999999996,0.12199172973632813,0.0012538446485996246,0.003843994140625,1.0,37.75544682422452,764568.2740461081,-0.00014599434798583387,0.004533381387591362,-1.5532702445983886,0.0020431239157915116,0.010737791657447815
276,226099200,0.00013499999999999997,0.12189108848571778,0.0012637215852737426,0.003897705078125,1.0,37.70734841878184,759184.2231557479,-0.00012613232247531413,0.00427471250295639,-1.5605770111083985,0.001832931488752365,0.009504882246255874
277,226918400,0.0001344,0.121788969039917,0.0012608380615711213,0.00383544921875,1.0,37.712340779028985,756512.7747660564,-0.00010547357378527522,0.004379597306251526,-1.5674689292907715,0.001787986233830452,0.008337035030126571
278,227737600,0.00013379999999999997,0.12174134254455567,0.0011999994516372682,0.003734130859375,1.0,37.78084340684691,751137.3787326595,-0.0002530024154111743,0.004045383632183075,-1.5733535766601563,0.001820339821279049,0.008787599205970765
279,228556800,0.00013319999999999999,0.1217928695678711,0.001270788460969925,0.00387451171875,1.0,37.78304538124856,759495.1427384769,-0.0002004704438149929,0.004252052679657936,-1.577061080932617,0.0019179899245500565,0.009556885063648223
280,229376000,0.00013259999999999997,0.12153120040893554,0.0012147007882595063,0.003775634765625,1.0,37.786281022234526,764686.6287357364,-0.00012797152157872915,0.004174987226724625,-1.5824999809265137,0.0019141443073749543,0.008856689929962159
281,230195200,0.00013199999999999998,0.12182223320007324,0.0012844926118850707,0.003831787109375,1.0,37.65787292817679,761059.8857029881,-0.00014136851532384754,0.004314400628209114,-1.5884098052978515,0.0018530242145061494,0.00840136706829071
282,231014400,0.00013139999999999997,0.12185197830200195,0.0012592142820358277,0.003677978515625,1.0,37.919169447534294,761961.0608017899,-0.00021774396300315856,0.004083817452192306,-1.5964251518249513,0.0020106062293052673,0.00964685007929802
283,231833600,0.0001308,0.12213817596435547,0.001194014996290207,0.003724365234375,1.0,37.694104152328514,765306.8290243526,-0.00016041272319853306,0.003832459822297096,-1.6045772552490234,0.002085603028535843,0.011054808646440506
284,232652800,0.0001302,0.1220822811126709,0.0012661366164684296,0.00388671875,1.0,37.72270802650957,760022.657457002,-0.0002263019559904933,0.004202608019113541,-1.611685562133789,0.0019156288355588913,0.009606810659170151
285,233472000,0.0001296,0.12192730903625489,0.0011223158240318298,0.003455810546875,1.0,37.869860168904886,764848.2737887768,-0.0001681329682469368,0.00392586924135685,-1.6181339263916015,0.0019482774659991264,0.01037280336022377
286,234291200,0.000129,0.12183680534362792,0.0011982180923223494,0.00356201171875,1.0,37.67157428347256,756434.1920948267,-0.00022458028979599476,0.004041876643896103,-1.622495460510254,0.0018742645159363746,0.008209715783596038
287,235110400,0.0001284,0.12218323707580567,0.0012782025337219238,0.0039306640625,1.0,37.817332044020816,759709.3581131224,-0.0001638337504118681,0.004192056134343147,-1.632162857055664,0.0017622172832489013,0.008216429501771927
288,235929600,0.0001278,0.12165067672729492,0.0012282083928585052,0.003765869140625,1.0,37.71179340821212,762477.5597306974,-0.0002000646200031042,0.0039872173219919205,-1.6436487197875977,0.0017811143770813942,0.008762205392122269
289,236748800,0.0001272,0.12180478096008301,0.0012714682519435882,0.00388427734375,1.0,37.9362076958739,756316.0058203723,-0.00017140088602900504,0.004012427106499672,-1.6493501663208008,0.001894204318523407,0.00924939066171646
290,237568000,0.00012660000000000001,0.1219061279296875,0.0010670268535614015,0.00341552734375,1.0,37.75042711363531,758437.7940793608,-4.875405284110457e-05,0.003662007302045822,-1.650860595703125,0.001774251088500023,0.00927429124712944
291,238387200,0.000126,0.12219442367553711,0.001259981095790863,0.00387451171875,1.0,37.847322253000925,757008.1177952245,-0.00018557087751105427,0.00408383384346962,-1.6551536560058593,0.0016577543690800666,0.00762646496295929
292,239206400,0.0001254,0.12204033851623536,0.001241452544927597,0.003779296875,1.0,37.79356531344932,758347.6066124567,-0.00020352739375084639,0.004000293090939522,-1.6625120162963867,0.0018797071650624275,0.008125853538513184
293,240025600,0.0001248,0.12160725593566894,0.0012235007435083389,0.003798828125,1.0,37.66270280235988,762208.5784509293,-0.00018823128193616866,0.0038275841623544695,-1.670084571838379,0.0016408784314990044,0.007271117717027664
294,240844800,0.0001242,0.12182905197143555,0.00121080182492733,0.003719482421875,1.0,37.8032408476063,756350.6501042075,-0.00016559993382543327,0.004085492342710495,-1.6745033264160156,0.0017912471666932106,0.008806882798671723
295,241664000,0.0001236,0.1220242977142334,0.0012502811849117279,0.003797607421875,1.0,37.72177549051142,757754.8993885528,-0.00016669604228809477,0.003973173722624779,-1.6764535903930664,0.0015815885737538338,0.0071699216961860655
296,242483200,0.000123,0.1218016242980957,0.0012774829566478728,0.003941650390625,1.0,37.7947215429336,755909.5681309474,-0.00024002282880246638,0.0040434543043375015,-1.6795560836791992,0.0017900835722684861,0.008915647119283675
297,243302400,0.0001224,0.12137861251831054,0.0012648522853851319,0.00384033203125,1.0,37.70335700451904,753820.2002186553,-0.00011748509714379907,0.0041755583137273785,-1.6853384017944335,0.001862006075680256,0.008415406197309494
298,244121600,0.00012179999999999999,0.12188907623291016,0.0013213834166526793,0.00405029296875,1.0,37.88052055932438,753695.0488785628,-0.0001875930931419134,0.004144288599491119,-1.6923437118530273,0.0019530698657035828,0.009470093250274658
299,244940800,0.00012119999999999999,0.12193419456481934,0.0013698351383209229,0.004039306640625,1.0,37.76527598301643,753153.2651604776,-0.00018443720182403922,0.00427888073027134,-1.699431800842285,0.0019669082015752793,0.00971667394042015
300,245760000,0.00012059999999999999,0.12202502250671386,0.0013999372720718383,0.004219970703125,1.0,37.759080014749266,763765.5972823404,-0.00013724485179409385,0.004279750213027,-1.7054784774780274,0.0017270097509026528,0.007432249933481216
301,246579200,0.00011999999999999999,0.12154844284057617,0.0012125737965106964,0.003675537109375,1.0,37.73894049480364,759170.30008382,-0.00016406581271439792,0.003921499848365784,-1.7102165222167969,0.0016038056463003158,0.0061649177223443985
302,247398400,0.0001194,0.1219021224975586,0.0012080562859773636,0.0036962890625,1.0,37.853843661776274,763493.1045057016,-0.00023681193124502897,0.00405278205871582,-1.714390754699707,0.0016873693093657494,0.007631102949380875
303,248217600,0.0001188,0.12199974060058594,0.001168139949440956,0.00358642578125,1.0,37.61100133265934,765513.126021614,-0.00010346078779548407,0.003938313946127892,-1.7229782104492188,0.0017906568944454193,0.008072752505540848
304,249036800,0.0001182,0.12206829071044922,0.0012954974174499512,0.003970947265625,1.0,37.8952865064695,758673.312487314,-0.00017131509957835078,0.003954269737005234,-1.7312612533569336,0.0016700435429811479,0.006911131739616394
305,249856000,0.0001176,0.1222136688232422,0.0012544354796409608,0.003802490234375,1.0,37.81146443900863,762986.5130798576,-0.0002915568184107542,0.004092612862586975,-1.7368589401245118,0.0018693646416068077,0.008779541403055192
306,250675200,0.000117,0.12208925247192383,0.0011945055425167084,0.00368896484375,1.0,37.79204131507355,756261.2097672581,-0.0002279745414853096,0.00367824025452137,-1.7457756042480468,0.002121591567993164,0.011330932378768921
307,251494400,0.0001164,0.12163799285888671,0.0011540187895298004,0.00357177734375,1.0,37.84033419497784,758012.0169476562,-9.195493767037988e-05,0.003485860303044319,-1.754481315612793,0.001722763292491436,0.007459961622953415
308,252313600,0.0001158,0.122046480178833,0.0012264478206634522,0.00372314453125,1.0,37.91549426138467,761936.2987380375,-0.00014226788189262152,0.0040008295327425,-1.7592798233032227,0.0015756240114569663,0.006083739548921585
309,253132800,0.0001152,0.12208223342895508,0.0012107975780963898,0.00375,1.0,37.75892280734114,755397.094597576,-0.00016537996707484127,0.0037411101162433623,-1.7633947372436523,0.0018184447661042213,0.009298707544803619
310,253952000,0.0001146,0.12187026977539063,0.001212584227323532,0.003758544921875,1.0,37.71407536925413,759632.4434408431,-0.00017271407414227725,0.0034552376717329027,-1.7675750732421875,0.0016737693920731544,0.006659179925918579
311,254771200,0.00011399999999999999,0.1219456672668457,0.001217576190829277,0.003729248046875,1.0,37.59869509281382,756643.5593599319,-0.00011419247603043914,0.0035843495279550552,-1.7712427139282227,0.0018095912411808968,0.008165161311626434
312,255590400,0.00011339999999999999,0.12209893226623535,0.00136538028717041,0.004013671875,1.0,37.709129413931215,757985.3348152034,-0.00012661921791732312,0.004095259308815003,-1.7755687713623047,0.0017668399959802628,0.00852002128958702
313,256409600,0.00011279999999999999,0.12194267272949219,0.0013081499934196473,0.003948974609375,1.0,37.66268052617055,761625.2859774753,-0.0002506178570911288,0.004639726504683495,-1.7799293518066406,0.0018911011517047881,0.009997069090604781
314,257228800,0.00011219999999999999,0.12212631225585938,0.0011985211074352264,0.00363037109375,1.0,37.82896984808607,755112.5053696948,-0.00016893260180950165,0.0037644248455762862,-1.7841012954711915,0.001822024956345558,0.008290404081344604
315,258048000,0.00011159999999999999,0.12193558692932129,0.0013299188017845153,0.004029541015625,1.0,37.78163199409567,760289.2744512733,-0.0001414697151631117,0.003819217160344124,-1.7895248413085938,0.0018884485587477684,0.009255614131689072
316,258867200,0.00011099999999999999,0.12204363822937012,0.0012498720735311507,0.003814697265625,1.0,37.77387698686938,755080.5319697865,-0.00024031647481024266,0.0039733793586492535,-1.794794464111328,0.0018842341378331184,0.0092808835208416
317,259686400,0.00011039999999999999,0.12190370559692383,0.001327517181634903,0.003929443359375,1.0,37.74023823759371,761903.0067134142,-0.00013829683884978295,0.0038894608616828917,-1.7992706298828125,0.0017144503071904182,0.0075034178793430325
318,260505600,0.00010979999999999999,0.12176667213439941,0.0012210731208324433,0.003802490234375,1.0,37.82243423490181,753532.8860970628,-0.0001687340554781258,0.003619760274887085,-1.80358829498291,0.0019419560208916663,0.010279419273138047
319,261324800,0.00010919999999999998,0.12191728591918945,0.0012535834312438964,0.003876953125,1.0,37.7953119232189,756522.4522275503,-0.000312312925234437,0.0039434053003788,-1.810820960998535,0.0016555024310946464,0.007486815750598908
320,262144000,0.00010859999999999998,0.1219847869873047,0.001236814856529236,0.003828125,1.0,37.74484061175603,765352.7523166181,-0.0002415484981611371,0.0035598866641521456,-1.8160720825195313,0.001762658730149269,0.008077392727136612
321,262963200,0.00010799999999999998,0.12217759132385254,0.0012610997259616852,0.003868408203125,1.0,37.76840991674716,761499.5360498215,-0.00017592244548723102,0.0035424601286649705,-1.823493194580078,0.0016437927260994911,0.006343872100114822
322,263782400,0.00010739999999999998,0.12193714141845703,0.0012187719345092773,0.003701171875,1.0,37.69872740686094,762557.4989794757,-0.00016060397028923036,0.0036623042076826097,-1.83193359375,0.0019560538232326506,0.00971398875117302
323,264601600,0.00010679999999999998,0.1218864917755127,0.0013537737727165222,0.0039453125,1.0,37.8095260072922,755953.4405033608,-9.491585078649222e-05,0.004063229262828827,-1.837793731689453,0.0016248919069766997,0.005936766415834427
324,265420800,0.00010619999999999998,0.12191962242126465,0.0012334221601486206,0.003851318359375,1.0,37.74059405940594,760228.0990512461,-0.00012338514206930996,0.0035818882286548616,-1.843250846862793,0.0016354812309145928,0.006606812030076981
325,266240000,0.00010559999999999998,0.12205377578735352,0.001177932024002075,0.003563232421875,1.0,37.77449125559504,759041.4820002908,-0.0002511528320610523,0.003625543788075447,-1.8508384704589844,0.001810065284371376,0.007680298388004303
326,267059200,0.00010499999999999999,0.12200213432312011,0.0012579241394996643,0.0038427734375,1.0,37.7837575645586,758151.7709912055,-0.0001260181306861341,0.0037255655974149705,-1.8593719482421875,0.0018194658681750298,0.008129635453224182
327,267878400,0.00010439999999999999,0.12232494354248047,0.001360243558883667,0.004119873046875,1.0,37.776913159591125,757723.941848295,-0.00026169579941779373,0.0038234002888202666,-1.8686204910278321,0.001997787691652775,0.008716429769992828
328,268697600,0.00010379999999999999,0.12178285598754883,0.001211693584918976,0.003858642578125,1.0,37.882173551427776,762628.0322172889,-0.00028798526618629695,0.0036864593625068665,-1.8762836456298828,0.0018879558891057968,0.008265624195337296
329,269516800,0.00010319999999999999,0.12217031478881836,0.0012029081583023072,0.00368896484375,1.0,37.81752734320919,756663.6263127682,-0.00014833870809525252,0.0034748896956443786,-1.8814495086669922,0.0017944283783435822,0.009000365436077119
330,270336000,0.00010259999999999999,0.12188360214233399,0.0012973761558532715,0.003929443359375,1.0,37.81129635616312,760915.8140820895,-0.00017565821763128043,0.003809408470988274,-1.8863685607910157,0.001663666032254696,0.0077155761420726774
331,271155200,0.00010199999999999999,0.12182222366333008,0.0013623741269111634,0.00411865234375,1.0,37.76840165822202,759047.5627402208,-0.00016481655184179543,0.0037575110793113707,-1.8938217163085938,0.0017032332718372345,0.00759582594037056
332,271974400,0.00010139999999999998,0.12212963104248047,0.0012302181869745254,0.003814697265625,1.0,37.7856188677507,759190.8438214561,-9.844333399087191e-05,0.003471701964735985,-1.9002687454223632,0.0017260905355215073,0.007557860016822815
333,272793600,0.00010079999999999998,0.12198909759521484,0.0013614970445632935,0.004085693359375,1.0,37.73315500622608,762814.1574022257,-0.00024253961164504289,0.003813998028635979,-1.9084272384643555,0.0017919199541211127,0.008293823897838592
334,273612800,0.00010019999999999998,0.12159513473510743,0.0011809106916189193,0.003626708984375,1.0,37.688607594936705,758862.2837678448,-0.00017258289735764266,0.0036552291363477706,-1.9166654586791991,0.0020384645089507104,0.01166967898607254
335,274432000,9.959999999999998e-05,0.12189826965332032,0.0012180739641189575,0.003758544921875,1.0,37.784920451925295,762180.9355091878,-0.0001786262495443225,0.0035739995539188383,-1.9213281631469727,0.0016289383172988891,0.00664392039179802
336,275251200,9.899999999999998e-05,0.12215062141418458,0.0012846946716308593,0.003814697265625,1.0,37.83518766446609,761643.0773218264,-0.00025950928684324024,0.003832612931728363,-1.9255203247070312,0.0019822388887405394,0.01054089367389679
337,276070400,9.839999999999998e-05,0.12204161643981934,0.0013162744045257567,0.004007568359375,1.0,37.68882648128539,759755.146574949,-0.00018920679576694965,0.003651602193713188,-1.9284191131591797,0.0018121127039194107,0.008936765789985656
338,276889600,9.779999999999998e-05,0.12191755294799805,0.0012215806543827057,0.003770751953125,1.0,37.758868847165196,754494.6505483333,-0.0001955125480890274,0.0036882389336824416,-1.9309064865112304,0.0016647018492221832,0.007319091260433197
339,277708800,9.719999999999998e-05,0.12181549072265625,0.0012744857370853423,0.00384765625,1.0,37.861271676300575,760458.3928237554,-0.0002743343822658062,0.0036683432757854463,-1.9348310470581054,0.001699114963412285,0.006958618015050888
340,278528000,9.659999999999998e-05,0.12197772979736328,0.001386808753013611,0.004210205078125,1.0,37.68660144228561,763098.2221885058,-0.00013293238589540124,0.004227744787931443,-1.939063835144043,0.00178158488124609,0.008725952357053757
341,279347200,9.599999999999998e-05,0.12232897758483886,0.001244153454899788,0.003828125,1.0,37.74650092081031,766955.8695897141,-0.00017321626655757426,0.003482639417052269,-1.94139404296875,0.0016087297350168227,0.006697754561901093
342,280166400,9.539999999999997e-05,0.12202905654907227,0.0013168007135391235,0.004019775390625,1.0,37.620716582452914,753712.2746718493,-0.00012303601251915098,0.003680597245693207,-1.9428281784057617,0.0017630798742175103,0.008139037340879441
343,280985600,9.479999999999997e-05,0.1220110034942627,0.0012494311481714248,0.003759765625,1.0,37.686852882978236,758879.5111970721,-0.00019478315953165294,0.00367395281791687,-1.9474063873291017,0.001648002490401268,0.007256345450878143
344,281804800,9.419999999999997e-05,0.12208280563354493,0.0012142226099967957,0.00372802734375,1.0,37.618920902917964,754343.0919540415,-0.00016112769953906535,0.003523694723844528,-1.9518918991088867,0.001530435960739851,0.005574950575828552
345,282624000,9.360000000000001e-05,0.12192596435546875,0.0011267320811748506,0.003565673828125,1.0,37.73459496884376,758265.7619415041,-0.0002349989488720894,0.0032022371888160706,-1.9528493881225586,0.0018122883513569832,0.007697755098342895
346,283443200,9.300000000000001e-05,0.12190858840942383,0.0011740759015083312,0.0036865234375,1.0,37.66776905057186,755221.9474477196,-0.00023638796992599964,0.0032592110335826876,-1.9585790634155273,0.0017457302659749986,0.007659912109375
347,284262400,9.240000000000001e-05,0.1219036865234375,0.0012078035622835159,0.003690185546875,1.0,37.69596090003689,756853.5317908735,-0.00010955673642456531,0.003422357514500618,-1.9648656845092773,0.0015457051806151867,0.005928222090005875
348,285081600,9.180000000000001e-05,0.12217126846313477,0.001191544085741043,0.003634033203125,1.0,37.87182805639011,761060.7794368439,-0.00017381540965288877,0.0034018807113170625,-1.969778060913086,0.0017347030341625213,0.00748315379023552
349,285900800,9.120000000000001e-05,0.12223066329956055,0.0012860937416553496,0.00388916015625,1.0,37.68105823994121,754863.9947874326,-0.0002310947049409151,0.0035230156034231188,-1.9760459899902343,0.0017358003184199332,0.007000121474266052
350,286720000,9.06e-05,0.1217185115814209,0.0011688266694545747,0.0035986328125,1.0,37.77038953837623,758888.0751996086,-0.00019425807986408472,0.0033819474279880523,-1.9848093032836913,0.0020211756229400633,0.01083080768585205
351,287539200,9e-05,0.12211645126342774,0.0010959713160991669,0.0034228515625,1.0,37.77094457742589,755092.8852177896,-0.0003174498211592436,0.003164919838309288,-1.9910144805908203,0.0017595827579498292,0.008675169199705124
352,288358400,8.94e-05,0.12220053672790528,0.0012758094072341918,0.003927001953125,1.0,37.71395744289719,755367.529452451,-0.00014228718355298043,0.0035823483020067217,-1.9955865859985351,0.001517574954777956,0.005912719666957856
353,289177600,8.88e-05,0.12192182540893555,0.0013116589188575745,0.00397705078125,1.0,37.75973996034856,759798.4940002073,-0.0001631366554647684,0.0035648733377456666,-2.0032604217529295,0.0018108583986759185,0.009360108524560928
354,289996800,8.82e-05,0.12186187744140625,0.0010891959071159362,0.003441162109375,1.0,37.71587396779997,758667.5778428394,-0.0003086027922108769,0.003117094747722149,-2.011591339111328,0.0017811944708228111,0.007884764671325683
355,290816000,8.76e-05,0.12223657608032226,0.001266108751296997,0.003865966796875,1.0,37.784833425363516,763656.274212948,-9.616696042940021e-05,0.00342630073428154,-2.0181339263916014,0.0018488928675651551,0.009166502952575683
356,291635200,8.7e-05,0.12198806762695312,0.0012546913325786591,0.003863525390625,1.0,37.66401288541187,763946.9266033849,-0.00017314290162175893,0.003479896858334541,-2.0276439666748045,0.0019738493487238885,0.008935058116912841
357,292454400,8.64e-05,0.12205417633056641,0.0012969753146171569,0.003974609375,1.0,37.76937626868426,757749.2332893976,-0.00021266341209411622,0.0035236690193414686,-2.036168670654297,0.0017264215275645256,0.0074521474540233616
358,293273600,8.58e-05,0.12184808731079101,0.0013077014684677124,0.003863525390625,1.0,37.7562010142923,754501.6668122122,-0.0002667531371116638,0.00367608480155468,-2.0413537979125977,0.0018911579623818397,0.00879785194993019
359,294092800,8.52e-05,0.12213835716247559,0.0012378445267677307,0.003905029296875,1.0,37.676916712631,759763.3055965947,-0.00019596396014094354,0.003502938896417618,-2.046939468383789,0.0014201928861439228,0.005653319880366325
360,294912000,8.46e-05,0.12225360870361328,0.0011800087988376618,0.0036865234375,1.0,37.707331647897036,764218.5928212669,-0.00012975191930308938,0.0032890036702156065,-2.051594352722168,0.0017788669094443322,0.008448851108551026
361,295731200,8.4e-05,0.12210368156433106,0.0012379163503646851,0.0038427734375,1.0,37.682318280163884,759210.3334866855,-0.0002003178233280778,0.003350178524851799,-2.0541208267211912,0.0016350014135241508,0.007041013985872269
362,296550400,8.34e-05,0.12208356857299804,0.0013053837418556214,0.00399658203125,1.0,37.63543675943786,757156.8644914768,-0.00019456592854112388,0.0034605920314788817,-2.0573089599609373,0.001807963103055954,0.008497928082942963
363,297369600,8.28e-05,0.12172897338867188,0.0012615297734737397,0.003846435546875,1.0,37.78763515386748,758843.4489496623,-0.00013554126489907504,0.003644336387515068,-2.0580705642700194,0.0016844220459461211,0.0074595935642719265
364,298188800,8.22e-05,0.12208858489990235,0.0012430628389120102,0.00373046875,1.0,37.87193712436431,754177.9930344523,-0.00015890472568571567,0.0035224635154008864,-2.060505676269531,0.001520358957350254,0.005285156145691872
365,299008000,8.16e-05,0.12213025093078614,0.0012546610832214356,0.003873291015625,1.0,37.710094274545874,759832.8999920152,-0.0001508206594735384,0.0032536868005990983,-2.067616081237793,0.0016508135944604875,0.0070429682731628414
366,299827200,8.1e-05,0.12195283889770508,0.0011729088425636292,0.0035791015625,1.0,37.7673037071149,757678.6989173717,-0.000177229312248528,0.0034101732075214387,-2.0750898361206054,0.0017653513699769975,0.00658862367272377
367,300646400,8.04e-05,0.12195778846740722,0.0013042205572128295,0.003892822265625,1.0,37.711318316100446,758895.5048792317,-0.0001734372926875949,0.0034346535801887514,-2.0801509857177733,0.0016232280060648919,0.006093260645866394
368,301465600,7.98e-05,0.122321138381958,0.0011246022582054138,0.003533935546875,1.0,37.79128271286399,763279.629306599,-0.00016860589385032655,0.003244267776608467,-2.085103225708008,0.0016633545979857444,0.006441040337085724
369,302284800,7.92e-05,0.1220475673675537,0.0011916100233793259,0.003631591796875,1.0,37.85246280380741,755916.0954260544,-0.00036898001562803986,0.0036979395896196364,-2.091575050354004,0.0020563054829835893,0.009853269159793853
370,303104000,7.86e-05,0.12209930419921874,0.0012332853674888612,0.003790283203125,1.0,37.79080999034083,760214.1846422971,-0.0002315034158527851,0.003474314510822296,-2.0960456848144533,0.0018680205568671227,0.009046506136655807
371,303923200,7.8e-05,0.12218818664550782,0.0011683566868305206,0.003582763671875,1.0,37.705410267054106,759384.7922900479,-0.00015046850312501193,0.003253133222460747,-2.100478935241699,0.0015707332640886307,0.006477050483226776
372,304742400,7.74e-05,0.12202600479125976,0.0011808518320322037,0.00373779296875,1.0,37.65791289150531,757918.9386822033,-0.00012332382611930371,0.0031865857541561126,-2.1058887481689452,0.0018351865932345391,0.007843262702226638
373,305561600,7.68e-05,0.12212516784667969,0.0012635189294815065,0.003907470703125,1.0,37.641297853761664,766408.0974337972,-4.990731249563396e-05,0.003480679169297218,-2.1101205825805662,0.0015764273703098297,0.006541626155376434
374,306380800,7.62e-05,0.12206520080566406,0.00125558078289032,0.0038525390625,1.0,37.78545387419816,759820.0127835126,-0.00026258514262735846,0.003344021737575531,-2.114190864562988,0.0017852915450930595,0.007161864638328552
375,307200000,7.56e-05,0.12186666488647462,0.0011465061455965043,0.00355224609375,1.0,37.74205288860223,763070.7293254762,-0.00022488269023597242,0.003358053043484688,-2.117989158630371,0.0016654577106237412,0.007035645097494126
376,308019200,7.5e-05,0.12235980033874512,0.001365654468536377,0.004088134765625,1.0,37.727456567699235,765223.1070899195,-0.00022539463825523853,0.003558529168367386,-2.124440383911133,0.0014249388128519057,0.005763549357652664
377,308838400,7.439999999999999e-05,0.12203181266784668,0.001220002993941307,0.003748779296875,1.0,37.74159275683666,760739.6698761439,-0.00018246141262352468,0.0033548135310411454,-2.1306507110595705,0.0017339995130896569,0.007810057699680328
378,309657600,7.379999999999999e-05,0.12180866241455078,0.0012491463869810104,0.00371337890625,1.0,37.679655870445345,752623.4822519027,-0.00019648214802145958,0.0033918213099241256,-2.133235740661621,0.0014716019853949548,0.005310913547873497
379,310476800,7.319999999999999e-05,0.12209879875183105,0.0011441640555858612,0.00344970703125,1.0,37.80726334224352,757694.2013036666,-0.00022135151084512472,0.00325995534658432,-2.135737419128418,0.0016840832307934762,0.008125121146440506
380,311296000,7.259999999999999e-05,0.12228805541992188,0.0013750286400318146,0.004072265625,1.0,37.85098817879572,759172.0616527995,-8.469094173051417e-05,0.0037068042904138563,-2.138158988952637,0.001565519906580448,0.006070556119084358
381,312115200,7.199999999999999e-05,0.12231630325317383,0.0013622471690177918,0.004156494140625,1.0,37.75005753739931,762112.7247133912,-0.00018320692470297217,0.003463326394557953,-2.1425506591796877,0.0018332535400986671,0.00840466246008873
382,312934400,7.139999999999999e-05,0.12204646110534668,0.001155015230178833,0.00348876953125,1.0,37.69988930910433,758138.3815614465,-0.0002337750978767872,0.0030287716537714003,-2.1447946548461916,0.0016676411032676697,0.007007934153079987
383,313753600,7.079999999999999e-05,0.12208539009094238,0.0012247742712497712,0.0038037109375,1.0,37.66585444347386,755618.5720393367,-0.00011241282336413861,0.00312722846865654,-2.1487417221069336,0.00161261148750782,0.005799438804388046
384,314572800,7.019999999999999e-05,0.12195096015930176,0.001329731047153473,0.00401611328125,1.0,37.96479199481145,757283.594464529,-0.00014735587174072862,0.003363807871937752,-2.154162788391113,0.001459506805986166,0.005390014499425888
385,315392000,6.959999999999998e-05,0.12206857681274413,0.0012925504148006439,0.003935546875,1.0,37.84552469848898,760684.444275855,-0.00011803419329226017,0.0034915558993816377,-2.1557987213134764,0.0016829792410135269,0.00802026316523552
386,316211200,6.899999999999998e-05,0.1221523094177246,0.0011478087306022644,0.003575439453125,1.0,37.67943529844569,763399.6648902715,-0.00023192514199763537,0.0030213132500648498,-2.160251426696777,0.0017306454479694366,0.007668213546276092
387,317030400,6.839999999999998e-05,0.12211892127990723,0.0012736493349075318,0.003858642578125,1.0,37.60323868067343,757996.226720986,-0.00021635002922266723,0.0032573357224464417,-2.1671749114990235,0.001612691394984722,0.006334228813648224
388,317849600,6.779999999999998e-05,0.12198428153991699,0.001216442808508873,0.00368408203125,1.0,37.54988771254411,761684.2114160045,-0.00026034098118543625,0.0030421294271945954,-2.1722944259643553,0.0017020663246512413,0.0073613286018371586
389,318668800,6.72e-05,0.12215040206909179,0.001221335306763649,0.003720703125,1.0,37.735795978601736,757498.9376435617,-0.0001762826694175601,0.003173675760626793,-2.1755817413330076,0.0016338383778929711,0.007758910953998566
390,319488000,6.659999999999999e-05,0.12204809188842773,0.0012542122602462768,0.00380615234375,1.0,37.58058296993344,759922.4957150584,-0.0002353390445932746,0.0032211650162935258,-2.1798093795776365,0.0017439981922507287,0.006520995497703552
391,320307200,6.599999999999999e-05,0.12212944030761719,0.0011445981264114379,0.003603515625,1.0,37.79827554407967,764308.0264652316,-0.00010748091153800488,0.0031547844409942627,-2.1849241256713867,0.0014967807568609715,0.004895507916808128
392,321126400,6.539999999999999e-05,0.12206827163696289,0.0013016930222511291,0.00392822265625,1.0,37.714667034838236,757048.4488033586,-0.0001477898214943707,0.003355211019515991,-2.1877723693847657,0.0015021105296909808,0.005626221373677254
393,321945600,6.479999999999999e-05,0.12211225509643554,0.0012139776349067689,0.003773193359375,1.0,37.725263109517904,764039.8795603324,-0.00024678397458046677,0.0030966389924287794,-2.1896923065185545,0.0016483379527926444,0.006706421822309494
394,322764800,6.419999999999999e-05,0.1222043514251709,0.0012737628817558288,0.00390869140625,1.0,37.60971794045921,764753.4215742162,-0.00024371896870434284,0.0034560639411211013,-2.1936506271362304,0.0016762370243668557,0.00661022886633873
395,323584000,6.359999999999999e-05,0.12243701934814454,0.0012552917003631591,0.00386962890625,1.0,37.78374763639718,761313.2692881987,-0.0002335948869585991,0.003323834016919136,-2.1974592208862305,0.0015715096145868302,0.0068856202065944675
396,324403200,6.299999999999999e-05,0.12215826988220214,0.0012416014820337295,0.003856201171875,1.0,37.68527031997058,764239.5121187561,-0.0001590066938661039,0.003284716233611107,-2.200930595397949,0.0014629864133894443,0.004740844294428825
397,325222400,6.239999999999999e-05,0.1222511100769043,0.0012911675870418548,0.003829345703125,1.0,37.72179033074198,759737.3658894459,-0.0002669159322977066,0.0034095972776412966,-2.2054683685302736,0.0017792828381061553,0.007580199837684631
398,326041600,6.179999999999998e-05,0.12225963592529297,0.0012640191614627838,0.003880615234375,1.0,37.68678794560823,749285.9078056096,-0.00018809583270922302,0.0031908564269542694,-2.2106449127197267,0.0014816024340689182,0.00560888722538948
399,326860800,6.119999999999998e-05,0.12198774337768555,0.0012382683902978898,0.003759765625,1.0,37.64471076284858,759516.8542046401,-0.00023489638697355987,0.0031387511640787124,-2.2153921127319336,0.0016135774552822114,0.006233032420277595
400,327680000,6.059999999999998e-05,0.12243886947631837,0.0013452142477035523,0.004044189453125,1.0,37.73270744166782,757701.4721919522,-0.0002485893201082945,0.0033863216638565065,-2.2185850143432617,0.0016804112121462822,0.007165405154228211
401,328499200,5.999999999999998e-05,0.12204915046691894,0.001168593391776085,0.003681640625,1.0,37.66889032020611,764771.2848933564,-0.0002020356711000204,0.0032238736748695374,-2.221125030517578,0.001618574932217598,0.006861329078674316
402,329318400,5.939999999999998e-05,0.12205827713012696,0.0012172913551330565,0.0037548828125,1.0,37.73174661633367,760269.880490417,-0.0002068436238914728,0.0031598441302776335,-2.2238515853881835,0.0015948127955198288,0.005620483309030533
403,330137600,5.879999999999998e-05,0.12200998306274415,0.0011919575929641723,0.003673095703125,1.0,37.756171842554565,758343.1279257489,-0.0002278825966641307,0.003164203464984894,-2.226308822631836,0.0016685869544744492,0.006779540330171585
404,330956800,5.819999999999998e-05,0.12201704025268555,0.0011312469840049743,0.003563232421875,1.0,37.78317584696935,766878.9813502168,-0.00018718381179496645,0.00301759447902441,-2.2295860290527343,0.001369520928710699,0.005281982943415642
405,331776000,5.759999999999998e-05,0.12223971366882325,0.0012826162576675415,0.00392822265625,1.0,37.75085277035125,762058.5104240807,-0.0002148029860109091,0.003144652023911476,-2.2329626083374023,0.001626422069966793,0.0053890392184257506
406,332595200,5.6999999999999976e-05,0.12219010353088379,0.0012662792205810547,0.003916015625,1.0,37.641876062290414,762210.715926365,-0.00013558295322582125,0.0032519396394491197,-2.2364643096923826,0.0014039810746908187,0.0040388178080320355
407,333414400,5.639999999999998e-05,0.1221706199645996,0.0012461052834987641,0.00385009765625,1.0,37.824162624162625,760291.2050137103,-0.0002653699601069093,0.0029894977807998655,-2.2383796691894533,0.001713600382208824,0.007497190684080124
408,334233600,5.5800000000000015e-05,0.12199676513671875,0.0013038422167301177,0.00403076171875,1.0,37.70903409613087,762813.614123437,-0.00026192280929535625,0.003352499753236771,-2.2404205322265627,0.0016897426918148994,0.006030395254492759
409,335052800,5.5200000000000014e-05,0.12242424964904786,0.0012265990674495697,0.003818359375,1.0,37.73261219792865,766312.1529727489,-0.00020547308959066867,0.003168214112520218,-2.2428615570068358,0.0013775529339909553,0.004291259497404098
410,335872000,5.460000000000001e-05,0.1220643424987793,0.001217314526438713,0.003780517578125,1.0,37.74421076958632,760075.6312627668,-0.00019818057771772146,0.0030224697664380075,-2.2451541900634764,0.0015942204743623733,0.006431152671575546
411,336691200,5.400000000000001e-05,0.12226537704467773,0.0012328149378299713,0.003780517578125,1.0,37.72080635532902,760724.5223993517,-0.00015548039227724074,0.0031878117471933363,-2.2487144470214844,0.0016693662852048873,0.005224120616912842
412,337510400,5.340000000000001e-05,0.12219100952148437,0.0012418916076421737,0.003724365234375,1.0,37.667218847782074,763246.8830609093,-9.096994181163609e-05,0.0032547466456890107,-2.2517120361328127,0.001645636186003685,0.006545167416334152
413,338329600,5.280000000000001e-05,0.1224285888671875,0.0012090323120355607,0.003868408203125,1.0,37.63875212810012,760151.1875384194,-0.00018229136476293205,0.00310610793530941,-2.2552558898925783,0.001520707830786705,0.005552490800619125
414,339148800,5.220000000000001e-05,0.12199687957763672,0.0011351652443408965,0.003475341796875,1.0,37.87588276021232,765643.7967353568,-0.0002245318377390504,0.003013610281050205,-2.2592506408691406,0.0015775268897414208,0.0053380120545625685
415,339968000,5.160000000000001e-05,0.12212324142456055,0.0012667809426784515,0.00380859375,1.0,37.733348687240905,763332.4349468419,-0.00023541373666375877,0.003195131942629814,-2.2613359451293946,0.0016318796202540397,0.005230712890625
416,340787200,5.1000000000000006e-05,0.12210589408874511,0.0011681915819644927,0.003594970703125,1.0,37.6796357615894,760000.7212161223,-0.0003091706894338131,0.002944929711520672,-2.2637632369995115,0.0015309796668589114,0.005460815131664276
417,341606400,5.0400000000000005e-05,0.12207021713256835,0.0013489332795143128,0.004097900390625,1.0,37.74204555934704,757073.37685992,-0.00022737046238034963,0.0032882239669561387,-2.2672210693359376,0.0017168903723359108,0.006640990823507309
418,342425600,4.9800000000000004e-05,0.12202997207641601,0.00120546855032444,0.00360595703125,1.0,37.575405926061826,743508.8367656566,-0.00021862853318452836,0.003091130591928959,-2.2705013275146486,0.0014629975892603397,0.005272338911890983
419,343244800,4.92e-05,0.12205339431762695,0.0013830748200416565,0.004229736328125,1.0,37.68969490275602,753952.8904896834,-0.00022870872635394335,0.0033058237284421923,-2.2732677459716797,0.0012125118635594844,0.004132811725139618
420,344064000,4.86e-05,0.12213871955871582,0.0012925110757350921,0.004019775390625,1.0,37.61467008327995,747826.134380975,-0.00019418405136093498,0.0032312653958797453,-2.2761411666870117,0.0015304521657526493,0.004971802234649658
421,344883200,4.800000000000001e-05,0.12216386795043946,0.0012117363512516022,0.003690185546875,1.0,37.69339036842832,753843.5472843857,-0.00019930161070078612,0.003070354647934437,-2.2787969589233397,0.0014043345116078853,0.004402466490864754
422,345702400,4.740000000000001e-05,0.12220273971557617,0.00122015118598938,0.00371337890625,1.0,37.740872539051665,747030.7365922349,-0.00022566041443496942,0.0030953189358115195,-2.2798913955688476,0.0015329167246818543,0.004887573421001434
423,346521600,4.6800000000000006e-05,0.12217983245849609,0.0012643918395042419,0.00376220703125,1.0,37.79850780638327,744769.4525213519,-0.00025424847844988106,0.0031317245215177537,-2.283115577697754,0.001485741324722767,0.0046539306640625
424,347340800,4.6200000000000005e-05,0.12195608139038086,0.0013010436296463012,0.004031982421875,1.0,37.69874245704546,750044.8506223881,-0.00039915083907544614,0.0030586086213588715,-2.287017250061035,0.001829475350677967,0.007777221500873566
425,348160000,4.5600000000000004e-05,0.12219924926757812,0.001262393593788147,0.00386962890625,1.0,37.70569285286944,754929.468462441,-0.00025857079308480027,0.0031177286058664323,-2.2878042221069337,0.0012600170448422432,0.004302123188972473
426,348979200,4.5e-05,0.1219488525390625,0.001125684380531311,0.003519287109375,1.0,37.779022591055785,753919.0155771764,-0.00035244866739958525,0.0031510930508375167,-2.289332962036133,0.001854339987039566,0.007393431663513183
427,349798400,4.44e-05,0.1221526336669922,0.0012688709795475007,0.003958740234375,1.0,37.724512829962684,753834.7546763744,-0.00023495012428611516,0.0033692162483930587,-2.291683578491211,0.001651567593216896,0.005797485262155533
428,350617600,4.38e-05,0.12220388412475586,0.0012897312641143798,0.003939208984375,1.0,37.67538617138654,751225.5713718375,-0.000219153193756938,0.003046674095094204,-2.293880844116211,0.001389511302113533,0.004431640356779098
429,351436800,4.32e-05,0.12242252349853516,0.0013182160258293151,0.003988037109375,1.0,37.56599798479436,751390.5211060663,-0.0001964765600860119,0.0031704820692539217,-2.296973991394043,0.0014235390350222587,0.0042398680001497265
430,352256000,4.26e-05,0.12224085807800293,0.001250724047422409,0.003868408203125,1.0,37.66286555085525,761021.234092599,-0.0002397774253040552,0.0033367592841386795,-2.3006053924560548,0.0015763122588396072,0.005585081502795219
431,353075200,4.2e-05,0.12221994400024414,0.0012973211705684662,0.004052734375,1.0,37.66725019578938,757729.318243342,-0.0002776149194687605,0.003187502548098564,-2.3033714294433594,0.0014886739663779736,0.004518065974116326
432,353894400,4.14e-05,0.12229093551635742,0.0012991294264793397,0.003841552734375,1.0,37.71624861674659,755999.8819169207,-0.00024576024152338504,0.0030970456078648566,-2.305774116516113,0.001431145053356886,0.005469360575079918
433,354713600,4.08e-05,0.1220494556427002,0.001273481696844101,0.003853759765625,1.0,37.80543403177527,763211.6084587278,-0.0002667564665898681,0.003086325898766518,-2.3074785232543946,0.001585640199482441,0.005485229566693306
434,355532800,4.02e-05,0.12215484619140625,0.0012080493569374086,0.00366943359375,1.0,37.69265843773029,757952.1401114069,-0.00024032024666666984,0.0029521794989705087,-2.3092906951904295,0.0014916632324457168,0.005008666589856148
435,356352000,3.96e-05,0.122256441116333,0.001229308545589447,0.0036865234375,1.0,37.672926304218386,764820.8663219844,-0.00021787274163216354,0.003109876811504364,-2.3125328063964843,0.0013602967374026775,0.004015136510133743
436,357171200,3.9e-05,0.12191553115844726,0.0012654292583465577,0.003851318359375,1.0,37.57289272911113,748598.7758222022,-0.0003217739751562476,0.0031776241958141327,-2.315506935119629,0.001835154742002487,0.006714599579572678
437,357990400,3.84e-05,0.12219331741333007,0.001251767873764038,0.0039208984375,1.0,37.800055450302665,760794.1665034129,-0.0003033064305782318,0.003208346664905548,-2.3181652069091796,0.0018321245908737183,0.006110473349690437
438,358809600,3.78e-05,0.12198820114135742,0.001229429915547371,0.003831787109375,1.0,37.762084522603814,745196.8261082894,-0.0003185731591656804,0.0030545016750693323,-2.3216529846191407,0.0016842596232891083,0.005051147937774658
439,359628800,3.7199999999999996e-05,0.1220867919921875,0.0013459208607673645,0.003992919921875,1.0,37.66728000368002,758796.5261202792,-0.00021970393136143683,0.0032215971499681474,-2.324191665649414,0.0013050044886767863,0.0038992919027805327
440,360448000,3.6599999999999995e-05,0.12213539123535157,0.0012544065713882447,0.003892822265625,1.0,37.68749712815329,763990.1921362596,-0.00027114073745906355,0.003182126209139824,-2.3261478424072264,0.001466077659279108,0.005337646976113319
441,361267200,3.5999999999999994e-05,0.12218122482299805,0.0011539514362812042,0.0035205078125,1.0,37.66600571797473,757735.3680232681,-0.0001850988366641104,0.003063967265188694,-2.3278829574584963,0.0016439270228147506,0.004572632536292076
442,362086400,3.539999999999999e-05,0.12211667060852051,0.0012117788195610047,0.0036474609375,1.0,37.74602369646397,761291.6282855821,-0.0002145228674635291,0.003155358135700226,-2.3299793243408202,0.0013173200190067292,0.004184569790959358
443,362905600,3.479999999999999e-05,0.12224584579467773,0.001286723017692566,0.003917236328125,1.0,37.58392456630201,756178.2196947018,-0.0003290537744760513,0.0030750345438718798,-2.333328437805176,0.001757456734776497,0.006250243633985519
444,363724800,3.419999999999999e-05,0.12215985298156738,0.0011794303357601165,0.003609619140625,1.0,37.63239689181112,758250.234197517,-0.00023104536812752486,0.0029582245275378226,-2.3367284774780273,0.001679770275950432,0.005295654386281967
445,364544000,3.36e-05,0.1222968864440918,0.0012201097607612609,0.00377685546875,1.0,37.84011077775214,763712.8101067524,-0.00016120154177770018,0.0028862876817584036,-2.339094543457031,0.0014746983535587788,0.003581787273287773
446,365363200,3.2999999999999996e-05,0.12197795867919922,0.0012868693470954894,0.003853759765625,1.0,37.699976963833215,758795.8443787688,-0.0002693075453862548,0.003129634261131287,-2.341114044189453,0.0015963016077876091,0.004595093056559562
447,366182400,3.2399999999999995e-05,0.12228601455688476,0.0013421069085597993,0.0040673828125,1.0,37.727256010665194,761233.9925405539,-0.0002145901322364807,0.003260437771677971,-2.3425168991088867,0.001572866179049015,0.004069458320736885
448,367001600,3.1799999999999994e-05,0.12204742431640625,0.0012508267164230346,0.00385009765625,1.0,37.82913178222859,761637.6050153729,-0.00021278231870383024,0.002840464748442173,-2.3435861587524416,0.0015018080361187459,0.0040247801691293715
449,367820800,3.119999999999999e-05,0.12236045837402344,0.0012270396947860719,0.003848876953125,1.0,37.6516926186211,760694.4178954267,-0.00018798212986439466,0.003087877482175827,-2.3443523406982423,0.001149133499711752,0.0025886232033371925
450,368640000,3.059999999999999e-05,0.1219997215270996,0.001236485093832016,0.003717041015625,1.0,37.84298858014702,766526.9615066745,-0.00026413577143102884,0.0031482290476560594,-2.3460851669311524,0.0019847681745886804,0.005872069299221039
451,369459200,2.999999999999999e-05,0.12223625183105469,0.001267573982477188,0.00393798828125,1.0,37.695558112773305,760775.9754185884,-0.00024889828637242317,0.0033965449780225753,-2.3482311248779295,0.00132457222789526,0.004273193702101707
452,370278400,2.939999999999999e-05,0.12215137481689453,0.0012404271960258484,0.003837890625,1.0,37.62945280940139,764235.675038461,-0.0002971673849970102,0.0030107809230685233,-2.3490880966186523,0.0016552995890378951,0.004951781034469605
453,371097600,2.879999999999999e-05,0.1220838451385498,0.0012701036036014558,0.00386962890625,1.0,37.77134427438687,766391.2419871486,-0.00026942607946693896,0.003032812476158142,-2.3503591537475588,0.0017008071765303612,0.005171508342027664
454,371916800,2.819999999999999e-05,0.12235065460205079,0.0013344648480415344,0.003956298828125,1.0,37.73927864019531,760809.092686379,-0.00027032303623855116,0.003286980465054512,-2.3518301010131837,0.001402718760073185,0.004103149846196174
455,372736000,2.759999999999999e-05,0.12219195365905762,0.0012516196072101594,0.00379150390625,1.0,37.67033874965574,758040.8025351965,-0.0002923144493252039,0.003003410808742046,-2.35335693359375,0.0012674328871071338,0.003582397848367691
456,373555200,2.699999999999999e-05,0.12231268882751464,0.0011972503364086151,0.00375732421875,1.0,37.69330503391316,758132.5994591997,-0.00023988469038158656,0.0031661875545978546,-2.3548749923706054,0.001448799017816782,0.004542114585638047
457,374374400,2.6399999999999988e-05,0.12231359481811524,0.0012071816623210906,0.003690185546875,1.0,37.62603637029912,751437.9454995728,-0.0002408658154308796,0.002926382981240749,-2.356307601928711,0.001320287398993969,0.0037492670118808745
458,375193600,2.5799999999999987e-05,0.12223907470703126,0.0011719858646392822,0.003560791015625,1.0,37.74401549744015,748706.2029916788,-0.00023168807383626698,0.0028897326439619063,-2.358168029785156,0.0015885315835475922,0.0038353275507688523
459,376012800,2.5199999999999986e-05,0.12221240997314453,0.0012519197165966034,0.003817138671875,1.0,37.648819115142025,753570.073047634,-0.0001983490539714694,0.0029644491150975227,-2.359610939025879,0.0012253694236278533,0.0035195305943489076
460,376832000,2.4599999999999985e-05,0.12227324485778808,0.0011399458348751068,0.0034521484375,1.0,37.66962071815594,757356.1662765594,-0.00024370222818106412,0.002978896163403988,-2.3605709075927734,0.001245844829827547,0.003598877042531967
461,377651200,2.3999999999999987e-05,0.12221145629882812,0.0012992319464683532,0.00400634765625,1.0,37.66255276197467,751770.2797533687,-0.00022593962494283916,0.002933027409017086,-2.361715888977051,0.0014587742276489734,0.0034545894712209703
462,378470400,2.3399999999999986e-05,0.12267476081848144,0.0012820364534854888,0.00392578125,1.0,37.648228255867465,756923.6061451101,-0.0002340272767469287,0.0031015174463391304,-2.362350273132324,0.0014221790246665479,0.0033085938543081284
463,379289600,2.2799999999999985e-05,0.12222420692443847,0.0012831750512123108,0.003931884765625,1.0,37.596638655462186,751802.9186352881,-0.00017229508375748992,0.00302968192845583,-2.363934326171875,0.0013869062997400761,0.0032514646649360658
464,380108800,2.2199999999999984e-05,0.12226560592651367,0.0011702757328748703,0.003551025390625,1.0,37.62337602717716,750817.0355797658,-0.00020313409622758628,0.0029853368178009987,-2.365312385559082,0.0014090829528868199,0.0033146969974040983
465,380928000,2.1599999999999983e-05,0.12206798553466797,0.0012884680926799775,0.00396484375,1.0,37.68478010591757,761084.2123433758,-0.00019206636352464557,0.003100620023906231,-2.366180419921875,0.0012790117412805556,0.003278198093175888
466,381747200,2.0999999999999982e-05,0.12228029251098632,0.0012274739146232606,0.00369140625,1.0,37.68443526170799,756802.2955687424,-0.00024171420373022556,0.0030443163588643072,-2.367428207397461,0.0013727229088544846,0.0033289793878793716
467,382566400,2.0399999999999984e-05,0.12230365753173827,0.0011978290975093841,0.003804931640625,1.0,37.586119670698615,764929.7882273382,-0.00028244561981409787,0.002930117025971413,-2.368582916259766,0.0014031248167157174,0.004190185666084289
468,383385600,1.9799999999999983e-05,0.12206859588623047,0.0012330376356840134,0.00374755859375,1.0,37.621941703006655,759436.3924009805,-0.00018421453423798085,0.003089373745024204,-2.3700241088867187,0.0012575468979775905,0.0028389893472194672
469,384204800,1.9199999999999982e-05,0.12231182098388672,0.0012038075923919678,0.003778076171875,1.0,37.71583214335068,763576.0824003547,-0.00029562537092715503,0.003159264102578163,-2.370807075500488,0.0016663482412695885,0.004996094480156898
470,385024000,1.8600000000000015e-05,0.1222506046295166,0.0014206740260124208,0.004368896484375,1.0,37.76854708726687,763544.6821990926,-0.0003166402224451303,0.0032456245273351668,-2.371748924255371,0.0014526065438985824,0.004034546017646789
471,385843200,1.8000000000000014e-05,0.12200551986694336,0.0012799316644668578,0.003902587890625,1.0,37.5534421120176,759937.2086411462,-0.00017287632217630745,0.0029976662248373032,-2.3727561950683596,0.0010692727752029895,0.0021143801510334014
472,386662400,1.7400000000000013e-05,0.12230167388916016,0.0012290368974208832,0.003896484375,1.0,37.803158332178974,764283.6408966382,-0.00019073252333328127,0.0030236516147851946,-2.3735492706298826,0.0010702374391257762,0.002114379405975342
473,387481600,1.6800000000000012e-05,0.12203316688537598,0.0011738897114992142,0.003516845703125,1.0,37.64743177432693,764237.6178927314,-0.00022346510086208583,0.0031151961535215377,-2.374444007873535,0.001464766263961792,0.003165038302540779
474,388300800,1.6200000000000014e-05,0.12203204154968261,0.0011876998096704483,0.0035986328125,1.0,37.6410480349345,756758.7998939126,-0.00016789666842669247,0.0030832214280962942,-2.375313568115234,0.001113846618682146,0.002256469428539276
475,389120000,1.5600000000000013e-05,0.12200983047485352,0.0012598744034767152,0.003995361328125,1.0,37.740046082949306,756070.3961714073,-0.00022752787917852403,0.002986021153628826,-2.376033401489258,0.0013092967681586742,0.0029747312888503074
476,389939200,1.5000000000000012e-05,0.12203720092773437,0.001192823052406311,0.00363525390625,1.0,37.64500690289922,754165.6913646685,-0.00019148963037878274,0.002969466894865036,-2.3767791748046876,0.0011924279853701592,0.002439575269818306
477,390758400,1.4400000000000011e-05,0.12224477767944336,0.0013075235486030578,0.004012451171875,1.0,37.74694196633864,753221.2924506117,-0.00020764460787177087,0.0032426398247480392,-2.3771827697753904,0.0012209078297019005,0.0022733153775334356
478,391577600,1.3800000000000012e-05,0.12232498168945312,0.0014140936732292175,0.004249267578125,1.0,37.62752571638501,745951.9271121832,-0.00020122979767620564,0.003170466423034668,-2.377740669250488,0.0012045716866850853,0.0025115964934229853
479,392396800,1.320000000000001e-05,0.1222564697265625,0.0012477315962314607,0.003819580078125,1.0,37.76015866426825,751667.7443444134,-0.00019012741977348925,0.002975500375032425,-2.3785331726074217,0.0009538665413856507,0.0019295651465654374
480,393216000,1.260000000000001e-05,0.12220306396484375,0.0013229498267173768,0.0040966796875,1.0,37.58536361128988,755677.5055356218,-0.00016674059443175793,0.00316745825111866,-2.379229927062988,0.0014241105876863004,0.0025867922231554985
481,394035200,1.2000000000000009e-05,0.12231130599975586,0.0013169671595096588,0.00390625,1.0,37.69378385823157,753097.7592034045,-0.00017340866615995766,0.0031638022512197493,-2.3796646118164064,0.001110206265002489,0.0024083251133561133
482,394854400,1.140000000000001e-05,0.12231889724731446,0.0012382476776838303,0.00372802734375,1.0,37.68043038440317,759620.4612573319,-0.0002533056307584047,0.002927020564675331,-2.3799718856811523,0.0013501720502972602,0.0034810788929462433
483,395673600,1.0800000000000008e-05,0.1221708106994629,0.0011322884261608123,0.0034814453125,1.0,37.52173913043478,752433.6489554523,-0.00019593164324760437,0.0028629878535866736,-2.380682945251465,0.0012183018960058689,0.0024118658155202867
484,396492800,1.0200000000000007e-05,0.12237065315246581,0.0012755973637104034,0.003895263671875,1.0,37.645153881488284,758667.8256797685,-0.00020840123761445284,0.0031532704830169677,-2.381186103820801,0.001121337991207838,0.002640990912914276
485,397312000,9.600000000000008e-06,0.12228445053100585,0.0011485377699136734,0.00359375,1.0,37.694312687082665,751714.9891725184,-0.00019548607524484397,0.0028926244005560873,-2.381617546081543,0.0015238256193697453,0.00295861791819334
486,398131200,9.000000000000007e-06,0.1221927261352539,0.0012248776108026505,0.0037939453125,1.0,37.739248800295314,758790.6685180449,-0.00017267275834456086,0.0031041238456964494,-2.3821029663085938,0.00139883104711771,0.002392333559691906
487,398950400,8.400000000000006e-06,0.12221216201782227,0.0013017809391021728,0.00392333984375,1.0,37.683765398051115,762235.0225650453,-0.00021440808195620774,0.0030820295214653015,-2.382672882080078,0.0012221112847328186,0.0025865476578474044
488,399769600,7.800000000000007e-06,0.12228837013244628,0.0012746943533420562,0.00388671875,1.0,37.47700544547659,760019.3109574404,-0.0002195869805291295,0.0030788736417889594,-2.3830587387084963,0.0009772703982889653,0.002085326798260212
489,400588800,7.200000000000006e-06,0.1220671272277832,0.0013157683610916138,0.003970947265625,1.0,37.64590796362634,765950.018765577,-0.00026098384987562897,0.003070306219160557,-2.38346004486084,0.0014649517834186554,0.003164306655526161
490,401408000,6.600000000000005e-06,0.1221025562286377,0.0012824720144271851,0.003900146484375,1.0,37.789192180007376,763658.0218547933,-0.00017009706934913992,0.003013073466718197,-2.383884239196777,0.0011418008245527745,0.0023015134036540987
491,402227200,6.000000000000004e-06,0.12215482711791992,0.0012664324045181274,0.00388427734375,1.0,37.70823529411765,763274.6162935114,-0.00022117048501968384,0.003078058175742626,-2.3842580795288084,0.0013533915393054486,0.0023951414972543717
492,403046400,5.400000000000004e-06,0.122418212890625,0.00120306096971035,0.00367431640625,1.0,37.66701873622336,759874.1947418484,-0.000130579830147326,0.0031471017748117445,-2.384663391113281,0.0009758671745657921,0.0014775389805436133
493,403865600,4.800000000000004e-06,0.12218850135803222,0.001232389062643051,0.003797607421875,1.0,37.62933492778953,756932.6513850734,-0.00010751101654022932,0.002882048673927784,-2.3848894119262694,0.0008653886616230011,0.0011069335974752902
494,404684800,4.200000000000003e-06,0.12241594314575195,0.0013042515516281127,0.00389404296875,1.0,37.67702491495817,758273.5386352342,-0.0002649054629728198,0.0029302908107638357,-2.384863090515137,0.0012425065040588378,0.0031290281563997268
495,405504000,3.600000000000003e-06,0.12218710899353027,0.0012534606456756593,0.003729248046875,1.0,37.59789647728839,756035.1907665776,-0.00018943571485579013,0.0030434368178248405,-2.385157585144043,0.001038810983300209,0.002115356549620628
496,406323200,3.000000000000002e-06,0.12215312004089356,0.0013220098614692688,0.003953857421875,1.0,37.66490704613266,757342.8440578413,-0.00020700427703559398,0.003103361465036869,-2.3855541229248045,0.0011038260534405708,0.0019678952172398566
497,407142400,2.400000000000002e-06,0.12229982376098633,0.001170763522386551,0.00365966796875,1.0,37.59603560613013,753703.4922298193,-0.000205524661578238,0.0028867840766906737,-2.385683059692383,0.0007270060013979673,0.001935669220983982
498,407961600,1.8000000000000014e-06,0.12223614692687988,0.001178128570318222,0.003656005859375,1.0,37.56881281262907,746131.0443029358,-6.208267295733094e-05,0.0031919490545988085,-2.3857526779174805,0.00019637886434793473,0.000119384762365371
499,408780800,1.200000000000001e-06,0.12251115798950195,0.001226203441619873,0.003853759765625,1.0,37.65667387006299,758115.0882075331,-8.879011729732156e-05,0.0029694132506847383,-2.3857702255249023,0.0003608433762565255,0.00023278810549527408
500,409600000,6.000000000000005e-07,0.12224020004272461,0.0012697765231132507,0.00386962890625,1.0,37.62835512732278,753285.0193333563,-3.2597198151052e-05,0.0029136771336197853,-2.385755157470703,5.561161087825894e-05,0.0
