update,env_steps,lr,reward_per_step,cost_per_step,violation_rate,success_rate,mean_episode_length,steps_per_sec,policy_loss,value_loss,entropy,approx_kl,clip_frac
1,819200,0.0003,-0.0024534854292869567,0.0046653574705123905,0.013939208984375,1.0,105.79629629629629,710910.2192238425,-0.0028646618127822878,0.21589903831481932,1.8238174438476562,0.007524281740188599,0.09998512864112855
2,1638400,0.00029939999999999996,0.006803073883056641,0.007220339179039002,0.019654541015625,1.0,313.0739299610895,708138.0928057316,-0.0022501137107610704,0.402098560333252,1.803093719482422,0.006202532723546028,0.0780352771282196
3,2457600,0.0002988,0.006048933863639832,0.02300635814666748,0.068360595703125,1.0,464.21961620469085,707298.6181038658,-0.0014169659465551377,1.1295242309570312,1.7754480361938476,0.004060741513967514,0.0390021950006485
4,3276800,0.0002982,0.004849251508712769,0.02555373191833496,0.0759619140625,1.0,632.0313199105145,712333.2592025576,-0.0018492469564080239,1.2210536003112793,1.742409896850586,0.004977662488818169,0.053923457860946655
5,4096000,0.00029759999999999997,0.0038182082772254943,0.011359004974365235,0.034122314453125,0.22354788069073783,937.7569858712716,711571.8007821816,-0.0032927773892879484,0.5141330242156983,1.7039196014404296,0.008329857140779495,0.11070252656936645
6,4915200,0.00029699999999999996,0.010377206802368165,0.009775270223617554,0.0293994140625,0.9369894982497082,278.45624270711784,710216.8685684847,-0.003509119153022766,0.39100048542022703,1.6667604446411133,0.0066985651850700375,0.08393261432647706
7,5734400,0.0002964,0.00570141077041626,0.007799488306045532,0.022587890625,0.8547008547008547,390.7564102564103,708443.0285476628,-0.00374247208237648,0.2995370149612427,1.640462875366211,0.008595574647188187,0.1174771785736084
8,6553600,0.0002958,0.004646745622158051,0.003993997573852539,0.0117041015625,0.75,500.8692468619247,711163.5656866134,-0.003968686982989311,0.16110154390335082,1.61364803314209,0.008192651718854905,0.11249450445175171
9,7372800,0.00029519999999999997,0.0038849228620529176,0.003234635591506958,0.00919677734375,0.722860791826309,545.992337164751,712638.6273374463,-0.003443798795342445,0.1131045937538147,1.5891995429992676,0.007323319464921952,0.09589394330978393
10,8192000,0.00029459999999999995,0.004483010172843933,0.002557833194732666,0.00774658203125,0.276268115942029,827.0185688405797,704142.7010151251,-0.0035230442881584167,0.0696027398109436,1.5628403663635253,0.006444886326789856,0.07894139885902404
11,9011200,0.000294,0.009892840981483459,0.003922654092311859,0.012105712890625,0.6993736951983298,431.27000695894225,710067.9577925628,-0.0023763176053762437,0.11434750556945801,1.5419926643371582,0.00452992245554924,0.046514281630516054
12,9830400,0.0002934,0.00616222620010376,0.0019195541739463807,0.00574462890625,0.6107544141252006,512.2263242375602,711459.5459509798,-0.002953462302684784,0.057078850269317624,1.523752784729004,0.005250550433993339,0.061176764965057376
13,10649600,0.00029279999999999996,0.005391366481781006,0.0011707812547683716,0.003548583984375,0.5794642857142858,549.56875,715612.6288862523,-0.00360729806125164,0.03765136003494263,1.509458065032959,0.0060303304344415665,0.07517760992050171
14,11468800,0.00029219999999999995,0.005089344382286072,0.0008373304456472397,0.002781982421875,0.6192384769539078,513.0080160320641,712438.5064784603,-0.004148900508880615,0.02747243642807007,1.4965266227722167,0.006315142661333084,0.08022874593734741
15,12288000,0.0002916,0.005287042260169983,0.0010081733763217925,0.003065185546875,0.3516237402015677,713.6657334826427,703869.184882618,-0.003911994397640228,0.02852003276348114,1.4879456520080567,0.006349546462297439,0.0810053825378418
16,13107200,0.00029099999999999997,0.011935465335845948,0.0021113778650760653,0.00656982421875,0.648960739030023,421.8452655889146,704986.2560037238,-0.002624073438346386,0.053001266717910764,1.4783894538879394,0.005188537016510964,0.06022130846977234
17,13926400,0.00029039999999999996,0.01113952398300171,0.0017478437721729278,0.005560302734375,0.6880439761795694,387.36005497022444,707833.0613206226,-0.002876938320696354,0.04366045594215393,1.4669910430908204,0.005580522492527962,0.06562707424163819
18,14745600,0.00028979999999999994,0.010251543521881103,0.0013613176345825195,0.00422119140625,0.702995867768595,380.3362603305785,710386.497696443,-0.0031922679394483567,0.0368968665599823,1.454091739654541,0.005909370630979538,0.07031654119491577
19,15564800,0.0002892,0.00895423948764801,0.0010418449342250824,0.003397216796875,0.7277456647398844,365.42312138728323,708560.2978142007,-0.0036950893700122833,0.02658010721206665,1.4391535758972167,0.006079735234379768,0.07295421361923218
20,16384000,0.00028859999999999997,0.010088255405426025,0.0011372020840644836,0.00361328125,0.6645279560036663,421.9197983501375,706949.2060161401,-0.003469277173280716,0.02660714089870453,1.421729564666748,0.005449653416872024,0.061509162187576294
21,17203200,0.00028799999999999995,0.016492812633514403,0.0017515337467193604,0.005511474609375,0.7821350762527233,328.6346093993153,705195.0504903984,-0.002612969093024731,0.04641249179840088,1.3992191314697267,0.004634161293506622,0.0470357745885849
22,18022400,0.00028739999999999994,0.02194944620132446,0.0022369977831840516,0.007476806640625,0.8635071090047394,263.2654028436019,710983.2038863315,-0.0026951048523187636,0.05159426927566528,1.3733064651489257,0.004359367117285728,0.04254907071590423
23,18841600,0.0002868,0.02797562599182129,0.002790578007698059,0.008875732421875,0.9224644549763034,204.44815165876778,709382.3769772787,-0.0023123860359191895,0.06737158894538879,1.3477568626403809,0.004148828610777855,0.03960913419723511
24,19660800,0.00028619999999999996,0.033644890785217284,0.0030175507068634032,0.00998291015625,0.9671920231585719,155.97668060469604,708611.89478831,-0.002547037787735462,0.06267125010490418,1.3209710121154785,0.00425218865275383,0.040535148978233335
25,20480000,0.00028559999999999995,0.03911255121231079,0.0033129394054412843,0.01066650390625,0.9807105190119345,136.17554815431583,705881.2297211108,-0.0021512733772397043,0.0687743067741394,1.292519760131836,0.003980598598718643,0.03691344559192657
26,21299200,0.000285,0.04616215705871582,0.003674812912940979,0.01189453125,0.984509056244042,117.75583889418493,711186.1597711085,-0.002114048972725868,0.06779218316078187,1.2660300254821777,0.00392146073281765,0.035752198100090025
27,22118400,0.0002844,0.05214673042297363,0.004234839677810669,0.013753662109375,0.9925980754996299,98.46018822036586,713984.8642051534,-0.0019051169976592064,0.07276697158813476,1.2419961929321288,0.003911376371979714,0.03469458520412445
28,22937600,0.00028379999999999996,0.0560987663269043,0.004012997448444367,0.01355224609375,0.9963622062727362,88.01405958116213,710282.2492379536,-0.001947682723402977,0.062205052375793456,1.2196104049682617,0.0038949739187955855,0.03534216284751892
29,23756800,0.00028319999999999994,0.06010678291320801,0.004272574186325073,0.01411376953125,0.9981543004798819,78.97849760059063,696790.4179060506,-0.0018389817327260972,0.06374716162681579,1.196824550628662,0.003812491521239281,0.03283703029155731
30,24576000,0.0002826,0.06346445083618164,0.003830556869506836,0.0129296875,0.9984139571768438,75.24865626927483,709188.2843914106,-0.001884564571082592,0.054737985134124756,1.1727613449096679,0.003873370587825775,0.0327178955078125
31,25395200,0.00028199999999999997,0.06599156379699707,0.003829541802406311,0.01270263671875,0.9995780946755548,69.67639861615054,713861.0768877481,-0.0017397258430719375,0.05196371078491211,1.1486841201782227,0.0037668187171220778,0.03209301829338074
32,26214400,0.00028139999999999996,0.06835674285888672,0.0037051844596862793,0.01293212890625,0.999026369168357,68.35318458417849,706599.3441746979,-0.0016968430951237678,0.049472099542617796,1.1244062423706054,0.00385662280023098,0.03210351169109345
33,27033600,0.00028079999999999994,0.06991691589355468,0.0035990047454833984,0.012239990234375,0.9997615830882938,66.01549709926091,703267.4025210176,-0.0015547343529760838,0.04830946922302246,1.098514461517334,0.003604976460337639,0.028943729400634766
34,27852800,0.0002802,0.07154148578643799,0.003707643747329712,0.01297119140625,0.999688376441259,64.27352757868495,701934.1970073987,-0.0014838946983218193,0.04495683610439301,1.0722926139831543,0.0035866770893335344,0.02727343738079071
35,28672000,0.00027959999999999997,0.07335843086242676,0.003454688787460327,0.0121240234375,0.9995464509789099,63.22390203341144,700988.4041132468,-0.0012844346463680267,0.041290634870529176,1.0483920097351074,0.003265441209077835,0.024198490381240844
36,29491200,0.00027899999999999995,0.07500118732452393,0.0031982597708702085,0.011318359375,0.9998510353046328,61.3274244004171,701493.8089047397,-0.0013110123574733735,0.03769686222076416,1.0262986183166505,0.003309910371899605,0.024528804421424865
37,30310400,0.0002784,0.07644012451171875,0.00309249222278595,0.010892333984375,1.0,60.30149210064365,704529.8355603885,-0.001284805592149496,0.036624157428741456,1.005770206451416,0.003341105207800865,0.025339969992637636
38,31129600,0.0002778,0.0780938720703125,0.003236827254295349,0.01148193359375,0.999857163262391,59.05463505213541,704973.852401454,-0.001092732325196266,0.03699676394462585,0.9868319511413575,0.0031600017100572586,0.024195066094398497
39,31948800,0.0002772,0.07832804679870606,0.002892962396144867,0.010250244140625,1.0,58.346123671635404,703343.0883766176,-0.00125720901414752,0.03264324367046356,0.9627561569213867,0.003328695520758629,0.024138785898685455
40,32768000,0.0002766,0.07849286556243897,0.002819969654083252,0.009981689453125,1.0,57.73109600679694,701749.8821417015,-0.0011994228698313236,0.032976788282394406,0.9377827644348145,0.0033268067985773087,0.024080072343349457
41,33587200,0.000276,0.07982571125030517,0.0025575065612792967,0.009532470703125,0.9999303572672191,57.75137544397242,700787.1848170144,-0.0012964234687387944,0.027475181221961974,0.914546012878418,0.0031216347590088843,0.02283947914838791
42,34406400,0.00027539999999999997,0.08141403198242188,0.0025031590461730958,0.009454345703125,0.9999309916499897,56.75805672486371,698357.5504142912,-0.0012769162654876708,0.025698110461235046,0.8892855644226074,0.0032263606786727904,0.023948122560977936
43,35225600,0.0002748,0.08153056144714356,0.002486725002527237,0.009344482421875,1.0,56.08498525276082,705835.2518629322,-0.001271985098719597,0.027600008249282836,0.8654302597045899,0.0033889509737491607,0.023946405947208406
44,36044800,0.0002742,0.08336454391479492,0.0023949907720088957,0.00885498046875,1.0,55.761312445370805,712618.4333417899,-0.0010926472954452039,0.026453280448913576,0.8460576057434082,0.0031346015632152556,0.02152526080608368
45,36864000,0.0002736,0.08342506408691407,0.002427046298980713,0.009130859375,1.0,55.128876034169636,711671.4912314573,-0.0010810269042849541,0.023630882799625396,0.8229259490966797,0.003159518912434578,0.02197864055633545
46,37683200,0.00027299999999999997,0.08383565902709961,0.0024313074350357055,0.008809814453125,1.0,54.59604105571847,708044.9868293958,-0.0008827252313494682,0.026923152804374694,0.8044327735900879,0.002772640436887741,0.01640930324792862
47,38502400,0.0002724,0.08460237503051758,0.002119283229112625,0.008057861328125,1.0,54.38264627659574,706164.8797417721,-0.0011369218118488789,0.021706119179725647,0.7850678920745849,0.0030828129500150682,0.020986208319664003
48,39321600,0.0002718,0.0851881217956543,0.0021998822689056397,0.008240966796875,0.9998684383633732,54.13096960926194,706796.6110901646,-0.0010031566955149174,0.02309907227754593,0.7639897346496582,0.0032363001257181166,0.022071532905101776
49,40140800,0.0002712,0.08515378952026367,0.0020931240916252135,0.00770751953125,1.0,53.758050764084736,713909.1061178149,-0.0011641369201242924,0.021596087515354155,0.7432399272918702,0.003120836615562439,0.021288573741912842
50,40960000,0.00027059999999999996,0.08494071960449219,0.0017868812382221223,0.006998291015625,0.9999341585462207,53.704108506715826,707735.475242005,-0.0009610317647457123,0.018558627367019652,0.7219287872314453,0.0030312329530715943,0.018943116068840027
51,41779200,0.00027,0.08546602249145507,0.0018060719966888428,0.006771240234375,0.9999346960099262,53.62868151244041,705512.9600884336,-0.0010032718069851398,0.017330901324748994,0.701408052444458,0.0028834909200668333,0.020593509078025818
52,42598400,0.0002694,0.0867766284942627,0.0016606183350086213,0.00685302734375,1.0,53.127137786382704,708196.9806661484,-0.0009772658348083496,0.0148949533700943,0.6782622337341309,0.0028878489509224893,0.01938818395137787
53,43417600,0.0002688,0.08703956604003907,0.0015709163248538971,0.006339111328125,1.0,52.692253066494516,712019.4463444797,-0.0009298673830926418,0.016346997022628783,0.6542909145355225,0.0030530627816915514,0.020322144031524658
54,44236800,0.00026819999999999996,0.08727392196655273,0.0016084006428718567,0.006243896484375,0.9999358768836165,52.84328310355883,708869.4896983121,-0.0008784107863903046,0.016462549567222595,0.633769941329956,0.0031060637906193734,0.019988523423671724
55,45056000,0.0002676,0.08778474807739257,0.0014423024654388428,0.00596923828125,0.99987254652052,52.16186591893959,707664.222441437,-0.0009548047557473183,0.013795463740825653,0.611263370513916,0.003002787008881569,0.02071399539709091
56,45875200,0.000267,0.08801226615905762,0.001627611219882965,0.00638427734375,1.0,52.083931634792556,706903.7726482557,-0.0010113961063325406,0.016009646654129028,0.5892210483551026,0.0030555525794625283,0.020817264914512634
57,46694400,0.00026639999999999997,0.08883588790893554,0.0015188013017177582,0.006259765625,1.0,51.56347508807247,712776.1941537543,-0.0008913369849324227,0.014169342815876007,0.5686527252197265,0.002816502749919891,0.019778071343898772
58,47513600,0.00026579999999999996,0.0894481086730957,0.0015647765994071961,0.006268310546875,0.9999375624375625,51.38449050949051,710461.3867375242,-0.0008133024908602238,0.015370027720928192,0.5463287353515625,0.002825918048620224,0.018683469295501708
59,48332800,0.0002652,0.08981069564819336,0.001402440071105957,0.00577392578125,0.9999372686782511,51.22250799824352,708163.1294901009,-0.0008080814965069294,0.015188485383987427,0.5250380992889404,0.0027119288221001624,0.017481081187725067
60,49152000,0.0002646,0.09020932197570801,0.0013096605241298676,0.00548828125,0.9999381264694963,51.03799034772924,705181.7714541117,-0.0009430033154785633,0.012214600294828414,0.504475450515747,0.00266534760594368,0.01596093475818634
61,49971200,0.00026399999999999997,0.0913212776184082,0.0013694447278976441,0.0055712890625,1.0,50.425127605928296,715432.3915765589,-0.0008121626451611519,0.012231764942407608,0.4807485580444336,0.002678796648979187,0.017051877081394197
62,50790400,0.00026339999999999995,0.0910397720336914,0.0014197486639022827,0.0056787109375,0.9999384008870272,50.27282247135641,712746.1508471983,-0.0006875606719404459,0.01790586709976196,0.4622224807739258,0.0024578766897320747,0.013780637085437775
63,51609600,0.0002628,0.09079532623291016,0.0014090725779533385,0.00566650390625,0.9999382296621162,50.23423312125517,709656.3076138255,-0.0007480734493583441,0.013330161571502686,0.4424452781677246,0.0024862995371222494,0.01420629620552063
64,52428800,0.0002622,0.09145578384399414,0.001202743723988533,0.005091552734375,0.9998778625954199,50.46387786259542,709511.4011215015,-0.0007143849041312933,0.010211902856826782,0.42224922180175783,0.0025103194639086723,0.014855347573757172
65,53248000,0.00026159999999999996,0.09128884315490722,0.0012228941917419433,0.00510498046875,0.9997539975399754,50.50670356703567,714736.8587801076,-0.0008536389097571373,0.011458028852939606,0.3992348909378052,0.002526249922811985,0.01587255597114563
66,54067200,0.000261,0.09176313400268554,0.0011666887998580933,0.00495849609375,0.9999389462116124,49.96403931863972,709308.374288848,-0.0007279274053871631,0.011354099959135056,0.37433648109436035,0.002657324820756912,0.01776709109544754
67,54886400,0.0002604,0.09187538146972657,0.0010742977261543273,0.00485107421875,1.0,49.778785849114044,703009.7729751454,-0.0007204851601272822,0.010058587044477462,0.3492457866668701,0.002377084642648697,0.01492028683423996
68,55705600,0.00025979999999999997,0.09237023353576661,0.0012802571058273316,0.0054638671875,0.9999393461515134,49.89773761145145,707062.9718587137,-0.0005070690065622329,0.013727153837680816,0.3279980182647705,0.0026466552168130874,0.01726611703634262
69,56524800,0.00025919999999999996,0.09248933792114258,0.0012706965208053589,0.0053857421875,1.0,49.542418007987415,705307.7585501431,-0.0006265168078243733,0.012457117438316345,0.31203312873840333,0.0025337904691696165,0.014783449470996857
70,57344000,0.0002586,0.09307773590087891,0.0012283159047365188,0.005264892578125,0.9999397118225116,49.51299210224875,711028.0004285459,-0.000552869075909257,0.012704738974571228,0.29720656871795653,0.002497602440416813,0.01558557003736496
71,58163200,0.000258,0.09308035850524903,0.001141362190246582,0.00493896484375,1.0,49.2569343945972,705832.3709233395,-0.0006897899322211743,0.011229488998651505,0.2833322763442993,0.002349412627518177,0.013749141991138459
72,58982400,0.00025739999999999997,0.09346837043762207,0.0012194830924272537,0.00518310546875,1.0,49.256539175196025,709987.577318916,-0.00046190693974494933,0.011769972741603851,0.2705819845199585,0.0024927271530032157,0.015198974311351776
73,59801600,0.00025679999999999995,0.09348106384277344,0.0011934278905391693,0.005096435546875,1.0,49.03076183609709,707026.897236256,-0.0005359092261642218,0.010823959112167358,0.2571207284927368,0.002363901026546955,0.014214114844799041
74,60620800,0.0002562,0.09377330780029297,0.0010854802280664444,0.004888916015625,0.9998801462216096,48.979684784562835,706109.6438636924,-0.0006000170949846506,0.009746501594781876,0.23772382736206055,0.002552836015820503,0.016603878140449523
75,61440000,0.0002556,0.09376411437988282,0.00107748880982399,0.00478759765625,0.9999406140507155,48.95551992398598,711932.8256401628,-0.0005320390686392784,0.0103120818734169,0.22037136554718018,0.0025435637682676314,0.01725805699825287
76,62259200,0.00025499999999999996,0.0948817253112793,0.0012285740673542024,0.005308837890625,1.0,48.58947617918938,709184.9574719084,-0.0005929879378527402,0.012341297417879104,0.20502548217773436,0.002303658612072468,0.01320544332265854
77,63078400,0.00025439999999999995,0.09477462768554687,0.001093280017375946,0.004908447265625,1.0,48.54440497335702,707473.2425955519,-0.0005903276149183511,0.009697440266609191,0.18919155597686768,0.0022113747894763947,0.012794920802116394
78,63897600,0.0002538,0.095274658203125,0.001192118376493454,0.005191650390625,1.0,48.003874376284124,705440.2003671183,-0.0005711489357054234,0.01332467794418335,0.1764143466949463,0.002522265911102295,0.014887693524360656
79,64716800,0.0002532,0.09582757949829102,0.001198960617184639,0.005455322265625,1.0,48.05783231564114,709456.9979411316,-0.0006925673224031925,0.009276727586984635,0.1615429401397705,0.0025677682831883432,0.015877439081668852
80,65536000,0.00025259999999999996,0.09591968536376953,0.001188172698020935,0.005350341796875,0.9999414314161884,48.020791847253136,715178.9270500467,-0.0005171658005565405,0.008588381856679917,0.14376275539398192,0.002446785755455494,0.01577087342739105
81,66355200,0.00025199999999999995,0.09602024078369141,0.001054186373949051,0.004677734375,0.9998829930380858,47.924003978236705,712811.4361427553,-0.0005774889141321182,0.00880623683333397,0.12798773050308226,0.00222631823271513,0.012138551473617554
82,67174400,0.0002514,0.09648147583007813,0.0010985762625932694,0.004698486328125,0.999825327510917,47.832605531295485,709214.1853713476,-0.00045393281616270544,0.013223852217197418,0.11667306423187256,0.0021318018436431883,0.011831176280975342
83,67993600,0.00025079999999999997,0.09659062385559082,0.001208653599023819,0.00509521484375,0.9999419616947185,47.718398142774234,713122.8821629569,-0.0004749512765556574,0.01401263028383255,0.10153132677078247,0.0023315263912081718,0.014676757156848907
84,68812800,0.00025019999999999996,0.09653692245483399,0.0009542083740234374,0.00454833984375,1.0,47.661870084474224,715492.8364639696,-0.0006954508833587169,0.009367521107196807,0.0858486533164978,0.0023587986826896666,0.014554442465305328
85,69632000,0.00024959999999999994,0.09663901329040528,0.0011122360825538634,0.00490234375,0.9999419043746006,47.59228490094696,697835.8061973084,-0.0004906110931187868,0.011758724600076676,0.07510251998901367,0.001985309086740017,0.010023193061351776
86,70451200,0.000249,0.09669418334960937,0.0010517235100269318,0.00498046875,0.9999421162306089,47.60291734197731,702877.9497531368,-0.0003926037810742855,0.0088311105966568,0.062185120582580564,0.002398822084069252,0.014592774212360382
87,71270400,0.0002484,0.09707773208618165,0.0010261482000350952,0.00485595703125,0.9999421430224485,47.30722055079843,702986.3916906666,-0.0004606232978403568,0.01090511828660965,0.04881868362426758,0.002253822423517704,0.014234860241413117
88,72089600,0.0002478,0.09715353012084961,0.0011269783973693848,0.005126953125,1.0,47.237005877607466,703171.7079410708,-0.0003814031602814794,0.010470326989889145,0.03552970290184021,0.0020867163315415383,0.011662842333316803
89,72908800,0.0002472,0.09725667953491211,0.0010791604965925217,0.004715576171875,1.0,47.11855997230716,707973.9580359341,-0.0004501380957663059,0.010688426345586777,0.020659257471561433,0.002291584573686123,0.013700197637081146
90,73728000,0.0002466,0.09785505294799805,0.0010044828057289123,0.00485595703125,1.0,46.93970310081963,702736.7708995785,-0.00061622797511518,0.008626849949359893,0.0029112398624420166,0.0022252827882766725,0.012786865234375
91,74547200,0.000246,0.09805076599121093,0.0009355498105287552,0.004365234375,0.9998857273454462,47.01005599360073,704228.473470434,-0.00043263034895062446,0.008656133711338044,-0.012901805341243744,0.002191429026424885,0.013134273886680602
92,75366400,0.0002454,0.0974964714050293,0.0008947473019361496,0.00428955078125,1.0,47.014835259617044,703889.777567983,-0.0006261533591896296,0.008026672154664993,-0.02939324975013733,0.002526592090725899,0.01569262593984604
93,76185600,0.0002448,0.09788577079772949,0.0010684177279472352,0.004930419921875,1.0,46.86740236720224,701924.3430176083,-0.0006668413057923317,0.009908702224493027,-0.039299610257148745,0.002268399856984615,0.013230222463607787
94,77004800,0.00024419999999999997,0.09793672561645508,0.0010684391856193543,0.0047900390625,0.9998852355540253,47.0095254490159,705117.1081743494,-0.000364768598228693,0.00900086984038353,-0.050461572408676145,0.0022355148568749426,0.01315942257642746
95,77824000,0.00024359999999999999,0.097874755859375,0.0010030715167522431,0.004630126953125,1.0,46.912512891027845,707523.2483611208,-0.0004717214498668909,0.00915028378367424,-0.06646761894226075,0.0023467108607292176,0.014635007083415984
96,78643200,0.000243,0.0985263442993164,0.0009074278175830841,0.004493408203125,0.9999430426610468,46.937517799168425,707254.9759116234,-0.0004085909575223923,0.008423113077878953,-0.0827509343624115,0.0022230077534914016,0.012828369438648225
97,79462400,0.00024239999999999998,0.09904010772705078,0.0008925917744636536,0.00419189453125,1.0,46.41955459606863,710183.9480146358,-0.0006632547825574875,0.007457642257213593,-0.10070481300354003,0.002696213871240616,0.017732909321784972
98,80281600,0.0002418,0.09890101432800293,0.0010909202694892883,0.00484619140625,1.0,46.44991789819376,709357.1897951632,-0.00043441280722618104,0.012451914697885513,-0.11576269865036011,0.002255640923976898,0.01399499773979187
99,81100800,0.00024119999999999998,0.09855598449707031,0.0010494263470172882,0.0051708984375,0.9999431689020232,46.490622868833825,715508.1209054015,-0.0004957383032888174,0.00815567821264267,-0.13157094717025758,0.0022938694804906846,0.014353516697883605
100,81920000,0.0002406,0.09917066574096679,0.0010219706594944,0.0047998046875,1.0,46.325886544878685,713874.1174676085,-0.0005096319597214461,0.008619704097509385,-0.1467982292175293,0.002488590031862259,0.016170772910118102
101,82739200,0.00023999999999999998,0.09845584869384766,0.0009317368268966675,0.004483642578125,0.9998871586549312,46.23250959151433,711173.222096561,-0.0004790919367223978,0.008636566996574401,-0.1602136492729187,0.00218750536441803,0.013246950507164002
102,83558400,0.0002394,0.09966563224792481,0.000954592078924179,0.004609375,1.0,46.15461416967509,705226.7978548245,-0.00044850977137684823,0.008954637497663499,-0.17496012449264525,0.0021598372608423234,0.011027832329273225
103,84377600,0.0002388,0.09963777542114258,0.001008654162287712,0.004765625,1.0,46.11318204853877,714067.8409825282,-0.0004046439193189144,0.010096917301416397,-0.18557460308074952,0.0021658863872289656,0.012990111112594604
104,85196800,0.0002382,0.09962469100952148,0.0008247566968202591,0.004249267578125,1.0,46.21717770625106,701992.0509465104,-0.0005047268699854612,0.006961233913898468,-0.19656832218170167,0.0022488458082079886,0.013716919720172882
105,86016000,0.0002376,0.10015378952026367,0.0009733216464519501,0.0048046875,0.9998876909254267,46.019597933513026,706879.6577190527,-0.000540638342499733,0.007981270551681519,-0.20797560214996338,0.0023505186662077905,0.014577515423297882
106,86835200,0.000237,0.09954912185668946,0.0008853355050086975,0.004425048828125,0.9999439304737875,46.10877488085226,707009.0170843008,-0.00043437140993773937,0.007476427406072616,-0.22135369777679442,0.002410358190536499,0.01601818948984146
107,87654400,0.0002364,0.10014605522155762,0.0009625418484210967,0.004622802734375,0.9999441621531073,45.83388240549444,705989.801031175,-0.0005706717725843191,0.009119940549135208,-0.23137574195861815,0.002200635336339474,0.012022827565670014
108,88473600,0.00023579999999999999,0.10033900260925294,0.0008780817687511444,0.004530029296875,0.9999439932791935,45.781909829179504,711050.5581660065,-0.0004960718099027873,0.007167494297027588,-0.24248290061950684,0.0022326458245515825,0.013438354432582855
109,89292800,0.0002352,0.10048168182373046,0.0009273251891136169,0.004730224609375,1.0,45.87358828133736,709044.0353372727,-0.0005638948176056146,0.006613112986087799,-0.25642802715301516,0.0020970776677131653,0.011802123486995697
110,90112000,0.00023459999999999998,0.10004101753234863,0.0008712190389633178,0.004368896484375,1.0,45.76357630724443,710097.7406272175,-0.0005829423200339079,0.007668247818946839,-0.2718742847442627,0.0023762833327054976,0.014406980574131012
111,90931200,0.000234,0.10039083480834961,0.0008613428473472595,0.004700927734375,1.0,45.67985971943888,708494.6623716968,-0.0006447943858802318,0.006031658872961998,-0.2841045379638672,0.002326635643839836,0.014412477612495422
112,91750400,0.00023339999999999998,0.10038492202758789,0.0008921235799789429,0.004466552734375,1.0,45.64996645045851,706502.9895778722,-0.0003641341347247362,0.007950204610824584,-0.2958282232284546,0.00233573280274868,0.015474244952201843
113,92569600,0.0002328,0.1004419231414795,0.0007930482178926468,0.00395263671875,0.9999443207126949,45.75662583518931,712168.2147781132,-0.0005644453223794699,0.006636752188205719,-0.3070884943008423,0.002376182936131954,0.015663206577301025
114,93388800,0.00023219999999999998,0.1004728126525879,0.0009066583216190338,0.004390869140625,0.9999442741710783,45.61816662022848,711366.0492673927,-0.0005067906808108091,0.008267365396022797,-0.32137939929962156,0.0023013701662421226,0.013171383738517761
115,94208000,0.0002316,0.10112350463867187,0.0008337884396314621,0.004508056640625,1.0,45.50505274847307,709044.6846222153,-0.0003691590391099453,0.007325379550457001,-0.33397722244262695,0.0021623358130455016,0.013298949599266053
116,95027200,0.00023099999999999998,0.10130630493164063,0.0007797184586524963,0.0042919921875,0.9999446902654867,45.380807522123895,710757.1848533729,-0.0005731991026550531,0.0062462218105793,-0.3491262435913086,0.0022536229342222215,0.013414792716503143
117,95846400,0.0002304,0.10178066253662109,0.0007821808755397796,0.004090576171875,0.9999446535311047,45.44421075935355,715627.2845582219,-0.00047899195924401284,0.0053708236664533615,-0.3639012336730957,0.0023913023993372916,0.015749752521514893
118,96665600,0.00022979999999999997,0.10133541107177735,0.0008138604462146759,0.004478759765625,1.0,45.253264718902166,713941.1353279691,-0.0006726504303514958,0.005072662606835365,-0.380821967124939,0.0024358531460165977,0.01535961925983429
119,97484800,0.0002292,0.10132465362548829,0.0008667320758104324,0.004398193359375,1.0,45.22197656422728,711917.1731158874,-0.0004918752703815699,0.007300317287445068,-0.39747233390808107,0.002291310764849186,0.014066651463508606
120,98304000,0.00022859999999999997,0.10108760833740234,0.000945303738117218,0.00436279296875,1.0,45.38241990116053,702365.403959556,-0.0005208521150052547,0.008146009594202041,-0.4099102973937988,0.002291630022227764,0.014483396708965302
121,99123200,0.00022799999999999999,0.10127163887023925,0.0007648290693759918,0.003839111328125,0.9998893744123015,45.323469218430226,706121.6208049789,-0.0004266677889972925,0.005389108136296272,-0.4201645374298096,0.0023093000054359436,0.014961300790309906
122,99942400,0.00022739999999999997,0.1010828399658203,0.0008435989916324616,0.0041162109375,0.9999445091837301,45.46617834748349,705249.9974794054,-0.00027362760156393053,0.009200673550367355,-0.42978725433349607,0.0025152532383799554,0.017014278471469878
123,100761600,0.00022679999999999998,0.10159341812133789,0.0007117794454097748,0.003531494140625,0.9999447574853607,45.272842779803334,692821.3867544665,-0.0005429983139038086,0.005749896168708801,-0.44321632385253906,0.0023823074996471407,0.014765621721744537
124,101580800,0.00022619999999999997,0.10161442756652832,0.0007660871744155883,0.004063720703125,0.9998896064469835,45.33730750124193,698217.4680247192,-0.00048801442608237267,0.006918757408857346,-0.45488762855529785,0.0021017786115407945,0.01267114132642746
125,102400000,0.00022559999999999998,0.10179058074951172,0.0006950175017118454,0.003614501953125,1.0,45.23145744739603,698917.4365079238,-0.00044650561176240444,0.005699092522263527,-0.4637779235839844,0.002335457131266594,0.015408085286617279
126,103219200,0.000225,0.10179605484008789,0.0008523975312709808,0.004027099609375,0.9999448428019857,45.22487589630447,699720.1666961776,-0.00037413304671645163,0.007338472455739975,-0.4780258655548096,0.002482808381319046,0.016128171980381013
127,104038400,0.00022439999999999998,0.10195608139038086,0.0007271211594343186,0.003402099609375,1.0,45.11568746214415,699684.5260324831,-0.0004445867147296667,0.005197779834270477,-0.4928910732269287,0.0023145489394664764,0.01436437964439392
128,104857600,0.0002238,0.10196324348449708,0.0007488355040550232,0.00374267578125,1.0,45.128428721231856,701184.8474252775,-0.0005164575297385455,0.0053633410483598706,-0.5058802127838135,0.002088549919426441,0.011757569015026092
129,105676800,0.00022319999999999998,0.10213369369506836,0.0006970187276601792,0.00354248046875,0.999890320811626,45.073430216616394,704580.8854274901,-0.00042816917411983015,0.005276224389672279,-0.5198647022247315,0.0019993335008621216,0.010370726138353348
130,106496000,0.0002226,0.10181626319885254,0.0007177353650331497,0.00373046875,0.9999449187551639,45.0144863673919,703463.3941726105,-0.00043097366578876973,0.005001920089125633,-0.5301692485809326,0.0023264383897185327,0.014923462271690368
131,107315200,0.00022199999999999998,0.10219987869262695,0.0007211694121360779,0.0033642578125,0.9999450760696436,45.03762289229417,703702.9927683366,-0.00033816443756222724,0.006502944976091385,-0.5407260894775391,0.0021723058074712754,0.012577880918979645
132,108134400,0.0002214,0.10200986862182618,0.0006354430317878723,0.00335693359375,1.0,45.06538143762049,708684.0074574853,-0.0005405677016824484,0.004473733529448509,-0.5532965660095215,0.002317928709089756,0.014089235663414001
133,108953600,0.00022079999999999997,0.10248676300048828,0.000750417560338974,0.00369384765625,1.0,44.93416858995494,714051.5008710457,-0.0003224846441298723,0.006569471955299377,-0.5648532390594483,0.0022449078038334846,0.014442139863967895
134,109772800,0.00022019999999999999,0.10217103958129883,0.0007184909284114838,0.003577880859375,0.999890001099989,45.1370036299637,714774.365136912,-0.000393650121986866,0.006994463503360748,-0.5733778953552247,0.002061360888183117,0.011433595418930053
135,110592000,0.00021959999999999997,0.10251860618591309,0.0006547527015209198,0.003392333984375,1.0,44.771234676007005,712613.2701707134,-0.00045177852734923363,0.004942611232399941,-0.5862048149108887,0.002181610278785229,0.01417321413755417
136,111411200,0.00021899999999999998,0.1022368049621582,0.0006827019155025482,0.003447265625,0.9998903027643703,45.0218297498903,709141.5154054408,-0.0004944374784827232,0.005150800198316574,-0.6010865688323974,0.002244078367948532,0.0138641357421875
137,112230400,0.00021839999999999997,0.10240755081176758,0.0006571590155363083,0.003375244140625,1.0,44.81019052325262,712377.914488069,-0.0006574449129402637,0.004575622454285622,-0.6179172039031983,0.0023053700104355814,0.013957272469997405
138,113049600,0.00021779999999999998,0.10310497283935546,0.0007404756546020508,0.003714599609375,0.9998366280019605,44.7398028644557,708773.2600388149,-0.00044560180976986884,0.004723743349313736,-0.6325351238250733,0.002209332399070263,0.013221433758735657
139,113868800,0.00021719999999999997,0.10287528991699219,0.0007505363970994949,0.003900146484375,0.9998909190073629,44.68628306517589,702567.4325224919,-0.00045447079464793204,0.00563257560133934,-0.6464498043060303,0.002178546227514744,0.012950804829597474
140,114688000,0.00021659999999999998,0.10284574508666992,0.0007117971032857894,0.003760986328125,0.9998366546880104,44.8276162474137,700635.1030902123,-0.0004315313883125782,0.006023390591144562,-0.6599229335784912,0.0021697906777262688,0.012870603799819946
141,115507200,0.00021599999999999996,0.10316630363464356,0.0007306547462940217,0.003985595703125,1.0,44.51471308131629,694875.8231925557,-0.000338240759447217,0.004823269695043564,-0.6735445022583008,0.0023080941289663317,0.01457800269126892
142,116326400,0.00021539999999999998,0.10336692810058594,0.0006754924356937408,0.0034912109375,1.0,44.338858195211785,694945.1758737557,-0.00033880248665809634,0.006261453777551651,-0.6840692043304444,0.0019972234964370727,0.011179077625274658
143,117145600,0.00021479999999999996,0.10332043647766113,0.000715738832950592,0.003958740234375,1.0,44.59659834278238,699759.6956432642,-0.0003663565497845411,0.005119546130299568,-0.6997044563293457,0.0023605598136782644,0.014569823443889619
144,117964800,0.00021419999999999998,0.10280790328979492,0.000719527006149292,0.003485107421875,0.9999454416498446,44.76736319493698,706459.4557252362,-0.0004456086549907923,0.004946539551019669,-0.7161119461059571,0.002243014797568321,0.013621580600738526
145,118784000,0.00021359999999999996,0.10332399368286133,0.0007069644331932068,0.003502197265625,0.9998909725250763,44.64195377235063,705989.3070633146,-0.0003472597803920507,0.005062464997172356,-0.728410291671753,0.002555088885128498,0.01839282214641571
146,119603200,0.00021299999999999997,0.10320463180541992,0.0007005049288272857,0.00353759765625,0.9999457435841789,44.54370354294395,699553.7167440294,-0.0005535318981856107,0.00521700493991375,-0.7400707721710205,0.0023902971297502518,0.015441285073757171
147,120422400,0.00021239999999999996,0.10357719421386719,0.0007028205692768097,0.003367919921875,1.0,44.232560652725994,702119.6564683068,-0.0006087602116167546,0.005305498093366623,-0.7532621383666992,0.002284298837184906,0.014383789896965028
148,121241600,0.00021179999999999997,0.10310384750366211,0.0007257276028394699,0.003697509765625,1.0,44.47628361858191,701915.7177828095,-0.0005590868182480335,0.004733028635382652,-0.7689995765686035,0.002365387976169586,0.015279661118984222
149,122060800,0.00021119999999999996,0.10338064193725587,0.0007829345762729645,0.003646240234375,1.0,44.42118106393362,706350.2600584654,-0.00038295125123113396,0.006397196650505066,-0.7828351020812988,0.002425646409392357,0.01566760092973709
150,122880000,0.00021059999999999997,0.10330024719238282,0.0008003468811511994,0.00380859375,1.0,44.5110192087936,713796.6345810277,-0.0004339192993938923,0.006854745000600815,-0.7886233329772949,0.0022465763613581657,0.01391625702381134
151,123699200,0.00020999999999999998,0.10394514083862305,0.0007598643004894256,0.003704833984375,1.0,44.43570192515683,712417.9608860693,-0.0004297130275517702,0.005446448922157288,-0.7964799880981446,0.0021190008148550986,0.013112549483776093
152,124518400,0.00020939999999999997,0.10371713638305664,0.0007177238166332244,0.00356201171875,1.0,44.237984538033196,710847.2202300775,-0.0002915895078331232,0.004866209626197815,-0.8082732200622559,0.002223888970911503,0.013875120878219604
153,125337600,0.00020879999999999998,0.10395708084106445,0.0006778516620397568,0.003697509765625,1.0,44.271053344164635,710738.9491338069,-0.0003736894577741623,0.005803877860307694,-0.8193414688110352,0.0020054731518030166,0.010748291015625
154,126156800,0.00020819999999999996,0.10384715080261231,0.0007717381417751312,0.00356689453125,0.9999458581483487,44.38467785598267,714711.6391014592,-0.0004676086828112602,0.006080994755029679,-0.828575611114502,0.0023495763540267943,0.015846316516399384
155,126976000,0.00020759999999999998,0.10383148193359375,0.0006213007122278214,0.003096923828125,1.0,44.26772589710333,708040.4522445694,-0.0005394489504396916,0.005006444454193115,-0.8410494804382325,0.0023362120613455773,0.01486852765083313
156,127795200,0.00020699999999999996,0.10382534027099609,0.0006959241628646851,0.00331298828125,0.999946024720678,44.32169266475954,708501.4676503235,-0.0003620382398366928,0.005688321962952614,-0.8525911331176758,0.0025713322684168816,0.01739465445280075
157,128614400,0.00020639999999999998,0.10404415130615234,0.0005977622047066689,0.003038330078125,1.0,44.16441611753268,705725.7387567832,-0.00036275959573686125,0.004855135828256607,-0.8612224578857421,0.0020309256389737127,0.012028440088033675
158,129433600,0.00020579999999999996,0.10391376495361328,0.0007322801649570465,0.003704833984375,0.9999460218071899,44.308593328295366,710325.0156386239,-0.0003707945579662919,0.00531812272965908,-0.8723712921142578,0.0023597680032253266,0.014951539039611817
159,130252800,0.00020519999999999997,0.10411706924438477,0.000665009617805481,0.003267822265625,1.0,44.19776421666577,708999.3092686371,-0.0005372793413698674,0.0051422111690044405,-0.8830059051513672,0.0022019341588020323,0.012993896007537841
160,131072000,0.00020459999999999996,0.10442170143127441,0.0006450039148330689,0.003524169921875,0.9999461003611276,44.10521209507896,697660.8008073426,-0.0004154458176344633,0.004737785831093788,-0.8954556465148926,0.00213122945278883,0.012965697050094604
161,131891200,0.00020399999999999997,0.10442864418029785,0.0006239721924066544,0.00334716796875,1.0,44.05999139136985,702816.3540387254,-0.00037016000133007767,0.005557174608111381,-0.9068042755126953,0.0019781287759542466,0.011356446146965026
162,132710400,0.00020339999999999996,0.10404855728149415,0.0006613867729902268,0.00341796875,0.9998920960345292,44.31351497167521,706414.807766979,-0.00046624047681689265,0.0041643321514129635,-0.9168881416320801,0.0022078052163124083,0.01342834234237671
163,133529600,0.00020279999999999997,0.10429429054260254,0.0008110519498586655,0.0039892578125,1.0,43.92419856331082,710233.4937162779,-0.00032279540318995713,0.0072633311152458194,-0.9255426406860352,0.0022202601656317713,0.014113524556159973
164,134348800,0.00020219999999999995,0.10409871101379395,0.0006599961966276169,0.003587646484375,0.9999461352006463,44.07196337193644,712195.2807349233,-0.0003304571146145463,0.004737413674592972,-0.9360286712646484,0.0023022910580039026,0.01496630609035492
165,135168000,0.00020159999999999997,0.10450071334838867,0.0007217311859130859,0.00351806640625,1.0,44.167403970651705,706679.0715175559,-0.0003808086272329092,0.005394459143280983,-0.946431827545166,0.0023725666105747223,0.01550256609916687
166,135987200,0.00020099999999999995,0.10474534988403321,0.000761307030916214,0.003494873046875,1.0,43.94805752307362,707753.4385694948,-0.00039027249440550806,0.006361211091279984,-0.9536465644836426,0.0024249885231256486,0.016901123523712158
167,136806400,0.00020039999999999997,0.10443412780761718,0.000641598105430603,0.00339599609375,0.9998925020155872,44.02295081967213,706778.125553368,-0.00038233338855206964,0.0051947470754385,-0.9629118919372559,0.0023253463208675385,0.014580082893371583
168,137625600,0.00019979999999999995,0.10419204711914062,0.0006306008249521255,0.00336669921875,0.9998926693141569,44.109262638188255,716462.9513044755,-0.0003814085153862834,0.0043192368000745775,-0.9744288444519043,0.002097875252366066,0.012493164837360382
169,138444800,0.00019919999999999996,0.10431140899658203,0.0007003420591354371,0.0034619140625,1.0,43.86697075395761,714218.9661120732,-0.0002741750795394182,0.0053276877850294115,-0.9838221549987793,0.0022238312289118768,0.014674317836761475
170,139264000,0.00019859999999999995,0.10466376304626465,0.0006156856566667556,0.003267822265625,0.9999461410028545,44.08590510044703,711638.9544361222,-0.00047967270947992804,0.0039052177220582963,-0.9955842971801758,0.002323877438902855,0.015558715164661407
171,140083200,0.00019799999999999996,0.10435916900634766,0.000597134493291378,0.003243408203125,0.9999462741094933,44.05974319024338,710328.5590514273,-0.00044034067541360856,0.0036046791821718214,-1.007147216796875,0.0021951690316200255,0.01472497135400772
172,140902400,0.00019739999999999995,0.10514268875122071,0.0006234579533338547,0.003192138671875,0.999946412303735,43.99260489791544,712446.5866990333,-0.0003693613689392805,0.004451854899525642,-1.022654914855957,0.002404353953897953,0.01601037532091141
173,141721600,0.00019679999999999999,0.1052341651916504,0.0006435884535312652,0.003372802734375,0.999946190271201,44.05413258717176,709321.8080506269,-0.0004556344822049141,0.004096958786249161,-1.0349739074707032,0.002054315246641636,0.012413328886032105
174,142540800,0.0001962,0.1046169376373291,0.0006829700618982315,0.0036083984375,1.0,43.91498127340824,704999.9401652457,-0.0004722035024315119,0.0036218822002410888,-1.043006706237793,0.002097349800169468,0.012632322311401368
175,143360000,0.00019559999999999998,0.10488625526428223,0.0006471815705299378,0.00324951171875,1.0,43.86996405772223,703250.8169736086,-0.00045269704423844814,0.003741786628961563,-1.0548133850097656,0.0022788014262914657,0.014226561784744263
176,144179200,0.000195,0.10468092918395996,0.0006616778671741485,0.003251953125,1.0,43.75487108311536,703110.219785534,-0.0003864781465381384,0.00419372171163559,-1.068228530883789,0.0021848250180482864,0.012616698443889619
177,144998400,0.00019439999999999998,0.10525638580322266,0.0006968013942241669,0.0034228515625,1.0,43.90051402869994,707121.9787661626,-0.0003533647861331701,0.004627089202404022,-1.0833906173706054,0.002189476415514946,0.013320434093475341
178,145817600,0.0001938,0.10471104621887208,0.0006915301084518433,0.003421630859375,1.0,43.8718347639485,706160.602208276,-0.00022840076126158239,0.005086722224950791,-1.0947381973266601,0.0024359382688999174,0.01682433933019638
179,146636800,0.00019319999999999998,0.1047549819946289,0.0008276192098855972,0.003966064453125,1.0,43.922115539344524,696425.1004930852,-0.00024566606152802705,0.008764573186635972,-1.101619338989258,0.002199246920645237,0.013395260274410247
180,147456000,0.0001926,0.10506233215332031,0.0006026491895318031,0.003394775390625,1.0,43.81454545454545,702032.3580896892,-0.0003681252244859934,0.004186328873038292,-1.1134513854980468,0.0022116720676422117,0.013765747845172881
181,148275200,0.00019199999999999998,0.10476242065429688,0.0006576127558946609,0.003536376953125,0.9999467518636848,43.70969116080937,702029.4575431074,-0.0003633132204413414,0.003801402449607849,-1.127237033843994,0.0024329328909516333,0.016349364817142487
182,149094400,0.0001914,0.10514434814453125,0.0005872227996587754,0.00336181640625,1.0,43.82260916153228,702480.4972491711,-0.0003598388284444809,0.0034884121268987656,-1.1377954483032227,0.002283979207277298,0.014002318680286407
183,149913600,0.00019079999999999998,0.10527563095092773,0.0006271421909332276,0.003597412109375,1.0,43.71840615318876,705843.6808631818,-0.0003197702812030911,0.003347647935152054,-1.148827362060547,0.0023494962602853774,0.016377076506614685
184,150732800,0.0001902,0.10446283340454102,0.0005820313468575478,0.003214111328125,1.0,43.794224793742636,708432.0823364756,-0.0004911432974040508,0.003469230979681015,-1.157805824279785,0.002018970251083374,0.011885010451078416
185,151552000,0.00018959999999999997,0.10523259162902832,0.0005746737122535705,0.00327392578125,1.0,43.639802106607085,708462.0791680837,-0.0004100173246115446,0.003830251470208168,-1.16732759475708,0.0022904669865965845,0.015729370713233947
186,152371200,0.00018899999999999999,0.10530675888061523,0.0006185794994235039,0.00337646484375,1.0,43.503147002346914,710786.9558927435,-0.00040392540395259855,0.003924512863159179,-1.1772449493408204,0.002258768863976002,0.014080075919628144
187,153190400,0.00018839999999999997,0.1054008388519287,0.0006213115155696869,0.003450927734375,0.9999469101720111,43.56110639201529,712442.668250277,-0.00033152997493743894,0.004012638330459594,-1.188197708129883,0.0024876009672880174,0.016724124550819397
188,154009600,0.00018779999999999998,0.10494169235229492,0.0007216779142618179,0.003656005859375,0.9998402470845092,43.79684754246765,713195.9860478173,-0.0002744369674474001,0.005377005785703659,-1.1994765281677247,0.002255244739353657,0.014814576506614685
189,154828800,0.0001872,0.10561145782470703,0.0006017188727855682,0.00334716796875,0.9999467915292114,43.70517186336065,713240.1751340216,-0.00031211515888571737,0.00475802943110466,-1.2103487014770509,0.002208021469414234,0.013924071192741394
190,155648000,0.00018659999999999998,0.10514358520507812,0.0006631180644035339,0.00349609375,1.0,43.71319240032111,707276.048555942,-0.00041164373978972433,0.004543663561344146,-1.2229299545288086,0.002385919913649559,0.01590137034654617
191,156467200,0.000186,0.10489228248596191,0.0006475959718227387,0.003162841796875,1.0,43.702232190537224,710788.1541668277,-0.00033564309123903515,0.005631456151604652,-1.2319475173950196,0.002064920775592327,0.013072997331619263
192,157286400,0.00018539999999999998,0.10555501937866212,0.0005589328333735467,0.002764892578125,1.0,43.7183008623443,715513.9254568283,-0.0005515404976904392,0.0036573052406311036,-1.2460594177246094,0.0023575885221362113,0.015656617283821107
193,158105600,0.0001848,0.10521224975585937,0.0005395140126347542,0.003050537109375,0.9999465783428602,43.68646829424649,711284.6374247418,-0.00037069108802825215,0.004028450325131416,-1.2585349082946777,0.002198527567088604,0.013393065333366394
194,158924800,0.00018419999999999998,0.10505113601684571,0.0006964312493801117,0.003516845703125,1.0,43.78201780099131,710543.4423404586,-0.0002762980060651898,0.004455948248505592,-1.265829849243164,0.00237327441573143,0.015553100407123566
195,159744000,0.0001836,0.1054318904876709,0.0005837305635213852,0.003018798828125,0.9999465726345034,43.74771598012502,711563.6012353757,-0.0004203842021524906,0.003537873178720474,-1.273666763305664,0.002373601123690605,0.015849122405052186
196,160563200,0.00018299999999999998,0.10521389007568359,0.000688139945268631,0.00363037109375,1.0,43.496312410463204,715280.8776111134,-0.0002649900736287236,0.00463777557015419,-1.2837940216064454,0.002250335365533829,0.014909911155700683
197,161382400,0.0001824,0.10564596176147462,0.0006817705929279327,0.0034326171875,0.9999466837278738,43.53273619108552,709542.4857559738,-0.0004177343100309372,0.004960970208048821,-1.2930401802062987,0.002352139726281166,0.015855589509010316
198,162201600,0.00018179999999999997,0.10574857711791992,0.0007094230502843856,0.00360107421875,1.0,43.41198621055423,699118.2647305321,-0.00038287255447357895,0.005630964040756225,-1.3010252952575683,0.002266453020274639,0.014807495474815368
199,163020800,0.00018119999999999999,0.10528740882873536,0.0005909526348114014,0.003250732421875,0.9999467263331735,43.59719780512493,708007.0055447978,-0.0003499743761494756,0.004218857362866401,-1.3080976486206055,0.0024571264162659644,0.01701671928167343
200,163840000,0.00018059999999999997,0.10552772521972656,0.0006046159192919731,0.003270263671875,0.9999467149784196,43.70522726061704,714222.9625528309,-0.000262094521895051,0.0037970013916492464,-1.316420555114746,0.002676141262054443,0.020009644329547882
201,164659200,0.00017999999999999998,0.10570728302001953,0.000571560375392437,0.003116455078125,0.9998936339945753,43.58251342870818,714105.4662967632,-0.0002814870793372393,0.003641606867313385,-1.324035930633545,0.002287842892110348,0.014961427450180054
202,165478400,0.00017939999999999997,0.10584037780761718,0.0005580191314220428,0.003125,0.9999470142531659,43.43437715254596,710513.2895184443,-0.00040424647741019724,0.0036033961921930315,-1.3305936813354493,0.002361837960779667,0.01580261141061783
203,166297600,0.00017879999999999998,0.10597599983215332,0.0005731439217925071,0.003153076171875,0.9999471374953746,43.312047364804144,709984.1351588478,-0.0002980039454996586,0.0038167621940374376,-1.3403249740600587,0.0024284085258841513,0.015895380079746245
204,167116800,0.00017819999999999997,0.1057759952545166,0.0006578174233436584,0.003658447265625,1.0,43.50018566654289,713585.8372550356,-0.00037931555416435,0.004267370700836182,-1.3489249229431153,0.0023450238630175592,0.016602908074855805
205,167936000,0.0001776,0.10573915481567382,0.0006605659425258637,0.00355224609375,1.0,43.42833625404917,715499.6581161643,-0.00035774584393948315,0.004822373017668724,-1.3554621696472169,0.0022966183722019197,0.015998414158821105
206,168755200,0.00017700000000000002,0.10567211151123047,0.0006163685396313668,0.0032666015625,0.9999468763280918,43.446610709732255,713343.5227821098,-0.0004000314511358738,0.0046599145978689195,-1.3609283447265625,0.0022358067333698274,0.014429929852485656
207,169574400,0.0001764,0.10579541206359863,0.0005831304937601089,0.00320556640625,1.0,43.46891906226795,711413.6187677265,-0.0003199014812707901,0.004944098740816116,-1.3653992652893066,0.0021132633090019228,0.013486573100090027
208,170393600,0.00017580000000000002,0.10584789276123047,0.0005568626523017883,0.0033056640625,0.9999469158084723,43.59374668223803,702818.0406794498,-0.00042308070696890355,0.003151082247495651,-1.3733291625976562,0.002322947792708874,0.01540844738483429
209,171212800,0.0001752,0.10593245506286621,0.0005268871411681175,0.003226318359375,1.0,43.52541380595029,711404.8633225778,-0.0003742768429219723,0.0030928382650017737,-1.3819005966186524,0.0021977147087454798,0.014161007106304168
210,172032000,0.00017460000000000002,0.1056984806060791,0.0006509263068437577,0.003494873046875,0.9999467490281697,43.54726023749934,706216.7787800743,-0.00034722634591162206,0.004397479444742202,-1.3901548385620117,0.0022880716249346735,0.015336792171001434
211,172851200,0.000174,0.10607006072998047,0.0005887957662343979,0.00328369140625,0.9999470927464156,43.406380614782286,704862.4140103168,-0.0001723522786051035,0.0040345672518014904,-1.3938250541687012,0.0023672325536608697,0.017405758798122405
212,173670400,0.0001734,0.10550433158874511,0.0006184856966137886,0.00326171875,0.9999467064591772,43.58654871029631,706032.6245948427,-0.000385974976234138,0.003841891884803772,-1.396253776550293,0.002159503661096096,0.013447022438049317
213,174489600,0.0001728,0.10583262443542481,0.0006060747802257538,0.003101806640625,0.9999468509168217,43.69859154929578,708105.4738424756,-0.00019429154926910996,0.006000186875462532,-1.4044677734375,0.0024295583367347716,0.01665332019329071
214,175308800,0.0001722,0.10540384292602539,0.0006459563225507736,0.003167724609375,0.9998938259807825,43.43403939056113,711536.4442662938,-0.0002798756817355752,0.0053925890475511554,-1.412064266204834,0.002449786104261875,0.017278321087360382
215,176128000,0.0001716,0.1056632137298584,0.0005116541683673858,0.002838134765625,0.9998936057027343,43.603096074050434,708354.4127242158,-0.0004525406751781702,0.0031747646629810334,-1.420277976989746,0.002301778644323349,0.015666626393795013
216,176947200,0.000171,0.10582340240478516,0.000548926517367363,0.003079833984375,1.0,43.47746261508169,699938.1771547538,-0.0002737291157245636,0.004424002766609192,-1.4307964324951172,0.0022082598879933357,0.014230589568614959
217,177766400,0.0001704,0.10615767478942871,0.0005703539401292801,0.003155517578125,1.0,43.25465772945585,702608.9770455867,-0.00046067340299487113,0.0034132879227399826,-1.4436419486999512,0.002318079024553299,0.015299193561077118
218,178585600,0.0001698,0.10601442337036132,0.0006614864617586136,0.003157958984375,0.9998411353526795,43.49804066934971,704621.3351975967,-0.00039671622216701506,0.005593977868556976,-1.4540502548217773,0.002119414694607258,0.012630617618560791
219,179404800,0.0001692,0.10603416442871094,0.0005855139344930649,0.0030810546875,0.9998938372525081,43.51191676840597,709755.6344139484,-0.0003630690975114703,0.003180178627371788,-1.4633427619934083,0.0023181462660431863,0.014462769031524658
220,180224000,0.0001686,0.10584592819213867,0.00048752371221780775,0.002818603515625,0.9999472657279966,43.28835099931445,710174.6207638701,-0.0003810102352872491,0.0028583820909261703,-1.475363826751709,0.00242548119276762,0.015738527476787566
221,181043200,0.000168,0.105888671875,0.0005982868745923042,0.003099365234375,1.0,43.34937583001328,706962.3735689986,-0.00025327312760055066,0.004806977137923241,-1.4853068351745606,0.0022464165464043616,0.015260986983776093
222,181862400,0.0001674,0.10617119789123536,0.0006406010687351227,0.003486328125,0.9999470591349463,43.436973900153525,711266.7397013281,-0.0004535854794085026,0.004699684679508209,-1.4952390670776368,0.0023349998518824577,0.015876102447509765
223,182681600,0.0001668,0.10652753829956055,0.0005163237825036048,0.00292236328125,0.9999471179270227,43.35700687466949,715837.6730051534,-0.00028762777801603077,0.004059500992298126,-1.5021936416625976,0.0023023426532745362,0.015582519769668578
224,183500800,0.0001662,0.10622142791748047,0.0004844142496585846,0.002904052734375,1.0,43.33213245033112,714784.5196202205,-0.0002410287968814373,0.003955302387475967,-1.5115055084228515,0.0024680506438016893,0.01775256246328354
225,184320000,0.0001656,0.10598878860473633,0.0005699604377150535,0.003245849609375,0.9999471430836725,43.30778582377504,709682.3744859609,-0.00022460550535470248,0.00415213443338871,-1.5205648422241211,0.0024671290069818498,0.017900024354457856
226,185139200,0.000165,0.10614775657653809,0.0005657952278852463,0.003126220703125,0.9999470731449137,43.3801206732296,708291.4727665603,-0.00043679652735590936,0.003722595050930977,-1.5300542831420898,0.00224770400673151,0.014311034977436066
227,185958400,0.0001644,0.10619844436645508,0.0005902139842510223,0.003214111328125,1.0,43.20251293422025,707179.9756817078,-0.0002913439879193902,0.003974601626396179,-1.5390494346618653,0.002481592819094658,0.01802050769329071
228,186777600,0.0001638,0.10648212432861329,0.0006387393176555634,0.00349853515625,0.9999474016410688,43.1883021249737,709359.5066380193,-0.00036489591002464294,0.005270427465438843,-1.545544719696045,0.0022244149819016456,0.013689941167831421
229,187596800,0.0001632,0.1056581974029541,0.0006608536839485168,0.003309326171875,0.9999470451175598,43.37380851514509,706233.4710684932,-0.00019046354573220013,0.006771903485059738,-1.5520840644836427,0.002125554159283638,0.01322082281112671
230,188416000,0.0001626,0.10628334999084472,0.0005996781960129738,0.003236083984375,0.9999471095361506,43.38049399693235,706777.9689533487,-0.00040964055806398393,0.003920966386795044,-1.5606188774108887,0.0022668754681944847,0.014875730872154236
231,189235200,0.000162,0.10619950294494629,0.0006302700191736222,0.003321533203125,1.0,43.24894224666808,705334.4087653909,-0.00031483287457376716,0.004840864986181259,-1.5698497772216797,0.002210226096212864,0.015296874940395356
232,190054400,0.0001614,0.10600013732910156,0.0005727028846740723,0.003310546875,1.0,43.13428813021879,709506.493194989,-0.00027001907583326103,0.003852251172065735,-1.581050205230713,0.00243753120303154,0.016670897603034973
233,190873600,0.0001608,0.10635129928588867,0.0006944349408149719,0.003515625,0.9999471793788295,43.30223959433763,710010.5111002906,-0.0002650541020557284,0.004507914930582046,-1.5886871337890625,0.0023130021989345552,0.01609521210193634
234,191692800,0.0001602,0.1061827278137207,0.0005314403399825096,0.003076171875,0.9999469524163175,43.48458967694022,706993.5585826141,-0.0003078861627727747,0.003948704525828362,-1.5974696159362793,0.0023976175114512445,0.016185306012630463
235,192512000,0.0001596,0.10625860214233399,0.0006000121310353279,0.003428955078125,1.0,43.24138478640622,694208.7178864034,-0.00032678390853106974,0.003427884727716446,-1.6072813034057618,0.002310178056359291,0.015314817428588867
236,193331200,0.000159,0.1063979434967041,0.0005604623630642891,0.003265380859375,1.0,43.16574556555608,704244.0559962706,-0.0003083365503698587,0.004304375126957893,-1.6145938873291015,0.002365190722048283,0.016484498977661133
237,194150400,0.0001584,0.10700151443481445,0.0006020096689462661,0.003875732421875,0.9997896950578339,43.16824395373291,711114.4178953688,-0.000419702660292387,0.003722836822271347,-1.6231599807739259,0.00232489462941885,0.01527697741985321
238,194969600,0.0001578,0.10651836395263672,0.0006764991581439971,0.00394287109375,0.9998417638061079,43.234717020939925,714019.7517040836,-0.00033047208562493325,0.004475440457463264,-1.6326692581176758,0.0023455444723367693,0.016716797649860383
239,195788800,0.0001572,0.10642431259155273,0.0006039124354720116,0.003656005859375,1.0,43.410303830911495,712824.1277627625,-0.0003452456323429942,0.0032837148755788803,-1.6422653198242188,0.002238230034708977,0.01421533226966858
240,196608000,0.00015659999999999998,0.1063801383972168,0.0006065573543310165,0.0036474609375,1.0,43.157214455288845,709131.8442002243,-0.00022738017141819,0.0038102693855762483,-1.653655433654785,0.002472892217338085,0.017439940571784975
241,197427200,0.000156,0.106639404296875,0.0007293681055307389,0.004359130859375,1.0,43.297180272468054,713718.1756208857,-0.00023853026796132325,0.005625883862376213,-1.665074920654297,0.0023240212351083754,0.01539904922246933
242,198246400,0.00015539999999999998,0.10616859436035156,0.0005963270366191864,0.003521728515625,1.0,43.22363559590415,715392.2019458672,-0.000159837759565562,0.004935848712921143,-1.6718910217285157,0.0023748081177473067,0.016918459534645082
243,199065600,0.0001548,0.10648133277893067,0.0005501838400959969,0.003388671875,1.0,43.11282078305317,705635.4936354782,-0.0002955407602712512,0.003431294485926628,-1.6819461822509765,0.002316988445818424,0.015507078170776368
244,199884800,0.00015419999999999998,0.10657075881958007,0.000677945613861084,0.003739013671875,0.999947357338387,43.185407454200885,704705.141989326,-0.0003018102841451764,0.00421801395714283,-1.6930070877075196,0.002354985661804676,0.016108156740665437
245,200704000,0.0001536,0.10610541343688965,0.0005797086283564568,0.003355712890625,1.0,43.24096385542169,705591.3015303386,-0.0001584359910339117,0.005530806258320808,-1.7044769287109376,0.0025535224005579947,0.018349365890026094
246,201523200,0.00015299999999999998,0.10614852905273438,0.000568571612238884,0.003502197265625,1.0,43.20223770318767,709979.9976194532,-0.0003118655178695917,0.003438320383429527,-1.7152376174926758,0.002372298575937748,0.01639159917831421
247,202342400,0.0001524,0.10654008865356446,0.0006600265204906463,0.00381103515625,0.9999474486310368,43.12748962110463,709932.6285223477,-0.0003374627325683832,0.004515360295772553,-1.7227344512939453,0.0023010680451989174,0.015449339151382446
248,203161600,0.00015179999999999998,0.10657976150512695,0.0006352698057889938,0.00363525390625,0.9999471821687002,43.28357893624888,709057.664712146,-0.0004045929294079542,0.004120217636227608,-1.7290155410766601,0.0022741984575986862,0.015218138694763184
249,203980800,0.0001512,0.1065829849243164,0.0005771852284669876,0.0033447265625,1.0,43.10275055327221,702328.9809082008,-0.00023292379919439554,0.004547341912984848,-1.7381359100341798,0.002317335084080696,0.015614624321460723
250,204800000,0.00015059999999999997,0.10660243988037109,0.0005825585871934891,0.003428955078125,1.0,43.12866698267236,705486.6305028736,6.5515516325831415e-06,0.005445626378059387,-1.7494348526000976,0.002591121383011341,0.02107982784509659
251,205619200,0.00015,0.10668245315551758,0.0005526672303676606,0.00357421875,1.0,43.19668933523117,710387.9860712771,-0.0003735917853191495,0.003335874155163765,-1.7568040847778321,0.0021824587136507036,0.014815187454223633
252,206438400,0.0001494,0.10586498260498046,0.000625440701842308,0.003602294921875,0.9999472601656031,43.11555297716365,705542.8409459892,-0.0001367300981655717,0.00420110747218132,-1.764947509765625,0.0024091724306344988,0.017704953253269196
253,207257600,0.00014879999999999998,0.1065690803527832,0.0006101483106613159,0.0034228515625,1.0,43.15870683321087,701413.2888895004,-0.00042521529830992223,0.004290067031979561,-1.774769401550293,0.0024802101776003837,0.017511233687400818
254,208076800,0.0001482,0.10679893493652344,0.0005725087597966194,0.0032080078125,0.9999474375821288,43.10932982917214,702039.8777425966,-0.00015043648891150952,0.005106598883867264,-1.7822874069213868,0.002116461843252182,0.014057004451751709
255,208896000,0.00014759999999999998,0.10637056350708007,0.000615512952208519,0.00355224609375,0.9999473490233244,43.121676407097354,706099.1379278749,-0.0003381880698725581,0.003267804905772209,-1.7906892776489258,0.0023804329335689544,0.015711550414562226
256,209715200,0.000147,0.10705961227416992,0.0005420741438865662,0.00329833984375,1.0,43.07304137786179,712474.3102122727,-0.0003445406910032034,0.003029191680252552,-1.8012445449829102,0.002412138320505619,0.017131344974040986
257,210534400,0.00014639999999999998,0.10668876647949219,0.000684501975774765,0.0037548828125,1.0,43.15576027107158,713628.2451234616,-0.00028031140100210906,0.004483794048428536,-1.8129629135131835,0.0023224435746669768,0.016791385412216187
258,211353600,0.0001458,0.10636447906494141,0.000567191056907177,0.003370361328125,1.0,43.31330971392311,707252.6598583759,-0.0002790564205497503,0.004987190291285515,-1.8201440811157226,0.0025104140862822534,0.01885693073272705
259,212172800,0.00014519999999999998,0.10656635284423828,0.0006413926929235459,0.0037353515625,0.9999474375821288,43.13466491458607,709141.6143113347,-0.00014385913964360953,0.005345170572400093,-1.8230846405029297,0.0023630373179912567,0.016734494268894194
260,212992000,0.0001446,0.10663605690002441,0.0004890467971563339,0.003248291015625,0.9998949359109056,43.04533515444421,710322.1829701697,-0.00043054274283349514,0.004386139661073684,-1.8263870239257813,0.0022885093465447428,0.01542370617389679
261,213811200,0.00014399999999999998,0.10668476104736328,0.0005885303765535355,0.00356689453125,1.0,42.93115751915206,712802.6270516803,-0.0003641893854364753,0.004849680513143539,-1.832935905456543,0.002341999113559723,0.016014888882637024
262,214630400,0.0001434,0.10622712135314942,0.0005996998399496079,0.00352783203125,0.9999472156241752,43.18184217471629,706029.4652091009,-0.00011266586370766163,0.004452979192137718,-1.8382368087768555,0.002773362211883068,0.021757568418979644
263,215449600,0.00014279999999999997,0.10673946380615235,0.0005098722502589226,0.003321533203125,0.9999473462510531,43.19713563605729,702062.931339185,-0.00023853369057178498,0.003070584498345852,-1.8467185974121094,0.00250324048101902,0.017710936069488526
264,216268800,0.0001422,0.1065298843383789,0.0006277211755514145,0.00370361328125,1.0,43.09907202362122,702504.7552106088,-0.00023990143090486528,0.003966484591364861,-1.855245018005371,0.0023492669686675073,0.01711486428976059
265,217088000,0.00014159999999999997,0.10688802719116211,0.000666210949420929,0.00376708984375,0.9998949690158597,43.067377376326014,703750.5674987941,-0.00021578390151262284,0.004298219084739685,-1.8608346939086915,0.0025047736242413523,0.01834643930196762
266,217907200,0.00014099999999999998,0.1067869758605957,0.0006345918774604797,0.003763427734375,0.999894553698529,43.21474139294564,708581.0069388323,-0.00024460130371153357,0.004436367377638817,-1.869999885559082,0.002413206733763218,0.01804541051387787
267,218726400,0.00014039999999999997,0.10679704666137696,0.0005455487221479416,0.0032861328125,1.0,42.98031496062992,706216.9284692057,-0.00021449096966534852,0.003980975225567817,-1.8779073715209962,0.00247405506670475,0.01672326922416687
268,219545600,0.00013979999999999998,0.10632116317749024,0.0006503276526927948,0.003424072265625,0.9999472044770603,43.13864104323953,701687.5820672549,-0.0002213419182226062,0.004716945439577102,-1.8840805053710938,0.0023196252062916757,0.0167633056640625
269,220364800,0.00013919999999999997,0.10701547622680664,0.0006587934494018554,0.003212890625,0.9998420304354695,43.269180137960085,703871.1831257679,-0.00014388785930350423,0.00552205890417099,-1.891084861755371,0.002364659681916237,0.0173041969537735
270,221184000,0.00013859999999999998,0.10626415252685546,0.0004605051875114441,0.00284423828125,1.0,43.17574701721043,703875.1928824893,-0.00015835905214771627,0.00338788740336895,-1.899770736694336,0.002542426623404026,0.019328485429286956
271,222003200,0.00013799999999999997,0.10655054092407226,0.0005770603939890862,0.003172607421875,0.9998950516870442,43.07346381906911,706178.8210254465,-0.00012954649282619356,0.004413111507892609,-1.909177017211914,0.00231271181255579,0.017258912324905396
272,222822400,0.00013739999999999998,0.1067112922668457,0.0005996884778141975,0.00314453125,0.9999474375821288,43.19490144546649,701505.6962065273,-0.0002200474264100194,0.005603576451539994,-1.9148176193237305,0.0022850258275866507,0.015331175923347474
273,223641600,0.00013679999999999996,0.10689724922180176,0.000540294162929058,0.003226318359375,1.0,43.04415721445529,707324.8826199091,-0.00018992848927155138,0.004243236035108566,-1.9206878662109375,0.0024227682501077653,0.01770068407058716
274,224460800,0.00013619999999999998,0.10696863174438477,0.000510609783232212,0.0031201171875,0.9999476247839523,43.05949824543026,709322.9510535281,-0.0002842571819201112,0.0037581361830234528,-1.9279439926147461,0.002507728710770607,0.018108394742012025
275,225280000,0.00013559999999999996,0.10706269264221191,0.0006298068165779114,0.003377685546875,0.9999473794990529,43.09861081877499,709447.784332103,-0.00021306597627699376,0.004678979888558388,-1.936290168762207,0.002278975769877434,0.014946776628494262
276,226099200,0.00013499999999999997,0.10661657333374024,0.0004589013382792473,0.002652587890625,1.0,43.15114866649063,714353.0541917263,-0.00025166475679725406,0.003704205900430679,-1.943875503540039,0.0021220967173576355,0.01367456018924713
277,226918400,0.0001344,0.10659170150756836,0.0005199986696243286,0.002967529296875,0.9999475175816102,43.14222735383647,706996.739814621,-0.00018956202547997235,0.003943135961890221,-1.9495321273803712,0.0026227230206131934,0.02005029171705246
278,227737600,0.00013379999999999997,0.1069778060913086,0.000586368553340435,0.003341064453125,1.0,42.931230283911674,705388.0455918323,-0.00019972857553511857,0.004345440119504928,-1.954998779296875,0.0024525664746761324,0.01830407530069351
279,228556800,0.00013319999999999999,0.10728933334350586,0.0005630112811923027,0.003011474609375,0.9999477124183006,42.89453594771242,705929.0824460778,-0.00017059408128261566,0.00461464449763298,-1.9628896713256836,0.002424326352775097,0.01737695187330246
280,229376000,0.00013259999999999997,0.1066960906982422,0.000603422150015831,0.00355712890625,1.0,42.95769250957955,705167.2174121656,-0.0003665842115879059,0.00530586987733841,-1.9718162536621093,0.002355743572115898,0.016617676615715025
281,230195200,0.00013199999999999998,0.10735843658447265,0.000537799522280693,0.0032373046875,1.0,42.889916888819194,710942.2746844331,-0.0002702305559068918,0.004012462496757507,-1.9768388748168946,0.002237614244222641,0.015260131657123565
282,231014400,0.00013139999999999997,0.10674097061157227,0.00046679943799972536,0.002945556640625,0.9999471905365441,43.20389733840304,708425.212206202,-0.00029033084865659475,0.0035149909555912016,-1.9783287048339844,0.0024125700816512107,0.01836022883653641
283,231833600,0.0001308,0.10736543655395508,0.0005265132337808609,0.003067626953125,0.9999473268369765,43.23297340005267,704716.8960238228,-0.00017337622120976447,0.005328322574496269,-1.9800352096557616,0.002208106033504009,0.014371095597743988
284,232652800,0.0001302,0.10727278709411621,0.00042503435164690015,0.002723388671875,1.0,42.923572888818995,704457.2058286264,-0.00040353001095354556,0.003123924508690834,-1.987144660949707,0.00233862716704607,0.0159726545214653
285,233472000,0.0001296,0.10703511238098144,0.0004988133162260055,0.00294189453125,0.9999474154703686,43.018562338959875,705439.2880837492,-0.00028322862926870583,0.003407151252031326,-1.9952449798583984,0.0022485964000225067,0.015069703757762908
286,234291200,0.000129,0.10725504875183106,0.0005298971757292748,0.003006591796875,1.0,43.063494564361115,710301.5702621193,-0.00027926191687583924,0.0036938391625881196,-2.0046695709228515,0.002542894147336483,0.017985714972019194
287,235110400,0.0001284,0.10697625160217285,0.000633280947804451,0.003416748046875,1.0,43.0153660583176,708275.0487668252,-0.00038875523023307323,0.004553353041410446,-2.0159229278564452,0.002331695519387722,0.015783810615539552
288,235929600,0.0001278,0.10652961730957031,0.000520470254123211,0.00334228515625,0.9999472211959677,43.02612550799599,706384.0918678163,-0.0003473455086350441,0.0031866855919361115,-2.022413635253906,0.0022357603535056113,0.014639768004417419
289,236748800,0.0001272,0.10717936515808106,0.0005881418660283089,0.0037646484375,0.9999477397439247,42.861144499608045,705264.138324289,-0.00037437910214066505,0.0038061168044805525,-2.028732681274414,0.0024390850216150285,0.01672411859035492
290,237568000,0.00012660000000000001,0.10711694717407226,0.0005117521062493324,0.00323486328125,0.999947750666179,42.95955901562255,706164.9935511474,-0.0001601695897988975,0.004717031866312027,-2.0349395751953123,0.002515613287687302,0.018549923598766328
291,238387200,0.000126,0.10686952590942383,0.000587320253252983,0.00384033203125,0.9998950296541227,42.96200073479242,704919.9473569251,-0.0004337006248533726,0.005036883056163788,-2.0421768188476563,0.0022254947572946547,0.014863893389701843
292,239206400,0.0001254,0.10732818603515625,0.0005465088784694671,0.00339111328125,1.0,42.97270250445353,713562.2929162098,-0.00022234672214835883,0.0034074548631906508,-2.0507436752319337,0.002498539164662361,0.018267339468002318
293,240025600,0.0001248,0.10719194412231445,0.0005577126517891884,0.00330078125,1.0,42.888568885165206,711017.3895833555,-0.0002843570429831743,0.0035385947674512865,-2.056509590148926,0.002323644794523716,0.01583581417798996
294,240844800,0.0001242,0.10720022201538086,0.0005518895387649536,0.00341064453125,1.0,42.89382249514512,710704.3784803957,-0.0001899255090393126,0.0038309670984745027,-2.063241386413574,0.002464761584997177,0.017782101035118104
295,241664000,0.0001236,0.10681051254272461,0.0006608539819717408,0.003660888671875,1.0,42.95406768972041,715164.2304272044,-0.00039234650321304796,0.0057112954556941984,-2.0697113037109376,0.00221917200833559,0.015150269865989685
296,242483200,0.000123,0.10694541931152343,0.0005368635430932045,0.003463134765625,0.9999475616151022,43.01043523859465,709480.2469631066,-0.0003990533761680126,0.0037657734006643294,-2.0791706085205077,0.002294107712805271,0.014951539039611817
297,243302400,0.0001224,0.10717429161071777,0.0005886189267039299,0.003468017578125,1.0,42.949981687856436,706318.0155828126,-0.0003106903284788132,0.003424118086695671,-2.091086578369141,0.0023090427741408346,0.014589840173721313
298,244121600,0.00012179999999999999,0.10654611587524414,0.0005684227496385575,0.003558349609375,0.9999471710074489,43.172592318664485,704627.0788973996,-0.0002907386515289545,0.003838794305920601,-2.0986637115478515,0.0024286549538373946,0.017314207553863526
299,244940800,0.00012119999999999999,0.10714274406433105,0.0005555524677038193,0.003572998046875,1.0,42.997281045751635,705091.7332145096,-0.00016176839126273989,0.003968264535069465,-2.1032180786132812,0.0022930104285478594,0.015651613473892212
300,245760000,0.00012059999999999999,0.10735074996948242,0.0006214659288525581,0.00377685546875,1.0,42.86122341822001,711413.0583483395,-0.00021782557014375924,0.0044132165610790254,-2.1099288940429686,0.0023951044306159018,0.01656128019094467
301,246579200,0.00011999999999999999,0.10719564437866211,0.0004939928650856019,0.003309326171875,0.9998951452238649,43.10810527419524,708776.9184882968,-0.0003907311707735062,0.00279221311211586,-2.1186851501464843,0.0025531545281410216,0.01848376393318176
302,247398400,0.0001194,0.10726512908935547,0.0005186054855585098,0.003328857421875,0.9999475671140939,42.878827600671144,706905.2049930583,-0.00032615221571177246,0.0034524045884609224,-2.124323081970215,0.0024224240332841873,0.017189088463783263
303,248217600,0.0001188,0.10682658195495605,0.0005293623358011246,0.00314697265625,1.0,42.89186357206476,704738.5731714012,-0.0002357734367251396,0.0039732083678245544,-2.130173683166504,0.00235145278275013,0.01586218476295471
304,249036800,0.0001182,0.10704376220703125,0.0005496942251920701,0.0030517578125,0.9999475423595446,43.01521271573205,708938.5897532913,-0.0002447939943522215,0.004769164696335792,-2.1376855850219725,0.0023551108315587044,0.016089963912963866
305,249856000,0.0001176,0.10703895568847656,0.000613006204366684,0.00353759765625,1.0,42.96617114041078,710249.6800555646,-0.00021966025233268737,0.00475451797246933,-2.145915412902832,0.0022459281608462334,0.01470031589269638
306,250675200,0.000117,0.10700979232788085,0.0005369210615754127,0.003330078125,1.0,43.06319604959025,707796.8884275877,-0.00029006944969296456,0.003942975774407387,-2.1496274948120115,0.0022052064538002013,0.01490124613046646
307,251494400,0.0001164,0.10695226669311524,0.0005674602091312409,0.00317138671875,0.9999474624356415,42.997215509088996,708238.4583096553,-0.000327767594717443,0.004684124141931534,-2.154986763000488,0.002252313494682312,0.015844361484050752
308,252313600,0.0001158,0.10703577041625977,0.00045638199895620346,0.002677001953125,1.0,42.818927675585286,709203.7126488647,-0.0003043568693101406,0.003733544424176216,-2.163319969177246,0.0023627161979675295,0.016667723655700684
309,253132800,0.0001152,0.10699213981628418,0.00042381651699543,0.002872314453125,0.9999476055747668,42.979513779733836,706268.1763450437,-0.00035494803451001643,0.0031604841351509094,-2.169376564025879,0.002443813905119896,0.017356567084789276
310,253952000,0.0001146,0.1069856357574463,0.0005111975967884064,0.003092041015625,0.9999475698631574,42.914067005714884,708762.1889723527,-0.0002037916099652648,0.00346459373831749,-2.1764785766601564,0.0025405781343579292,0.018084716796875
311,254771200,0.00011399999999999999,0.10705343246459961,0.0006293372064828873,0.00331787109375,0.99994737672999,43.03494185128664,711139.0856624689,-0.00026468769647181034,0.0050454773008823395,-2.182366371154785,0.002339613251388073,0.017430174350738525
312,255590400,0.00011339999999999999,0.10692615509033203,0.0004452069476246834,0.00298828125,0.9999477151521489,42.85532782599603,710513.6819393869,-0.00025364209432154894,0.0031273797154426574,-2.1880727767944337,0.0025530686601996423,0.019068723917007445
313,256409600,0.00011279999999999999,0.10692781448364258,0.0006109315901994706,0.003514404296875,1.0,43.06642842127391,705707.1901512797,-0.00021276683546602725,0.004629856720566749,-2.193538475036621,0.002329699695110321,0.01675000637769699
314,257228800,0.00011219999999999999,0.1071607494354248,0.0006459344923496246,0.003538818359375,0.9999474320559323,43.06534195447616,707784.9696330337,-0.00031637544743716716,0.004437526315450668,-2.19775505065918,0.002375846914947033,0.017029665410518646
315,258048000,0.00011159999999999999,0.10728763580322266,0.0005389296263456345,0.0033203125,1.0,42.89139065928325,706165.1950916257,-0.0003351365914568305,0.0033421628177165985,-2.2023794174194338,0.002095841057598591,0.014351804554462434
316,258867200,0.00011099999999999999,0.1070939826965332,0.0006451177597045899,0.00343505859375,0.999947613809,42.88055948451988,705566.0698585089,-0.00020212670788168907,0.005354675278067589,-2.2078527450561523,0.0027255693450570105,0.022900877892971037
317,259686400,0.00011039999999999999,0.10721839904785156,0.0006187660992145539,0.00333740234375,0.9999475506136578,42.88052029791251,703609.0168120171,-0.0003301260294392705,0.00473451241850853,-2.2135040283203127,0.001995932497084141,0.012688110768795013
318,260505600,0.00010979999999999999,0.1072083854675293,0.0004910091310739518,0.002889404296875,1.0,43.010017832791355,703733.1361543969,-0.0003157856874167919,0.003787507489323616,-2.2195417404174806,0.0021747294813394547,0.013652098178863526
319,261324800,0.00010919999999999998,0.10660223007202148,0.0005982944741845131,0.003165283203125,0.9999475506136578,42.92992761984685,708757.3636484421,-0.0001440248917788267,0.004676410928368568,-2.2245548248291014,0.0023499749600887298,0.016407836973667145
320,262144000,0.00010859999999999998,0.10699660301208497,0.0004646950215101242,0.002689208984375,0.999947501049979,42.993752624947504,708637.0463404749,-0.00019981162622570992,0.003927534446120262,-2.2300048828125,0.0021561918780207633,0.014714841544628144
321,262963200,0.00010799999999999998,0.10672231674194337,0.0004675289988517761,0.002889404296875,1.0,42.90634156550858,705967.2761197002,-0.00023622820153832436,0.0030872946605086326,-2.235984230041504,0.002426342852413654,0.0171173095703125
322,263782400,0.00010739999999999998,0.10685096740722656,0.0006229096278548241,0.00350341796875,0.9999473074085784,43.08225313520919,703855.4731937555,-0.0003152503864839673,0.004383963346481323,-2.241733360290527,0.002347339317202568,0.016323484480381012
323,264601600,0.00010679999999999998,0.10714427947998047,0.0005245321989059449,0.00315185546875,0.9998952824755223,42.99235562071313,702482.9562106223,-0.0002154411282390356,0.0043224871158599855,-2.2457088470458983,0.0022259652614593506,0.015134397149085998
324,265420800,0.00010619999999999998,0.10679656982421876,0.0006047332659363747,0.003333740234375,0.9999475616151022,42.8882538017829,708587.3726343703,-1.6710703494027258e-05,0.0042654436081647875,-2.250095748901367,0.0028153279796242713,0.024720460176467896
325,266240000,0.00010559999999999998,0.10693888664245606,0.0004997673630714416,0.003350830078125,0.9999473794990529,43.127552094295936,712245.543344019,-0.0002964179264381528,0.003922469541430473,-2.2564111709594727,0.00232357420027256,0.01657495051622391
326,267059200,0.00010499999999999999,0.10705045700073242,0.0005752409249544144,0.0035302734375,0.9999474762329954,42.98770943852093,711815.7550023443,-0.0002122187986969948,0.0035810723900794985,-2.2620655059814454,0.002133651822805405,0.01386401504278183
327,267878400,0.00010439999999999999,0.10688151359558105,0.0006516290456056595,0.003709716796875,1.0,42.75642562952922,710383.9774992147,-0.00013858184684067965,0.005678236857056618,-2.26865291595459,0.0023748727515339853,0.016404420137405396
328,268697600,0.00010379999999999999,0.10731792449951172,0.0006424704194068909,0.003756103515625,0.999842668344871,42.98054331864905,702781.7479629329,-0.00023788770195096732,0.004770065844058991,-2.276949882507324,0.0022585541009902954,0.014804932475090026
329,269516800,0.00010319999999999999,0.10704736709594727,0.0006345561146736144,0.003636474609375,1.0,42.879204491787796,714008.0294255053,-0.0003435701597481966,0.004669291153550148,-2.283180046081543,0.0024128444492816925,0.017338865995407106
330,270336000,0.00010259999999999999,0.10664300918579102,0.0005486488714814186,0.00350830078125,1.0,42.891490366948396,708278.2593643306,-0.0002329881303012371,0.004267539829015732,-2.2876752853393554,0.002127842791378498,0.013401611149311066
331,271155200,0.00010199999999999999,0.10665739059448243,0.0006017033755779266,0.0036083984375,0.9999476110645432,43.01886001676446,709171.7726053972,-0.0003242898732423782,0.006244496628642082,-2.291859817504883,0.002134561911225319,0.013931028544902802
332,271974400,0.00010139999999999998,0.10761064529418946,0.0005946859717369079,0.003712158203125,0.999842940160201,42.8533584629077,703207.8973082822,-0.0002892060205340385,0.004198164865374565,-2.2953908920288084,0.002161533571779728,0.014380368590354919
333,272793600,0.00010079999999999998,0.10739759445190429,0.0005513153225183486,0.003482666015625,0.9998948032821376,43.03066484325689,705937.3374886996,-0.0003276836825534701,0.0034375429153442384,-2.300305938720703,0.002284070290625095,0.01582946628332138
334,273612800,0.00010019999999999998,0.10724720001220703,0.0006061204522848129,0.003656005859375,0.9999476330121492,43.046344784248014,708566.6330288097,-0.00040678721852600576,0.0033669423311948775,-2.3051647186279296,0.002131112664937973,0.01330261379480362
335,274432000,9.959999999999998e-05,0.1069530963897705,0.0005155334994196892,0.003399658203125,0.9998946037099494,43.0089586846543,706406.0963584331,-0.00031185534317046404,0.003941454738378525,-2.309225082397461,0.0021111387759447098,0.013181641697883606
336,275251200,9.899999999999998e-05,0.10710676193237305,0.0005729208141565323,0.003524169921875,0.9999478542003442,42.92464931949731,704529.5779581763,-0.0002494519576430321,0.004875509440898896,-2.3135311126708986,0.0021394310519099236,0.014341674745082855
337,276070400,9.839999999999998e-05,0.10721387863159179,0.0004938449338078498,0.003297119140625,0.9998952879581152,42.97130890052356,702976.9096929078,-0.00033389348536729815,0.003639690950512886,-2.3187631607055663,0.002348870597779751,0.015582272410392761
338,276889600,9.779999999999998e-05,0.10730953216552734,0.0005754400789737701,0.003626708984375,0.9999478297161937,42.76820742904842,707381.2158655406,-0.0003562631318345666,0.0035966742783784867,-2.3246679306030273,0.002300860732793808,0.015230587124824524
339,277708800,9.719999999999998e-05,0.10687816619873047,0.0006093699112534523,0.003626708984375,1.0,43.05952944891836,707265.8985725791,-0.0002644505351781845,0.0039917916059494015,-2.3318256378173827,0.0024350455030798914,0.017790772020816803
340,278528000,9.659999999999998e-05,0.10728557586669922,0.0005081912130117417,0.003389892578125,0.9999477806788512,42.8311227154047,705826.5005117755,-0.0001308126258663833,0.00319533571600914,-2.3399126052856447,0.002445623464882374,0.01798401176929474
341,279347200,9.599999999999998e-05,0.10760713577270507,0.0005599715560674667,0.0035400390625,1.0,42.85420933774487,702223.2963725771,-0.0002615460893139243,0.0041164737194776535,-2.345347595214844,0.002287311851978302,0.015605467557907104
342,280166400,9.539999999999997e-05,0.10711210250854492,0.0005973461270332337,0.00356201171875,1.0,42.84563477533086,707313.8207797675,9.099546587094664e-05,0.003994810953736305,-2.3481670379638673,0.002502686344087124,0.01993616223335266
343,280985600,9.479999999999997e-05,0.10740876197814941,0.0005514178425073624,0.00351806640625,0.9998953153624706,42.886888249149436,713828.3421852068,-0.0001248249551281333,0.0038279052823781967,-2.352314758300781,0.0022768575698137285,0.016209842264652254
344,281804800,9.419999999999997e-05,0.10709602355957032,0.0005155466496944427,0.0034375,0.9999477670410029,42.99561243144424,714192.7032221615,-0.00026435672771185637,0.0035290364176034927,-2.3549482345581056,0.002040315978229046,0.012286011129617691
345,282624000,9.360000000000001e-05,0.10748296737670898,0.000601373128592968,0.003662109375,0.9999475671140939,42.77784186241611,710901.4179916781,-0.00026676231063902376,0.003911832347512245,-2.359518051147461,0.002442125044763088,0.017622311413288117
346,283443200,9.300000000000001e-05,0.10728693008422852,0.0005580372363328934,0.003426513671875,0.9998954138994928,42.90022486011609,708867.9182760041,-0.0003444016445428133,0.0037936639040708543,-2.364649772644043,0.002014213427901268,0.01153881922364235
347,284262400,9.240000000000001e-05,0.10778980255126953,0.0005354033410549163,0.003350830078125,1.0,42.86223476533919,701340.0735229884,-0.0002899875398725271,0.004047415032982826,-2.3703184127807617,0.001995878294110298,0.011891600489616395
348,285081600,9.180000000000001e-05,0.10737159729003906,0.0005399291217327118,0.0032177734375,0.9999477124183006,42.73762091503268,708963.4442198613,-0.00015819703694432973,0.0050586767494678496,-2.3782915115356444,0.0023306164890527724,0.015451900660991669
349,285900800,9.120000000000001e-05,0.10756647109985351,0.000545680969953537,0.003291015625,1.0,42.887541172165,709611.8307209781,-0.0004020096734166145,0.004200176522135735,-2.384654426574707,0.0021678967401385306,0.014671386778354644
350,286720000,9.06e-05,0.10716894149780273,0.0006174233555793762,0.003505859375,0.999947451392538,42.92375197057278,705819.1985634741,-0.00023344471119344235,0.00472123958170414,-2.3885345458984375,0.001983814314007759,0.012333007901906968
351,287539200,9e-05,0.1076201343536377,0.0005446495860815049,0.003251953125,0.9998954794878495,42.89082832505879,704670.8313437735,-0.0003416065825149417,0.004057436063885689,-2.3920949935913085,0.002621782198548317,0.018678343296051024
352,288358400,8.94e-05,0.10689772605895996,0.0006216896697878837,0.0035302734375,0.9998947700726086,43.04530148374197,706865.0384794963,-0.00027610200922936203,0.005341193452477455,-2.3977216720581054,0.0021224178373813627,0.01296374648809433
353,289177600,8.88e-05,0.10751798629760742,0.0006857685744762421,0.003741455078125,0.9999477042150403,42.891643133563434,710311.7378707868,-0.0003127592382952571,0.007056009769439697,-2.4009464263916014,0.0019816745072603224,0.012259889394044876
354,289996800,8.82e-05,0.10724273681640625,0.0006251655519008637,0.003631591796875,0.9998957138387736,42.78032120137658,706432.3715060218,-0.00037809174973517655,0.0043347708880901335,-2.401931381225586,0.0019722772762179376,0.011566773802042008
355,290816000,8.76e-05,0.10705665588378906,0.0005438704043626785,0.0033154296875,1.0,42.86831081788669,707427.286688578,-0.00047118626534938814,0.004429673030972481,-2.405549240112305,0.002174811623990536,0.013902951776981354
356,291635200,8.7e-05,0.10722911834716797,0.0005581294000148773,0.003323974609375,0.9999475808565288,42.947685694815746,706552.9588706032,-0.0002468543825671077,0.005264208093285561,-2.4114452362060548,0.002154373377561569,0.01473095864057541
357,292454400,8.64e-05,0.1069012451171875,0.0005944947153329849,0.003492431640625,0.9999475808565288,43.01294752843739,707794.8562994774,-0.00022358752321451902,0.0063026539981365206,-2.418608856201172,0.002234616503119469,0.014678221940994263
358,293273600,8.58e-05,0.10685925483703614,0.0006116888672113419,0.003892822265625,1.0,42.911010716537085,708793.5352605197,-0.0004253028426319361,0.006118537113070488,-2.4236261367797853,0.0021117644384503363,0.013494504988193512
359,294092800,8.52e-05,0.10753212928771973,0.0006102690100669861,0.00386962890625,1.0,42.79053842132776,708239.1962205578,-0.0001505879103206098,0.005409698933362961,-2.4265289306640625,0.0023783264681696893,0.017063476145267487
360,294912000,8.46e-05,0.10702630996704102,0.0004902718961238861,0.003316650390625,0.9999476247839523,42.89765882784266,707697.0918611092,-0.0003695243736729026,0.004057274758815765,-2.429315376281738,0.0021511489525437356,0.013941161334514618
361,295731200,8.4e-05,0.1071990203857422,0.0005065139383077621,0.0034130859375,0.9999477779518513,42.93409577523631,710500.7890936536,-0.0003680176567286253,0.0035373661667108536,-2.4343137741088867,0.0021579496562480925,0.014299438893795013
362,296550400,8.34e-05,0.10718026161193847,0.0006040778756141663,0.003798828125,0.9999475341028332,42.82418677859391,715351.2688228807,-0.00020293004345148802,0.004139741137623787,-2.4397871017456056,0.0021412007510662077,0.013552248477935791
363,297369600,8.28e-05,0.10728024482727051,0.0005879268050193786,0.00366455078125,0.9999476384961776,42.97476175515761,713708.0561900386,-0.00044219098053872586,0.004648423939943314,-2.4454204559326174,0.0020374996587634087,0.012957887351512909
364,298188800,8.22e-05,0.10716110229492187,0.0005551259219646454,0.003236083984375,0.9998954303042978,42.96094321865523,711860.1554562438,-0.00030654477886855603,0.004419520124793052,-2.4514959335327147,0.002117634192109108,0.013010741770267486
365,299008000,8.16e-05,0.10722984313964844,0.0005858220905065537,0.003505859375,1.0,42.86610790990047,709596.4886005245,-0.00038453422021120784,0.0033928561955690385,-2.4566665649414063,0.0023675378412008285,0.016428343951702118
366,299827200,8.1e-05,0.10722684860229492,0.00054995097219944,0.0034228515625,1.0,42.75545212070499,703100.0139489259,-0.0003737838240340352,0.003912610933184624,-2.4597909927368162,0.002019035443663597,0.01298241913318634
367,300646400,8.04e-05,0.10745094299316406,0.0006563912332057953,0.003753662109375,1.0,42.82804412610446,709774.3938717213,-0.00021767341531813144,0.0046555034816265104,-2.4622819900512694,0.0020668812096118925,0.01199658066034317
368,301465600,7.98e-05,0.10738996505737304,0.0005905916541814804,0.00333740234375,0.9999477997598789,42.820848775904366,708853.4026222094,-0.00030555629637092353,0.0047638237476348875,-2.468155860900879,0.0021109625697135924,0.014104978740215301
369,302284800,7.92e-05,0.10725190162658692,0.0005567941814661026,0.00341796875,1.0,42.81616531519749,708074.8522794562,-0.00035504596307873727,0.004032253473997116,-2.4749950408935546,0.002128112316131592,0.012885984778404237
370,303104000,7.86e-05,0.10767980575561524,0.0005891158431768417,0.003328857421875,1.0,42.841863379987466,705787.6464536856,-0.0003026407677680254,0.006023902818560601,-2.4791126251220703,0.0018129732459783554,0.01034863367676735
371,303923200,7.8e-05,0.10692825317382812,0.000718512386083603,0.00376220703125,0.9999478052090401,42.69523461558536,709519.9689446491,-0.00027230768464505675,0.005429941043257713,-2.480899620056152,0.002115294709801674,0.014236697554588318
372,304742400,7.74e-05,0.10742356300354004,0.0005184801667928695,0.002890625,0.9999477943095797,42.795144870790914,711313.3439341029,-0.0004413599148392677,0.005977543070912361,-2.483331298828125,0.002088938094675541,0.01351916342973709
373,305561600,7.68e-05,0.10714778900146485,0.0005407101660966873,0.0030859375,0.9999476028294472,42.86884988210637,708925.2569213447,-0.0003517857752740383,0.004327820613980293,-2.486516761779785,0.0019673861563205717,0.011110597103834153
374,306380800,7.62e-05,0.1077711296081543,0.0005323216319084167,0.00294921875,1.0,42.95666544252663,706500.9708310219,-0.0002915141638368368,0.0043597109615802765,-2.4918880462646484,0.0021488405764102936,0.014109741151332855
375,307200000,7.56e-05,0.10702688217163087,0.0004844097048044205,0.0029443359375,0.9999475726119325,42.89189472580476,709858.1609694933,-0.00023878540378063917,0.003820307180285454,-2.4968873977661135,0.0021133633330464364,0.01354358047246933
376,308019200,7.5e-05,0.10743667602539063,0.0005217400193214416,0.003104248046875,1.0,42.88458320259387,711465.8916826268,-0.0002734847832471132,0.004296732693910598,-2.4996204376220703,0.0019603516906499864,0.012117066234350205
377,308838400,7.439999999999999e-05,0.10705955505371094,0.0005232495069503784,0.003114013671875,0.999947693273355,42.70289779265614,712181.2450449627,-0.00042313942685723305,0.0042939092963933945,-2.503986930847168,0.0019656797870993615,0.011998049169778823
378,309657600,7.379999999999999e-05,0.10748575210571289,0.0005537116527557373,0.003153076171875,0.9998432274247492,43.05272784280937,709481.330818746,-0.00025565752293914555,0.005057623982429505,-2.5082626342773438,0.002261269837617874,0.014984986186027527
379,310476800,7.319999999999999e-05,0.10748072624206544,0.000616602972149849,0.00341552734375,0.9998952879581152,42.92497382198953,713369.2257033727,-0.00026098741218447683,0.005365445464849472,-2.510298156738281,0.0021430728957057,0.01391320526599884
380,311296000,7.259999999999999e-05,0.10711938858032227,0.0005532713979482651,0.0034228515625,1.0,42.79700272479564,716098.5598218805,-0.00028474631253629925,0.004851455613970756,-2.5127017974853514,0.002191925421357155,0.01336010843515396
381,312115200,7.199999999999999e-05,0.10757612228393555,0.0005841561034321785,0.003519287109375,1.0,42.762341178921055,713537.4338913362,-0.00035721806343644855,0.003865346685051918,-2.5165903091430666,0.002187526971101761,0.013053464889526366
382,312934400,7.139999999999999e-05,0.10746889114379883,0.0005071604996919631,0.00365234375,1.0,42.70574712643678,710192.0098591662,-0.0004189872182905674,0.0034905776381492616,-2.522812080383301,0.0019509637728333472,0.01157836988568306
383,313753600,7.079999999999999e-05,0.10743621826171874,0.0005906212329864502,0.003623046875,0.9999475753604194,43.05169069462647,705043.6085275935,-0.00035852862056344746,0.00462510846555233,-2.527776336669922,0.0022089695557951927,0.014392943680286407
384,314572800,7.019999999999999e-05,0.10782780647277831,0.00064348503947258,0.003800048828125,1.0,42.74154551612735,705345.7908456841,-0.0002672461792826653,0.004687867686152458,-2.5300338745117186,0.0020949985831975938,0.014323486387729645
385,315392000,6.959999999999998e-05,0.10748577117919922,0.0006081211939454079,0.00353759765625,0.9999477151521489,42.74322911220328,705834.5475555635,-0.000290641188621521,0.004113815724849701,-2.5329559326171873,0.0018844330683350564,0.010425536334514618
386,316211200,6.899999999999998e-05,0.10731678009033203,0.0006834173202514649,0.003861083984375,1.0,42.693885004695815,709372.8422221032,-0.0002783704549074173,0.005658162012696266,-2.536757469177246,0.002035151049494743,0.012147583812475205
387,317030400,6.839999999999998e-05,0.10765386581420898,0.0005961275845766067,0.00333251953125,1.0,42.729886559673794,706451.0826506759,-0.00033771635498851537,0.0036944430321455,-2.5413862228393556,0.0019441163167357445,0.010999877005815506
388,317849600,6.779999999999998e-05,0.1072763442993164,0.0005262424051761627,0.00342041015625,1.0,42.73382345273476,707869.067155417,-0.00030113793909549715,0.004588837549090385,-2.5475114822387694,0.001989496313035488,0.011855226755142213
389,318668800,6.72e-05,0.10748259544372558,0.0006949236989021301,0.00401611328125,0.9998956485442972,42.75399144318063,709031.0368857724,-0.00029935841448605063,0.005045871436595917,-2.5538507461547852,0.0020741766318678858,0.01273535043001175
390,319488000,6.659999999999999e-05,0.10712117195129395,0.0006178703159093856,0.003634033203125,1.0,42.92072147651007,711276.1593602323,-0.000318387127481401,0.005384119600057602,-2.5578081130981447,0.002176093123853207,0.014515627920627595
391,320307200,6.599999999999999e-05,0.10718507766723633,0.0007228507846593857,0.0037890625,0.9999476604208102,42.82811682194075,709804.9363634922,-0.00027034205850213767,0.0073984041810035706,-2.56060905456543,0.0020803775638341903,0.012012329697608948
392,321126400,6.539999999999999e-05,0.10725713729858398,0.0007987058907747269,0.00380126953125,0.999895724713243,42.80286757038582,707182.1708673112,-0.0001953588565811515,0.007462991029024124,-2.563857841491699,0.0018036795780062675,0.009556763619184495
393,321945600,6.479999999999999e-05,0.10694668769836425,0.0007267710566520691,0.003538818359375,1.0,42.77315541601256,711915.7718135684,-0.00019084239611402153,0.006974561512470246,-2.565931510925293,0.0020615741610527038,0.013013915717601776
394,322764800,6.419999999999999e-05,0.10745564460754395,0.0006522899866104126,0.003599853515625,0.9999478297161937,42.82773372287145,712496.9782826776,-0.0004823231138288975,0.0061702713370323185,-2.5666572570800783,0.0018992096185684205,0.010344970971345901
395,323584000,6.359999999999999e-05,0.10773039817810058,0.0006263431906700134,0.0034326171875,0.9998433093074272,42.89130888958529,710708.8850897806,-0.0003048257902264595,0.005102209374308586,-2.569712257385254,0.0017826352268457413,0.01116638034582138
396,324403200,6.299999999999999e-05,0.10760469436645508,0.0005070581287145615,0.00314208984375,1.0,42.745391885541224,709284.9916852928,-0.0002604799810796976,0.004808807000517845,-2.5741533279418944,0.0021025633439421655,0.013621950149536132
397,325222400,6.239999999999999e-05,0.10709888458251954,0.0005729205906391144,0.003175048828125,0.9998953810744363,42.82146780352566,714627.6067757431,-0.00041826153174042704,0.005013434216380119,-2.578898239135742,0.002143343351781368,0.012611570954322814
398,326041600,6.179999999999998e-05,0.10709253311157227,0.0005474065989255905,0.003397216796875,0.999947556114957,42.92909586742186,714420.8710809681,-0.00026600854471325874,0.004745044186711312,-2.582506561279297,0.0020754238590598106,0.0125091552734375
399,326860800,6.119999999999998e-05,0.10758947372436524,0.0005932138860225678,0.00325439453125,1.0,42.81144587749987,712349.0456960751,-0.0003955164924263954,0.004148872196674347,-2.5868452072143553,0.0020546607673168184,0.012669555842876434
400,327680000,6.059999999999998e-05,0.10741413116455079,0.0005694160610437393,0.003287353515625,0.9999476028294472,42.89321456641341,710927.5417964751,-0.0003958142828196287,0.004105307534337044,-2.5913890838623046,0.0018273718655109406,0.00933520495891571
401,328499200,5.999999999999998e-05,0.10733525276184082,0.0006850981712341309,0.003646240234375,0.9999476384961776,42.896533668446956,707009.6737290036,-0.0002856834791600704,0.005701965838670731,-2.595000076293945,0.0021178895607590676,0.012832275032997132
402,329318400,5.939999999999998e-05,0.10766111373901367,0.0005033198744058609,0.00320556640625,1.0,42.67658264182454,707769.6691028472,-0.00031745857559144496,0.0035535119473934173,-2.598736572265625,0.0017197296023368836,0.00949719250202179
403,330137600,5.879999999999998e-05,0.10738977432250976,0.0004983064532279968,0.003345947265625,0.9998955722639933,42.96517335004177,698476.7888667281,-0.0002788622863590717,0.004069661721587181,-2.6031120300292967,0.0019840942695736885,0.011724118888378144
404,330956800,5.819999999999998e-05,0.10751980781555176,0.0006347454339265823,0.003380126953125,0.999947652201225,42.77396220488929,702665.7966256414,-0.0003905576653778553,0.00429413728415966,-2.608755111694336,0.001992456428706646,0.010990724712610245
405,331776000,5.759999999999998e-05,0.10771818161010742,0.0005259042605757714,0.003043212890625,0.9999477915840034,42.8343949044586,704273.6144810162,-0.00029458559583872557,0.004565048590302467,-2.61450080871582,0.0019798895344138147,0.011291747540235519
406,332595200,5.6999999999999976e-05,0.10748476028442383,0.0006039261445403099,0.003489990234375,0.9999475368553591,42.966213734851266,703755.6186652026,-0.000411088764667511,0.00512312725186348,-2.618557357788086,0.001750822551548481,0.00934155210852623
407,333414400,5.639999999999998e-05,0.10731290817260743,0.00047968782484531403,0.003072509765625,1.0,42.7751828631139,709899.138892634,-0.00045123016461730004,0.0037493620067834852,-2.622458267211914,0.0019161459058523178,0.010023803263902665
408,334233600,5.5800000000000015e-05,0.10684624671936035,0.0006483952701091766,0.003665771484375,0.9999477288171031,42.85599289111913,705289.012772132,-0.0002636190503835678,0.006783347576856613,-2.6262630462646483,0.001949465647339821,0.010950073599815369
409,335052800,5.5200000000000014e-05,0.10735219001770019,0.0006270980834960937,0.003485107421875,1.0,42.836999790488164,706661.0553858315,-0.0002940320409834385,0.005770598724484444,-2.6296777725219727,0.0018777856603264809,0.011023195087909698
410,335872000,5.460000000000001e-05,0.10734554290771485,0.0005534078925848007,0.003375244140625,0.9999476055747668,42.87849732788431,704403.2635579809,-0.0002984834834933281,0.004900660738348961,-2.6342145919799806,0.0017127785831689835,0.008970092236995696
411,336691200,5.400000000000001e-05,0.10718835830688477,0.0005924002826213836,0.003416748046875,0.9999476330121492,42.81456849602011,704782.8426162084,-0.0003876867238432169,0.00463833175599575,-2.6373245239257814,0.001981176808476448,0.012381348758935928
412,337510400,5.340000000000001e-05,0.10722057342529297,0.0005461691319942474,0.003277587890625,0.9998955231677376,42.88319490153059,711729.3648216145,-0.0003729620482772589,0.00443679578602314,-2.6403493881225586,0.00182050671428442,0.00993933379650116
413,338329600,5.280000000000001e-05,0.10763773918151856,0.00046336140483617784,0.003038330078125,0.9998429319371728,42.93151832460733,711785.6219694035,-0.00035122609697282316,0.0033280692994594576,-2.643067741394043,0.0018595561385154724,0.0102808840572834
414,339148800,5.220000000000001e-05,0.10759137153625488,0.0005897340178489685,0.003406982421875,1.0,42.74947884094225,710660.6317944785,-0.0003483970882371068,0.00456930547952652,-2.645518493652344,0.0018040381371974945,0.0105072021484375
415,339968000,5.160000000000001e-05,0.10723794937133789,0.0005486892536282539,0.003392333984375,0.9999475836041514,42.92813712129154,709278.6270326913,-0.0003045197809115052,0.004260456934571266,-2.6484987258911135,0.001824072189629078,0.009571534395217896
416,340787200,5.1000000000000006e-05,0.10699382781982422,0.0005716736987233162,0.00337158203125,0.9999475203358699,42.94715297822094,712536.7796280762,-0.0002419017255306244,0.004808199778199196,-2.6527381896972657,0.0017301583662629127,0.009126098453998565
417,341606400,5.0400000000000005e-05,0.10766839981079102,0.0006972960382699967,0.003759765625,0.9999479058137112,42.78172535944989,713792.168372437,-0.000324560166336596,0.006325686722993851,-2.656138610839844,0.002077669091522694,0.012635008990764618
418,342425600,4.9800000000000004e-05,0.10757882118225098,0.0006261648237705231,0.003614501953125,1.0,42.823073295960604,708972.4305350612,-0.00026422319933772087,0.004223552718758583,-2.6595327377319338,0.0020114364102482795,0.011411499232053757
419,343244800,4.92e-05,0.10737661361694335,0.00058364138007164,0.003248291015625,0.9999476576812353,42.77859199162523,707388.1505259083,-0.0004663317929953337,0.005635815113782883,-2.6631597518920898,0.001862804777920246,0.009664063155651093
420,344064000,4.86e-05,0.10764139175415038,0.00045039989054203035,0.002744140625,0.9998953974895397,42.84205020920502,702428.9049651021,-0.00013844581553712487,0.004185914620757103,-2.665803146362305,0.001928604207932949,0.011755125969648362
421,344883200,4.800000000000001e-05,0.10710056304931641,0.0006420591473579407,0.003206787109375,1.0,42.90628917676557,708038.8487323861,-0.000410036975517869,0.005824081227183342,-2.668712043762207,0.002084796316921711,0.010594845563173295
422,345702400,4.740000000000001e-05,0.10722906112670899,0.0005894554033875466,0.003336181640625,0.9998952166395977,42.81453345208781,700274.3551295471,-0.00035871085710823534,0.004839910194277763,-2.6731117248535154,0.0017469197511672974,0.009465331584215165
423,346521600,4.6800000000000006e-05,0.10673099517822265,0.0006699209660291672,0.003265380859375,0.9998951562172363,42.905221220381634,697611.8470001727,-0.00033079718705266716,0.006244861707091332,-2.67637939453125,0.0017948763445019722,0.009810299426317216
424,347340800,4.6200000000000005e-05,0.10683589935302734,0.0006249861791729927,0.003197021484375,0.9998952331063384,43.071712938711364,703617.8944952651,-0.0003035467583686113,0.005061431229114533,-2.6792070388793947,0.0021184958517551423,0.010502075403928756
425,348160000,4.5600000000000004e-05,0.10722249984741211,0.000707273781299591,0.003338623046875,1.0,42.80223685585868,702722.8252574297,-0.00033463290892541406,0.006077402457594872,-2.68295841217041,0.0014813767746090889,0.0066073000431060794
426,348979200,4.5e-05,0.10714962005615235,0.0005899566784501076,0.0031298828125,0.9998954794878495,42.86177162268095,702168.5009046902,-0.00027267062105238435,0.004846720024943352,-2.684019088745117,0.0019171468913555146,0.010803952068090438
427,349798400,4.44e-05,0.10733095169067383,0.0005758079886436462,0.003204345703125,1.0,42.606059025967255,703197.7014251569,-0.00038289714138954877,0.004570603370666504,-2.6862646102905274,0.001920696534216404,0.010600707679986953
428,350617600,4.38e-05,0.10790273666381836,0.0005673374608159065,0.00323974609375,0.9998434564809017,42.85952828219578,706592.363385858,-0.0005234158132225275,0.0041657060384750364,-2.688869094848633,0.001683250069618225,0.008504273742437363
429,351436800,4.32e-05,0.10755744934082032,0.0005647701397538185,0.003115234375,0.9999478079331942,42.726461377870564,703769.2545302176,-0.0004151537083089352,0.004633262753486633,-2.6911386489868163,0.0018439486622810364,0.009183961153030395
430,352256000,4.26e-05,0.10763095855712891,0.0006752544641494751,0.0034912109375,1.0,42.771495815899584,709016.9378962053,-0.00029275696724653246,0.004923733323812485,-2.693492126464844,0.001697106845676899,0.007868284732103348
431,353075200,4.2e-05,0.10781259536743164,0.0006256510317325593,0.00340087890625,0.9999478677927224,42.82165571890314,709950.1644939294,-0.0003687675576657057,0.0045830000191926954,-2.6959817886352537,0.001516238134354353,0.006775513291358948
432,353894400,4.14e-05,0.10770974159240723,0.0005695369094610214,0.003271484375,0.9999477288171031,42.796769640896976,715034.1822136389,-0.00021826266311109066,0.004661241173744201,-2.698761558532715,0.00189468115568161,0.010680174827575684
433,354713600,4.08e-05,0.10749204635620117,0.0006139257550239563,0.00329345703125,0.9999476330121492,42.894009216589865,713400.1365147204,-0.00039512002840638163,0.005546882003545761,-2.700862693786621,0.0017347114160656929,0.00759546086192131
434,355532800,4.02e-05,0.10773149490356446,0.0005811422318220138,0.003363037109375,1.0,42.798654217307394,712206.5478314824,-0.0003417551517486572,0.004953142628073693,-2.7030029296875,0.001864376850426197,0.009257568418979645
435,356352000,3.96e-05,0.10729597091674804,0.0005947798117995262,0.003499755859375,1.0,42.76974992152349,710583.3358466304,-0.00041904523968696596,0.004812354594469071,-2.7052955627441406,0.0016768736764788627,0.007318481802940369
436,357171200,3.9e-05,0.10784080505371094,0.0005657511577010155,0.003477783203125,1.0,42.7709517601043,710611.6868215656,-0.0003605482866987586,0.004716897010803222,-2.7076171875,0.001781618781387806,0.008339235186576843
437,357990400,3.84e-05,0.10783316612243653,0.0005314888805150985,0.0032763671875,1.0,42.76917066055428,712970.8733894676,-0.00044848998077213765,0.004419766739010811,-2.710544967651367,0.0017127932980656624,0.008012816309928894
438,358809600,3.78e-05,0.10737924575805664,0.0006307590007781982,0.0034423828125,1.0,42.486800312418644,709538.0431487764,-0.0003549366490915418,0.006757567077875138,-2.714107894897461,0.0015954310074448586,0.007230225205421448
439,359628800,3.7199999999999996e-05,0.10813289642333984,0.0006792163848876953,0.003712158203125,0.9998958875585633,42.601509630400834,708282.4406843891,-0.0004327320493757725,0.006279227882623672,-2.717056465148926,0.001525418646633625,0.007147948443889618
440,360448000,3.6599999999999995e-05,0.10773134231567383,0.0006106800213456154,0.00360107421875,0.9999477206189878,42.80729820158929,712604.1461486302,-0.0003900249721482396,0.005091875791549683,-2.7199689865112306,0.00166787076741457,0.008062990009784698
441,361267200,3.5999999999999994e-05,0.10769918441772461,0.0006394236534833908,0.003795166015625,0.9998956703182055,42.82994261867501,709591.4416827994,-0.0003450381336733699,0.005375286564230919,-2.7226255416870115,0.0016172131523489951,0.007115601003170014
442,362086400,3.539999999999999e-05,0.10773963928222656,0.00064640112221241,0.003511962890625,1.0,42.88681215411924,701869.4624428722,-0.0002838099608197808,0.006254295259714127,-2.723539352416992,0.0016350703313946723,0.008403564989566802
443,362905600,3.479999999999999e-05,0.10764215469360351,0.0005513017624616623,0.003558349609375,1.0,42.69112351928195,707097.6261268852,-0.000365422572940588,0.004581750556826592,-2.725235366821289,0.0016763903200626372,0.007731933146715164
444,363724800,3.419999999999999e-05,0.10765604019165038,0.0006542611122131348,0.00402099609375,1.0,42.74508779264214,707663.3567750423,-0.00038137920200824736,0.005571695417165757,-2.7276601791381836,0.0015190193429589272,0.006749998033046723
445,364544000,3.36e-05,0.10736289978027344,0.0006285316497087478,0.00382080078125,1.0,42.6110561142083,712020.3989248842,-0.0003584277117624879,0.006337306648492813,-2.7286775588989256,0.0015620536170899868,0.007226684689521789
446,365363200,3.2999999999999996e-05,0.10765122413635254,0.0007703766226768493,0.004144287109375,1.0,42.606147434227665,707100.106718152,-0.0001776758232153952,0.007207271456718445,-2.7300092697143556,0.0015490354970097541,0.007317627221345902
447,366182400,3.2399999999999995e-05,0.10770072937011718,0.0006496714055538177,0.003828125,0.999843782545303,42.86263278483649,708969.2676415606,-0.00044446391984820366,0.0060637187212705616,-2.731157112121582,0.0016187127679586411,0.007122804224491119
448,367001600,3.1799999999999994e-05,0.10757346153259277,0.0006437684595584869,0.00386962890625,1.0,42.59254807692308,707594.0474261773,-0.0002942413557320833,0.005352064222097397,-2.7321954727172852,0.0014914617873728274,0.0049611818045377735
449,367820800,3.119999999999999e-05,0.10773853302001953,0.0006211313605308532,0.0036767578125,0.9998955722639933,42.86356516290727,713022.1204586655,-0.00041591287590563296,0.005444007739424705,-2.7334667205810548,0.0017744842916727066,0.0072937019169330595
450,368640000,3.059999999999999e-05,0.10746278762817382,0.000645754560828209,0.004051513671875,0.9999476905372182,42.83799759376471,714582.8248795633,-0.0003880410455167294,0.006538116186857223,-2.735874557495117,0.0016412431374192237,0.007831299304962158
451,369459200,2.999999999999999e-05,0.1077806282043457,0.000681668445467949,0.003836669921875,0.9998435707581604,42.725310251329645,713167.9270633005,-0.00027021875139325856,0.005827054753899575,-2.738834762573242,0.001517907902598381,0.0055529788136482235
452,370278400,2.939999999999999e-05,0.10791000366210937,0.0006712989509105682,0.00384521484375,0.9998959850218432,42.70173705013522,711200.5539022957,-0.00023472614120692014,0.006502679735422135,-2.740761375427246,0.001570609211921692,0.005802123248577118
453,371097600,2.879999999999999e-05,0.1075448989868164,0.0006671448796987533,0.003671875,1.0,42.836367451865065,714181.8301308404,-0.00039109573699533937,0.006481290608644485,-2.7408477783203127,0.0014116804115474225,0.005505249276757241
454,371916800,2.819999999999999e-05,0.10783159255981445,0.000674680843949318,0.00369384765625,0.9998437011566115,42.798582890486614,710922.9343030482,-0.0003828851506114006,0.006687954068183899,-2.741559600830078,0.0014828626997768879,0.006212524697184562
455,372736000,2.759999999999999e-05,0.10812219619750976,0.0005904690176248551,0.00373779296875,1.0,42.5693244509212,704841.7311945278,-0.0004219144582748413,0.004975863173604012,-2.7428800582885744,0.001454428769648075,0.005915527045726776
456,373555200,2.699999999999999e-05,0.10768455505371094,0.000561346486210823,0.0038037109375,1.0,42.62105756219423,704472.0595089431,-0.00028180384542793037,0.0042891185730695724,-2.7438209533691404,0.0015095380134880544,0.006432372331619263
457,374374400,2.6399999999999988e-05,0.10742963790893555,0.0006562864780426025,0.003677978515625,0.9998430962343097,42.785460251046025,702745.3377226134,-0.0004927229601889849,0.005480805411934853,-2.744944953918457,0.0016496747732162476,0.006140868365764618
458,375193600,2.5799999999999987e-05,0.10796416282653809,0.0006300720572471618,0.003863525390625,0.9998960552985812,42.73130294683229,703910.0513594343,-0.00021694535389542579,0.004467345401644706,-2.7461328506469727,0.0017497217282652854,0.007552611827850342
459,376012800,2.5199999999999986e-05,0.10730361938476562,0.0006719911843538285,0.003719482421875,1.0,42.62590603326902,706401.9031247386,-0.0003920468967407942,0.0054248511791229245,-2.7483232498168944,0.0015532072633504868,0.005446533113718033
460,376832000,2.4599999999999985e-05,0.10760890960693359,0.0006003293395042419,0.003548583984375,0.9998955395382848,42.80586023190222,703505.7619764142,-0.00041530439630150796,0.005419433861970901,-2.7510013580322266,0.0016300277784466743,0.006474975496530533
461,377651200,2.3999999999999987e-05,0.10749811172485352,0.0005905011668801308,0.003499755859375,1.0,42.835198744769876,693912.5641681481,-0.0003072032239288092,0.004676777496933937,-2.7527589797973633,0.001683744043111801,0.006170898675918579
462,378470400,2.3399999999999986e-05,0.10733879089355469,0.0005991276353597641,0.00344482421875,0.9999478052090401,42.73819092854533,703441.9131147284,-0.00041211112402379514,0.005028617009520531,-2.754337120056152,0.0016928952187299728,0.006649779528379441
463,379289600,2.2799999999999985e-05,0.10772758483886719,0.0005486687272787095,0.00330078125,1.0,42.62964892176269,703179.8291964519,-0.0004244397394359112,0.004635529592633247,-2.7550075531005858,0.0014512857422232627,0.005438964813947678
464,380108800,2.2199999999999984e-05,0.10792270660400391,0.0006022744625806809,0.003587646484375,0.9997916123990622,42.73003386298515,702761.2363402351,-0.00039673494175076487,0.00466032549738884,-2.756526756286621,0.0015795070677995682,0.005486572161316872
465,380928000,2.1599999999999983e-05,0.10778767585754395,0.0006150113046169281,0.0036962890625,1.0,42.52391112036218,705408.7502997905,-0.00035161238629370927,0.0050205327570438385,-2.7588109970092773,0.0017059821635484695,0.006063719466328621
466,381747200,2.0999999999999982e-05,0.10756411552429199,0.0006419021636247634,0.0037255859375,0.9999477697691423,42.675075733834746,711686.2889437298,-0.0005265376996248961,0.0052181676030158995,-2.7603782653808593,0.0016222577542066574,0.006257688999176026
467,382566400,2.0399999999999984e-05,0.10747621536254882,0.000597219318151474,0.00348876953125,0.9998431454564467,42.93140227961937,709135.2540896338,-0.0003476141719147563,0.005475549399852753,-2.7613969802856446,0.0015421682968735696,0.0054892577230930325
468,383385600,1.9799999999999983e-05,0.1073582935333252,0.0006131596863269805,0.003443603515625,0.9998436196830692,42.830118849040865,709925.1922369933,-0.00038182639982551334,0.00482168048620224,-2.7622858047485352,0.0015484106726944447,0.005434570461511612
469,384204800,1.9199999999999982e-05,0.10772127151489258,0.0006125301867723465,0.003756103515625,0.9998437092992967,42.688825214899715,714898.0102635187,-0.0003588769817724824,0.005205746740102768,-2.763641929626465,0.0014975781552493573,0.0048247076570987705
470,385024000,1.8600000000000015e-05,0.10782828330993652,0.0007044200599193573,0.003817138671875,1.0,42.5600624024961,713740.9882104631,-0.00023227420169860124,0.00625789538025856,-2.7643596649169924,0.0014817644841969013,0.005316527932882309
471,385843200,1.8000000000000014e-05,0.10725923538208008,0.0007462115585803986,0.003880615234375,0.9999477260846837,42.824882383690536,708338.3421726648,-0.0002806910080835223,0.006872941553592682,-2.76464729309082,0.00135636730119586,0.0038801271468400953
472,386662400,1.7400000000000013e-05,0.1076939582824707,0.0007433862239122391,0.003851318359375,1.0,42.58677383997077,707667.2949906741,-0.00027928873896598816,0.0067798912525177,-2.765461540222168,0.0014511430636048317,0.004951903596520424
473,387481600,1.6800000000000012e-05,0.10776542663574219,0.0007274112105369568,0.003778076171875,0.999843635984572,42.76878974252059,713936.6996162757,-0.0004901919048279524,0.007363925874233246,-2.7660064697265625,0.0015785476192831994,0.0055866695940494536
474,388300800,1.6200000000000014e-05,0.10759084701538085,0.0006481632590293884,0.003604736328125,0.9998438557226877,42.69328059126633,711846.6730470767,-0.0003789253765717149,0.005403409525752067,-2.7664630889892576,0.0013094997964799404,0.004100342094898224
475,389120000,1.5600000000000013e-05,0.10766538619995117,0.0006623616814613342,0.003792724609375,0.9998436604304549,42.709990098493925,711924.0865089452,-0.00033621659968048335,0.006062519922852516,-2.7670576095581056,0.0014413850381970405,0.005683960020542144
476,389939200,1.5000000000000012e-05,0.10799344062805176,0.0006194867566227913,0.003306884765625,0.999948016842543,42.65145292925092,709113.3227763094,-0.0004196632653474808,0.005378782376646995,-2.7679412841796873,0.0012687609530985355,0.0034583743661642076
477,390758400,1.4400000000000011e-05,0.10795799255371094,0.0007032257318496704,0.003746337890625,1.0,42.72290036515388,713845.239383191,-0.00038641218561679124,0.005702519416809082,-2.7690702438354493,0.00139796519652009,0.004445555806159973
478,391577600,1.3800000000000012e-05,0.10723140716552734,0.0006552408635616303,0.003419189453125,0.9999479058137112,42.55068764325901,715304.5260470125,-0.0004013040568679571,0.006169454380869866,-2.7694751739501955,0.0014634176157414913,0.0040444333106279375
479,392396800,1.320000000000001e-05,0.10744656562805176,0.0006119857728481292,0.003267822265625,0.9999477288171031,42.836600282264385,709125.5227424777,-0.0002574863377958536,0.006102484092116356,-2.770055389404297,0.0010679588653147221,0.002632690407335758
480,393216000,1.260000000000001e-05,0.10803404808044434,0.0005570943653583527,0.003468017578125,0.9998437255821222,42.800854300151066,698778.0433065393,-0.00028020665049552915,0.00528968833386898,-2.7706356048583984,0.001036602258682251,0.002847656048834324
481,394035200,1.2000000000000009e-05,0.10787255287170411,0.0006162073463201523,0.003564453125,1.0,42.52529344551782,709516.7721188631,-0.00027603625785559415,0.005559605732560158,-2.7708290100097654,0.0012111309915781021,0.003074462711811066
482,394854400,1.140000000000001e-05,0.1080030632019043,0.0007153449952602386,0.00419921875,0.9999479464889907,42.71885898703868,712496.4608829228,-0.00028176880441606046,0.005619992315769195,-2.7712482452392577,0.001339952927082777,0.003144165500998497
483,395673600,1.0800000000000008e-05,0.10804269790649414,0.0005340524762868881,0.00367431640625,0.9999481166338072,42.5907440074712,711652.3332568684,-0.0003444375703111291,0.00473400391638279,-2.771955871582031,0.0013336531817913055,0.0030693355947732925
484,396492800,1.0200000000000007e-05,0.10783191680908204,0.0006190932914614677,0.00387451171875,0.9998957953420518,42.54040535611942,707777.4766131886,-0.00024832948110997677,0.005298236012458801,-2.7727922439575194,0.0011865850538015366,0.0024052731692790984
485,397312000,9.600000000000008e-06,0.10778070449829101,0.0006041413173079491,0.0036328125,1.0,42.64217502478735,709166.0932250257,-0.00039511998184025285,0.004632680863142014,-2.7735916137695313,0.0013673859648406506,0.003407592326402664
486,398131200,9.000000000000007e-06,0.10771964073181152,0.000605156421661377,0.003638916015625,0.9999476686378146,42.95080851954577,715344.7286609639,-0.00027477615512907507,0.005363231897354126,-2.774192237854004,0.0012445542961359024,0.0033717039972543717
487,398950400,8.400000000000006e-06,0.10723837852478027,0.0007413137704133987,0.003956298828125,0.999842486611362,43.02646224929119,714222.1519524339,-0.00032391955610364673,0.006927371770143509,-2.774565505981445,0.001407558098435402,0.0031402587890625
488,399769600,7.800000000000007e-06,0.10719448089599609,0.0005804813653230667,0.003486328125,1.0,42.902519511811846,712096.7296339758,-0.0003479980397969484,0.005658718943595886,-2.7747568130493163,0.0013182463124394416,0.003169189766049385
489,400588800,7.200000000000006e-06,0.10749400138854981,0.0006456883996725083,0.003564453125,0.9999477260846837,42.75797177208573,703239.0091860738,-0.00023332261480391026,0.006350110471248627,-2.7752382278442385,0.000854404829442501,0.0015761718153953553
490,401408000,6.600000000000005e-06,0.10796759605407714,0.0006673432886600495,0.00355224609375,0.9998958875585633,42.727745965642896,708799.059031657,-0.00020292603876441716,0.006568825244903565,-2.775479316711426,0.0008896620012819767,0.002054199017584324
491,402227200,6.000000000000004e-06,0.10783705711364747,0.0006762798130512238,0.00357666015625,0.9999479979199168,42.57566302652106,711481.5007737587,-0.0002590247197076678,0.00686139240860939,-2.7758148193359373,0.001116243191063404,0.0028121333569288256
492,403046400,5.400000000000004e-06,0.10773931503295898,0.0006432679295539856,0.003592529296875,0.9998432438081304,42.67264081931236,708470.0785715111,-0.00022302612196654082,0.00660487413406372,-2.776082229614258,0.0013969503343105316,0.0031467288732528686
493,403865600,4.800000000000004e-06,0.10732091903686523,0.0007437479496002198,0.0036279296875,0.9998956866426746,42.74594481823397,705800.1432714204,-0.0002066359855234623,0.006974323093891144,-2.7761749267578124,0.0011303500272333623,0.0027117917314171793
494,404684800,4.200000000000003e-06,0.10775520324707032,0.0007018658518791198,0.003824462890625,0.9999480977837754,42.722426947630666,704039.4195256535,-0.00037145919632166626,0.007091080397367477,-2.776453971862793,0.0011967341415584087,0.0030968012288212776
495,405504000,3.600000000000003e-06,0.10760878562927247,0.0006321675330400467,0.003575439453125,0.9998960120626007,42.55945510320803,709635.4322510142,-0.00018863214645534754,0.006024039536714554,-2.7765390396118166,0.0009004963561892509,0.0016812741756439208
496,406323200,3.000000000000002e-06,0.10732734680175782,0.0006228156387805938,0.00353759765625,1.0,42.63708457244222,710167.1061607121,-0.00021320432424545288,0.005782721564173698,-2.776690673828125,0.0008385439403355121,0.0012487790547311306
497,407142400,2.400000000000002e-06,0.10734739303588867,0.0008046598732471466,0.0040771484375,0.9999474596753007,42.926548626070506,707520.7786007832,-0.00021826357115060092,0.007590565085411072,-2.7768217086791993,0.0012079927138984204,0.0025728756561875345
498,407961600,1.8000000000000014e-06,0.10797503471374512,0.0007469563186168671,0.004036865234375,0.9999481166338072,42.63780222060807,698768.1063420357,-0.00016761644510552288,0.006720474362373352,-2.776997756958008,0.000755759933963418,0.001074706856161356
499,408780800,1.200000000000001e-06,0.10754813194274902,0.0006314558535814286,0.004022216796875,1.0,42.60900338277388,701013.2154407555,-0.0001715520629659295,0.005425135046243668,-2.7770879745483397,0.00038299812003970144,0.00048828115686774256
500,409600000,6.000000000000005e-07,0.10817300796508789,0.0006812609732151032,0.004239501953125,0.9998440262035978,42.65540189248206,707356.7310314376,-6.366356974467635e-05,0.005809683725237847,-2.777140998840332,0.00010994428303092718,1.0986327652062755e-06
