update,env_steps,lr,reward_per_step,cost_per_step,violation_rate,success_rate,mean_episode_length,steps_per_sec,policy_loss,value_loss,entropy,approx_kl,clip_frac
1,819200,0.0003,-0.011285064220428466,0.0,0.0,1.0,85.23275862068965,853199.2824718416,-0.006549227982759476,0.015716534852981568,1.8426280975341798,0.008078251779079438,0.11047849655151368
2,1638400,0.00029939999999999996,-0.003322409391403198,0.0,0.0,1.0,296.64912280701753,857922.1496515339,-0.0089109368622303,0.024357976019382478,1.8310674667358398,0.008972697705030442,0.12196170091629029
3,2457600,0.0002988,0.0005700311809778213,0.0,0.0,1.0,450.1044776119403,859063.3069613054,-0.012141835689544678,0.02129066288471222,1.795513916015625,0.01177476868033409,0.16201022863388062
4,3276800,0.0002982,0.004269714951515197,0.0,0.0,1.0,611.32,853897.4473907858,-0.014559149742126465,0.01917315721511841,1.7546796798706055,0.01309247612953186,0.18520179986953736
5,4096000,0.00029759999999999997,0.007913174629211426,0.0,0.0,0.013787721123829344,996.232570239334,852374.877734641,-0.017067666351795196,0.020874117314815522,1.7160137176513672,0.012741680443286895,0.18558008670806886
6,4915200,0.00029699999999999996,0.005498960018157959,0.0,0.0,0.7784810126582279,315.2320675105485,852030.7452835325,-0.00942702516913414,0.03449101448059082,1.678203010559082,0.008628471940755843,0.11427003145217896
7,5734400,0.0002964,0.009902382493019104,0.0,0.0,0.9469790382244143,344.79161528976573,828533.2102499794,-0.00956229493021965,0.034009185433387754,1.641411018371582,0.00723428800702095,0.09177832007408142
8,6553600,0.0002958,0.007954797744750976,0.0,0.0,0.9761904761904762,416.4626984126984,853484.2471397971,-0.007618942111730575,0.03481990396976471,1.603987693786621,0.005764007940888405,0.06753466725349426
9,7372800,0.00029519999999999997,0.008941658139228821,0.0,0.0,0.9854872149274361,358.3469246717346,857317.6790029547,-0.007051268965005875,0.03414642810821533,1.5695409774780273,0.005707361549139023,0.06484398841857911
10,8192000,0.00029459999999999995,0.008040578365325927,0.0,0.0,0.47141848976711365,654.0021171489061,848550.266750703,-0.007927467674016952,0.029895439743995667,1.5393378257751464,0.006867362558841706,0.08642297983169556
11,9011200,0.000294,0.01838943600654602,0.0,0.0,0.9309694454922671,198.12297246322143,846280.941972318,-0.005923160165548324,0.04152574837207794,1.5146727561950684,0.006174317374825477,0.0746953010559082
12,9830400,0.0002934,0.01758108854293823,0.0,0.0,0.9001236858379715,234.9959802102659,849915.8791183361,-0.006611524522304535,0.034055760502815245,1.4941908836364746,0.006749530881643295,0.08536986708641052
13,10649600,0.00029279999999999996,0.019782238006591797,0.0,0.0,0.897070467141726,244.10451306413302,870136.0565762218,-0.006315887719392776,0.03017313778400421,1.4748621940612794,0.00652494877576828,0.08202161192893982
14,11468800,0.00029219999999999995,0.02479410171508789,0.0,0.0,0.936990998714102,198.5621517359623,873137.597615895,-0.0065781064331531525,0.026632755994796753,1.456130599975586,0.006593227386474609,0.08325648307800293
15,12288000,0.0002916,0.02901172399520874,0.0,0.0,0.9324618736383442,185.15050835148875,869361.7421966798,-0.006605271250009537,0.021020983159542084,1.4365065574645997,0.006525789946317672,0.08077893853187561
16,13107200,0.00029099999999999997,0.034356529712677004,0.0,0.0,0.959061565107857,145.56038419146591,861302.8546049026,-0.007214002311229706,0.01617484390735626,1.4119578361511231,0.0065913073718547825,0.08098340034484863
17,13926400,0.00029039999999999996,0.03928885459899902,0.0,0.0,0.9662512253185829,129.02366615319983,851019.1525236389,-0.006992082297801972,0.011475539207458496,1.3864697456359862,0.006358839571475983,0.07744737863540649
18,14745600,0.00028979999999999994,0.04397906303405762,0.0,0.0,0.9741261350914293,117.03433262843637,848360.632084861,-0.006879427284002304,0.008333753794431686,1.3599383354187011,0.0064673304557800295,0.0792973518371582
19,15564800,0.0002892,0.049378004074096676,0.0,0.0,0.9841603898980948,100.74501550731058,865108.6133393612,-0.00657949447631836,0.0065963856875896456,1.3315715789794922,0.006740991026163101,0.0843060314655304
20,16384000,0.00028859999999999997,0.05493210315704346,0.0,0.0,0.9868973794758952,92.98099619923985,850324.5794775672,-0.006465910375118256,0.00545102171599865,1.2999485969543456,0.0073231816291809086,0.09552783966064453
21,17203200,0.00028799999999999995,0.05988166332244873,0.0,0.0,0.9936264548309625,82.01200812857934,861106.8970248437,-0.006285619735717773,0.004816147312521934,1.265615749359131,0.007434754073619843,0.09747119545936585
22,18022400,0.00028739999999999994,0.06464483261108399,0.0,0.0,0.9963997942739585,74.31124635693469,847533.423655921,-0.006455237418413163,0.004156394302845002,1.2315953254699707,0.007742125540971756,0.10348974466323853
23,18841600,0.0002868,0.06904176712036132,0.0,0.0,0.9977644710578842,68.49972055888223,866177.947443168,-0.006867019832134247,0.003650445118546486,1.19903564453125,0.007993236184120178,0.10758812427520752
24,19660800,0.00028619999999999996,0.07242138862609863,0.0,0.0,0.9983943726584601,63.65524887223794,858432.108941245,-0.006910756230354309,0.003119233436882496,1.165280818939209,0.00804135724902153,0.10613266229629517
25,20480000,0.00028559999999999995,0.0758254051208496,0.0,0.0,0.9993391100014687,61.26920252606844,861822.229497469,-0.006560614705085755,0.0029841508716344834,1.1319849967956543,0.007963472604751587,0.106146240234375
26,21299200,0.000285,0.07933117866516114,0.0,0.0,0.9993020658849805,58.1462171970966,868947.9414015347,-0.006774097681045532,0.002680240757763386,1.0993738174438477,0.008093681931495667,0.10795994997024536
27,22118400,0.0002844,0.0827601432800293,0.0,0.0,0.9998662565199946,55.41099371405644,865835.4716200554,-0.006583302468061447,0.0024788230657577515,1.0671223640441894,0.008091600239276886,0.10813354253768921
28,22937600,0.00028379999999999996,0.08573662757873535,0.0,0.0,0.9994175511260678,53.762360859435674,863014.8733720724,-0.006512609124183655,0.0023216884583234787,1.034959602355957,0.008131670951843261,0.10825623273849487
29,23756800,0.00028319999999999994,0.08909271240234375,0.0,0.0,0.9998124531132783,51.889347336834206,862116.1561019499,-0.006288082897663116,0.0021035011857748033,1.0023736000061034,0.008125995844602584,0.10886303186416627
30,24576000,0.0002826,0.09199399948120117,0.0,0.0,0.9998182148700236,49.88989880627765,869145.3128377037,-0.005730926617980003,0.001959740370512009,0.9696577072143555,0.007612618058919907,0.09874501824378967
31,25395200,0.00028199999999999997,0.09406467437744141,0.0,0.0,0.9998816077665306,48.86384893151009,840335.253478253,-0.005604217574000358,0.001872900500893593,0.936434268951416,0.007424122840166092,0.0970637023448944
32,26214400,0.00028139999999999996,0.09617298126220702,0.0,0.0,0.9999421296296296,47.590567129629626,864336.8302111741,-0.00508209578692913,0.0017258374020457268,0.9017171859741211,0.00701570063829422,0.08828197717666626
33,27033600,0.00028079999999999994,0.09814178466796875,0.0,0.0,1.0,46.45938120919671,853478.6158580973,-0.004906142875552177,0.0016169141978025436,0.8686676025390625,0.0067396961152553555,0.08354320526123046
34,27852800,0.0002802,0.09983412742614746,0.0,0.0,0.999888005375742,46.04390189270915,861517.2645616219,-0.004689417779445648,0.001556261908262968,0.836750602722168,0.006492314487695694,0.07858741283416748
35,28672000,0.00027959999999999997,0.10146912574768066,0.0,0.0,0.9999450156705338,45.270907791279484,852896.9104388263,-0.004425080120563507,0.001479535736143589,0.80662841796875,0.006121942773461342,0.07218931913375855
36,29491200,0.00027899999999999995,0.10254964828491211,0.0,0.0,0.9999455989555,44.525786095093025,872103.0802673057,-0.004132823646068573,0.001354888267815113,0.7748943328857422,0.005843303725123405,0.06526952981948853
37,30310400,0.0002784,0.10403722763061524,0.0,0.0,1.0,44.19334296569808,852933.1922849902,-0.003862118348479271,0.001287112385034561,0.7447652339935302,0.005578012764453888,0.06164758801460266
38,31129600,0.0002778,0.10533290863037109,0.0,0.0,0.9999468847931162,43.64683698943007,851786.2977766546,-0.003871140629053116,0.001190648227930069,0.717074203491211,0.005485344305634498,0.059183478355407715
39,31948800,0.0002772,0.1064688491821289,0.0,0.0,0.9999475341028332,43.0401888772298,840861.5668743406,-0.003732495382428169,0.0011112621054053307,0.6892708301544189,0.0053400564938783646,0.05605918765068054
40,32768000,0.0002766,0.10691600799560547,0.0,0.0,1.0,42.7216995923487,869311.1371446475,-0.0032406218349933626,0.0010710174217820167,0.6599338054656982,0.004747201129794121,0.04806006252765656
41,33587200,0.000276,0.10791091918945313,0.0,0.0,1.0,42.47596451413245,865464.7683166019,-0.00326085239648819,0.0010281676426529885,0.6308197021484375,0.004798412322998047,0.04685022234916687
42,34406400,0.00027539999999999997,0.10844497680664063,0.0,0.0,0.9998968487286606,42.224766620248595,858100.6842090418,-0.0029410356655716896,0.0009629716165363789,0.6052667140960694,0.004564866796135903,0.04422608017921448
43,35225600,0.0002748,0.10914718627929687,0.0,0.0,0.9998977505112474,42.02050102249489,863713.891366349,-0.0028329545632004736,0.0009014101698994637,0.5802361965179443,0.004438931867480278,0.04120446443557739
44,36044800,0.0002742,0.1098533821105957,0.0,0.0,1.0,41.576440083379936,841802.190082476,-0.002834245003759861,0.0008814687840640545,0.5538647651672364,0.004484399408102036,0.04123278856277466
45,36864000,0.0002736,0.11041681289672851,0.0,0.0,1.0,41.54011374022545,852329.8916686695,-0.0026607893407344816,0.0008681067265570164,0.5281809806823731,0.0042830131947994236,0.03831762969493866
46,37683200,0.00027299999999999997,0.11063301086425781,0.0,0.0,0.9999494234270686,41.66002427675501,860865.4441052466,-0.0027116652578115462,0.0008251090534031391,0.5035084247589111,0.004093969985842705,0.036217409372329715
47,38502400,0.0002724,0.1113786506652832,0.0,0.0,1.0,41.27052483126826,856376.0757698,-0.0026445478200912476,0.0007710873149335384,0.47591409683227537,0.004161417111754417,0.035417237877845766
48,39321600,0.0002718,0.11236678123474121,0.0,0.0,1.0,40.84141232794734,868178.6980476646,-0.002363530546426773,0.0007353142369538546,0.45315213203430177,0.0037444178014993668,0.03006812036037445
49,40140800,0.0002712,0.11254281044006348,0.0,0.0,0.9999503746712322,40.71812813259888,860906.2965172309,-0.0026192516088485718,0.0007047703489661217,0.4295370101928711,0.0041144084185361866,0.03469713926315308
50,40960000,0.00027059999999999996,0.11307219505310058,0.0,0.0,1.0,40.709544801624645,861375.4540119237,-0.0024935394525527955,0.0006742142140865326,0.40753965377807616,0.00395880751311779,0.031139037013053893
51,41779200,0.00027,0.11352792739868164,0.0,0.0,1.0,40.48029009817949,860991.9293021044,-0.0023466676473617555,0.000627150759100914,0.38766467571258545,0.003906508535146713,0.03137743771076203
52,42598400,0.0002694,0.11364709854125976,0.0,0.0,1.0,40.30786295292088,868711.1265469758,-0.0024355771020054817,0.000629347562789917,0.3669771194458008,0.0038342967629432676,0.030647826194763184
53,43417600,0.0002688,0.11395437240600587,0.0,0.0,1.0,40.16037133454492,863961.6837288999,-0.0020667100325226784,0.0006165482103824615,0.34500699043273925,0.0036111559718847277,0.027725952863693237
54,44236800,0.00026819999999999996,0.11465603828430176,0.0,0.0,1.0,40.34037662020054,861517.3371282,-0.002278580516576767,0.0005732739809900522,0.32168962955474856,0.00381590910255909,0.029985105991363524
55,45056000,0.0002676,0.11498663902282714,0.0,0.0,1.0,39.83542946280589,855281.2337843891,-0.002162531577050686,0.0005561279132962227,0.299586820602417,0.003500470519065857,0.025904542207717894
56,45875200,0.000267,0.11509091377258301,0.0,0.0,1.0,39.89702160794238,865069.4393534003,-0.0022360818460583688,0.0005233833566308021,0.2780810832977295,0.003657916933298111,0.026988640427589417
57,46694400,0.00026639999999999997,0.1153979778289795,0.0,0.0,1.0,39.71033246098672,872681.3907526128,-0.0020776886492967607,0.0005063796415925026,0.25877625942230226,0.0034868046641349792,0.026374149322509765
58,47513600,0.00026579999999999996,0.11592945098876953,0.0,0.0,1.0,39.570303820702314,869228.0649375494,-0.0019412789493799209,0.0004986009560525417,0.23966896533966064,0.003343775123357773,0.024980711936950683
59,48332800,0.0002652,0.1160395622253418,0.0,0.0,1.0,39.65814234016888,875558.9971633769,-0.0018870584666728974,0.0004922621417790651,0.22027812004089356,0.003247345611453056,0.022760859131813048
60,49152000,0.0002646,0.11645549774169922,0.0,0.0,1.0,39.46841368659814,874905.6486895321,-0.0017519565299153328,0.00046296468935906886,0.2005018949508667,0.0030353251844644547,0.02111145108938217
61,49971200,0.00026399999999999997,0.11656115531921386,0.0,0.0,1.0,39.22049585191579,870382.9520040553,-0.0017220204696059226,0.00045328093692660333,0.1814456105232239,0.002911805734038353,0.02062744051218033
62,50790400,0.00026339999999999995,0.11661710739135742,0.0,0.0,1.0,39.49853075774363,849942.4640242194,-0.0019540783017873765,0.0004473585169762373,0.16186375617980958,0.00324702151119709,0.02338598668575287
63,51609600,0.0002628,0.11700483322143555,0.0,0.0,1.0,39.332262087490406,862716.474020667,-0.001704494282603264,0.0004320502281188965,0.14446226358413697,0.0030555427074432373,0.020793454349040986
64,52428800,0.0002622,0.1173944091796875,0.0,0.0,1.0,39.213283040488925,867148.9675058686,-0.0016507269814610482,0.00041704471223056314,0.12413543462753296,0.0029560884460806845,0.02048131972551346
65,53248000,0.00026159999999999996,0.11746002197265625,0.0,0.0,1.0,39.14165907892845,864047.705833374,-0.0017429942265152932,0.00041997916996479036,0.10473238229751587,0.003242063894867897,0.022843505442142486
66,54067200,0.000261,0.11740468025207519,0.0,0.0,1.0,39.25968491117177,862528.9975689471,-0.0016476683318614959,0.00042020217515528204,0.08978700637817383,0.0030701378360390662,0.02231200933456421
67,54886400,0.0002604,0.11791850090026855,0.0,0.0,1.0,39.02262120201924,869560.3568689667,-0.0015215489082038402,0.0003975250292569399,0.07294442057609558,0.00291963629424572,0.019582271575927734
68,55705600,0.00025979999999999997,0.11823226928710938,0.0,0.0,1.0,38.92808561236623,857679.2765687734,-0.0014714913442730904,0.0004018657840788364,0.055383867025375365,0.0028334071859717367,0.018718382716178893
69,56524800,0.00025919999999999996,0.11836345672607422,0.0,0.0,1.0,38.876887395276185,840554.5238666912,-0.0014711694791913032,0.0003766706446185708,0.03657021522521973,0.0030279943719506265,0.02002929300069809
70,57344000,0.0002586,0.11901111602783203,0.0,0.0,1.0,38.676074951621274,861704.3550141215,-0.0013986170291900636,0.0003586843376979232,0.01892072558403015,0.0026798399165272714,0.0178103044629097
71,58163200,0.000258,0.11819686889648437,0.0,0.0,1.0,38.681032038559685,867185.6254590971,-0.0013089668005704879,0.00037209608126431704,0.00158139169216156,0.0026695722714066505,0.01685522049665451
72,58982400,0.00025739999999999997,0.11873048782348633,0.0,0.0,1.0,38.65167004286993,854115.5127135814,-0.0013686182908713817,0.00036008600145578387,-0.014815922081470489,0.0028056425973773,0.018724364042282105
73,59801600,0.00025679999999999995,0.11910825729370117,0.0,0.0,1.0,38.656519892397,862973.5843879425,-0.0011875709518790246,0.00035390264820307494,-0.033359485864639285,0.0027038175612688065,0.01776953637599945
74,60620800,0.0002562,0.11918672561645507,0.0,0.0,1.0,38.44333771847397,854510.847586753,-0.0011466478928923607,0.0003528853179886937,-0.05197254419326782,0.0026334814727306368,0.01756017804145813
75,61440000,0.0002556,0.11941113471984863,0.0,0.0,1.0,38.588903554256625,862342.7318420802,-0.0012467809021472931,0.0003361018840223551,-0.06920316815376282,0.0026327785104513167,0.01623510420322418
76,62259200,0.00025499999999999996,0.11956819534301757,0.0,0.0,1.0,38.550625764561964,867524.3922614239,-0.0011213500052690505,0.0003430124139413238,-0.08702164888381958,0.0026456961408257485,0.01673961728811264
77,63078400,0.00025439999999999995,0.11953067779541016,0.0,0.0,1.0,38.46408839779006,870231.2053801685,-0.0013136607594788074,0.0003396790474653244,-0.1039849042892456,0.002748953364789486,0.017870239913463593
78,63897600,0.0002538,0.11948131561279297,0.0,0.0,1.0,38.46379399464311,869215.5907342108,-0.0009542164392769336,0.00033733914606273176,-0.11859214305877686,0.0025453636422753333,0.016016356647014618
79,64716800,0.0002532,0.11994256019592285,0.0,0.0,1.0,38.41529670741417,876926.0241219904,-0.0011603342369198798,0.00031852154061198237,-0.13157098293304442,0.00247567817568779,0.015025998651981353
80,65536000,0.00025259999999999996,0.1195242691040039,0.0,0.0,1.0,38.33747072599532,873613.3610953157,-0.0009752687066793442,0.0003328804858028889,-0.14604662656784057,0.0022113023325800894,0.012784546613693238
81,66355200,0.00025199999999999995,0.12017244338989258,0.0,0.0,1.0,38.34708578912901,870896.112675692,-0.0009720498695969581,0.00031734881922602655,-0.1619327187538147,0.0024017803370952606,0.015303950011730193
82,67174400,0.0002514,0.12005363464355469,0.0,0.0,1.0,38.43469071438636,864766.0047296592,-0.0011028772220015525,0.0003125679679214954,-0.17698410749435425,0.0026504170149564744,0.01601611524820328
83,67993600,0.00025079999999999997,0.12028168678283692,0.0,0.0,1.0,38.26523197316937,874428.4589751038,-0.0008341280743479728,0.0003178645158186555,-0.19091609716415406,0.002181783132255077,0.012156492471694947
84,68812800,0.00025019999999999996,0.12042245864868165,0.0,0.0,1.0,38.236116959064326,844793.0005625539,-0.0009919595904648304,0.0003096188651397824,-0.20942373275756837,0.0023880677297711374,0.013683228194713593
85,69632000,0.00024959999999999994,0.12060150146484375,0.0,0.0,1.0,38.233333333333334,832833.8362926866,-0.0008217306807637214,0.00030429039616137744,-0.22722971439361572,0.002606203779578209,0.016182373464107513
86,70451200,0.000249,0.12059850692749023,0.0,0.0,1.0,38.07738758825715,850066.394398286,-0.0007528811693191528,0.00030490888748317956,-0.24262328147888185,0.0021669484674930574,0.013164184987545013
87,71270400,0.0002484,0.12067388534545899,0.0,0.0,1.0,38.14646746718794,838077.4188545689,-0.0008501125499606133,0.0003021274693310261,-0.25813922882080076,0.0025107000023126603,0.0153843954205513
88,72089600,0.0002478,0.12073150634765625,0.0,0.0,1.0,38.11779226828132,841966.1969359793,-0.0008263389579951763,0.0002953278366476297,-0.27404356002807617,0.00237735528498888,0.01338171511888504
89,72908800,0.0002472,0.12094825744628906,0.0,0.0,1.0,38.198305163663456,851990.7760312286,-0.0006430547684431076,0.0002926115645095706,-0.288023853302002,0.0021763719618320466,0.012564572691917419
90,73728000,0.0002466,0.12119933128356934,0.0,0.0,1.0,38.09945008854506,854990.4909930379,-0.0008056624792516232,0.0002962333615869284,-0.30305795669555663,0.0024167172610759734,0.012675906717777252
91,74547200,0.000246,0.1208249282836914,0.0,0.0,1.0,38.036863364130184,854150.5142023967,-0.0007994799874722957,0.00029374100267887115,-0.31563539505004884,0.002164220064878464,0.012273070961236953
92,75366400,0.0002454,0.12109801292419434,0.0,0.0,1.0,38.027004493028855,852850.8639417689,-0.0006602231878787279,0.0002924718428403139,-0.32890748977661133,0.0021073885262012483,0.012133913487195969
93,76185600,0.0002448,0.12109233856201172,0.0,0.0,1.0,38.05383080421365,852017.8364917117,-0.0006989256478846073,0.0002858518622815609,-0.34227862358093264,0.002233879268169403,0.012266968190670014
94,77004800,0.00024419999999999997,0.12106755256652832,0.0,0.0,1.0,37.8747282231577,860203.4962856601,-0.0007237213663756848,0.00029179384000599384,-0.3538134336471558,0.0023241186514496802,0.013611572980880737
95,77824000,0.00024359999999999999,0.12113068580627441,0.0,0.0,1.0,37.89823747680891,857448.8960594054,-0.0006818913854658604,0.00029003797098994257,-0.36815762519836426,0.0021868206560611723,0.011585206538438798
96,78643200,0.000243,0.12140483856201172,0.0,0.0,1.0,37.93798807818493,855121.2197929826,-0.0007325132377445698,0.00028875835705548524,-0.38426947593688965,0.0021238936111330985,0.011141356825828553
97,79462400,0.00024239999999999998,0.12143091201782226,0.0,0.0,1.0,37.84421831637373,848065.8575302958,-0.0007035785354673862,0.0002869808813557029,-0.3983872413635254,0.0024693386629223825,0.012512084841728211
98,80281600,0.0002418,0.1215489673614502,0.0,0.0,1.0,37.79862552465292,850120.1676469692,-0.000705694081261754,0.0002827561926096678,-0.40981526374816896,0.0021797247231006623,0.011713500320911407
99,81100800,0.00024119999999999998,0.12145744323730469,0.0,0.0,1.0,37.77869456992717,859691.0594560433,-0.0004929773975163698,0.0002821618691086769,-0.4226088047027588,0.002273029275238514,0.013813109695911407
100,81920000,0.0002406,0.12167250633239746,0.0,0.0,1.0,37.784462077874146,858743.930772518,-0.0005821180995553732,0.0002846826333552599,-0.43671598434448244,0.0021890796720981597,0.011152586340904236
101,82739200,0.00023999999999999998,0.12183080673217773,0.0,0.0,1.0,37.78915079108815,862207.6214417999,-0.0005649279803037644,0.0002778185298666358,-0.4476486682891846,0.0020152512937784196,0.010554932057857513
102,83558400,0.0002394,0.1221287727355957,0.0,0.0,1.0,37.72326899156954,863625.6375979965,-0.0005624487064778804,0.00027561706956475974,-0.46020054817199707,0.002004678547382355,0.009998659044504166
103,84377600,0.0002388,0.12161702156066895,0.0,0.0,1.0,37.79461651917404,877798.334471817,-0.00042015803046524525,0.0002776589011773467,-0.47098455429077146,0.0019898856058716773,0.010910888761281967
104,85196800,0.0002382,0.1219891357421875,0.0,0.0,1.0,37.802371176823364,873447.3007444623,-0.00041436366736888883,0.00026720790192484855,-0.48205060958862306,0.002023967169225216,0.010777587443590165
105,86016000,0.0002376,0.12219043731689454,0.0,0.0,1.0,37.66403162055336,865186.8730271569,-0.0004493065178394318,0.0002715475158765912,-0.49350762367248535,0.0019510207697749139,0.0094329833984375
106,86835200,0.000237,0.12203241348266601,0.0,0.0,1.0,37.65721116270516,860696.0961603718,-0.0004900468047708273,0.00027323272079229357,-0.5095071792602539,0.0019167223945260048,0.009768553823232651
107,87654400,0.0002364,0.12201229095458985,0.0,0.0,1.0,37.68441152111898,864095.4623363797,-0.0003980081994086504,0.0002674325602129102,-0.5239824771881103,0.0018657580018043517,0.008852783590555191
108,88473600,0.00023579999999999999,0.12209381103515625,0.0,0.0,1.0,37.726414225170444,839632.6968254247,-0.0003022465854883194,0.00027302892412990333,-0.536699914932251,0.0018291877582669257,0.00880712941288948
109,89292800,0.0002352,0.12218297004699707,0.0,0.0,1.0,37.81179503706091,844506.1948011578,-0.00035124279092997314,0.0002681042766198516,-0.5507753849029541,0.0018648633733391762,0.009305542707443238
110,90112000,0.00023459999999999998,0.12228170394897461,0.0,0.0,1.0,37.6310214608087,845216.1398003614,-0.0003270353423431516,0.00027240717317909,-0.5632117748260498,0.0019483013078570367,0.010185669362545013
111,90931200,0.000234,0.12204742431640625,0.0,0.0,1.0,37.60628873077806,845002.8759329831,-0.00023440821096301078,0.0002734284847974777,-0.5766633510589599,0.002376232482492924,0.014203613996505738
112,91750400,0.00023339999999999998,0.12249000549316406,0.0,0.0,1.0,37.58977887879622,856817.3114128781,-0.00034054303541779517,0.00026945371646434067,-0.5870306491851807,0.0018777340650558473,0.008814209699630737
113,92569600,0.0002328,0.12245013236999512,0.0,0.0,1.0,37.78510756162866,841530.0824019484,-0.00035732516553252933,0.0002785131800919771,-0.5983519554138184,0.0020751109346747398,0.01002770960330963
114,93388800,0.00023219999999999998,0.12219048500061035,0.0,0.0,1.0,37.70146713884928,863939.3552934935,-0.0002625809051096439,0.00027413745410740373,-0.6097312450408936,0.0019408537074923516,0.0095184326171875
115,94208000,0.0002316,0.12260843276977539,0.0,0.0,1.0,37.56462398094715,854130.6714138533,-0.0003798449877649546,0.0002703326987102628,-0.6217146873474121,0.001971134729683399,0.009684202820062637
116,95027200,0.00023099999999999998,0.12232873916625976,0.0,0.0,1.0,37.58661507991341,861785.4148218753,-0.00023203734308481218,0.00027210530824959276,-0.6343972682952881,0.0017921298742294312,0.008325926959514618
117,95846400,0.0002304,0.12241853713989258,0.0,0.0,1.0,37.69794963533783,871344.9029652529,-0.00022413404658436776,0.0002673670882359147,-0.6490240097045898,0.0020042842254042624,0.009663939476013184
118,96665600,0.00022979999999999997,0.12239753723144531,0.0,0.0,1.0,37.59301898908357,854354.8268551674,-0.00029019524808973076,0.0002664332976564765,-0.656993818283081,0.002009088359773159,0.010636109113693237
119,97484800,0.0002292,0.12229586601257324,0.0,0.0,1.0,37.48790876614454,865860.3758798249,-0.00020417761988937854,0.00028783269226551056,-0.6638081073760986,0.0020249104127287865,0.010453246533870697
120,98304000,0.00022859999999999997,0.12277555465698242,0.0,0.0,1.0,37.56947054778822,865037.5993976672,-0.00016639642417430877,0.0002652165247127414,-0.6736626148223877,0.0021668100729584695,0.012718504667282105
121,99123200,0.00022799999999999999,0.12281726837158204,0.0,0.0,1.0,37.65720834288334,866464.6163547533,-0.00037986997049301865,0.00025585885159671304,-0.6857790470123291,0.001839287206530571,0.008369261771440506
122,99942400,0.00022739999999999997,0.12269286155700683,0.0,0.0,1.0,37.541904586480015,850932.385995567,-0.00022555687464773655,0.00025709494948387144,-0.6977875232696533,0.002131045050919056,0.012391479313373565
123,100761600,0.00022679999999999998,0.12262263298034667,0.0,0.0,1.0,37.49910906017271,852372.8885640753,-0.0003113767597824335,0.0002564823487773538,-0.7123212814331055,0.0019647406414151193,0.009075195342302323
124,101580800,0.00022619999999999997,0.12258970260620117,0.0,0.0,1.0,37.435565121817184,851914.2306044011,-0.0002799444831907749,0.0002587899332866073,-0.7243518829345703,0.0018852373585104942,0.008454955369234084
125,102400000,0.00022559999999999998,0.12293234825134278,0.0,0.0,1.0,37.56281154250697,861293.7095391537,-0.00029506008140742777,0.0002566665410995483,-0.7356817722320557,0.0019246445968747138,0.008216430991888046
126,103219200,0.000225,0.12278945922851563,0.0,0.0,1.0,37.57294295810197,864545.9075655695,-0.00019941029604524373,0.0002624207641929388,-0.7477952480316162,0.0017761047929525375,0.008414918184280395
127,104038400,0.00022439999999999998,0.12275053024291992,0.0,0.0,1.0,37.431110095934216,858212.5586861392,-0.00013938238844275476,0.0002573516219854355,-0.7580756187438965,0.0018291175365447998,0.008536498248577117
128,104857600,0.0002238,0.12293992042541504,0.0,0.0,1.0,37.44602246780528,854078.0502718997,1.7558279796503485e-05,0.0002527757314965129,-0.7675264835357666,0.001979410462081432,0.011360838264226913
129,105676800,0.00022319999999999998,0.12309476852416992,0.0,0.0,1.0,37.50185363174516,865601.1027755579,-0.00029127998277544975,0.0002582743298262358,-0.7797883033752442,0.0018363917246460915,0.007445190846920013
130,106496000,0.0002226,0.12320512771606446,0.0,0.0,1.0,37.31770548569346,857000.5072403848,-0.00023365903180092574,0.00025488906539976596,-0.7931979179382325,0.0018346821889281273,0.007491455227136612
131,107315200,0.00022199999999999998,0.12291885375976562,0.0,0.0,1.0,37.488163377444025,859570.2262049513,-0.0003462024964392185,0.00024940944276750086,-0.8042289733886718,0.001938898116350174,0.009415769577026367
132,108134400,0.0002214,0.12297481536865235,0.0,0.0,1.0,37.38914707490432,864408.4522485856,-0.00016476809978485107,0.00025773525703698397,-0.8134503364562988,0.0019434342160820962,0.01033325269818306
133,108953600,0.00022079999999999997,0.12292738914489747,0.0,0.0,1.0,37.49281549832438,865142.2720280292,-0.00018290304578840732,0.0002514634979888797,-0.825110912322998,0.0019342809915542602,0.00805017128586769
134,109772800,0.00022019999999999999,0.12295968055725098,0.0,0.0,1.0,37.387549560224215,868941.2561107004,-0.000194574857596308,0.0002550461562350392,-0.8370854377746582,0.0019696976989507673,0.009520507603883743
135,110592000,0.00021959999999999997,0.122875394821167,0.0,0.0,1.0,37.39048576520587,867097.0933317654,-0.00025772477965801954,0.0002566873328760266,-0.8474061965942383,0.001855774037539959,0.007727904617786408
136,111411200,0.00021899999999999998,0.12310062408447266,0.0,0.0,1.0,37.4455717027694,858516.8549094296,1.6656071238685398e-06,0.00026709199883043764,-0.8598796844482421,0.0022354606539011002,0.012486327439546585
137,112230400,0.00021839999999999997,0.12324323654174804,0.0,0.0,1.0,37.3223528339712,864237.6055162832,-0.00016505059320479632,0.0002545979339629412,-0.8713624954223633,0.0018113112077116967,0.00740661695599556
138,113049600,0.00021779999999999998,0.12311946868896484,0.0,0.0,1.0,37.39058437115095,846457.5391846021,-0.0002807107986882329,0.0002464850666001439,-0.8811834335327149,0.0015931570902466773,0.005931396409869194
139,113868800,0.00021719999999999997,0.12337162017822266,0.0,0.0,1.0,37.41703216374269,867066.2988151824,-0.00022200203966349363,0.00024855497758835554,-0.889171028137207,0.0017062565311789513,0.007084229588508606
140,114688000,0.00021659999999999998,0.123005952835083,0.0,0.0,1.0,37.44278993285525,864977.9349036783,4.892409197054803e-06,0.0002593575278297067,-0.9003621101379394,0.002328476868569851,0.015003176033496856
141,115507200,0.00021599999999999996,0.12305232048034669,0.0,0.0,1.0,37.55111213024536,851727.7280271873,-0.0002376088174059987,0.0002563216723501682,-0.9140422821044922,0.001708994247019291,0.007059815526008606
142,116326400,0.00021539999999999998,0.12309866905212402,0.0,0.0,1.0,37.425386091565386,861363.9930529495,-0.00016811019740998746,0.00024731757584959266,-0.9267148971557617,0.0017658457159996032,0.00720227062702179
143,117145600,0.00021479999999999996,0.12306314468383789,0.0,0.0,1.0,37.35718194254446,873606.548078626,-0.0001372532220557332,0.00025447423104196787,-0.9362580299377441,0.0017966020852327347,0.007571045309305191
144,117964800,0.00021419999999999998,0.12297603607177734,0.0,0.0,1.0,37.39859501870267,870202.9564890163,-7.539894431829453e-05,0.0002533899853006005,-0.9442339897155761,0.0018353397026658058,0.008204344660043716
145,118784000,0.00021359999999999996,0.12323766708374023,0.0,0.0,1.0,37.34542802443249,867198.503145243,-0.00017157162073999643,0.000257313484326005,-0.9550196647644043,0.0018578920513391494,0.0079744853079319
146,119603200,0.00021299999999999997,0.12311081886291504,0.0,0.0,1.0,37.43635200584849,871636.7386364387,-0.00019376256968826056,0.0002501173177734017,-0.9672348022460937,0.0018805766478180886,0.008089111000299454
147,120422400,0.00021239999999999996,0.12331226348876953,0.0,0.0,1.0,37.427709742277464,871359.648761295,-0.00014919547829777,0.0002511010505259037,-0.9811910629272461,0.001593811996281147,0.006038086116313934
148,121241600,0.00021179999999999997,0.12309286117553711,0.0,0.0,1.0,37.33968804159446,858534.7851046289,-0.00010137684876099229,0.0002522298833355308,-0.991577434539795,0.001730617508292198,0.006630980223417282
149,122060800,0.00021119999999999996,0.12280301094055175,0.0,0.0,1.0,37.43632377124064,874731.7792317534,-8.180200820788741e-05,0.00025822457391768696,-0.9993574142456054,0.0019178250804543495,0.009141234308481216
150,122880000,0.00021059999999999997,0.12297444343566895,0.0,0.0,1.0,37.37264840182648,867955.6160726944,-0.00011462722904980183,0.0002499410416930914,-1.0068489074707032,0.0016426069661974907,0.006173462793231011
151,123699200,0.00020999999999999998,0.12313109397888183,0.0,0.0,1.0,37.433870894056376,839945.6411386434,1.1733406427083538e-05,0.0002470080042257905,-1.0139311790466308,0.00206406619399786,0.011339721083641053
152,124518400,0.00020939999999999997,0.12330787658691406,0.0,0.0,1.0,37.313112884834666,845553.5746375285,-4.779038135893643e-05,0.00026169945485889914,-1.0250699043273925,0.0018834838643670081,0.008378908038139343
153,125337600,0.00020879999999999998,0.12318778038024902,0.0,0.0,1.0,37.37927895120175,831820.8102889344,-9.600037592463195e-05,0.00025325450114905835,-1.0374210357666016,0.0018621215596795083,0.00845605656504631
154,126156800,0.00020819999999999996,0.12313037872314453,0.0,0.0,1.0,37.31338044221564,839676.1030374427,-8.363480446860194e-05,0.00025368882343173026,-1.0478979110717774,0.0019573325291275976,0.010560914129018783
155,126976000,0.00020759999999999998,0.12332685470581055,0.0,0.0,1.0,37.40644718792867,855776.9704775586,-0.0001078230096027255,0.00025410507805645466,-1.055417537689209,0.0016595767810940742,0.006062987074255943
156,127795200,0.00020699999999999996,0.12336021423339844,0.0,0.0,1.0,37.30704468917812,868632.7935232951,-8.797073969617486e-05,0.0002729141619056463,-1.0666300773620605,0.0021145354956388475,0.011138793826103211
157,128614400,0.00020639999999999998,0.12319831848144532,0.0,0.0,1.0,37.37609994072858,864925.2589500062,-6.2882754718884826e-06,0.00025370395742356776,-1.0792179107666016,0.0017806345596909523,0.006980101764202118
158,129433600,0.00020579999999999996,0.12329244613647461,0.0,0.0,1.0,37.44679586799525,857002.1425377951,-0.00011966645251959562,0.00024800393730401994,-1.0909552574157715,0.001780364289879799,0.007256713509559631
159,130252800,0.00020519999999999997,0.12325004577636718,0.0,0.0,1.0,37.32853629656617,865464.1092191954,-4.315761907491833e-06,0.0002476372756063938,-1.1002984046936035,0.0019257210195064544,0.010145994275808335
160,131072000,0.00020459999999999996,0.12344017028808593,0.0,0.0,1.0,37.353348519362186,869328.9950316716,-0.00018024274613708257,0.0002483581891283393,-1.1126941680908202,0.0018457582220435143,0.0070502936840057375
161,131891200,0.00020399999999999997,0.12306314468383789,0.0,0.0,1.0,37.30365536439557,864969.1413815783,-0.00020452961325645447,0.0002478747395798564,-1.1246686935424806,0.0015594829805195332,0.006511231511831283
162,132710400,0.00020339999999999996,0.1232518196105957,0.0,0.0,1.0,37.28751478751479,867858.1012772757,-6.798887625336647e-05,0.00024554780684411527,-1.1347312927246094,0.002149525657296181,0.011232785135507583
163,133529600,0.00020279999999999997,0.1235621452331543,0.0,0.0,1.0,37.29247086671522,851438.9527626524,-0.00014476773794740437,0.00025135152973234656,-1.1413665771484376,0.0016704969108104705,0.006328980624675751
164,134348800,0.00020219999999999995,0.12329089164733886,0.0,0.0,1.0,37.29672078955747,872636.0154630736,-0.00011708326637744903,0.00024672376457601786,-1.1498884201049804,0.0018535757437348366,0.008976683765649796
165,135168000,0.00020159999999999997,0.12328697204589843,0.0,0.0,1.0,37.382312676827596,853988.0787008469,-9.643652010709048e-05,0.00025383229367434976,-1.1613752365112304,0.0021295370534062386,0.011195190250873566
166,135987200,0.00020099999999999995,0.12324934959411621,0.0,0.0,1.0,37.321790309334794,855731.767580041,3.6914789234288037e-06,0.0002503078430891037,-1.1716992378234863,0.0019905779510736464,0.010087158530950546
167,136806400,0.00020039999999999997,0.12354375839233399,0.0,0.0,1.0,37.262747232807115,877706.7366052372,-7.458378095179797e-05,0.00024957626592367885,-1.1817203521728517,0.002036539651453495,0.009819823503494262
168,137625600,0.00019979999999999995,0.12334096908569336,0.0,0.0,1.0,37.26583720718257,867210.8378691964,3.397497930563986e-05,0.0002543333685025573,-1.1916604042053223,0.0022212643176317214,0.01396447718143463
169,138444800,0.00019919999999999996,0.1232080841064453,0.0,0.0,1.0,37.41907936797881,844757.8975395401,-2.7903978480026127e-05,0.00025497497990727424,-1.202290916442871,0.001878119260072708,0.007847291976213455
170,139264000,0.00019859999999999995,0.12339067459106445,0.0,0.0,1.0,37.31648331666515,868612.5751634509,9.096066933125257e-05,0.000247816601768136,-1.2100765228271484,0.002089039608836174,0.011942138522863388
171,140083200,0.00019799999999999996,0.12312214851379394,0.0,0.0,1.0,37.459961474958725,873758.8024483863,-0.0001256825285963714,0.00024794384371489285,-1.2211359024047852,0.0020095892250537872,0.008989500254392624
172,140902400,0.00019739999999999995,0.12322002410888672,0.0,0.0,1.0,37.33634167464333,868630.2182211186,3.533770504873246e-05,0.00025988500565290453,-1.2280261993408204,0.0019071631133556366,0.01087622120976448
173,141721600,0.00019679999999999999,0.12327383041381836,0.0,0.0,1.0,37.34305473406433,865791.8325330152,-5.625062040053308e-05,0.00024520107544958594,-1.2371336936950683,0.0016860516741871833,0.006502685695886612
174,142540800,0.0001962,0.12331415176391601,0.0,0.0,1.0,37.256430099694995,868924.4317456199,-5.462256958708167e-05,0.00024521923623979094,-1.2481195449829101,0.0020009702071547507,0.010124143958091737
175,143360000,0.00019559999999999998,0.1234485912322998,0.0,0.0,1.0,37.23718880610576,872255.3338558489,0.00011004135012626648,0.0002515249652788043,-1.256014633178711,0.002207520604133606,0.0141181617975235
176,144179200,0.000195,0.12342914581298828,0.0,0.0,1.0,37.15863572369317,834649.6741357195,-3.866621118504554e-05,0.00024720171932131053,-1.2642065048217774,0.0015921473503112793,0.006533447653055191
177,144998400,0.00019439999999999998,0.12346796035766601,0.0,0.0,1.0,37.3207005062252,854295.2868808446,9.842496365308762e-05,0.0003322102362290025,-1.2751248359680176,0.0023352425545454026,0.015287227928638458
178,145817600,0.0001938,0.12353073120117188,0.0,0.0,1.0,37.25712988192552,848235.3417189774,8.223199984058738e-05,0.0002442202530801296,-1.2848320960998536,0.002047501876950264,0.010838374495506287
179,146636800,0.00019319999999999998,0.12342109680175781,0.0,0.0,1.0,37.327480325706226,855214.052410958,-6.19696918874979e-05,0.0002479575574398041,-1.2987855911254882,0.0021376321092247963,0.011571776121854782
180,147456000,0.0001926,0.12362032890319824,0.0,0.0,1.0,37.32549646199498,866529.9884772113,-3.2214506063610315e-05,0.00024802114348858594,-1.3108133316040038,0.0018371386453509332,0.008539430052042007
181,148275200,0.00019199999999999998,0.12331937789916993,0.0,0.0,1.0,37.31736990795589,865209.2485475031,-8.901581168174744e-05,0.000244494597427547,-1.3197085380554199,0.0017907138913869857,0.007601440697908401
182,149094400,0.0001914,0.12345842361450195,0.0,0.0,1.0,37.42983576642336,855166.716335892,-0.0001792666269466281,0.0002457310911267996,-1.3282367706298828,0.0019511356949806213,0.009571288526058198
183,149913600,0.00019079999999999998,0.12338811874389649,0.0,0.0,1.0,37.359830346148584,874232.5510694457,-3.753001801669598e-05,0.00024102446623146533,-1.336365032196045,0.0019658284261822702,0.009255613386631011
184,150732800,0.0001902,0.12332212448120117,0.0,0.0,1.0,37.25222929936306,871678.7877864522,-0.0001615316839888692,0.00024293598253279924,-1.3442408561706543,0.0018949571996927262,0.008481688052415847
185,151552000,0.00018959999999999997,0.1236579704284668,0.0,0.0,1.0,37.35662200346368,872369.756418587,0.0003919081296771765,0.0002414030022919178,-1.3532564163208007,0.0025184644386172295,0.018070921301841736
186,152371200,0.00018899999999999999,0.12351597785949707,0.0,0.0,1.0,37.28870636550308,871415.0438792375,-6.330374162644148e-06,0.000244428520090878,-1.364311695098877,0.002101956494152546,0.011424803733825683
187,153190400,0.00018839999999999997,0.12366086959838868,0.0,0.0,1.0,37.40550893834367,878036.6718107997,-7.609666208736598e-05,0.0002447513397783041,-1.371182918548584,0.0018509628251194953,0.008533570170402526
188,154009600,0.00018779999999999998,0.12345469474792481,0.0,0.0,1.0,37.16486008435757,872402.0445500648,-0.00010764256585389375,0.00024259616620838642,-1.3803075790405273,0.0018827136605978011,0.007839599251747131
189,154828800,0.0001872,0.12357319831848144,0.0,0.0,1.0,37.32604545454546,854137.7565371337,-1.7648478387854993e-05,0.0002455397509038448,-1.3884950637817384,0.002055952325463295,0.009498537331819535
190,155648000,0.00018659999999999998,0.12351058959960938,0.0,0.0,1.0,37.35549159356725,850296.6458652853,-2.74190038908273e-05,0.00024716982152312995,-1.3954875946044922,0.0020107531920075415,0.01080602928996086
191,156467200,0.000186,0.12372129440307617,0.0,0.0,1.0,37.26070534698521,863307.5198485658,-6.299069500528275e-05,0.00024438714608550073,-1.4063143730163574,0.0020748239010572435,0.01057421937584877
192,157286400,0.00018539999999999998,0.12361648559570312,0.0,0.0,1.0,37.26707339282462,851719.7086349882,1.7023450345732273e-05,0.00024054215755313634,-1.4177356719970704,0.001959681697189808,0.010301026701927184
193,158105600,0.0001848,0.12354772567749023,0.0,0.0,1.0,37.31495058973542,845940.0761451741,-2.1023550652898847e-05,0.0002390898996964097,-1.4271921157836913,0.001858295127749443,0.00876147449016571
194,158924800,0.00018419999999999998,0.12360087394714356,0.0,0.0,1.0,37.40641540427085,860088.2639973719,6.99665630236268e-05,0.0002447297098115087,-1.4369440078735352,0.0020645080134272576,0.011095701158046723
195,159744000,0.0001836,0.12333145141601562,0.0,0.0,1.0,37.228735266008286,868203.3321684338,-7.797771831974387e-05,0.00024403138086199762,-1.4472846984863281,0.002071872912347317,0.00984228476881981
196,160563200,0.00018299999999999998,0.12340278625488281,0.0,0.0,1.0,37.338719956300075,866259.8788560386,-1.3814395060762763e-05,0.00024194233119487763,-1.4556748390197753,0.0016138428822159768,0.0053468007594347
197,161382400,0.0001824,0.1235887050628662,0.0,0.0,1.0,37.14205395601904,863010.5755858633,-6.729803862981498e-05,0.0002409671200439334,-1.465830135345459,0.0018717715516686439,0.00859411507844925
198,162201600,0.00018179999999999997,0.1234521770477295,0.0,0.0,1.0,37.37627997997542,857248.5500773696,-1.937386696226895e-05,0.00024222950451076032,-1.472785758972168,0.0016922427341341973,0.006939820200204849
199,163020800,0.00018119999999999999,0.12345748901367187,0.0,0.0,1.0,37.253806875170966,853036.7812461471,0.0001205278211273253,0.00024098774883896112,-1.4817079544067382,0.0020948681980371476,0.01148974522948265
200,163840000,0.00018059999999999997,0.1235246467590332,0.0,0.0,1.0,37.325865209471765,864696.7849190987,0.00014075395883992315,0.00024291845038533212,-1.491834545135498,0.0019920585677027703,0.01031164675951004
201,164659200,0.00017999999999999998,0.12313158035278321,0.0,0.0,1.0,37.285981308411216,863005.8288711932,-3.984727372881025e-05,0.000247904728166759,-1.497856330871582,0.0017875125631690025,0.00839233472943306
202,165478400,0.00017939999999999997,0.123577880859375,0.0,0.0,1.0,37.372205272983926,842950.5040281476,1.1958864342886955e-05,0.0002453075954690576,-1.5058178901672363,0.0018511710688471795,0.008245849609375
203,166297600,0.00017879999999999998,0.12374001502990722,0.0,0.0,1.0,37.22763229678123,859992.9240379962,0.00018017999827861785,0.0002472603460773826,-1.514555072784424,0.0023391406983137132,0.015751345455646514
204,167116800,0.00017819999999999997,0.12369504928588868,0.0,0.0,1.0,37.279468026963016,867060.2306860222,-3.763062995858491e-05,0.00024756132625043393,-1.5249366760253906,0.0019156849011778831,0.00892309695482254
205,167936000,0.0001776,0.12374956130981446,0.0,0.0,1.0,37.361598396136145,870257.0749915752,2.186208439525217e-06,0.0002446545287966728,-1.5357088088989257,0.0018594326451420785,0.008857786655426025
206,168755200,0.00017700000000000002,0.12349165916442871,0.0,0.0,1.0,37.21908657123381,869381.9318618729,0.00012852399377152323,0.00024081808514893056,-1.5453721046447755,0.0022545794025063516,0.013850463926792145
207,169574400,0.0001764,0.12381311416625977,0.0,0.0,1.0,37.36303464646004,874932.5377943167,-2.8063353965990245e-05,0.00023913250770419837,-1.5559931755065919,0.0018411248922348023,0.007576783001422882
208,170393600,0.00017580000000000002,0.12335149765014648,0.0,0.0,1.0,37.29994085801374,874547.3160977274,-6.561729824170471e-05,0.00023939991369843484,-1.564635944366455,0.0017568334937095643,0.008330321311950684
209,171212800,0.0001752,0.12345819473266602,0.0,0.0,1.0,37.291811052343604,848714.7038093511,8.795331814326346e-06,0.0002455911366268992,-1.5720769882202148,0.0019172070547938346,0.009053710103034972
210,172032000,0.00017460000000000002,0.12364547729492187,0.0,0.0,1.0,37.33078428694979,849079.1487914982,-4.427914973348379e-05,0.00023961581755429506,-1.5826591491699218,0.0019228938966989518,0.008412718772888184
211,172851200,0.000174,0.12341836929321288,0.0,0.0,1.0,37.217624347036114,869624.9311975808,6.219425704330206e-05,0.0002432640874758363,-1.5918307304382324,0.0018780985847115517,0.008973268419504165
212,173670400,0.0001734,0.12354528427124023,0.0,0.0,1.0,37.37264645543652,852516.4360223074,0.00042158658616244795,0.0002615378238260746,-1.5994913101196289,0.0024993089959025384,0.01865527480840683
213,174489600,0.0001728,0.12342905044555665,0.0,0.0,1.0,37.18497818974918,866112.9426901701,7.2167371399700645e-06,0.0003074587089940906,-1.6087532043457031,0.002045752294361591,0.009569337964057923
214,175308800,0.0001722,0.12366021156311036,0.0,0.0,1.0,37.30649350649351,854052.3315126962,2.749499981291592e-05,0.000249696196988225,-1.6137277603149414,0.002127179317176342,0.01167859062552452
215,176128000,0.0001716,0.12374383926391602,0.0,0.0,1.0,37.22310033156197,841406.8626813231,1.8163234926760197e-06,0.00024131196551024914,-1.620302963256836,0.001997673325240612,0.010252197086811066
216,176947200,0.000171,0.12346064567565918,0.0,0.0,1.0,37.250317662007625,857883.7246067177,-1.2946390779688954e-05,0.0002493961714208126,-1.629546546936035,0.0020201992243528365,0.009794065356254577
217,177766400,0.0001704,0.12315208435058594,0.0,0.0,1.0,37.29798002827049,855157.5680870938,-0.00016135950572788716,0.00024799557868391273,-1.6381875991821289,0.0018203163519501687,0.0078026123344898226
218,178585600,0.0001698,0.12364204406738281,0.0,0.0,1.0,37.25623376031363,856715.883162001,0.0001671104459092021,0.0002479721559211612,-1.6476200103759766,0.0020652452483773233,0.01174926832318306
219,179404800,0.0001692,0.12347436904907226,0.0,0.0,1.0,37.35301100305894,857382.95678939,0.0001473013311624527,0.0002467169892042875,-1.6579513549804688,0.0023702891543507577,0.014551874995231629
220,180224000,0.0001686,0.12381559371948242,0.0,0.0,0.9999544978841516,37.381899258315514,846284.5446872105,3.0184193747118115e-05,0.00025179514195770023,-1.663811492919922,0.0019352013245224954,0.00875891074538231
221,181043200,0.000168,0.1233127212524414,0.0,0.0,0.9999088464518482,37.33056834237273,856031.7084054314,4.7598208766430616e-05,0.00024165294598788023,-1.6719415664672852,0.0020465293899178507,0.010599609464406967
222,181862400,0.0001674,0.12350580215454102,0.0,0.0,1.0,37.29928935860058,854352.3907020988,-1.3549235882237554e-05,0.0002428850159049034,-1.6794071197509766,0.0019970038905739785,0.009154663980007171
223,182681600,0.0001668,0.12367855072021484,0.0,0.0,1.0,37.28793933339388,853895.2650120143,1.764156186254695e-05,0.0002429022453725338,-1.6865373611450196,0.0020473405718803407,0.011048949509859084
224,183500800,0.0001662,0.12343339920043946,0.0,0.0,1.0,37.28574686431015,833917.8954149339,0.00014056068612262608,0.0002473938744515181,-1.6941694259643554,0.00220525823533535,0.012763550877571106
225,184320000,0.0001656,0.12348896980285645,0.0,0.0,1.0,37.40195451639419,849351.6446282516,1.8441706197336315e-05,0.0002504125237464905,-1.7044090270996093,0.001982629671692848,0.009750854969024659
226,185139200,0.000165,0.12344474792480468,0.0,0.0,1.0,37.14202846007432,862858.7929465087,2.6488103321753444e-05,0.00024585204664617777,-1.7104410171508788,0.0017588203772902489,0.007644776999950409
227,185958400,0.0001644,0.12367982864379883,0.0,0.0,0.9999544937428897,37.28687144482366,851152.190346516,-1.8439014093019067e-05,0.00023697142023593187,-1.7172203063964844,0.00198008194565773,0.010176756978034973
228,186777600,0.0001638,0.12364136695861816,0.0,0.0,1.0,37.388719442800564,873102.4873801714,-0.0001193464151583612,0.00023757917806506158,-1.7251020431518556,0.0019854580983519553,0.009371092170476913
229,187596800,0.0001632,0.12364198684692383,0.0,0.0,1.0,37.246676984705026,864572.9766834792,0.00011457288637757301,0.00023854381870478392,-1.7310388565063477,0.0020459430292248727,0.011488525569438935
230,188416000,0.0001626,0.12378795623779297,0.0,0.0,1.0,37.205407367084014,866033.323356801,2.4926403420977293e-05,0.00024044467136263847,-1.7396217346191407,0.0020230259746313096,0.009619385004043579
231,189235200,0.000162,0.12355315208435058,0.0,0.0,1.0,37.259825626512075,871426.5791922476,5.666804499924183e-05,0.00023953155614435672,-1.7455257415771483,0.0018328597769141197,0.007510744035243988
232,190054400,0.0001614,0.12371159553527832,0.0,0.0,1.0,37.367111070664784,871631.7780103822,2.6489869924262166e-06,0.00023522032424807548,-1.753028106689453,0.001954987458884716,0.009623780101537704
233,190873600,0.0001608,0.12376034736633301,0.0,0.0,1.0,37.19703091660235,866036.0947461883,2.5345015455968677e-05,0.00023736816365271807,-1.761454200744629,0.0018027463927865028,0.008978271484375
234,191692800,0.0001602,0.1236062240600586,0.0,0.0,1.0,37.34064227308026,873016.7398810403,0.00014580162242054938,0.0002402349142357707,-1.7699539184570312,0.0023382345214486124,0.014159543812274933
235,192512000,0.0001596,0.1237600326538086,0.0,0.0,1.0,37.27370190342071,863980.5907818875,0.00025761660654097793,0.0002421775832772255,-1.7800296783447265,0.0024083275347948074,0.0167355939745903
236,193331200,0.000159,0.1235934066772461,0.0,0.0,1.0,37.317898567204914,849144.4100241122,0.0003651156788691878,0.00023954485077410937,-1.7904874801635742,0.0026962248608469962,0.020012329518795013
237,194150400,0.0001584,0.12366931915283202,0.0,0.0,1.0,37.29294310722101,856430.4624510921,-3.1689874595031144e-05,0.00023746301885694266,-1.7996179580688476,0.001855522207915783,0.007845214754343032
238,194969600,0.0001578,0.12342594146728515,0.0,0.0,1.0,37.32814354853438,838181.6065625013,3.954917483497411e-05,0.00023931569885462522,-1.8092283248901366,0.0019148264080286026,0.0094907246530056
239,195788800,0.0001572,0.12360663414001465,0.0,0.0,1.0,37.31284662242022,864682.5202570303,-5.2061484893783925e-06,0.0002413320355117321,-1.8197505950927735,0.0020119938999414444,0.010992433130741119
240,196608000,0.00015659999999999998,0.12349567413330079,0.0,0.0,1.0,37.22961753096502,853083.889671517,6.690553855150937e-05,0.00024103433825075626,-1.8294675827026368,0.0019882755354046822,0.009649290889501571
241,197427200,0.000156,0.12371659278869629,0.0,0.0,1.0,37.270756478571755,847980.7814426455,0.00015902707818895578,0.0002577766077592969,-1.8382152557373046,0.002129526436328888,0.011232055723667145
242,198246400,0.00015539999999999998,0.12358437538146973,0.0,0.0,1.0,37.27416344183929,857804.7928576722,0.00027291057631373405,0.0002480250084772706,-1.846582794189453,0.0022161681205034255,0.014836548268795014
243,199065600,0.0001548,0.12361906051635742,0.0,0.0,1.0,37.24296768320437,852991.0403837307,0.00012125385692343115,0.00023978357203304767,-1.857345199584961,0.002393253520131111,0.014635008573532105
244,199884800,0.00015419999999999998,0.12399409294128418,0.0,0.0,1.0,37.22732840357483,857620.1925634785,-8.023815462365747e-06,0.0002393366303294897,-1.8673107147216796,0.0019809018820524217,0.009375001490116119
245,200704000,0.0001536,0.12372969627380372,0.0,0.0,1.0,37.18763917291525,850799.827926007,0.00015480532310903073,0.00023867611307650804,-1.8727087020874023,0.002039963752031326,0.011494385451078415
246,201523200,0.00015299999999999998,0.1236979103088379,0.0,0.0,1.0,37.31170309653916,858066.5292704443,-7.783387554809451e-05,0.0002387846587225795,-1.8776569366455078,0.0019555073231458664,0.010416626185178756
247,202342400,0.0001524,0.12376123428344726,0.0,0.0,1.0,37.37520540441848,860648.1171904536,2.7970230439677836e-05,0.0002392248483374715,-1.886019515991211,0.0020411977544426917,0.010808226466178895
248,203161600,0.00015179999999999998,0.12382652282714844,0.0,0.0,1.0,37.15776831036983,874678.7149072124,5.2352255443111063e-05,0.00023708287626504897,-1.8925975799560546,0.002033732831478119,0.010398804396390914
249,203980800,0.0001512,0.12363658905029297,0.0,0.0,1.0,37.22062698773285,873993.4926490185,-3.7735176738351585e-05,0.00023739621974527836,-1.900316047668457,0.0021039310842752455,0.010969114303588868
250,204800000,0.00015059999999999997,0.12376810073852539,0.0,0.0,1.0,37.31641070045117,864831.2595952464,-1.1612938396865503e-05,0.00023270302917808295,-1.9076492309570312,0.0018881121650338173,0.008556032180786132
251,205619200,0.00015,0.12351303100585938,0.0,0.0,1.0,37.300687207026805,865796.6738595242,8.786102407611906e-05,0.00024184638168662788,-1.9140792846679688,0.0019975416362285614,0.01053771898150444
252,206438400,0.0001494,0.12364405632019043,0.0,0.0,1.0,37.19265846907754,854574.8934832505,2.4218170437961817e-06,0.00023582414723932743,-1.9239486694335937,0.0019350964576005936,0.009342160820961
253,207257600,0.00014879999999999998,0.12357730865478515,0.0,0.0,1.0,37.12990251643618,873418.2379682723,0.00011629213113337756,0.00023597264662384988,-1.9329185485839844,0.0019052837044000626,0.010133177787065507
254,208076800,0.0001482,0.12357706069946289,0.0,0.0,1.0,37.23372727272727,846882.7352523033,-1.8895280663855375e-05,0.00023161161225289107,-1.9418523788452149,0.0018248820677399635,0.007621338963508606
255,208896000,0.00014759999999999998,0.12370951652526856,0.0,0.0,1.0,37.28841252503186,846683.559994812,6.24052481725812e-05,0.00023446152918040752,-1.9524158477783202,0.00219009667634964,0.01325683444738388
256,209715200,0.000147,0.12345659255981445,0.0,0.0,1.0,37.190236377659815,871650.4454854907,0.0001392848789691925,0.0002469676313921809,-1.9623924255371095,0.0022411981597542764,0.013810913264751434
257,210534400,0.00014639999999999998,0.12361149787902832,0.0,0.0,1.0,37.18295841854124,867391.0700563987,5.870821187272668e-05,0.00023381642531603575,-1.9695564270019532,0.002192307636141777,0.01343725472688675
258,211353600,0.0001458,0.12384947776794433,0.0,0.0,1.0,37.26342862345229,863909.8448432019,0.0001035264926031232,0.0002368409652262926,-1.9772666931152343,0.0022529028356075287,0.013365477323532104
259,212172800,0.00014519999999999998,0.1235731029510498,0.0,0.0,1.0,37.22548308083099,862743.1832998802,3.2772024860605596e-05,0.00023734250571578742,-1.9854183197021484,0.0018143747001886368,0.007416749000549316
260,212992000,0.0001446,0.12360870361328125,0.0,0.0,1.0,37.31132075471698,871573.0485586172,0.0002569924108684063,0.00023962846025824547,-1.9927043914794922,0.0025127222761511803,0.017542967200279237
261,213811200,0.00014399999999999998,0.12369488716125489,0.0,0.0,1.0,37.31700419631454,866419.7288407577,6.388590554706752e-06,0.00023799436166882515,-2.0017988204956056,0.0019697219133377073,0.009252198040485382
262,214630400,0.0001434,0.12336942672729492,0.0,0.0,1.0,37.3002369452292,838954.1073775244,-2.544357266742736e-06,0.00023384459782391787,-2.009559440612793,0.001763950102031231,0.007743408530950546
263,215449600,0.00014279999999999997,0.12368038177490234,0.0,0.0,1.0,37.24636363636364,858140.6371073783,-4.7058353084139525e-05,0.00023514837957918643,-2.016088104248047,0.001725401356816292,0.006261231005191803
264,216268800,0.0001422,0.12353721618652344,0.0,0.0,1.0,37.3161219944548,865585.6907173488,0.0004937746562063694,0.0002409388544037938,-2.0225868225097656,0.002835884504020214,0.02485143840312958
265,217088000,0.00014159999999999997,0.12361827850341797,0.0,0.0,1.0,37.262808262808264,853020.6390906083,0.0001155660836957395,0.0002421265933662653,-2.030390167236328,0.002068411000072956,0.011955320090055465
266,217907200,0.00014099999999999998,0.12351932525634765,0.0,0.0,1.0,37.22608576767078,851796.3094306749,2.3061392130330206e-05,0.00024286031257361173,-2.037908744812012,0.0017989924177527427,0.008225097507238387
267,218726400,0.00014039999999999997,0.12367422103881837,0.0,0.0,1.0,37.23256025466121,844962.7171308236,-2.1466387261170893e-05,0.00024394807405769825,-2.0436321258544923,0.0017927633598446846,0.0077824704349040985
268,219545600,0.00013979999999999998,0.12374996185302735,0.0,0.0,0.9999545681704602,37.29062741356594,861352.0716511532,-2.4592786212451755e-05,0.0002446972532197833,-2.0531326293945313,0.0018410591408610343,0.007966309040784835
269,220364800,0.00013919999999999997,0.12365558624267578,0.0,0.0,1.0,37.29697963646303,875483.7555233575,0.0001085762633010745,0.00024092048406600952,-2.0622413635253904,0.0023091027513146402,0.015286868810653687
270,221184000,0.00013859999999999998,0.12336341857910156,0.0,0.0,0.9999544377619829,37.29223619464188,873396.6408588558,9.332927293144166e-05,0.00023677067365497352,-2.069898986816406,0.002073390781879425,0.010934693366289138
271,222003200,0.00013799999999999997,0.12362038612365722,0.0,0.0,1.0,37.27041857512131,868555.9682053204,5.553550436161458e-05,0.00024602706544101237,-2.078256607055664,0.0022012766450643538,0.012391113489866257
272,222822400,0.00013739999999999998,0.12339391708374023,0.0,0.0,1.0,37.1387099700626,876026.3862758947,-5.0065235700458285e-05,0.00024146472569555044,-2.0871009826660156,0.001921284943819046,0.009839598834514619
273,223641600,0.00013679999999999996,0.12353090286254882,0.0,0.0,1.0,37.27064930334214,864577.3654652537,8.178878342732788e-05,0.00023893890902400018,-2.0957618713378907,0.001970125548541546,0.01006762757897377
274,224460800,0.00013619999999999998,0.12374836921691895,0.0,0.0,1.0,37.263153108089675,870256.3805921751,0.0002459926996380091,0.000235075899399817,-2.101423645019531,0.0024666203185915946,0.015833251178264618
275,225280000,0.00013559999999999996,0.12341955184936523,0.0,0.0,1.0,37.32477348267541,869228.6958509935,0.0002732691587880254,0.0002500671427696943,-2.109218978881836,0.0022001583129167557,0.013188721239566803
276,226099200,0.00013499999999999997,0.12384496688842773,0.0,0.0,1.0,37.24605850724505,870563.2927571324,0.00016549937427043915,0.00023449016734957694,-2.1185832977294923,0.002031063102185726,0.01038525253534317
277,226918400,0.0001344,0.1237317943572998,0.0,0.0,1.0,37.347695800227015,868478.261685881,0.00026420443318784235,0.0002351251430809498,-2.1226627349853517,0.002543776482343674,0.017979249358177185
278,227737600,0.00013379999999999997,0.12365043640136719,0.0,0.0,1.0,37.250717311108076,845215.4691533598,-7.359880255535245e-05,0.00023874347098171712,-2.1276777267456053,0.0017369486391544341,0.007086546719074249
279,228556800,0.00013319999999999999,0.1236263656616211,0.0,0.0,1.0,37.35445580715851,856348.0307867316,0.00023515771608799695,0.000239058886654675,-2.135475921630859,0.002264538034796715,0.014719846844673156
280,229376000,0.00013259999999999997,0.12389309883117676,0.0,0.0,1.0,37.235007735007734,853204.0835101884,7.660300470888615e-05,0.00023315288126468658,-2.1449663162231447,0.0021541595458984377,0.012187255173921585
281,230195200,0.00013199999999999998,0.12398143768310547,0.0,0.0,1.0,37.25231565564838,864485.9266352007,9.258034406229853e-05,0.00023837201297283173,-2.152772903442383,0.002124437130987644,0.011692261695861817
282,231014400,0.00013139999999999997,0.12355329513549805,0.0,0.0,1.0,37.3160798978475,858329.8493142918,0.0001616159686818719,0.00023844782263040542,-2.15780086517334,0.0023316439241170884,0.015028439462184906
283,231833600,0.0001308,0.12382038116455078,0.0,0.0,1.0,37.21965475057768,856294.0155213025,-7.05545418895781e-05,0.00023441521916538476,-2.163930892944336,0.0021416496485471724,0.012607790529727936
284,232652800,0.0001302,0.12378681182861329,0.0,0.0,1.0,37.173994004905076,860736.1077091306,0.00019623255357146264,0.00023676902055740355,-2.169072914123535,0.0025774141773581504,0.018483275175094606
285,233472000,0.0001296,0.12388884544372558,0.0,0.0,1.0,37.16251078711905,866635.8781705004,2.6285058993380515e-06,0.0002333100186660886,-2.1742788314819337,0.0020847637206315994,0.011076661944389343
286,234291200,0.000129,0.12380327224731445,0.0,0.0,1.0,37.22292300013612,863092.8374754275,0.00022363236639648675,0.00023469775915145873,-2.180664825439453,0.0023372557014226915,0.01546056866645813
287,235110400,0.0001284,0.12364693641662598,0.0,0.0,1.0,37.321923129655865,859546.8237354743,7.752867531962693e-05,0.00023294766433537006,-2.1868667602539062,0.002010749652981758,0.011803588271141053
288,235929600,0.0001278,0.12347868919372558,0.0,0.0,1.0,37.38620595216359,862078.7823354965,-1.5562391490675508e-05,0.00023624121677130462,-2.1969499588012695,0.0018355078995227815,0.008198729902505874
289,236748800,0.0001272,0.12387416839599609,0.0,0.0,1.0,37.25872066684788,860233.2645119771,-1.4861245290376246e-05,0.0002348866080865264,-2.206269454956055,0.0020707566291093826,0.012626340985298157
290,237568000,0.00012660000000000001,0.12369478225708008,0.0,0.0,1.0,37.20721335334516,842282.282800018,0.0001275421353057027,0.00023565464653074741,-2.2120128631591798,0.002072415500879288,0.011570798605680466
291,238387200,0.000126,0.12355371475219727,0.0,0.0,1.0,37.245196248064836,844402.4031646564,0.00014475947245955466,0.00023551788181066513,-2.2152210235595704,0.0020980082452297212,0.012662474811077119
292,239206400,0.0001254,0.12361278533935546,0.0,0.0,1.0,37.29165340004548,849012.5843704724,5.331815918907523e-05,0.00023756511509418488,-2.2224830627441405,0.0020321754738688467,0.009939086437225342
293,240025600,0.0001248,0.12378150939941407,0.0,0.0,1.0,37.34033824132744,849698.9849490346,0.00010355371050536632,0.00024115003179758787,-2.233744812011719,0.0020148081704974173,0.009747923910617828
294,240844800,0.0001242,0.12370862960815429,0.0,0.0,1.0,37.25664440507019,869668.3492172513,-6.897499551996588e-05,0.00023624072782695292,-2.244343566894531,0.001887385919690132,0.009241455048322678
295,241664000,0.0001236,0.12376833915710449,0.0,0.0,1.0,37.159647048121535,865785.4070574214,-2.4382464471273124e-05,0.00023317437153309585,-2.2529909133911135,0.0019929902628064156,0.009275268018245696
296,242483200,0.000123,0.12376312255859374,0.0,0.0,1.0,37.39132216354034,864663.5284971284,2.452889457345009e-05,0.0002333526499569416,-2.2577337265014648,0.0017711762338876724,0.00770275741815567
297,243302400,0.0001224,0.12379668235778808,0.0,0.0,1.0,37.142604195042225,870022.2794200376,7.802221225574612e-05,0.00023121223784983158,-2.262141990661621,0.0021352402865886686,0.011781616508960724
298,244121600,0.00012179999999999999,0.12354403495788574,0.0,0.0,1.0,37.165608849397046,869126.0055944988,3.8092953036539254e-05,0.00022866663057357072,-2.266343879699707,0.001712079904973507,0.00823730304837227
299,244940800,0.00012119999999999999,0.12363325119018555,0.0,0.0,1.0,37.25192193968066,869974.596084004,0.00015250672586262227,0.00023190707433968784,-2.271831512451172,0.002130083180963993,0.012622924149036407
300,245760000,0.00012059999999999999,0.1237484073638916,0.0,0.0,1.0,37.31209001457726,865032.530700639,3.3326365519315e-05,0.00023532637860625982,-2.2795665740966795,0.001975107379257679,0.009733642637729644
301,246579200,0.00011999999999999999,0.12382707595825196,0.0,0.0,1.0,37.217337995549705,873247.6177892861,1.1287746019661427e-05,0.00023417971096932887,-2.2867971420288087,0.0020203713327646257,0.010937009751796723
302,247398400,0.0001194,0.12361316680908203,0.0,0.0,1.0,37.25686444150995,870136.6520107047,-1.7991807544603945e-05,0.00023301674518734218,-2.2952854156494142,0.001760704256594181,0.00707702711224556
303,248217600,0.0001188,0.12363228797912598,0.0,0.0,1.0,37.25626020685901,846082.2708072417,6.160709890536963e-05,0.0002341702813282609,-2.3046392440795898,0.0019750015810132025,0.010141722857952118
304,249036800,0.0001182,0.12373166084289551,0.0,0.0,1.0,37.23051371888793,845284.2888099231,-4.2007328011095525e-05,0.00023471927270293235,-2.3143293380737306,0.002002023719251156,0.008878174424171447
305,249856000,0.0001176,0.12327953338623047,0.0,0.0,1.0,37.228465955701395,866850.4703859981,0.0001043079304508865,0.0002300807973369956,-2.3208902359008787,0.00234620776027441,0.015626099705696107
306,250675200,0.000117,0.12370511054992676,0.0,0.0,1.0,37.179927503398275,862994.3164422321,0.0004620909225195646,0.0004779873415827751,-2.3275630950927733,0.002485044300556183,0.018497927486896514
307,251494400,0.0001164,0.1238102912902832,0.0,0.0,1.0,37.26387815412594,869153.5845045348,-8.435080235358328e-06,0.00023954797070473431,-2.335803413391113,0.0019571928307414053,0.00955505296587944
308,252313600,0.0001158,0.12369681358337402,0.0,0.0,1.0,37.17284957195271,865240.9002793608,0.00030894402880221605,0.00023281741887331008,-2.3424972534179687,0.002431333623826504,0.017558106780052186
309,253132800,0.0001152,0.12389724731445312,0.0,0.0,1.0,37.36111999269173,872382.4714331371,1.3568278518505394e-05,0.00023157072719186543,-2.348766899108887,0.0018877428025007247,0.00943334847688675
310,253952000,0.0001146,0.12355947494506836,0.0,0.0,1.0,37.25250965250965,869601.9942135549,0.000169678614474833,0.00023405018728226424,-2.354646110534668,0.0022513065487146378,0.013900879025459289
311,254771200,0.00011399999999999999,0.12347400665283204,0.0,0.0,1.0,37.22423031513941,867744.1438797939,0.00011227941140532494,0.00023218088317662479,-2.3618549346923827,0.0022345233708620073,0.012013669312000274
312,255590400,0.00011339999999999999,0.12349520683288574,0.0,0.0,1.0,37.20528112906897,856281.8283021179,0.00012282738462090492,0.0002329573268070817,-2.3705427169799806,0.002326908893883228,0.015404663980007172
313,256409600,0.00011279999999999999,0.1239580249786377,0.0,0.0,1.0,37.37814207650273,842279.1070636187,3.4925568616017697e-05,0.0002277202671393752,-2.3768333435058593,0.0018255168572068215,0.008368774503469466
314,257228800,0.00011219999999999999,0.12379356384277344,0.0,0.0,1.0,37.2847313983688,857685.9366727646,8.474069181829691e-05,0.00022945809178054333,-2.3832984924316407,0.002077607251703739,0.00944824069738388
315,258048000,0.00011159999999999999,0.1239410400390625,0.0,0.0,1.0,37.13027340213652,856131.0312895002,0.0001466605346649885,0.00023095982614904643,-2.3896804809570313,0.002383996173739433,0.015791623294353484
316,258867200,0.00011099999999999999,0.12372077941894531,0.0,0.0,1.0,37.32204394201842,857752.9957066033,0.00015090530505403876,0.0002298221457749605,-2.396621894836426,0.002383580431342125,0.016108520328998566
317,259686400,0.00011039999999999999,0.12339170455932617,0.0,0.0,1.0,37.13652667423383,864039.3623770196,1.1166901094838977e-05,0.00022943925578147172,-2.404389190673828,0.0017538653686642648,0.007558838278055191
318,260505600,0.00010979999999999999,0.1236795997619629,0.0,0.0,1.0,37.18195850547056,867005.8760110912,7.241983257699758e-06,0.00023088150192052126,-2.411904525756836,0.001954653114080429,0.009669920802116394
319,261324800,0.00010919999999999998,0.12380961418151855,0.0,0.0,1.0,37.258036687250275,862223.6812851354,0.00016748775960877537,0.00023421130608767272,-2.420843505859375,0.002266711927950382,0.014554688334465027
320,262144000,0.00010859999999999998,0.1234346580505371,0.0,0.0,1.0,37.18838803395524,866881.7918645836,7.811107789166272e-05,0.00023583085276186467,-2.4278047561645506,0.0019791169092059136,0.010656372457742692
321,262963200,0.00010799999999999998,0.12363234519958496,0.0,0.0,1.0,37.11680717976611,862036.637521883,0.00016558192437514662,0.0002294591162353754,-2.434244918823242,0.0024171359837055206,0.014961425960063935
322,263782400,0.00010739999999999998,0.12363379478454589,0.0,0.0,1.0,37.349642059185626,867957.4047854178,1.8330915190745144e-05,0.00022781696170568467,-2.441619300842285,0.0019725199788808824,0.008897583186626434
323,264601600,0.00010679999999999998,0.12381786346435547,0.0,0.0,1.0,37.26098038323244,864325.913067276,0.00012761183315888048,0.0002304109511896968,-2.4478235244750977,0.0020733945071697234,0.013153807818889618
324,265420800,0.00010619999999999998,0.12363039970397949,0.0,0.0,1.0,37.23610669332485,858791.177605488,3.699032531585544e-05,0.0002251550555229187,-2.455702209472656,0.0018336083739995956,0.00848974585533142
325,266240000,0.00010559999999999998,0.12372188568115235,0.0,0.0,1.0,37.33567070394317,860324.1128014189,8.712706039659679e-05,0.00023087719455361366,-2.4627302169799803,0.0019422611221671104,0.010207518935203552
326,267059200,0.00010499999999999999,0.1236184310913086,0.0,0.0,1.0,37.233837188126024,858874.1704684116,9.779615793377161e-05,0.00023328436072915791,-2.466445732116699,0.002105429209768772,0.012919189035892486
327,267878400,0.00010439999999999999,0.12352580070495606,0.0,0.0,1.0,37.17164348180706,861412.680772599,0.00021182710770517588,0.0002348481211811304,-2.4713836669921876,0.002389712072908878,0.01640051156282425
328,268697600,0.00010379999999999999,0.1236436939239502,0.0,0.0,1.0,37.211430129020535,846679.8348942788,0.00014676193241029977,0.00023249606601893902,-2.4768392562866213,0.0021278450265526773,0.012925900518894196
329,269516800,0.00010319999999999999,0.12356133460998535,0.0,0.0,1.0,37.27812186902268,848858.8734247918,0.00013305949978530406,0.00023325690999627114,-2.4806886672973634,0.0022433271631598474,0.014518310129642487
330,270336000,0.00010259999999999999,0.1237088394165039,0.0,0.0,1.0,37.25364855649011,860800.9358423896,0.00014252710388973355,0.00023202078882604836,-2.484588623046875,0.0020150724798440934,0.011248045414686204
331,271155200,0.00010199999999999999,0.12379090309143066,0.0,0.0,1.0,37.284355660720784,858785.6930263278,0.00021520513109862804,0.00022727097384631634,-2.4903093338012696,0.0019778341054916384,0.010752439498901367
332,271974400,0.00010139999999999998,0.12374580383300782,0.0,0.0,1.0,37.288869660260495,859198.1222484182,0.0002543040318414569,0.00023326179943978788,-2.4961692810058596,0.0023265188559889794,0.015346191823482513
333,272793600,0.00010079999999999998,0.12367058753967285,0.0,0.0,1.0,37.197224615663686,863793.4609783927,5.1293266005814074e-05,0.00023026447743177414,-2.5033178329467773,0.0020161580294370653,0.01118493527173996
334,273612800,0.00010019999999999998,0.12376860618591308,0.0,0.0,1.0,37.27575053528313,864241.5625013494,0.0002471760846674442,0.00024033563677221536,-2.5107154846191406,0.002184164896607399,0.012761230766773223
335,274432000,9.959999999999998e-05,0.12367528915405274,0.0,0.0,1.0,37.229383670684555,864549.8573897779,-4.052265139762312e-05,0.0002344081411138177,-2.5162322998046873,0.0018895683810114861,0.008985594660043717
336,275251200,9.899999999999998e-05,0.12381694793701171,0.0,0.0,1.0,37.20377426964253,870169.4895366124,0.0001153501681983471,0.00023096867371350527,-2.522181510925293,0.002416198141872883,0.016090087592601776
337,276070400,9.839999999999998e-05,0.12357852935791015,0.0,0.0,1.0,37.25879785396017,846713.0025432666,0.00011902779806405306,0.00023109002504497766,-2.5279701232910154,0.002059942856431007,0.01090674102306366
338,276889600,9.779999999999998e-05,0.12380948066711425,0.0,0.0,1.0,37.24962583337113,849148.3007075514,0.00037403886672109364,0.00023299746681004763,-2.534426689147949,0.0024828290566802024,0.018883544206619262
339,277708800,9.719999999999998e-05,0.12384395599365235,0.0,0.0,1.0,37.24787180771157,876773.5688107329,0.00024269216228276492,0.00023010268341749907,-2.539004325866699,0.0025872763246297835,0.01847241073846817
340,278528000,9.659999999999998e-05,0.12362333297729493,0.0,0.0,1.0,37.14103846503592,857674.1956825217,-2.8251786716282366e-06,0.0002323008608072996,-2.541835975646973,0.0017045993357896806,0.006247802078723908
341,279347200,9.599999999999998e-05,0.12351183891296387,0.0,0.0,1.0,37.22926873525676,862327.1276638623,3.9702147478237745e-05,0.00023556810338050128,-2.5454792022705077,0.0019669746980071068,0.009025270491838456
342,280166400,9.539999999999997e-05,0.12370790481567383,0.0,0.0,1.0,37.30435574995444,860539.4574124727,5.009456654079258e-05,0.00022661257535219192,-2.5516225814819338,0.0017739824950695037,0.008450073003768922
343,280985600,9.479999999999997e-05,0.12356606483459473,0.0,0.0,1.0,37.16145856954964,864365.3223341415,0.00023338310420513154,0.00022999108768999575,-2.559457015991211,0.0022057808935642244,0.013267210125923157
344,281804800,9.419999999999997e-05,0.12351852416992187,0.0,0.0,1.0,37.25791772843102,867236.3993180011,0.00018172215204685925,0.00023362247738987208,-2.567392349243164,0.0020395124331116675,0.011757569760084153
345,282624000,9.360000000000001e-05,0.12369130134582519,0.0,0.0,1.0,37.268220512587064,863320.4281413066,0.00027617947198450566,0.00022932160645723344,-2.5741245269775392,0.002332528680562973,0.01651562601327896
346,283443200,9.300000000000001e-05,0.12387224197387696,0.0,0.0,1.0,37.196676654862436,862263.051645879,9.585935622453689e-05,0.000232495553791523,-2.5791711807250977,0.0020739641040563583,0.012776854634284972
347,284262400,9.240000000000001e-05,0.12374948501586915,0.0,0.0,1.0,37.228855495528215,870466.4792041695,0.00017793093575164677,0.00023251012898981572,-2.584344673156738,0.0023551095277071,0.014629639685153961
348,285081600,9.180000000000001e-05,0.12358808517456055,0.0,0.0,1.0,37.22991740038123,858240.4033240754,5.055584479123354e-05,0.00022525754757225515,-2.5882545471191407,0.0017850635573267936,0.009088134765625
349,285900800,9.120000000000001e-05,0.12375798225402831,0.0,0.0,1.0,37.16135929396779,854070.4246234684,0.0001730798976495862,0.0002267087111249566,-2.5920482635498048,0.0018665574491024018,0.010442262142896652
350,286720000,9.06e-05,0.12401557922363281,0.0,0.0,1.0,37.288907096363054,864415.6086703226,1.1417559289839118e-05,0.00023198339622467756,-2.594594955444336,0.0017106035724282266,0.006917116045951843
351,287539200,9e-05,0.12387451171875,0.0,0.0,1.0,37.244443434389346,863475.6646134532,0.00032345000654459,0.00022938617039471864,-2.597650718688965,0.0026928365230560304,0.022311894595623015
352,288358400,8.94e-05,0.12373678207397461,0.0,0.0,1.0,37.37909032904931,862790.7239806805,-1.8699548672884702e-05,0.00023296703584492208,-2.6048105239868162,0.0020293580368161202,0.010905271768569947
353,289177600,8.88e-05,0.12393656730651856,0.0,0.0,1.0,37.220854716381304,862872.0058784526,0.00012222049990668894,0.00022723961155861615,-2.6126035690307616,0.002148887701332569,0.012406858801841735
354,289996800,8.82e-05,0.12358162879943847,0.0,0.0,1.0,37.215856217498406,865949.9333188809,0.00011042257538065314,0.00023214428219944238,-2.620380401611328,0.002102859318256378,0.01253686547279358
355,290816000,8.76e-05,0.12380084991455079,0.0,0.0,1.0,37.23608027907398,873791.30719585,3.706496790982783e-05,0.00023258873261511326,-2.628154754638672,0.0018245495855808258,0.007399168610572815
356,291635200,8.7e-05,0.1237031364440918,0.0,0.0,1.0,37.12836429542365,850514.210847173,0.00019679339602589606,0.00023343495558947325,-2.635178565979004,0.0023031596094369887,0.01463598757982254
357,292454400,8.64e-05,0.12372118949890137,0.0,0.0,1.0,37.13266832917706,864646.0088103671,8.962230058386921e-05,0.00023107831366360189,-2.640631675720215,0.0020729608833789824,0.011275143921375274
358,293273600,8.58e-05,0.12384346961975097,0.0,0.0,1.0,37.198376711707624,851508.4628197133,-3.2307961373589936e-05,0.00023014091420918702,-2.645302963256836,0.0018174180760979653,0.007767090946435929
359,294092800,8.52e-05,0.12375318527221679,0.0,0.0,1.0,37.291940189642595,845803.8630482377,-4.058126651216298e-05,0.00023116928059607744,-2.6509096145629885,0.0018567848950624467,0.007574829459190369
360,294912000,8.46e-05,0.12371381759643554,0.0,0.0,1.0,37.24273302097075,851712.4173973539,0.0002166459569707513,0.00022836609277874232,-2.6576934814453126,0.002225395105779171,0.014298950135707856
361,295731200,8.4e-05,0.12363962173461913,0.0,0.0,1.0,37.22368780132812,863950.1833331446,0.0001279777497984469,0.00023000186774879694,-2.663000297546387,0.0021051304414868356,0.01319616436958313
362,296550400,8.34e-05,0.12355133056640626,0.0,0.0,1.0,37.30479825517993,845539.8917048314,0.00010558097856119275,0.0002325586508959532,-2.668759346008301,0.0021557461470365523,0.012508423626422882
363,297369600,8.28e-05,0.12365839004516602,0.0,0.0,1.0,37.18863213329096,858477.0144346968,0.00022890677209943532,0.0002958516823127866,-2.674839973449707,0.0022386448457837106,0.014139771461486816
364,298188800,8.22e-05,0.12358591079711914,0.0,0.0,1.0,37.21437985729219,837565.0440008622,6.367848254740238e-05,0.00024639335460960863,-2.680625343322754,0.0020246580243110657,0.010744626820087432
365,299008000,8.16e-05,0.12396451950073242,0.0,0.0,1.0,37.3921389813506,858717.4354239987,0.00019990233704447746,0.00023311940021812915,-2.6856292724609374,0.002310466952621937,0.015000002086162567
366,299827200,8.1e-05,0.12371776580810546,0.0,0.0,1.0,37.152447616017454,843148.9103921821,0.00015278011560440063,0.00023161214776337146,-2.689949607849121,0.002263367734849453,0.015301513671875
367,300646400,8.04e-05,0.1238496208190918,0.0,0.0,1.0,37.19841846936921,847077.0909613112,4.386481596156955e-05,0.00022606526035815478,-2.6946706771850586,0.0021059317514300346,0.011695434898138046
368,301465600,7.98e-05,0.12363824844360352,0.0,0.0,1.0,37.19393911899469,863131.7507004993,3.2584732980467376e-05,0.0002290664240717888,-2.6984201431274415,0.0018735939636826515,0.009255125373601913
369,302284800,7.92e-05,0.12385808944702148,0.0,0.0,1.0,37.20076256184468,864100.9529791941,-4.10973618272692e-05,0.00022724349983036519,-2.70300178527832,0.0018605096265673637,0.007796387374401093
370,303104000,7.86e-05,0.12400808334350585,0.0,0.0,1.0,37.38130381303813,870607.0643309627,-7.828868110664189e-05,0.0002325881039723754,-2.709099769592285,0.0017149288207292557,0.005988768115639686
371,303923200,7.8e-05,0.12357866287231445,0.0,0.0,1.0,37.20294532066724,865893.8002957336,0.0002761822659522295,0.0002293490106239915,-2.713988494873047,0.002074182964861393,0.012420652806758881
372,304742400,7.74e-05,0.1240313720703125,0.0,0.0,1.0,37.211994737558406,862529.9837499736,-9.635479655116797e-05,0.00022863021586090327,-2.720014953613281,0.001961895078420639,0.007930173724889755
373,305561600,7.68e-05,0.12335397720336914,0.0,0.0,1.0,37.159177559912855,868523.3636135249,0.0001003103912808001,0.00022963050287216902,-2.726463508605957,0.0019499294459819794,0.009852413833141328
374,306380800,7.62e-05,0.12353975296020508,0.0,0.0,1.0,37.23064670277159,868872.3460113065,4.090862057637423e-05,0.00022819922305643557,-2.731267547607422,0.0018699720501899719,0.009111084043979645
375,307200000,7.56e-05,0.12385186195373535,0.0,0.0,1.0,37.33362218370884,866018.8689759788,-3.3932880614884195e-05,0.00022783672902733089,-2.7354455947875977,0.0016418198123574258,0.006426758319139481
376,308019200,7.5e-05,0.12367931365966797,0.0,0.0,1.0,37.23755327831686,866054.0104020587,1.135053753387183e-05,0.00022634575143456459,-2.7397249221801756,0.0018300538882613181,0.0076865218579769135
377,308838400,7.439999999999999e-05,0.12348661422729493,0.0,0.0,1.0,37.23428545438006,877744.3226515091,-8.020114619284868e-05,0.00023280733730643988,-2.745284843444824,0.0015572944656014442,0.005363402515649795
378,309657600,7.379999999999999e-05,0.12394269943237304,0.0,0.0,1.0,37.305015259873365,869771.5084730786,4.5527186011895536e-05,0.00022896584123373033,-2.7501901626586913,0.0017367493361234664,0.007521728426218033
379,310476800,7.319999999999999e-05,0.1237025260925293,0.0,0.0,1.0,37.3063531127518,869751.393805178,1.467823749408126e-05,0.00022974926978349685,-2.754861831665039,0.0019750328734517097,0.009197264909744263
380,311296000,7.259999999999999e-05,0.12365151405334472,0.0,0.0,1.0,37.260719476744185,861666.8255449791,-4.868757096119225e-05,0.0002307127695530653,-2.760899543762207,0.0018951034173369408,0.008427855372428895
381,312115200,7.199999999999999e-05,0.12368721961975097,0.0,0.0,1.0,37.265980695683844,866366.0242432889,-6.684983964078128e-06,0.00023008377756923438,-2.766743278503418,0.0016044015064835548,0.005977904796600342
382,312934400,7.139999999999999e-05,0.12358471870422363,0.0,0.0,1.0,37.20204313280363,869753.6055259976,9.234706521965563e-05,0.00022940058261156082,-2.7723672866821287,0.0021750209853053093,0.011750121414661408
383,313753600,7.079999999999999e-05,0.12360624313354492,0.0,0.0,1.0,37.29006519855925,858534.6340614298,-4.813571576960385e-05,0.00022987478878349065,-2.776051902770996,0.001818516105413437,0.007287717610597611
384,314572800,7.019999999999999e-05,0.12392182350158691,0.0,0.0,1.0,37.36605679956308,874143.5368421593,2.2133637685328722e-05,0.00023109139874577522,-2.7810785293579103,0.0018060985952615739,0.007057373225688934
385,315392000,6.959999999999998e-05,0.1239095687866211,0.0,0.0,1.0,37.23976555045663,869590.5080144071,1.3878889149054885e-07,0.00022755705285817384,-2.786591339111328,0.0016974564641714096,0.006893432885408402
386,316211200,6.899999999999998e-05,0.12362627983093262,0.0,0.0,1.0,37.16335801571798,860390.725125294,3.3721418003551665e-05,0.00022895808797329664,-2.7909978866577148,0.0018582267686724663,0.008631224185228348
387,317030400,6.839999999999998e-05,0.12364524841308594,0.0,0.0,1.0,37.252898122471244,864974.3218253321,8.284135255962611e-05,0.00022917077876627445,-2.795573616027832,0.001980997622013092,0.010100220888853073
388,317849600,6.779999999999998e-05,0.12348943710327148,0.0,0.0,1.0,37.21268860207235,873116.7436868971,0.00029519202653318646,0.00023273960687220097,-2.7977338790893556,0.002257656119763851,0.016300901770591736
389,318668800,6.72e-05,0.12382733345031738,0.0,0.0,1.0,37.20640036314117,868576.5540196892,5.577018018811941e-05,0.0002305453410372138,-2.8023248672485352,0.0015891021117568015,0.0063457034528255464
390,319488000,6.659999999999999e-05,0.12371554374694824,0.0,0.0,1.0,37.12218751414731,865854.2351250687,-2.2860437456984074e-05,0.0002330531133338809,-2.8075271606445313,0.0016046341508626938,0.0058133542537689206
391,320307200,6.599999999999999e-05,0.12354413986206055,0.0,0.0,1.0,37.15739059378972,872339.4154840636,-3.7774737575091424e-05,0.00023418657947331666,-2.811043357849121,0.001731807179749012,0.006512696295976639
392,321126400,6.539999999999999e-05,0.12353475570678711,0.0,0.0,1.0,37.182346267302016,870332.5916195867,-2.120381104759872e-05,0.00023292929399758576,-2.815520095825195,0.0018688738346099854,0.00769629031419754
393,321945600,6.479999999999999e-05,0.12380319595336914,0.0,0.0,1.0,37.244137429558265,866417.6917130771,-8.022715337574482e-05,0.00022861885372549295,-2.8205575942993164,0.0017083171755075456,0.006276976317167282
394,322764800,6.419999999999999e-05,0.12373764991760254,0.0,0.0,1.0,37.19444318336587,865856.4166289278,5.497268284671009e-06,0.00023146923631429673,-2.8266220092773438,0.0018820773810148239,0.009090452641248702
395,323584000,6.359999999999999e-05,0.123714599609375,0.0,0.0,1.0,37.195725329695314,873311.070981301,0.0001277190982364118,0.00023304771166294814,-2.8325050354003904,0.0021847205236554144,0.012258055061101914
396,324403200,6.299999999999999e-05,0.1235047435760498,0.0,0.0,1.0,37.29723943148688,869569.3662748465,0.00010013303253799676,0.00023095186334103345,-2.836473274230957,0.0019500410184264184,0.00945422425866127
397,325222400,6.239999999999999e-05,0.12370291709899903,0.0,0.0,1.0,37.10629440246165,868711.1760934744,5.552917718887329e-06,0.00023013623431324958,-2.8387989044189452,0.0017474059015512467,0.007473754137754441
398,326041600,6.179999999999998e-05,0.12392855644226074,0.0,0.0,1.0,37.08899053484897,874081.3569248915,-2.310657291673124e-05,0.00022886872757226228,-2.843514633178711,0.0016604108735919,0.005901489406824112
399,326860800,6.119999999999998e-05,0.12380739212036133,0.0,0.0,1.0,37.23130734986827,868844.195998339,0.00010710591450333596,0.00022604158148169516,-2.8481395721435545,0.0016517039388418198,0.007769165933132172
400,327680000,6.059999999999998e-05,0.12373160362243653,0.0,0.0,1.0,37.17199618995782,870860.3939909957,-7.978763314895332e-05,0.00023066699504852294,-2.851019287109375,0.0015755323693156242,0.0060914292931556705
401,328499200,5.999999999999998e-05,0.12374169349670411,0.0,0.0,1.0,37.220451346319756,850751.9013074938,-0.00011043469421565533,0.0002313187113031745,-2.8538862228393556,0.0017740949988365173,0.007058471441268921
402,329318400,5.939999999999998e-05,0.12385560989379883,0.0,0.0,1.0,37.192077048882425,845824.0144007804,0.00021049194037914276,0.0002332424744963646,-2.857155990600586,0.002132555842399597,0.01186840757727623
403,330137600,5.879999999999998e-05,0.12406425476074219,0.0,0.0,1.0,37.228085338670795,848983.212349667,1.5162109048105776e-05,0.00022750771604478358,-2.861047554016113,0.0017545079812407494,0.007268676906824112
404,330956800,5.819999999999998e-05,0.12370223999023437,0.0,0.0,1.0,37.24457584716853,843692.3614363918,-8.107838220894337e-06,0.00023023292887955905,-2.864139747619629,0.0016924967989325524,0.006155151873826981
405,331776000,5.759999999999998e-05,0.12379582405090332,0.0,0.0,1.0,37.32991756615203,867881.3914238614,-2.9430206632241605e-05,0.000228887633420527,-2.866848945617676,0.0016885444521903992,0.007644287496805191
406,332595200,5.6999999999999976e-05,0.12351232528686523,0.0,0.0,1.0,37.1872589500431,861662.0319825844,-9.459869470447302e-05,0.00022613289766013623,-2.870719337463379,0.0015508291311562062,0.004618651419878006
407,333414400,5.639999999999998e-05,0.12393943786621094,0.0,0.0,1.0,37.28931561703677,851700.6090900426,-5.4342462681233884e-05,0.00022764380555599927,-2.8738777160644533,0.0016098156571388244,0.005599607527256012
408,334233600,5.5800000000000015e-05,0.12380989074707031,0.0,0.0,1.0,37.182551918019406,855421.0660753812,1.8821461708284914e-05,0.00022833901457488536,-2.875051498413086,0.0019602807238698005,0.009715207666158677
409,335052800,5.5200000000000014e-05,0.12374245643615722,0.0,0.0,1.0,37.25942966472303,838780.7332428623,2.9496557544916868e-05,0.00022661257535219192,-2.879197692871094,0.001670452393591404,0.006352049112319946
410,335872000,5.460000000000001e-05,0.12381287574768067,0.0,0.0,1.0,37.03953856593531,854871.9505935402,-9.895092807710171e-05,0.00022786117624491454,-2.8845756530761717,0.0015922551974654198,0.005940551683306694
411,336691200,5.400000000000001e-05,0.12384557723999023,0.0,0.0,1.0,37.25170439050996,857558.2899695707,-0.00011393938912078738,0.00022806092165410518,-2.889680099487305,0.0015979785472154616,0.005114136263728142
412,337510400,5.340000000000001e-05,0.12415738105773926,0.0,0.0,1.0,37.248452576005825,863542.9121210062,7.2993163485080005e-06,0.0002295550424605608,-2.892586898803711,0.0018444743007421493,0.008368161320686341
413,338329600,5.280000000000001e-05,0.12374237060546875,0.0,0.0,1.0,37.27481922779572,853722.2118471493,-1.1179083958268166e-05,0.00023322093766182662,-2.8947763442993164,0.001865670643746853,0.008437743037939071
414,339148800,5.220000000000001e-05,0.12366050720214844,0.0,0.0,1.0,37.18801868395991,851314.1005453339,-4.086829430889338e-05,0.00023392306175082923,-2.8983282089233398,0.0014480653218925,0.004491333663463592
415,339968000,5.160000000000001e-05,0.12398036956787109,0.0,0.0,1.0,37.13581534554689,858365.1997901077,4.77312714792788e-05,0.0002275577513501048,-2.9020240783691404,0.002000783383846283,0.009728880971670151
416,340787200,5.1000000000000006e-05,0.12388359069824219,0.0,0.0,1.0,37.21635117345318,863404.9284527553,-4.311759839765727e-05,0.00022655779030174018,-2.904478645324707,0.0016645239666104317,0.006668089330196381
417,341606400,5.0400000000000005e-05,0.12371981620788575,0.0,0.0,1.0,37.22088426409779,846299.7169744525,-1.1750936391763388e-05,0.00022667569573968648,-2.908722496032715,0.0017368869855999946,0.0065610334277153015
418,342425600,4.9800000000000004e-05,0.12354455947875977,0.0,0.0,1.0,37.040889331642816,862830.603184206,-9.035058319568634e-05,0.0002264305017888546,-2.912615203857422,0.0016194231808185577,0.00594482421875
419,343244800,4.92e-05,0.1234958839416504,0.0,0.0,1.0,37.289056466633355,867004.957548945,-8.255541324615478e-05,0.00022919273469597102,-2.914938735961914,0.0017709258943796157,0.007211547344923019
420,344064000,4.86e-05,0.1237548828125,0.0,0.0,1.0,37.17599818511797,862261.4524190516,-8.2694977754727e-05,0.0002275558188557625,-2.9168590545654296,0.001606271229684353,0.0060085438191890715
421,344883200,4.800000000000001e-05,0.12388337135314942,0.0,0.0,1.0,37.19042640240022,854542.0536733373,-0.00010339973960071802,0.00023034601472318172,-2.918411064147949,0.001716277003288269,0.006402953714132309
422,345702400,4.740000000000001e-05,0.12368325233459472,0.0,0.0,1.0,37.343083652269,856942.072520299,-3.0413453350774945e-05,0.00023241483140736818,-2.921904754638672,0.001842348650097847,0.006656492501497269
423,346521600,4.6800000000000006e-05,0.1239041519165039,0.0,0.0,1.0,37.23412373943854,859781.3801951756,-0.00011423558462411165,0.0002293906407430768,-2.9234046936035156,0.0017016703262925149,0.0067867420613765715
424,347340800,4.6200000000000005e-05,0.12351776123046875,0.0,0.0,1.0,37.25424191420643,846989.8689422532,-9.551223483867943e-05,0.00023233755491673945,-2.9255388259887694,0.0016266781836748122,0.004560790956020355
425,348160000,4.5600000000000004e-05,0.12370278358459473,0.0,0.0,1.0,37.2613010424728,839573.262796715,-0.00010942463995888829,0.00022780781146138906,-2.9277679443359377,0.0016006959602236747,0.004968872666358948
426,348979200,4.5e-05,0.12363544464111328,0.0,0.0,1.0,37.30521430521431,856242.7140504563,-6.673393654637039e-05,0.00022421672474592924,-2.9297906875610353,0.0017443310469388961,0.005619262158870697
427,349798400,4.44e-05,0.12395555496215821,0.0,0.0,1.0,37.26012376012376,867964.5926842866,-1.6939979104790837e-05,0.0002268558833748102,-2.9340566635131835,0.0016612764447927475,0.006165526434779167
428,350617600,4.38e-05,0.12380941390991211,0.0,0.0,1.0,37.29056758231763,865775.8829992411,-4.9800670240074396e-05,0.00022765265312045812,-2.936776351928711,0.0016040971502661705,0.005287598073482514
429,351436800,4.32e-05,0.12394794464111328,0.0,0.0,1.0,37.2327868852459,847112.5903384024,-2.4104100884869694e-05,0.00022580481600016357,-2.937839698791504,0.0013651760295033456,0.0036950681358575823
430,352256000,4.26e-05,0.12387527465820312,0.0,0.0,1.0,37.29597309335515,862064.094040225,-4.028249823022634e-05,0.00022774275857955216,-2.940106964111328,0.001827342063188553,0.007470947504043579
431,353075200,4.2e-05,0.12379390716552735,0.0,0.0,1.0,37.06054147204208,866964.2978401451,-0.000108836789149791,0.00022715828381478787,-2.9423303604125977,0.0017877755686640739,0.006763794273138046
432,353894400,4.14e-05,0.12382844924926757,0.0,0.0,1.0,37.15924432564672,866651.1267734236,-8.831339655444027e-05,0.00022533158771693708,-2.944689178466797,0.0014780569821596146,0.004533935338258743
433,354713600,4.08e-05,0.12375778198242188,0.0,0.0,1.0,37.14512471655329,862833.4169569653,-4.2619905434548856e-05,0.00022797475103288888,-2.946722221374512,0.0012967664748430251,0.0028133539482951163
434,355532800,4.02e-05,0.12382002830505372,0.0,0.0,1.0,37.2683736583591,865198.5108340259,-6.587300449609757e-05,0.00022708072792738677,-2.948426055908203,0.001374801155179739,0.003987793251872063
435,356352000,3.96e-05,0.12375767707824707,0.0,0.0,1.0,37.285408701984345,869217.0073510566,-6.498090806417167e-05,0.00022922421339899302,-2.9496780395507813,0.0013811676762998104,0.004177246242761612
436,357171200,3.9e-05,0.12349096298217774,0.0,0.0,1.0,37.15652055663841,865829.9013843583,-8.189146174117923e-05,0.00022556870244443416,-2.9517704010009767,0.0014897166751325131,0.004444947093725204
437,357990400,3.84e-05,0.12384246826171875,0.0,0.0,1.0,37.23062579588866,863240.4744075794,-7.188350427895784e-05,0.0002279939129948616,-2.9545379638671876,0.0015371439047157764,0.0049312740564346315
438,358809600,3.78e-05,0.1236912727355957,0.0,0.0,1.0,37.23748237755241,869852.5841831111,-0.00010396826546639204,0.0002279071370139718,-2.9570924758911135,0.0015236210078001023,0.0041369635611772535
439,359628800,3.7199999999999996e-05,0.12356924057006836,0.0,0.0,1.0,37.13349920832391,850149.2506915118,-0.00015451289946213364,0.00022625827696174384,-2.958893966674805,0.0015629364177584648,0.004651855677366257
440,360448000,3.6599999999999995e-05,0.12360163688659669,0.0,0.0,1.0,37.153566229985444,848998.9302068342,-2.743614895734936e-05,0.00022987097036093475,-2.9604888916015626,0.0017830211669206618,0.0074244379997253414
441,361267200,3.5999999999999994e-05,0.12376785278320312,0.0,0.0,1.0,37.15898063755498,862560.8212290793,-0.0001391331199556589,0.00022477495949715375,-2.963034248352051,0.0015636079013347625,0.003685547411441803
442,362086400,3.539999999999999e-05,0.1237518310546875,0.0,0.0,1.0,37.27723761926397,845436.0971348591,6.717448704876005e-05,0.00022943681105971336,-2.9660293579101564,0.0016392303630709648,0.007747071236371994
443,362905600,3.479999999999999e-05,0.12343919754028321,0.0,0.0,1.0,37.15672217432733,876069.1700008241,-0.00013820506865158677,0.0002272100653499365,-2.9682165145874024,0.0016987977549433708,0.005225097015500069
444,363724800,3.419999999999999e-05,0.12364191055297852,0.0,0.0,1.0,37.27901887480623,871843.0433967968,-0.00014295349828898906,0.00022461619228124617,-2.9710079193115235,0.001565196178853512,0.003699463605880737
445,364544000,3.36e-05,0.12390523910522461,0.0,0.0,1.0,37.2969787969788,856494.1498848113,-4.209559119772166e-05,0.0002244484145194292,-2.973018264770508,0.0016395971179008484,0.00624987855553627
446,365363200,3.2999999999999996e-05,0.12380537033081054,0.0,0.0,1.0,37.20864091300213,860844.056819645,-9.557640296407044e-05,0.00022918435279279948,-2.973725128173828,0.0016239680349826812,0.005270141363143921
447,366182400,3.2399999999999995e-05,0.12410463333129883,0.0,0.0,1.0,37.225683234050294,868134.8423652988,4.257168620824814e-06,0.00022648503072559835,-2.9749120712280273,0.0014638817869126798,0.005174681916832924
448,367001600,3.1799999999999994e-05,0.1236791229248047,0.0,0.0,1.0,37.12183293296469,859309.9214774151,-0.0001380267320200801,0.00022652724292129278,-2.9766544342041015,0.001491240505129099,0.003990843892097473
449,367820800,3.119999999999999e-05,0.12376001358032226,0.0,0.0,1.0,37.175030655343114,853241.9065335414,-5.524931475520134e-05,0.00022609001025557517,-2.977995681762695,0.0012608478777110577,0.003164917230606079
450,368640000,3.059999999999999e-05,0.12369989395141602,0.0,0.0,1.0,37.236935381259656,856227.2298343137,-4.7250883653759956e-05,0.00023424187675118445,-2.9790273666381837,0.0012479974888265134,0.003161255270242691
451,369459200,2.999999999999999e-05,0.12391948699951172,0.0,0.0,1.0,37.275455373406196,866919.0906819694,-0.00010191852925345302,0.0002281198278069496,-2.9812355041503906,0.00139946723356843,0.0031489260494709016
452,370278400,2.939999999999999e-05,0.12390928268432617,0.0,0.0,1.0,37.20059050647286,844794.3743912729,-0.00014873269246891142,0.00023015972692519426,-2.9842952728271483,0.0014130119234323502,0.003958861902356147
453,371097600,2.879999999999999e-05,0.12378219604492187,0.0,0.0,1.0,37.184157966409444,847200.8286503489,-0.00017989492043852807,0.00022527764085680246,-2.986646270751953,0.0016022570431232452,0.003788573667407036
454,371916800,2.819999999999999e-05,0.12376735687255859,0.0,0.0,1.0,37.35318490188043,848638.0073693253,-8.811457082629204e-05,0.00022298546973615886,-2.988569641113281,0.0012469446286559106,0.0023927006870508192
455,372736000,2.759999999999999e-05,0.1236480712890625,0.0,0.0,1.0,37.21322291486554,846462.3086360407,-3.638066118583083e-05,0.00022587000858038665,-2.9906646728515627,0.0014631707221269608,0.004796387255191803
456,373555200,2.699999999999999e-05,0.12398328781127929,0.0,0.0,1.0,37.26961852861035,851460.5803776112,-0.00011557848192751407,0.00022677343804389238,-2.9921112060546875,0.001308621373027563,0.003113891743123531
457,374374400,2.6399999999999988e-05,0.12355033874511719,0.0,0.0,1.0,37.23019847050255,867961.9110723472,-6.988967070356011e-05,0.00023060024250298738,-2.9933343887329102,0.001347968727350235,0.0031259771436452865
458,375193600,2.5799999999999987e-05,0.12401906967163086,0.0,0.0,1.0,37.27178555202181,864505.6706154416,-0.00019247002201154827,0.0002251672325655818,-2.9956422805786134,0.0015310732647776603,0.0037690430879592897
459,376012800,2.5199999999999986e-05,0.12376496315002442,0.0,0.0,1.0,37.24736171761281,861598.900197287,-0.00019199643284082413,0.0002276561688631773,-2.9976720809936523,0.00146597595885396,0.004073730483651161
460,376832000,2.4599999999999985e-05,0.12382001876831054,0.0,0.0,1.0,37.23413636363637,862313.9413466397,-0.0001803913968615234,0.00023051640018820763,-2.9990118026733397,0.0014543522149324418,0.0033184818923473356
461,377651200,2.3999999999999987e-05,0.1238953971862793,0.0,0.0,1.0,37.14299319727891,848986.4826812797,-5.440404056571424e-05,0.00022507000248879195,-3.0004859924316407,0.0012114332988858224,0.0028298338875174522
462,378470400,2.3399999999999986e-05,0.12378818511962891,0.0,0.0,1.0,37.234291170319175,871582.2195478966,-0.00015000768471509218,0.00022546988911926747,-3.001476860046387,0.0014032605104148388,0.0028612064197659492
463,379289600,2.2799999999999985e-05,0.12360471725463867,0.0,0.0,1.0,37.04889432662679,849434.553588387,-0.0001864494988694787,0.00022802045568823815,-3.0020124435424806,0.0014680396765470506,0.003680664673447609
464,380108800,2.2199999999999984e-05,0.12372359275817871,0.0,0.0,1.0,37.17023588536243,845523.7947039,-0.00011890629539266229,0.00022354915272444488,-3.0028480529785155,0.0012493142858147621,0.0025861818343400956
465,380928000,2.1599999999999983e-05,0.1238460636138916,0.0,0.0,1.0,37.22977699050733,853001.1587553448,-9.244983084499836e-05,0.0002223628107458353,-3.004152297973633,0.0013440710492432118,0.002807983383536339
466,381747200,2.0999999999999982e-05,0.12371478080749512,0.0,0.0,1.0,37.222635855994916,855083.019255634,-0.0001393185229972005,0.00022723488509655,-3.005666732788086,0.001334749720990658,0.002802002057433128
467,382566400,2.0399999999999984e-05,0.12430808067321777,0.0,0.0,1.0,37.25708437571071,860062.0285270225,-0.0001346498145721853,0.0002297274535521865,-3.007516860961914,0.0016056982800364493,0.003287476301193237
468,383385600,1.9799999999999983e-05,0.12378889083862304,0.0,0.0,1.0,37.10883952855848,852002.2317464569,-0.00017435570480301977,0.00022499656770378352,-3.0092763900756836,0.0016446460038423538,0.005104857683181763
469,384204800,1.9199999999999982e-05,0.12374171257019043,0.0,0.0,1.0,37.25668424881775,841621.5131776027,-0.00011341368081048131,0.00022683879360556601,-3.011075019836426,0.001274690218269825,0.002557739242911339
470,385024000,1.8600000000000015e-05,0.12408443450927735,0.0,0.0,1.0,37.25341936656518,836407.3139644766,-0.00012951972894370556,0.00022871231194585562,-3.0130279541015623,0.001497576292604208,0.002777831815183163
471,385843200,1.8000000000000014e-05,0.12379819869995118,0.0,0.0,1.0,37.26457848903479,830937.359914698,-0.00010434495052322746,0.00022554267197847367,-3.014234161376953,0.001476389355957508,0.0025477292016148566
472,386662400,1.7400000000000013e-05,0.12356950759887696,0.0,0.0,1.0,37.216587139286524,849226.4590451195,-0.00010662551503628492,0.00022691020276397467,-3.0152196884155273,0.0014112872071564198,0.0025206295773386954
473,387481600,1.6800000000000012e-05,0.12381690979003906,0.0,0.0,1.0,37.17968820810297,866973.3987993734,-0.00011078710667788982,0.00022570262663066388,-3.015567970275879,0.0013269834220409394,0.0022849125787615778
474,388300800,1.6200000000000014e-05,0.12397104263305664,0.0,0.0,1.0,37.19080021774633,852775.2326904673,-0.00015568068483844398,0.00022612700704485177,-3.0160728454589845,0.001304351445287466,0.002186889760196209
475,389120000,1.5600000000000013e-05,0.12361356735229492,0.0,0.0,1.0,37.22537069043937,859539.5591390489,-9.237573831342161e-05,0.00022880048491060733,-3.0175029754638674,0.0011073020286858082,0.0016115721315145492
476,389939200,1.5000000000000012e-05,0.1238267707824707,0.0,0.0,1.0,37.274191347072474,861678.2500372068,-0.00011085985461249948,0.00022646295838057995,-3.0186338424682617,0.0013203222304582595,0.0021680908277630804
477,390758400,1.4400000000000011e-05,0.12375155448913575,0.0,0.0,1.0,37.142138193688794,869079.8074241577,-0.00012107489164918661,0.00022755227982997894,-3.019186592102051,0.0015609033405780792,0.003300902992486954
478,391577600,1.3800000000000012e-05,0.12370801925659179,0.0,0.0,1.0,37.15678715588008,866473.1761415274,-0.00012250648578628897,0.0002238275483250618,-3.0198564529418945,0.0011370936408638954,0.0022982174530625345
479,392396800,1.320000000000001e-05,0.12417642593383789,0.0,0.0,1.0,37.225684651078154,865874.2509098165,-0.00019010049290955067,0.00022720834240317345,-3.020912742614746,0.001210230402648449,0.002307495288550854
480,393216000,1.260000000000001e-05,0.12377477645874023,0.0,0.0,1.0,37.139586444052306,873270.6833396048,-7.911939173936844e-05,0.0002239445922896266,-3.0219011306762695,0.0011257391422986984,0.0014447024092078208
481,394035200,1.2000000000000009e-05,0.12404926300048828,0.0,0.0,1.0,37.20653309708782,868634.2901606624,-0.0001252622460015118,0.00022501798812299967,-3.022816467285156,0.000996567029505968,0.002015136368572712
482,394854400,1.140000000000001e-05,0.12359737396240235,0.0,0.0,1.0,37.27374022193924,868924.3321747863,-6.36432261671871e-05,0.00023026142735034228,-3.022877502441406,0.0009822754189372062,0.001082031335681677
483,395673600,1.0800000000000008e-05,0.12389865875244141,0.0,0.0,1.0,37.290137248643475,869744.9558631548,-9.96055081486702e-05,0.00022689069155603647,-3.022903060913086,0.0011628331616520883,0.0018449706956744194
484,396492800,1.0200000000000007e-05,0.12373519897460937,0.0,0.0,1.0,37.2967472287843,875142.5782209164,-0.00012551179388538004,0.0002244499512016773,-3.023215103149414,0.001204599067568779,0.0018819579854607582
485,397312000,9.600000000000008e-06,0.12393623352050781,0.0,0.0,1.0,37.14119141599746,871122.0297568608,-0.00014775661984458565,0.00022613105829805136,-3.023806571960449,0.0013459768146276475,0.0024552004411816596
486,398131200,9.000000000000007e-06,0.1237921142578125,0.0,0.0,1.0,37.31260542511967,870034.7866845247,-7.846360094845294e-05,0.00022596826311200858,-3.0240549087524413,0.0008701750077307225,0.0010688473470509053
487,398950400,8.400000000000006e-06,0.12368227005004882,0.0,0.0,1.0,37.222439601437735,876834.10102782,-0.0001342776929959655,0.00022545857354998587,-3.024093437194824,0.0011017783544957638,0.0015776364132761955
488,399769600,7.800000000000007e-06,0.12392815589904785,0.0,0.0,1.0,37.228932648142255,872162.0063503144,-6.692434544675052e-05,0.0002253395738080144,-3.024214744567871,0.0011121542192995548,0.001324951183050871
489,400588800,7.200000000000006e-06,0.12383259773254394,0.0,0.0,1.0,37.220069863448714,866863.0070779783,-8.277968154288829e-05,0.00022550709545612335,-3.024585723876953,0.0011143213137984275,0.0018549805507063865
490,401408000,6.600000000000005e-06,0.12368924140930176,0.0,0.0,1.0,37.21693361767775,873263.9213990684,-0.00020227478817105293,0.00022551207803189754,-3.0249971389770507,0.0016284631565213203,0.0040445558726787565
491,402227200,6.000000000000004e-06,0.1237572193145752,0.0,0.0,1.0,37.32743927448389,871893.7023248376,-3.946422366425395e-05,0.00022325653117150068,-3.02545280456543,0.0007183629088103772,0.0005101318471133709
492,403046400,5.400000000000004e-06,0.12389369010925293,0.0,0.0,1.0,37.22385888343335,867235.65564974,-0.00013779917499050497,0.00022822651080787182,-3.0257312774658205,0.0012542931362986565,0.002358764596283436
493,403865600,4.800000000000004e-06,0.12375873565673828,0.0,0.0,1.0,37.22397963821471,860098.1729891215,-8.629287476651371e-05,0.00022630654275417327,-3.0259862899780274,0.0012108968570828439,0.0010484617203474044
494,404684800,4.200000000000003e-06,0.12379413604736328,0.0,0.0,1.0,37.10837371495856,861042.7242767535,-0.00012176702730357647,0.00022435816936194897,-3.0261167526245116,0.0015152376145124435,0.001821899227797985
495,405504000,3.600000000000003e-06,0.12382665634155274,0.0,0.0,1.0,37.226313161120444,869810.2495789494,-0.0001949175726622343,0.00022633587941527366,-3.0263185501098633,0.0012798309326171875,0.0018386231735348702
496,406323200,3.000000000000002e-06,0.12384783744812011,0.0,0.0,1.0,37.11602034329307,866516.3442412757,-8.400972583331168e-05,0.00022735078819096087,-3.0264814376831053,0.0009597205556929111,0.0010618898086249828
497,407142400,2.400000000000002e-06,0.1237647533416748,0.0,0.0,1.0,37.18441064638783,870071.1070341143,-7.308425847440958e-05,0.00022275077644735576,-3.0265504837036135,0.0008539409376680851,0.0011654053814709187
498,407961600,1.8000000000000014e-06,0.12359443664550782,0.0,0.0,1.0,37.223378630186794,872609.9589947199,-9.886233601719141e-05,0.00022596046328544618,-3.0266092300415037,0.0008204240351915359,0.000856201071292162
499,408780800,1.200000000000001e-06,0.12398419380187989,0.0,0.0,1.0,37.19596161717222,866303.8070215416,-4.6833808301016686e-05,0.0002261091023683548,-3.026723861694336,0.00033174057025462387,6.335448706522584e-05
500,409600000,6.000000000000005e-07,0.1238734245300293,0.0,0.0,1.0,37.16241604646942,865503.467992893,-1.686608447926119e-05,0.00022686310112476348,-3.0267803192138674,8.975175442174076e-05,0.0
