update,env_steps,lr,reward_per_step,cost_per_step,violation_rate,success_rate,mean_episode_length,steps_per_sec,policy_loss,value_loss,entropy,approx_kl,clip_frac
1,819200,0.0003,-0.009252532124519349,0.0,0.0,1.0,61.19078947368421,857401.7986800157,-0.007313724607229233,0.0360284298658371,1.8293994903564452,0.007420790195465088,0.10024205446243287
2,1638400,0.00029939999999999996,0.017019271850585938,0.0,0.0,1.0,342.1692573402418,869351.1767595208,-0.011643671989440918,0.04423743188381195,1.8090330123901368,0.008573611825704574,0.11981691122055053
3,2457600,0.0002988,0.015410909652709961,0.0,0.0,1.0,448.24120603015075,876245.7289360985,-0.007226094603538513,0.037381455302238464,1.7767332077026368,0.006042703986167908,0.07203699350357055
4,3276800,0.0002982,0.015864591598510742,0.0,0.0,1.0,439.5469534050179,868454.9763639361,-0.006747331470251083,0.03545015752315521,1.7381780624389649,0.005365517735481262,0.060473501682281494
5,4096000,0.00029759999999999997,0.020354442596435547,0.0,0.0,0.973753280839895,339.4133858267717,869173.1602934328,-0.006836533546447754,0.03442163467407226,1.7012956619262696,0.005551497638225556,0.06361716985702515
6,4915200,0.00029699999999999996,0.024613161087036133,0.0,0.0,0.9993231046931408,201.45103790613717,877574.0682029669,-0.006938328593969345,0.031775164604187014,1.6690330505371094,0.0056290864944458004,0.06589720845222473
7,5734400,0.0002964,0.02957113265991211,0.0,0.0,1.0,172.40807511737088,873589.9327805999,-0.007072113454341888,0.029253536462783815,1.636861228942871,0.005512219294905663,0.06346092820167541
8,6553600,0.0002958,0.034719529151916506,0.0,0.0,1.0,141.56516211061665,864621.5850657187,-0.006744277477264404,0.026859107613563537,1.6023874282836914,0.005260622128844261,0.058799910545349124
9,7372800,0.00029519999999999997,0.03981158971786499,0.0,0.0,1.0,119.91055779663374,865696.2493665726,-0.006333466619253159,0.024794669449329378,1.5669721603393554,0.005047045275568962,0.05493969917297363
10,8192000,0.00029459999999999995,0.04467141151428223,0.0,0.0,1.0,105.012803151545,868956.493238524,-0.005648327991366386,0.021158432960510253,1.529896068572998,0.004664427787065506,0.04810790419578552
11,9011200,0.000294,0.049792613983154294,0.0,0.0,1.0,94.3641002884402,861470.5181937293,-0.004914061725139618,0.017398163676261902,1.491556453704834,0.004379506781697273,0.04289562404155731
12,9830400,0.0002934,0.05519797801971436,0.0,0.0,1.0,83.9804863404383,862809.4399608324,-0.004940749332308769,0.012637226283550263,1.4529974937438965,0.004645885527133941,0.04558056890964508
13,10649600,0.00029279999999999996,0.05968106746673584,0.0,0.0,1.0,77.30445269016698,868740.284029637,-0.0054475896060466765,0.008691277354955673,1.4161663055419922,0.00556589625775814,0.06240941286087036
14,11468800,0.00029219999999999995,0.06408811569213867,0.0,0.0,1.0,72.08988374110706,855227.5216010823,-0.006588197499513626,0.006374844908714294,1.3806165695190429,0.006598652899265289,0.0813664436340332
15,12288000,0.0002916,0.06828991413116454,0.0,0.0,1.0,67.82547708367314,841358.8339804694,-0.00718221515417099,0.005052067711949349,1.3434054374694824,0.007178158313035965,0.09074804186820984
16,13107200,0.00029099999999999997,0.07190759658813477,0.0,0.0,1.0,63.779380012338066,864505.2472718658,-0.007885695993900299,0.0043978776782751085,1.3026813507080077,0.007578761875629425,0.09730892181396485
17,13926400,0.00029039999999999996,0.0753221082687378,0.0,0.0,1.0,60.98825860424158,852714.6462508542,-0.0076364375650882724,0.00388500839471817,1.263138198852539,0.0076484315097332,0.09906532168388367
18,14745600,0.00028979999999999994,0.07859758377075195,0.0,0.0,1.0,58.27281099461604,862485.1807603379,-0.007337917387485504,0.003501366823911667,1.2233179092407227,0.007606285065412522,0.09681933522224426
19,15564800,0.0002892,0.08127317428588868,0.0,0.0,1.0,56.30638239901914,868840.0384158262,-0.006991074979305267,0.0031623829156160353,1.1834197044372559,0.0073473058640956875,0.09141541719436645
20,16384000,0.00028859999999999997,0.08456790924072266,0.0,0.0,1.0,54.12140323216397,861486.3847950292,-0.006367987394332886,0.002803627215325832,1.145658588409424,0.007065042108297348,0.08635519742965699
21,17203200,0.00028799999999999995,0.08631077766418457,0.0,0.0,1.0,53.02392129123529,863696.0282969081,-0.005979019030928612,0.0025331979617476464,1.1087530136108399,0.006783109158277512,0.08095117211341858
22,18022400,0.00028739999999999994,0.08806333541870118,0.0,0.0,1.0,51.92930250189538,874703.1345435714,-0.005534347519278527,0.002269371971487999,1.0723154067993164,0.006444466859102249,0.07397717237472534
23,18841600,0.0002868,0.08996222496032714,0.0,0.0,1.0,50.92790105040711,873525.4323444807,-0.0053034815937280655,0.0021175377070903776,1.0349203109741212,0.006273427605628967,0.07010459899902344
24,19660800,0.00028619999999999996,0.09148720741271972,0.0,0.0,1.0,50.18860906152814,870552.8727821235,-0.005034666508436203,0.0019090315327048302,0.9989864349365234,0.006016023084521293,0.06531177759170533
25,20480000,0.00028559999999999995,0.09337678909301758,0.0,0.0,1.0,49.07295544613907,877631.057530651,-0.004494762420654297,0.0017658349126577378,0.9649256706237793,0.005586809664964676,0.0568148136138916
26,21299200,0.000285,0.09445381164550781,0.0,0.0,1.0,48.64466375132963,873942.3261138238,-0.004200087860226631,0.001613462157547474,0.9317044258117676,0.005342084914445877,0.052415162324905396
27,22118400,0.0002844,0.09492542266845704,0.0,0.0,1.0,48.12497069167644,857388.8881316743,-0.003830864280462265,0.0015003291890025138,0.8981697082519531,0.005139096081256867,0.049480706453323364
28,22937600,0.00028379999999999996,0.0962348747253418,0.0,0.0,1.0,47.49001793877669,870299.8136837269,-0.003736778721213341,0.0014339824207127093,0.8645564079284668,0.004859602078795433,0.04421936571598053
29,23756800,0.00028319999999999994,0.09731662750244141,0.0,0.0,1.0,47.39882952833469,850756.0591445344,-0.0033193718641996383,0.0013411184772849083,0.8334504127502441,0.004581980779767037,0.03961999416351318
30,24576000,0.0002826,0.09767742156982422,0.0,0.0,1.0,46.80626211931105,853644.976817118,-0.003284424915909767,0.0012850663624703884,0.8038535118103027,0.0045693408697843555,0.03939965963363647
31,25395200,0.00028199999999999997,0.09897429466247559,0.0,0.0,1.0,46.33207077844988,846123.2973117648,-0.002890348993241787,0.0012119767256081105,0.7741320133209229,0.004127109050750732,0.03263073563575745
32,26214400,0.00028139999999999996,0.09965567588806153,0.0,0.0,1.0,46.14332302502108,854498.9874973372,-0.0029363734647631645,0.0011674728244543075,0.7452760696411133,0.004087793827056885,0.032448497414588925
33,27033600,0.00028079999999999994,0.09998926162719726,0.0,0.0,1.0,45.79135002235137,843842.4282690149,-0.0025465840473771094,0.0011531519703567028,0.7178383827209472,0.0038929533213376997,0.030579224228858948
34,27852800,0.0002802,0.10090198516845703,0.0,0.0,1.0,45.482957379593195,853570.6552246724,-0.0023821718990802766,0.0010778052732348443,0.6914719104766845,0.003837532177567482,0.028245842456817626
35,28672000,0.00027959999999999997,0.10059776306152343,0.0,0.0,1.0,45.30565243868682,858872.3550526531,-0.0021904362365603447,0.0010418895632028579,0.6651329040527344,0.003610547259449959,0.025615477561950685
36,29491200,0.00027899999999999995,0.10193777084350586,0.0,0.0,1.0,45.01869107651831,856928.4015053438,-0.002354835718870163,0.0009871706366539,0.6402468681335449,0.0034001108258962633,0.0242401123046875
37,30310400,0.0002784,0.10214381217956543,0.0,0.0,1.0,44.83644527186114,843391.7364587861,-0.002044311538338661,0.0009698827750980854,0.6144199371337891,0.0031406253576278685,0.022036130726337432
38,31129600,0.0002778,0.10235931396484375,0.0,0.0,1.0,44.6467264330345,846311.5838389312,-0.002006022818386555,0.0009117178618907928,0.5885916233062745,0.003499915450811386,0.0233304426074028
39,31948800,0.0002772,0.10300880432128906,0.0,0.0,1.0,44.47402774000544,851925.6531132483,-0.0018210427835583687,0.0008791101165115834,0.5665397644042969,0.0031924057751894,0.01991479694843292
40,32768000,0.0002766,0.1036151123046875,0.0,0.0,1.0,44.38758262000217,860362.2499589698,-0.0018449397757649422,0.0008572508580982685,0.5432906150817871,0.0030391011387109756,0.0193404495716095
41,33587200,0.000276,0.10366523742675782,0.0,0.0,1.0,44.11866960874011,856413.910393593,-0.0017374737188220024,0.0008259362541139126,0.5203807830810547,0.002792314626276493,0.018010373413562774
42,34406400,0.00027539999999999997,0.10399633407592773,0.0,0.0,1.0,44.11847627246314,830072.523250984,-0.0016394715756177902,0.0008011249825358391,0.49822006225585935,0.0030020130798220634,0.01731884926557541
43,35225600,0.0002748,0.10443344116210937,0.0,0.0,1.0,43.99171285583598,827546.284981268,-0.0015791758894920349,0.0007814881391823292,0.47923908233642576,0.002772684395313263,0.015521116554737091
44,36044800,0.0002742,0.10472837448120118,0.0,0.0,1.0,43.918282103459354,850411.2247639818,-0.0016185689717531204,0.0007308252155780792,0.4592761516571045,0.0026772346347570418,0.016507445275783537
45,36864000,0.0002736,0.10479673385620117,0.0,0.0,1.0,43.607507443641005,854336.1771431284,-0.0012962555512785912,0.0007404927629977465,0.43767719268798827,0.002275125868618488,0.012938474118709565
46,37683200,0.00027299999999999997,0.10535901069641113,0.0,0.0,1.0,43.71446862996159,865612.0619529351,-0.0014905367977917194,0.000713537959381938,0.4138925075531006,0.0026591291651129724,0.015146607160568237
47,38502400,0.0002724,0.10573307037353516,0.0,0.0,1.0,43.47912904938927,874996.7864111245,-0.0014288757927715778,0.0006780766882002354,0.3924708843231201,0.0027308214455842974,0.015592160820960998
48,39321600,0.0002718,0.10561294555664062,0.0,0.0,1.0,43.51340446992621,869721.3254511012,-0.001393640786409378,0.0006715858820825815,0.37468140125274657,0.0023977965116500854,0.014974732697010041
49,40140800,0.0002712,0.10609208106994629,0.0,0.0,1.0,43.42282412806106,877141.4146343801,-0.001393963024020195,0.0006514523178339004,0.35404253005981445,0.002253239043056965,0.01285412609577179
50,40960000,0.00027059999999999996,0.10638467788696289,0.0,0.0,1.0,43.30033229600717,869985.0723482904,-0.0013568054884672165,0.000628567487001419,0.33310627937316895,0.0026731934398412705,0.014364625513553619
51,41779200,0.00027,0.10703734397888183,0.0,0.0,1.0,42.90704993705413,869241.4184654326,-0.0013024033978581429,0.0005933561362326146,0.3136231184005737,0.0022797737270593642,0.012287963926792145
52,42598400,0.0002694,0.10684316635131835,0.0,0.0,1.0,43.041882895633485,862799.6901327311,-0.0013255754485726357,0.0005851462483406067,0.29708499908447267,0.002445913478732109,0.012505002319812775
53,43417600,0.0002688,0.10680121421813965,0.0,0.0,1.0,42.97363851617995,869558.5088914406,-0.0013366431929171085,0.0005681333132088184,0.28038582801818845,0.0020525775849819182,0.010737549513578415
54,44236800,0.00026819999999999996,0.10742639541625977,0.0,0.0,1.0,43.043159438508276,866904.8589755542,-0.0013551556505262852,0.0005428164266049861,0.2597886800765991,0.0022926829755306245,0.012371092289686202
55,45056000,0.0002676,0.10761969566345214,0.0,0.0,1.0,42.76288230083885,864372.8311797736,-0.0011736704036593437,0.0005259823054075241,0.2420639991760254,0.00245363749563694,0.013111203908920288
56,45875200,0.000267,0.10743684768676758,0.0,0.0,1.0,42.73911906256539,869200.3908999665,-0.0012313446030020713,0.0005293679889291525,0.22415947914123535,0.002319904416799545,0.013811767101287842
57,46694400,0.00026639999999999997,0.10795435905456544,0.0,0.0,1.0,42.5256722449614,869298.7630056365,-0.0012956865131855011,0.0005270440131425857,0.20854005813598633,0.002346492558717728,0.013372802734375
58,47513600,0.00026579999999999996,0.10815664291381837,0.0,0.0,1.0,42.52687558368787,862622.3071737664,-0.0010681693442165852,0.000497534079477191,0.19335802793502807,0.002092517726123333,0.010715087503194809
59,48332800,0.0002652,0.10796995162963867,0.0,0.0,1.0,42.37573689109525,863126.1914837672,-0.0010235810652375222,0.0004929452668875455,0.1747605800628662,0.0021507453173398973,0.011750244349241257
60,49152000,0.0002646,0.10810731887817383,0.0,0.0,1.0,42.24751655629139,843677.5163552173,-0.0010349611751735211,0.0004890074022114276,0.15757133960723876,0.0020452551543712616,0.010316403955221176
61,49971200,0.00026399999999999997,0.10842815399169922,0.0,0.0,1.0,42.40488962244687,865688.6344413874,-0.001144248154014349,0.0004639033228158951,0.1393983244895935,0.002310298755764961,0.012615843117237091
62,50790400,0.00026339999999999995,0.10862943649291992,0.0,0.0,1.0,42.325588599752166,866268.8368490124,-0.0010560337454080583,0.00046349377371370795,0.1218291163444519,0.0023858088999986647,0.013517822325229644
63,51609600,0.0002628,0.10873101234436035,0.0,0.0,1.0,42.27213979217288,862815.578650787,-0.0010871942155063151,0.00046903216280043126,0.10569117069244385,0.0023527199402451513,0.012876708805561066
64,52428800,0.0002622,0.1087451171875,0.0,0.0,1.0,42.22309237982379,869192.0103357616,-0.0010924745351076127,0.00046150465495884416,0.0877983808517456,0.002346321754157543,0.013707029819488525
65,53248000,0.00026159999999999996,0.10891618728637695,0.0,0.0,1.0,42.16029631153866,873121.272722158,-0.0012038037180900573,0.00043158475309610365,0.07000585794448852,0.0026079930365085604,0.015440794825553893
66,54067200,0.000261,0.10922999382019043,0.0,0.0,1.0,42.13567167249537,848577.6565635725,-0.00114797567948699,0.0004355029668658972,0.05554811954498291,0.0025626432150602342,0.013641844689846038
67,54886400,0.0002604,0.10941965103149415,0.0,0.0,1.0,41.877847744842065,867356.4443921766,-0.0010546812787652015,0.0004209008067846298,0.040783724188804625,0.0025611549615859987,0.01410534679889679
68,55705600,0.00025979999999999997,0.10937007904052734,0.0,0.0,1.0,41.94711538461539,853643.3828879375,-0.0010966530069708824,0.00041273180395364764,0.024259781837463378,0.002300810255110264,0.013342651724815368
69,56524800,0.00025919999999999996,0.10943286895751952,0.0,0.0,1.0,42.05077523359688,875223.2036256172,-0.001079379953444004,0.000402295496314764,0.008799411356449127,0.002485623024404049,0.014256224036216736
70,57344000,0.0002586,0.10976167678833008,0.0,0.0,1.0,41.82911037471323,860479.6318904717,-0.0012010802514851094,0.0004184531047940254,-0.006833100318908691,0.0025283413007855414,0.014880001544952393
71,58163200,0.000258,0.10977547645568847,0.0,0.0,1.0,41.933442555805854,859928.7341508359,-0.0009669143706560135,0.0004059528466314077,-0.02242216467857361,0.0023487716913223266,0.014087647199630737
72,58982400,0.00025739999999999997,0.10996049880981446,0.0,0.0,1.0,41.90318778187782,857032.1087874051,-0.0010238658636808396,0.0004018133971840143,-0.03828266859054565,0.0021259889006614687,0.011589598655700684
73,59801600,0.00025679999999999995,0.10975738525390626,0.0,0.0,1.0,41.865493496557,864404.2025819664,-0.0010100007988512517,0.00038498253561556337,-0.05626355409622193,0.002455436997115612,0.015271486341953277
74,60620800,0.0002562,0.11068356513977051,0.0,0.0,1.0,41.746920492721166,859078.859944226,-0.0010645117610692978,0.00037355441600084305,-0.07318120598793029,0.002409660816192627,0.013934813439846039
75,61440000,0.0002556,0.11068210601806641,0.0,0.0,1.0,41.48696004456373,858282.8270024136,-0.0008940961211919785,0.0003745085326954722,-0.08666373491287231,0.0021135590970516203,0.012122800946235657
76,62259200,0.00025499999999999996,0.1104682731628418,0.0,0.0,1.0,41.49357770218815,859469.0389226933,-0.000883716531097889,0.00036599759478121995,-0.10164133310317994,0.002283674851059914,0.012775881588459015
77,63078400,0.00025439999999999995,0.11075210571289062,0.0,0.0,1.0,41.58892719529507,866967.8624060324,-0.000920175388455391,0.0003608060535043478,-0.1202366828918457,0.002192259952425957,0.012181396037340165
78,63897600,0.0002538,0.11121552467346191,0.0,0.0,1.0,41.495334212394766,862773.597874511,-0.0008754477836191654,0.00035378632601350545,-0.133978271484375,0.0024225533008575438,0.0148193359375
79,64716800,0.0002532,0.11064597129821778,0.0,0.0,1.0,41.561767540966976,858368.8577541583,-0.0009444484487175942,0.00034912757109850645,-0.14745733737945557,0.002369534038007259,0.01423974484205246
80,65536000,0.00025259999999999996,0.11106947898864745,0.0,0.0,1.0,41.34446911586597,858869.7039598149,-0.0009768785908818244,0.00034274512436240914,-0.16245824098587036,0.0023017099127173426,0.01348535269498825
81,66355200,0.00025199999999999995,0.1113589859008789,0.0,0.0,1.0,41.36208463791536,837231.6232301653,-0.0008973341435194015,0.000341303925961256,-0.17530630826950072,0.002208923175930977,0.013688112795352935
82,67174400,0.0002514,0.11111520767211915,0.0,0.0,1.0,41.43823008849557,844261.2781880995,-0.0007873863913118839,0.0003376616397872567,-0.1895487666130066,0.0021777071058750154,0.012366578727960587
83,67993600,0.00025079999999999997,0.11122037887573243,0.0,0.0,1.0,41.4500328233096,838176.3906515276,-0.0007139198016375304,0.0003281858982518315,-0.2041191816329956,0.0021192176267504693,0.011469480395317078
84,68812800,0.00025019999999999996,0.11109403610229492,0.0,0.0,1.0,41.306696226129894,848305.763410285,-0.0006796596106141805,0.00033270795829594136,-0.21662988662719726,0.0021576497703790663,0.012071412801742554
85,69632000,0.00024959999999999994,0.1114930534362793,0.0,0.0,1.0,41.27883255907897,858895.8587703924,-0.000761330733075738,0.0003220762126147747,-0.22906808853149413,0.0021917128935456274,0.011701049655675888
86,70451200,0.000249,0.11164766311645508,0.0,0.0,1.0,41.2559310935375,855353.0812890419,-0.0009711006656289101,0.00033825784921646116,-0.2426130771636963,0.0025144645944237707,0.014611083269119262
87,71270400,0.0002484,0.1115304946899414,0.0,0.0,1.0,41.23601671449428,865489.7608984342,-0.0007308898027986288,0.00032092141918838024,-0.25403761863708496,0.0018538963049650192,0.009696531295776366
88,72089600,0.0002478,0.11123567581176758,0.0,0.0,1.0,41.18812478022806,874019.3994953493,-0.0008589876815676689,0.0003159089246764779,-0.26906774044036863,0.0021713517606258394,0.010834352672100067
89,72908800,0.0002472,0.11174388885498047,0.0,0.0,1.0,41.16442616372392,865001.6359660163,-0.0007770059630274773,0.000319262407720089,-0.28367040157318113,0.002160521037876606,0.010981199890375137
90,73728000,0.0002466,0.11221541404724121,0.0,0.0,1.0,41.0376139437043,871709.8086584699,-0.0006619833875447512,0.0003100908594205976,-0.297658634185791,0.0019316842779517173,0.009379149973392486
91,74547200,0.000246,0.11169745445251465,0.0,0.0,1.0,41.12229600563437,876962.216981505,-0.0007836169563233853,0.00031234975904226303,-0.31218657493591306,0.002016003057360649,0.010655761510133744
92,75366400,0.0002454,0.11200904846191406,0.0,0.0,1.0,41.08933126594308,872787.2427796139,-0.000623551569879055,0.0003060981398448348,-0.32740638256072996,0.0022128608077764513,0.01241174414753914
93,76185600,0.0002448,0.11218687057495118,0.0,0.0,1.0,41.11448268921095,862008.5278518097,-0.0008056271821260452,0.00031164498068392277,-0.3412444829940796,0.002296432852745056,0.01246960237622261
94,77004800,0.00024419999999999997,0.1123603630065918,0.0,0.0,1.0,41.00430064509676,870884.5286737542,-0.0006546892691403627,0.0003089797683060169,-0.3558758020401001,0.002048574201762676,0.010594604909420014
95,77824000,0.00024359999999999999,0.11272056579589844,0.0,0.0,1.0,40.987392435461274,847220.3071019774,-0.0006764089222997427,0.0002975580515339971,-0.36736340522766114,0.0020780706778168677,0.011192502081394195
96,78643200,0.000243,0.11257051467895508,0.0,0.0,1.0,41.06557295053268,859279.1430821714,-0.0006061511114239693,0.0002904434222728014,-0.38421761989593506,0.0021688131615519523,0.01170373409986496
97,79462400,0.00024239999999999998,0.11200214385986328,0.0,0.0,1.0,40.918334667734186,858184.8787062933,-0.0005107732024043799,0.00029878353234380484,-0.4000414848327637,0.002003263309597969,0.010146117210388184
98,80281600,0.0002418,0.11252586364746094,0.0,0.0,1.0,40.95752876438219,835726.3311153966,-0.0007333618588745594,0.00029481423553079367,-0.4144996166229248,0.002224796824157238,0.011140013486146927
99,81100800,0.00024119999999999998,0.11255613327026368,0.0,0.0,1.0,40.98509478317411,862184.4761457455,-0.000663865590468049,0.0002862280467525125,-0.42676773071289065,0.0020310565829277038,0.010193724930286408
100,81920000,0.0002406,0.11251777648925781,0.0,0.0,1.0,40.74173964968153,857268.7380995358,-0.0007410711143165827,0.00029152934439480305,-0.44029760360717773,0.002134607546031475,0.011321654170751571
101,82739200,0.00023999999999999998,0.1129456615447998,0.0,0.0,1.0,40.753246107158844,846064.4639023277,-0.0007917387410998344,0.00029687872156500814,-0.4543282985687256,0.002135293744504452,0.011416991800069809
102,83558400,0.0002394,0.11238048553466796,0.0,0.0,1.0,40.852587454463794,853203.0411599299,-0.0004886551760137081,0.00030760900117456915,-0.46640377044677733,0.0020328747108578683,0.009780516475439071
103,84377600,0.0002388,0.11278536796569824,0.0,0.0,1.0,40.74382501735939,853853.6398941551,-0.0005705582443624735,0.00029115171637386086,-0.4754396915435791,0.0019120190292596817,0.009191528707742692
104,85196800,0.0002382,0.11276424407958985,0.0,0.0,1.0,40.711330442151436,860530.0926178641,-0.0007567484397441148,0.000284194597043097,-0.48897519111633303,0.002167831361293793,0.011906374245882034
105,86016000,0.0002376,0.11279869079589844,0.0,0.0,1.0,40.622859122859126,856996.3670476029,-0.000672546960413456,0.0002826725831255317,-0.4994678020477295,0.0020529529079794883,0.009323363751173019
106,86835200,0.000237,0.11268628120422364,0.0,0.0,1.0,40.77892376681614,848714.7840620702,-0.0004181497264653444,0.00028257796075195076,-0.5114208698272705,0.0021465346217155457,0.011635010689496994
107,87654400,0.0002364,0.11316091537475587,0.0,0.0,1.0,40.705643161757415,860740.0508041941,-0.0005442428402602673,0.0002829289063811302,-0.5236070632934571,0.0019521720707416535,0.009810300916433335
108,88473600,0.00023579999999999999,0.11287296295166016,0.0,0.0,1.0,40.66349017272186,873813.0473091213,-0.0006346645765006542,0.00027988930232822893,-0.5359260559082031,0.0020683959126472475,0.010028685629367828
109,89292800,0.0002352,0.11290447235107422,0.0,0.0,1.0,40.67275441652152,874547.6715119077,-0.000529872952029109,0.000278275809250772,-0.5487629413604737,0.0020485669374465942,0.011261475086212159
110,90112000,0.00023459999999999998,0.11298764228820801,0.0,0.0,1.0,40.71719277347628,870182.7971110857,-0.0005025565158575773,0.00027928606141358614,-0.562315559387207,0.0018963918089866638,0.008896852284669876
111,90931200,0.000234,0.11280756950378418,0.0,0.0,1.0,40.626451612903224,868147.7825322042,-0.0005093851126730442,0.0002812126651406288,-0.5759254932403565,0.0020734084770083427,0.011671265959739685
112,91750400,0.00023339999999999998,0.11293848037719727,0.0,0.0,1.0,40.66266315946201,868713.1043360527,-0.0006104329135268926,0.0002842694753780961,-0.585245943069458,0.001968052424490452,0.010486449301242828
113,92569600,0.0002328,0.11332612991333008,0.0,0.0,1.0,40.64976935667874,850031.436644952,-0.0005429521203041077,0.0002794322557747364,-0.5963706016540528,0.001990652270615101,0.009624145925045013
114,93388800,0.00023219999999999998,0.11356821060180664,0.0,0.0,1.0,40.48505656276244,851911.9944069644,-0.0004183975048363209,0.0002916115801781416,-0.6100574970245362,0.0019487813115119934,0.009632324427366256
115,94208000,0.0002316,0.11318063735961914,0.0,0.0,1.0,40.657736766383884,863376.5731243173,-0.0004031650722026825,0.00027229937259107826,-0.6243638515472412,0.002239429019391537,0.013881471753120423
116,95027200,0.00023099999999999998,0.11360448837280274,0.0,0.0,1.0,40.54716608192914,859030.2771202319,-0.0003765701316297054,0.0002858642488718033,-0.6366398334503174,0.0019469030201435089,0.009216064959764481
117,95846400,0.0002304,0.11321986198425293,0.0,0.0,1.0,40.527400654048165,861624.2489886391,-0.0005355691537261009,0.0002730213804170489,-0.6508164405822754,0.0020094189792871477,0.010695677995681763
118,96665600,0.00022979999999999997,0.1133804702758789,0.0,0.0,1.0,40.64412493802677,865298.9816059086,-0.00037828281056135894,0.00027681216597557067,-0.6628073215484619,0.0020403239876031877,0.011530155688524247
119,97484800,0.0002292,0.11352462768554687,0.0,0.0,1.0,40.45261437908497,862416.3727287397,-0.0005242065992206336,0.0002672603586688638,-0.6747952938079834,0.0019734105095267295,0.0097353495657444
120,98304000,0.00022859999999999997,0.1134759521484375,0.0,0.0,1.0,40.45549918731222,870375.9868884092,-0.0005016486626118422,0.0002656124997884035,-0.6856993675231934,0.002152208052575588,0.010831906646490096
121,99123200,0.00022799999999999999,0.11378080368041993,0.0,0.0,1.0,40.469177237056414,864993.0531282973,-0.00047402973286807536,0.00026831051800400017,-0.6928929805755615,0.0018187884241342544,0.008653561025857926
122,99942400,0.00022739999999999997,0.11342218399047851,0.0,0.0,1.0,40.60582456836674,863463.8463712197,-0.0004331535659730434,0.00026523591950535776,-0.7007719039916992,0.002029082737863064,0.010851316899061204
123,100761600,0.00022679999999999998,0.11364654541015624,0.0,0.0,1.0,40.42746280460679,862768.3733076801,-0.00036363741382956506,0.000272762612439692,-0.7102583885192871,0.001849924959242344,0.00896020382642746
124,101580800,0.00022619999999999997,0.11368145942687988,0.0,0.0,1.0,40.61880257298367,843014.4623352466,-0.00042498596012592317,0.00026771705597639084,-0.7204243659973144,0.001879171095788479,0.009093383699655533
125,102400000,0.00022559999999999998,0.11342135429382325,0.0,0.0,1.0,40.48760453263397,867643.4712455431,-9.389377664774657e-05,0.0004992943257093429,-0.7303613185882568,0.002309589460492134,0.01629651039838791
126,103219200,0.000225,0.11393362998962403,0.0,0.0,1.0,40.44854464726196,851992.3586370923,-0.00028332043439149857,0.0003048152197152376,-0.7402813911437989,0.00182242039591074,0.007769775390625
127,104038400,0.00022439999999999998,0.11394170761108398,0.0,0.0,1.0,40.45914127423823,858675.9983398335,-0.00033890451304614545,0.00027280431240797045,-0.7487458705902099,0.0017514849081635476,0.0076933570206165315
128,104857600,0.0002238,0.11386035919189454,0.0,0.0,1.0,40.40482415034775,829705.6960654246,-0.0001672673155553639,0.00027664529625326395,-0.7548654556274415,0.002329249493777752,0.016395023465156554
129,105676800,0.00022319999999999998,0.11396804809570313,0.0,0.0,1.0,40.37000245881485,837364.1047762822,-0.00039096912369132044,0.00026380256749689577,-0.7663443565368653,0.0019188418984413147,0.008274656534194947
130,106496000,0.0002226,0.11374677658081055,0.0,0.0,1.0,40.33105415908308,851625.4181369535,-0.0004824892617762089,0.00026277222204953434,-0.7818980693817139,0.0017862346023321152,0.007874875515699386
131,107315200,0.00022199999999999998,0.11369654655456543,0.0,0.0,1.0,40.64052255116233,865978.951564336,-0.0003026404185220599,0.0002638999605551362,-0.7950413703918457,0.0020514367148280143,0.010809814184904098
132,108134400,0.0002214,0.11421327590942383,0.0,0.0,1.0,40.3494623655914,851869.3735853645,-0.00013413365231826902,0.0002625444671139121,-0.8050527572631836,0.0025829723104834556,0.018906861543655396
133,108953600,0.00022079999999999997,0.11389747619628907,0.0,0.0,1.0,40.38124017295598,870057.3297554128,-1.5752523904666304e-05,0.00026417928747832773,-0.8144890785217285,0.0021762633696198463,0.013922607898712159
134,109772800,0.00022019999999999999,0.11377646446228028,0.0,0.0,1.0,40.487408288717035,860848.9790321762,-0.0004992296453565359,0.0002654501935467124,-0.828463077545166,0.001966044306755066,0.008888428658246994
135,110592000,0.00021959999999999997,0.11427711486816407,0.0,0.0,1.0,40.38160488958991,874754.2984287558,-0.00038770497776567935,0.000261897686868906,-0.8400006294250488,0.0018211092799901962,0.007862305641174317
136,111411200,0.00021899999999999998,0.11404090881347656,0.0,0.0,1.0,40.30958823240026,858148.3653328712,-0.00036704668309539557,0.000260073971003294,-0.8522320747375488,0.0019350823014974595,0.009511474519968033
137,112230400,0.00021839999999999997,0.1144147777557373,0.0,0.0,1.0,40.34510362439839,860544.7204765172,-0.0003739276202395558,0.00025862848851829765,-0.8636539459228516,0.0017326164990663529,0.0076729729771614075
138,113049600,0.00021779999999999998,0.11406183242797852,0.0,0.0,1.0,40.1869131311145,862786.9465651746,-0.0004642315674573183,0.00025720479898154734,-0.87691650390625,0.0017870251089334489,0.00765075758099556
139,113868800,0.00021719999999999997,0.11411764144897461,0.0,0.0,1.0,40.388475011100695,858364.0459505763,-0.00038430492859333756,0.0002636799588799477,-0.8884798049926758,0.0018183013424277305,0.008219606429338455
140,114688000,0.00021659999999999998,0.11435712814331055,0.0,0.0,1.0,40.29209233791749,854594.2674607383,8.05830757599324e-05,0.00025697487872093915,-0.8991291999816895,0.002366108447313309,0.017070314288139342
141,115507200,0.00021599999999999996,0.11448806762695313,0.0,0.0,1.0,40.255003196144955,839947.1704893694,-0.00014539414551109075,0.0002562409033998847,-0.9133121490478515,0.0024203279986977576,0.016410398483276366
142,116326400,0.00021539999999999998,0.11440597534179688,0.0,0.0,1.0,40.17986564017065,841882.9310294501,-0.00042353798635303975,0.00025776764377951624,-0.9261141777038574,0.0018458066508173943,0.008059568703174591
143,117145600,0.00021479999999999996,0.11389012336730957,0.0,0.0,1.0,40.26040031397174,858354.0076775431,-0.0002945743501186371,0.00026392927393317225,-0.9393049240112304,0.0020533375442028045,0.01081884726881981
144,117964800,0.00021419999999999998,0.11410009384155273,0.0,0.0,1.0,40.16000982559568,846628.0837763924,-0.00010525427060201765,0.000258423900231719,-0.9519991874694824,0.0021187150850892067,0.011604124307632446
145,118784000,0.00021359999999999996,0.11418535232543946,0.0,0.0,1.0,40.16491056113698,856580.1996589716,-0.0001509855967015028,0.00025959943886846306,-0.961114501953125,0.0020782016217708588,0.011821653693914413
146,119603200,0.00021299999999999997,0.11444777488708496,0.0,0.0,1.0,40.21702649656526,856049.0077879542,-0.00025352644734084607,0.0002625282621011138,-0.9710700035095214,0.0019998814910650252,0.011583739519119262
147,120422400,0.00021239999999999996,0.11423835754394532,0.0,0.0,1.0,40.253605000246075,834110.004055542,9.821906132856384e-06,0.0002927140099927783,-0.9781786918640136,0.0022088848054409027,0.014464113116264343
148,121241600,0.00021179999999999997,0.11439886093139648,0.0,0.0,1.0,40.322198752271944,856983.2265736408,-0.0002988226944580674,0.00025750617496669295,-0.9841031074523926,0.0018170852214097976,0.00878613144159317
149,122060800,0.00021119999999999996,0.11420804023742676,0.0,0.0,1.0,40.31254921259843,864773.8098150389,-0.00025582134258002044,0.00025622344110161067,-0.9911559104919434,0.0018505141139030456,0.008228636533021926
150,122880000,0.00021059999999999997,0.11419391632080078,0.0,0.0,1.0,40.40658907082265,868069.6521545993,0.00010892057325690984,0.0002599551808089018,-1.0019078254699707,0.002601605094969273,0.020415280759334565
151,123699200,0.00020999999999999998,0.11443818092346192,0.0,0.0,1.0,40.168323164731355,860478.9902548227,-0.0002132895402610302,0.0002655829070135951,-1.0090811729431153,0.001776175945997238,0.007819215208292008
152,124518400,0.00020939999999999997,0.11461417198181152,0.0,0.0,1.0,40.26046306720838,843967.86495349,-8.038426167331636e-05,0.00026046109851449726,-1.0177497863769531,0.002433176711201668,0.017677247524261475
153,125337600,0.00020879999999999998,0.11404699325561524,0.0,0.0,1.0,40.18672117421071,867300.7473770281,0.0007807756774127483,0.0005843336693942547,-1.0286962509155273,0.0034802518784999847,0.033985236287117006
154,126156800,0.00020819999999999996,0.11431446075439453,0.0,0.0,1.0,40.29372758976374,849498.6874481568,-0.00015300374943763017,0.00026260651648044584,-1.041137981414795,0.002287796698510647,0.013936035335063934
155,126976000,0.00020759999999999998,0.11442450523376464,0.0,0.0,1.0,40.225572031817734,861875.0321084064,-0.0002164445584639907,0.0002566579263657331,-1.049950408935547,0.0017784258350729942,0.007632934302091598
156,127795200,0.00020699999999999996,0.11406072616577148,0.0,0.0,1.0,40.30391434605373,866992.9976360169,-0.000149123789742589,0.00025819477159529927,-1.0577638626098633,0.0020120123401284216,0.011377684026956558
157,128614400,0.00020639999999999998,0.11435365676879883,0.0,0.0,1.0,40.27539005004416,861164.8272329331,-0.0002288784133270383,0.0002564373891800642,-1.0658690452575683,0.0017818372696638107,0.007966797798871994
158,129433600,0.00020579999999999996,0.1143422508239746,0.0,0.0,1.0,40.3003601559031,861739.3592689303,-0.000217467756010592,0.0002558537060394883,-1.0717023849487304,0.002025524713099003,0.011387940496206284
159,130252800,0.00020519999999999997,0.1145768928527832,0.0,0.0,1.0,40.20666143431767,857627.0844208712,-0.00021155481226742268,0.00025618060026317836,-1.082318115234375,0.0021464746445417405,0.01183483973145485
160,131072000,0.00020459999999999996,0.11425092697143555,0.0,0.0,1.0,40.271536226173474,858586.2011189834,-4.014758742414415e-05,0.0002565862378105521,-1.095322608947754,0.002025231905281544,0.01100219413638115
161,131891200,0.00020399999999999997,0.11455398559570312,0.0,0.0,1.0,40.24756163309317,865452.3401566084,-2.9271052335388957e-05,0.0002578346524387598,-1.107069206237793,0.0022499214857816694,0.013175901770591737
162,132710400,0.00020339999999999996,0.1146238899230957,0.0,0.0,1.0,40.09988749205107,871919.372908797,-0.00027458281256258487,0.0002572088036686182,-1.113939380645752,0.001713070273399353,0.0076030254364013675
163,133529600,0.00020279999999999997,0.11464608192443848,0.0,0.0,1.0,40.301329394387004,867140.9055613753,-0.0001638168003410101,0.0002554679987952113,-1.1222524642944336,0.001844984106719494,0.008329466730356217
164,134348800,0.00020219999999999995,0.11474563598632813,0.0,0.0,1.0,40.22857703438466,866131.0282596732,-0.00022826381027698516,0.00025512904394418,-1.1318668365478515,0.001984981819987297,0.009639282524585725
165,135168000,0.00020159999999999997,0.11453742980957031,0.0,0.0,1.0,40.15645557191949,874980.1125316425,-0.0001710267039015889,0.0002520168898627162,-1.140235137939453,0.0020435651764273643,0.0111785888671875
166,135987200,0.00020099999999999995,0.11472138404846191,0.0,0.0,1.0,40.18057260717969,870902.896631733,7.570385350845754e-05,0.00030378689989447595,-1.1501620292663575,0.0022953342646360396,0.014768801629543304
167,136806400,0.00020039999999999997,0.1147694206237793,0.0,0.0,1.0,40.25090891225312,847490.6804803244,-0.00011624308535829186,0.0002521703019738197,-1.158831787109375,0.0018431315198540687,0.009065184742212296
168,137625600,0.00019979999999999995,0.11471830368041992,0.0,0.0,1.0,40.173298096216904,865204.0225248685,1.709588832454756e-06,0.00025071608833968637,-1.165655517578125,0.0020950859412550925,0.013039062917232513
169,138444800,0.00019919999999999996,0.1149455451965332,0.0,0.0,1.0,40.06747625110175,856823.3839125142,0.00021783201955258847,0.0002481562551110983,-1.1738140106201171,0.0025837009772658346,0.019362545013427733
170,139264000,0.00019859999999999995,0.11500436782836915,0.0,0.0,1.0,40.25274671375319,856161.9872815532,-9.259670041501522e-05,0.0002451022155582905,-1.183064842224121,0.0018161216750741005,0.008613524585962295
171,140083200,0.00019799999999999996,0.11464300155639648,0.0,0.0,1.0,40.108791531902384,856249.1980799518,-1.0885857045650483e-05,0.0002498328918591142,-1.191567611694336,0.0021044595167040827,0.012395752221345901
172,140902400,0.00019739999999999995,0.11501808166503906,0.0,0.0,1.0,40.065812634461174,867124.6556091297,-0.00027965696062892675,0.0002500624628737569,-1.2011038780212402,0.002169519104063511,0.011704222112894059
173,141721600,0.00019679999999999999,0.11485109329223633,0.0,0.0,1.0,39.99340433847958,866419.0973045494,-3.831583308055997e-05,0.00024970299564301967,-1.2115297317504883,0.0021868495270609854,0.013979494571685791
174,142540800,0.0001962,0.1148899269104004,0.0,0.0,1.0,40.04640937957987,864921.957587224,-0.0001624193857423961,0.00024554545525461434,-1.219846534729004,0.0019829336553812025,0.010730467736721039
175,143360000,0.00019559999999999998,0.11493803024291992,0.0,0.0,1.0,39.98030110470232,858304.3612873901,8.580704452469945e-05,0.0002485144417732954,-1.230834674835205,0.002421548031270504,0.016551144421100616
176,144179200,0.000195,0.1148001480102539,0.0,0.0,1.0,40.151862745098036,869323.406389104,-0.0002315022749826312,0.00024716597981750966,-1.2409307479858398,0.0017561648041009904,0.007922973483800888
177,144998400,0.00019439999999999998,0.11469208717346191,0.0,0.0,1.0,40.1965221650747,878509.0895026886,-3.0203812639229e-05,0.00024982565082609653,-1.2521045684814454,0.0022546421736478806,0.013097898662090301
178,145817600,0.0001938,0.11506507873535156,0.0,0.0,1.0,40.01696075076983,873377.246605678,-0.000116460002027452,0.0002492679050192237,-1.261336612701416,0.0020623885095119475,0.011798949539661407
179,146636800,0.00019319999999999998,0.11498457908630372,0.0,0.0,1.0,40.152741706277254,866683.1509491985,7.571041933260859e-05,0.00027260924689471723,-1.269693660736084,0.0020082321017980574,0.013179197907447815
180,147456000,0.0001926,0.11483852386474609,0.0,0.0,1.0,39.90221788934926,866466.0626406424,0.00042725270614027975,0.00039025724399834873,-1.2794837951660156,0.0027471121400594713,0.022145508229732512
181,148275200,0.00019199999999999998,0.11492330551147462,0.0,0.0,1.0,40.02511627906977,872596.7454478089,2.434082853142172e-06,0.0002446065889671445,-1.288698673248291,0.0021830473095178606,0.013294066488742828
182,149094400,0.0001914,0.11542041778564453,0.0,0.0,1.0,40.002138621561194,867483.6046835053,-0.00011340343626216054,0.00024361710529774427,-1.2991366386413574,0.0021448280662298203,0.012312499433755874
183,149913600,0.00019079999999999998,0.11487478256225586,0.0,0.0,1.0,40.07838712842147,865804.9174908267,-8.277219021692872e-05,0.00024384988937526942,-1.3074283599853516,0.002023657225072384,0.011152587831020355
184,150732800,0.0001902,0.1151732063293457,0.0,0.0,1.0,39.96306776601454,872794.483833475,-0.00011711732950061559,0.0002436617622151971,-1.3168016433715821,0.001632320322096348,0.006921140849590302
185,151552000,0.00018959999999999997,0.11463918685913085,0.0,0.0,1.0,40.07944131340358,870870.7286404743,-0.00011347037507221102,0.0002468044636771083,-1.324488639831543,0.0020246641710400582,0.011645263433456421
186,152371200,0.00018899999999999999,0.11532941818237305,0.0,0.0,1.0,40.19194440366074,866440.9210413974,-0.00022950400598347186,0.00024615288712084296,-1.333711814880371,0.0020582273602485655,0.011243408173322677
187,153190400,0.00018839999999999997,0.11515092849731445,0.0,0.0,1.0,40.097478580171355,873738.2924691774,-0.0001291461056098342,0.0002454272471368313,-1.339682388305664,0.0018367869779467583,0.008469969779253007
188,154009600,0.00018779999999999998,0.11513792037963867,0.0,0.0,1.0,40.06458251666013,871603.6641843418,-3.7421786691993476e-05,0.0002485428238287568,-1.3464238166809082,0.002015095762908459,0.011371457576751709
189,154828800,0.0001872,0.11505949974060059,0.0,0.0,1.0,40.10154913746762,866953.7173233448,-3.754729405045509e-05,0.0002481009112671018,-1.3551464080810547,0.002087107487022877,0.012762451171875
190,155648000,0.00018659999999999998,0.1150740146636963,0.0,0.0,1.0,40.00706731003558,865772.0608653901,-0.0001745213055983186,0.00024645582307130097,-1.3636814117431642,0.0019324630498886108,0.0091552734375
191,156467200,0.000186,0.11502991676330566,0.0,0.0,1.0,40.00787517119937,872497.9516082237,6.963998021092266e-06,0.0002482475712895393,-1.3710887908935547,0.0020604208111763,0.011661498248577118
192,157286400,0.00018539999999999998,0.11508939743041992,0.0,0.0,1.0,40.03691931540342,869872.8603112566,-8.911298355087637e-05,0.0002413625828921795,-1.3806423187255858,0.0019136585295200347,0.00912194773554802
193,158105600,0.0001848,0.11508747100830079,0.0,0.0,1.0,39.99775335775336,869295.596341099,-0.00011501666158437729,0.00024353452026844026,-1.3901738166809081,0.001912064477801323,0.00933886393904686
194,158924800,0.00018419999999999998,0.11529217720031738,0.0,0.0,1.0,40.091628406759796,878377.5198268067,-0.0001297960989177227,0.0002447620267048478,-1.400097942352295,0.0022497089579701425,0.013871580362319946
195,159744000,0.0001836,0.11508332252502441,0.0,0.0,1.0,40.0035689840618,874055.9236666734,1.6205012798309326e-07,0.0002452319487929344,-1.409554672241211,0.002083429507911205,0.013384886085987091
196,160563200,0.00018299999999999998,0.11493440628051758,0.0,0.0,1.0,39.98205140711116,869693.0496752765,4.4552868348546323e-05,0.00024303621612489223,-1.4182228088378905,0.002404343709349632,0.017073485255241393
197,161382400,0.0001824,0.11515745162963867,0.0,0.0,1.0,39.94130275676994,865416.9912522731,-7.537416531704366e-05,0.0002442162483930588,-1.4282626152038573,0.0022171106189489364,0.01325329691171646
198,162201600,0.00018179999999999997,0.11483695983886719,0.0,0.0,1.0,39.998338870431894,853566.9697071986,-8.581982692703604e-05,0.00024301211815327405,-1.43831148147583,0.0017841234803199768,0.008092161267995834
199,163020800,0.00018119999999999999,0.11494583129882813,0.0,0.0,1.0,39.991763731175986,872034.9178904468,6.581924390047789e-05,0.0002407159423455596,-1.4470541954040528,0.0022865770384669303,0.014580199122428894
200,163840000,0.00018059999999999997,0.11507022857666016,0.0,0.0,1.0,40.08756009025802,853192.6355901608,-0.00012696707854047417,0.00024181813932955265,-1.456889533996582,0.001901998184621334,0.009441039711236953
201,164659200,0.00017999999999999998,0.11492586135864258,0.0,0.0,1.0,40.02340093603744,864913.312545897,2.571381628513336e-06,0.00024539208970963955,-1.4649975776672364,0.0019592298194766045,0.009919434785842896
202,165478400,0.00017939999999999997,0.11497258186340333,0.0,0.0,1.0,39.87893839785732,873260.9377515715,-5.137890111654997e-05,0.00024325209669768811,-1.4691725730895997,0.0019459480419754982,0.010361449420452118
203,166297600,0.00017879999999999998,0.11534750938415528,0.0,0.0,1.0,39.94150363467825,861868.8732262279,0.0001192211639136076,0.0002457843162119389,-1.475361156463623,0.0023293210193514823,0.01524035781621933
204,167116800,0.00017819999999999997,0.1149368667602539,0.0,0.0,1.0,40.04778640113243,864453.7301125738,2.1779001690447332e-05,0.00024632709100842477,-1.4852472305297852,0.0022070202976465225,0.014807614684104919
205,167936000,0.0001776,0.11520843505859375,0.0,0.0,1.0,39.881135566809505,870723.4290059604,0.000554306898266077,0.0006198639050126076,-1.4947349548339843,0.0029701901599764823,0.026682859659194945
206,168755200,0.00017700000000000002,0.11563329696655274,0.0,0.0,1.0,39.83745686093423,854762.190404933,-8.752010762691498e-05,0.0002779308008030057,-1.504460048675537,0.0018740810453891754,0.008546873182058334
207,169574400,0.0001764,0.11495578765869141,0.0,0.0,1.0,40.01877842437283,849342.1278904405,5.753239965997636e-05,0.0002721078461036086,-1.5156055450439454,0.002093787491321564,0.01242688000202179
208,170393600,0.00017580000000000002,0.11523843765258789,0.0,0.0,1.0,40.03148411105126,864670.9284141129,-0.000184443942271173,0.0002418785821646452,-1.5278401374816895,0.0020243940874934197,0.009947142750024795
209,171212800,0.0001752,0.11511837005615234,0.0,0.0,1.0,40.001656355044574,852749.7878504257,1.3262056745588779e-05,0.0002382175764068961,-1.5372610092163086,0.0019269503653049469,0.009571658074855804
210,172032000,0.00017460000000000002,0.11535891532897949,0.0,0.0,1.0,39.737256044276144,863745.2834445153,8.727399981580674e-05,0.00023893625475466252,-1.5437851905822755,0.0022956650704145432,0.01514856070280075
211,172851200,0.000174,0.11536008834838868,0.0,0.0,1.0,39.93783295049118,864025.2388541006,-2.7047115145251156e-05,0.00024746963754296303,-1.5528215408325194,0.0022415149956941604,0.013132445514202118
212,173670400,0.0001734,0.1150001335144043,0.0,0.0,1.0,40.12897871509471,866353.5505599107,-0.00013089244021102786,0.00023571373894810678,-1.5612213134765625,0.0021798452362418175,0.01275000125169754
213,174489600,0.0001728,0.11496440887451172,0.0,0.0,1.0,39.87640943037048,869288.0459667522,1.0402945918031037e-05,0.00023630918003618716,-1.5702059745788575,0.002192072942852974,0.013271482288837433
214,175308800,0.0001722,0.11539051055908203,0.0,0.0,1.0,40.02940746159473,869811.4268702866,0.00024667996913194654,0.00023767335806041957,-1.5788681983947754,0.0027699314057826998,0.023341548442840577
215,176128000,0.0001716,0.11553167343139649,0.0,0.0,1.0,39.958321117951726,869346.8656812626,5.342605290934443e-05,0.00023567466996610165,-1.5880023956298828,0.0025911225005984307,0.018352785706520082
216,176947200,0.000171,0.11496335983276368,0.0,0.0,1.0,40.13859254184203,868415.3652032166,-0.0001759232021868229,0.0002327555324882269,-1.5982382774353028,0.0019434770569205285,0.010367310047149659
217,177766400,0.0001704,0.11517047882080078,0.0,0.0,1.0,39.9742464149839,876797.4701642176,-0.00011874232441186905,0.0002381151542067528,-1.6072757720947266,0.001943109929561615,0.010370481014251708
218,178585600,0.0001698,0.11567402839660644,0.0,0.0,1.0,39.66629518364183,858016.5763253015,-3.509283997118473e-05,0.00023848728742450475,-1.6150804519653321,0.001966932974755764,0.00991772934794426
219,179404800,0.0001692,0.11535512924194335,0.0,0.0,1.0,39.94521349190875,869825.8715805399,0.00021103706676512958,0.0002423928352072835,-1.6259174346923828,0.0025617323815822603,0.02055443972349167
220,180224000,0.0001686,0.11555763244628907,0.0,0.0,1.0,40.06316046966732,851501.0156980727,-0.00019339650170877576,0.00023325239308178425,-1.6321752548217774,0.0018611013889312743,0.009147460013628006
221,181043200,0.000168,0.11556012153625489,0.0,0.0,1.0,39.98064547581903,863310.5941042494,-6.451695808209478e-05,0.00023544880095869303,-1.6370426177978517,0.0021503807976841925,0.013402588665485382
222,181862400,0.0001674,0.11508693695068359,0.0,0.0,1.0,39.95569682151589,862392.4780907762,-8.019608212634921e-05,0.0002350400434806943,-1.6447223663330077,0.002102457731962204,0.011476072669029235
223,182681600,0.0001668,0.11539419174194336,0.0,0.0,1.0,39.8802313712147,869529.3824162539,-9.127844823524356e-05,0.00023427014239132404,-1.655435562133789,0.001929616741836071,0.010624632239341736
224,183500800,0.0001662,0.11529624938964844,0.0,0.0,1.0,39.941439906537504,867864.617922553,0.00013171579921618105,0.0003027944127097726,-1.6661558151245117,0.002420282177627087,0.016608887910842897
225,184320000,0.0001656,0.11532526016235352,0.0,0.0,1.0,40.04140796871181,875990.087853527,-7.736933184787631e-06,0.0002509651938453317,-1.6732717514038087,0.002215571701526642,0.014493532478809357
226,185139200,0.000165,0.11506064414978028,0.0,0.0,1.0,39.92409450356341,865152.2905831295,6.796166999265552e-05,0.00023723500780761241,-1.6809940338134766,0.002285456284880638,0.014058838784694671
227,185958400,0.0001644,0.11518310546875,0.0,0.0,1.0,40.03338865566729,868507.342652854,-6.949464441277086e-05,0.00023816146422177552,-1.6922500610351563,0.0019608575850725172,0.00971960574388504
228,186777600,0.0001638,0.1154099464416504,0.0,0.0,1.0,39.94175184623661,876039.361228174,-8.579111890867352e-05,0.0002355753444135189,-1.7004539489746093,0.002318047359585762,0.013990722596645355
229,187596800,0.0001632,0.11554023742675781,0.0,0.0,1.0,39.91554777194007,873496.9748201083,0.0003369784215465188,0.00023326817899942397,-1.7075838088989257,0.0029249629005789757,0.02398889362812042
230,188416000,0.0001626,0.11565997123718262,0.0,0.0,1.0,39.85379605327112,870262.081114525,-1.833267160691321e-05,0.0002350378083065152,-1.7152463912963867,0.0018664654344320297,0.008800902962684631
231,189235200,0.000162,0.11529226303100586,0.0,0.0,1.0,39.81957960295835,851418.130390927,3.4353334922343495e-05,0.0002356772543862462,-1.720773696899414,0.002163698896765709,0.013967406749725342
232,190054400,0.0001614,0.11559806823730469,0.0,0.0,1.0,39.822890803758334,877352.0211109171,-7.88122066296637e-05,0.00023484304547309874,-1.7294475555419921,0.002217121422290802,0.01252404898405075
233,190873600,0.0001608,0.11539684295654297,0.0,0.0,1.0,40.04235099176373,859954.9841896001,5.285819061100483e-05,0.00023452856112271547,-1.7395170211791993,0.002113000303506851,0.012099241465330124
234,191692800,0.0001602,0.11527105331420899,0.0,0.0,1.0,39.848399338328306,858810.6101181518,-6.253479514271021e-05,0.00023419903591275214,-1.7488052368164062,0.002100255712866783,0.013407713174819947
235,192512000,0.0001596,0.11544736862182617,0.0,0.0,1.0,39.982695588593714,858866.9738439872,0.00019080559723079206,0.00023384173400700092,-1.7576301574707032,0.002190214954316616,0.014008790254592896
236,193331200,0.000159,0.11538597106933594,0.0,0.0,1.0,39.935226828314434,868910.5572849324,0.00017511676996946336,0.0002335294149816036,-1.7649322509765626,0.002391952835023403,0.016395504772663116
237,194150400,0.0001584,0.11549190521240234,0.0,0.0,1.0,39.86597185019237,873081.4945220398,0.00012626480311155318,0.00023275851272046565,-1.7698551177978517,0.0023189982399344443,0.015696410834789277
238,194969600,0.0001578,0.1153629493713379,0.0,0.0,1.0,39.866760645537624,869014.8935497825,6.814181106165051e-05,0.00023504267446696758,-1.777357292175293,0.0020466681569814684,0.012702152132987976
239,195788800,0.0001572,0.11582271575927734,0.0,0.0,1.0,39.81460320534547,877765.3859605463,0.00034823648165911437,0.00023581620771437884,-1.7852069854736328,0.0024152571335434915,0.01865893751382828
240,196608000,0.00015659999999999998,0.11549243927001954,0.0,0.0,1.0,39.91880154198995,874813.2629488695,1.4578951231669635e-05,0.0002330809598788619,-1.7914213180541991,0.0023104336112737657,0.014707641303539276
241,197427200,0.000156,0.11548904418945312,0.0,0.0,1.0,39.943855880486254,870401.9695401054,-0.00011208639480173588,0.00023133333306759595,-1.7960166931152344,0.001947924681007862,0.0106961689889431
242,198246400,0.00015539999999999998,0.11560966491699219,0.0,0.0,1.0,39.95933177479057,860374.6482822871,-4.243328294251114e-05,0.0002529287710785866,-1.8027027130126954,0.002095448225736618,0.011881957948207855
243,199065600,0.0001548,0.1153502368927002,0.0,0.0,1.0,39.94368392848443,857880.5138026329,-6.073762197047472e-05,0.0002449479652568698,-1.8077911376953124,0.0018722705543041229,0.008927245438098908
244,199884800,0.00015419999999999998,0.11537155151367187,0.0,0.0,1.0,40.077832850763116,863833.6634698949,-7.672890205867589e-05,0.0002355562523007393,-1.8129241943359375,0.002085009403526783,0.012641967833042144
245,200704000,0.0001536,0.11538576126098633,0.0,0.0,1.0,39.84459787999611,861752.5398387208,0.0003215835429728031,0.00031648012809455396,-1.819482421875,0.002387830801308155,0.01676294207572937
246,201523200,0.00015299999999999998,0.11524374961853028,0.0,0.0,1.0,39.92142613276106,863798.4640566283,0.0001336993998847902,0.00023234644904732705,-1.8254219055175782,0.0021914450451731684,0.014250852167606354
247,202342400,0.0001524,0.11562527656555176,0.0,0.0,1.0,39.70826878388846,873121.9576174339,-1.4295842265710235e-05,0.00023882277309894562,-1.8320053100585938,0.0022591987624764444,0.014770995080471038
248,203161600,0.00015179999999999998,0.11539628028869629,0.0,0.0,1.0,39.910929201383816,849790.0893789107,0.00020762099884450436,0.0002340292325243354,-1.8407819747924805,0.0022878639400005342,0.015379521250724792
249,203980800,0.0001512,0.11552469253540039,0.0,0.0,1.0,39.87696347809172,861401.4389948134,5.8512407122179866e-05,0.00023611742071807384,-1.8483022689819335,0.0022340092808008196,0.013353028893470764
250,204800000,0.00015059999999999997,0.11545809745788574,0.0,0.0,1.0,39.88094078691079,839471.9549348811,0.00012864493764936925,0.00023732171393930912,-1.8559993743896483,0.0023995047435164452,0.017215944826602936
251,205619200,0.00015,0.1151658821105957,0.0,0.0,1.0,39.82920539146514,870143.0357134913,0.00016562995733693242,0.00023702317848801614,-1.863656997680664,0.0022143471986055376,0.015067626535892487
252,206438400,0.0001494,0.11578191757202148,0.0,0.0,1.0,40.00141677658899,854048.1246021598,5.085640586912632e-05,0.000233313231728971,-1.8701995849609374,0.0021713713183999063,0.01442529410123825
253,207257600,0.00014879999999999998,0.11543554306030274,0.0,0.0,1.0,40.02022614289892,849848.9939773276,0.00018443927401676775,0.00023721957113593818,-1.8757226943969727,0.002483251690864563,0.019498410820960998
254,208076800,0.0001482,0.11532520294189454,0.0,0.0,1.0,39.92080995364723,841340.7362610274,3.6571218515746295e-05,0.00023079284001141785,-1.882063865661621,0.002189217135310173,0.014280395209789276
255,208896000,0.00014759999999999998,0.11521430015563965,0.0,0.0,1.0,39.84100866517379,841363.401688334,7.8212795779109e-05,0.00023337809834629298,-1.891611099243164,0.0020286519080400466,0.01299474984407425
256,209715200,0.000147,0.11580751419067382,0.0,0.0,1.0,39.82934772042383,851227.0172649673,0.00016487101092934608,0.00023461098317056894,-1.9006193161010743,0.002685115486383438,0.020131345093250274
257,210534400,0.00014639999999999998,0.11580373764038086,0.0,0.0,1.0,39.85990572914136,850649.3115502874,0.0003672563470900059,0.00023842866066843272,-1.9084175109863282,0.002450714446604252,0.018529176712036133
258,211353600,0.0001458,0.11549585342407226,0.0,0.0,1.0,39.95897961174519,860728.8537382963,-5.088100442662835e-06,0.00023050212766975164,-1.915319061279297,0.002255650609731674,0.014890624582767487
259,212172800,0.00014519999999999998,0.11572591781616211,0.0,0.0,1.0,39.87503041510536,849157.8799127197,0.00014026998542249203,0.00023177172988653183,-1.921077346801758,0.002442798390984535,0.018137574195861816
260,212992000,0.0001446,0.11531325340270997,0.0,0.0,1.0,39.841327873647266,862661.3833571479,0.00023568435572087764,0.0002311249729245901,-1.9270076751708984,0.0024035368114709854,0.017624391615390776
261,213811200,0.00014399999999999998,0.11522724151611329,0.0,0.0,1.0,39.85696239432514,851786.8531028124,0.00020307330414652823,0.0003534809919074178,-1.9341772079467774,0.0025539899244904516,0.018348753452301025
262,214630400,0.0001434,0.11549931526184082,0.0,0.0,1.0,39.86941480290406,868011.1837329422,-8.407417917624115e-05,0.00023909215815365314,-1.9404878616333008,0.001969500631093979,0.011829592287540436
263,215449600,0.00014279999999999997,0.11577199935913086,0.0,0.0,1.0,39.76983781166788,847912.4401246373,2.7238467009738087e-05,0.00023581511341035365,-1.9436594009399415,0.002361287176609039,0.01733764261007309
264,216268800,0.0001422,0.1153781509399414,0.0,0.0,1.0,39.88132200742042,861352.3641257889,-3.267503343522549e-05,0.00023173757363110782,-1.9463846206665039,0.001905946619808674,0.01077001765370369
265,217088000,0.00014159999999999997,0.11550631523132324,0.0,0.0,1.0,39.86617697134796,857642.8825112125,0.00010497368639335036,0.00023298475425690413,-1.9487869262695312,0.002145984210073948,0.012714599072933198
266,217907200,0.00014099999999999998,0.11579790115356445,0.0,0.0,1.0,39.749429196016514,860001.4224394334,-2.4988374207168818e-05,0.00023092152550816536,-1.9530096054077148,0.0019985949620604515,0.011681275069713592
267,218726400,0.00014039999999999997,0.11559543609619141,0.0,0.0,1.0,39.84738604922091,865616.0087473056,3.829950583167374e-05,0.00023223850876092912,-1.9580839157104493,0.002220471389591694,0.014369995892047882
268,219545600,0.00013979999999999998,0.11568256378173829,0.0,0.0,1.0,39.81700617434003,863072.4970113254,0.0002901926403865218,0.00022629732266068458,-1.9645971298217773,0.0028239408507943153,0.023758789896965025
269,220364800,0.00013919999999999997,0.11565879821777343,0.0,0.0,1.0,39.9010277141883,853155.8610291113,0.00033318602945655587,0.00023753144778311254,-1.9711505889892578,0.0023829467594623567,0.018123655021190642
270,221184000,0.00013859999999999998,0.11568384170532227,0.0,0.0,1.0,39.9142717973697,873305.1219205585,9.4152259407565e-05,0.00023406948894262315,-1.9769428253173829,0.002305535227060318,0.01478906124830246
271,222003200,0.00013799999999999997,0.11570832252502442,0.0,0.0,1.0,39.861852662290296,856912.797312245,-8.346233516931534e-05,0.00023485717829316855,-1.984150505065918,0.0021903743967413903,0.013118165731430053
272,222822400,0.00013739999999999998,0.11562552452087402,0.0,0.0,1.0,39.885710101059416,865169.062370062,0.00016049876576289533,0.0002355625620111823,-1.9906999588012695,0.0022623810917139055,0.01463916003704071
273,223641600,0.00013679999999999996,0.1158087158203125,0.0,0.0,1.0,39.72552913256163,848725.8261210669,5.91775169596076e-05,0.00023304347414523363,-1.998265838623047,0.0021344196051359178,0.013394041359424591
274,224460800,0.00013619999999999998,0.11551358222961426,0.0,0.0,1.0,39.82393852439084,845436.1085111267,7.851151167415082e-05,0.0002353822812438011,-2.006085205078125,0.0025597987696528435,0.0185885027050972
275,225280000,0.00013559999999999996,0.11539352416992188,0.0,0.0,1.0,39.91460980478068,853118.2961366386,0.00021510401275008916,0.0002378420438617468,-2.013551139831543,0.0023025399073958396,0.015092653036117554
276,226099200,0.00013499999999999997,0.11537149429321289,0.0,0.0,1.0,39.96314891542774,853830.0327662376,5.577067495323718e-05,0.00023629392962902783,-2.0205183029174805,0.0021979590877890588,0.013645018637180328
277,226918400,0.0001344,0.11543132781982422,0.0,0.0,1.0,39.88436300004861,848401.8694142657,0.00021288718562573195,0.00023408355191349982,-2.026948165893555,0.002333046682178974,0.016386468708515168
278,227737600,0.00013379999999999997,0.11575897216796875,0.0,0.0,1.0,39.79551207165109,856965.1041849727,3.3109018113464116e-05,0.00023180539719760417,-2.0316240310668947,0.0020585305988788604,0.011918456107378007
279,228556800,0.00013319999999999999,0.11571090698242187,0.0,0.0,1.0,39.85094468250877,847910.4091997591,0.00011613392271101475,0.0002300503198057413,-2.037364387512207,0.002025311999022961,0.01083679273724556
280,229376000,0.00013259999999999997,0.1158077049255371,0.0,0.0,1.0,39.83385138416707,872658.4277465491,3.273659385740757e-05,0.00024639179464429616,-2.0436574935913088,0.002103491872549057,0.011279664188623428
281,230195200,0.00013199999999999998,0.11558128356933593,0.0,0.0,1.0,39.98311288984333,857485.1674933211,5.446705035865307e-05,0.0002307628281414509,-2.049594688415527,0.0022305745631456377,0.015227904915809632
282,231014400,0.00013139999999999997,0.1155314826965332,0.0,0.0,1.0,39.834653705953826,870849.5909932837,0.00033984710462391375,0.0002350561786442995,-2.0577714920043944,0.0025602886453270912,0.01829235702753067
283,231833600,0.0001308,0.11547004699707031,0.0,0.0,1.0,39.983191634906674,869267.225396366,0.00031373065430670974,0.00026427886914461853,-2.0642684936523437,0.0026920275762677194,0.02141125500202179
284,232652800,0.0001302,0.11546363830566406,0.0,0.0,1.0,39.796270215142535,860214.3518109175,5.001082317903638e-05,0.00023349004331976175,-2.0715539932250975,0.0019922101870179175,0.01122424304485321
285,233472000,0.0001296,0.11566022872924804,0.0,0.0,1.0,39.84121194436339,863852.1360651032,-6.345645524561406e-05,0.0002327832393348217,-2.0807655334472654,0.0019156556576490403,0.008972899615764618
286,234291200,0.000129,0.11560429573059082,0.0,0.0,1.0,39.86812545587163,868848.9251949065,0.0001638806890696287,0.00025845118798315523,-2.088405990600586,0.002446005679666996,0.017439576983451843
287,235110400,0.0001284,0.11541160583496093,0.0,0.0,1.0,39.93916312680045,854930.7876049738,7.01715936884284e-05,0.00025789295323193074,-2.096756172180176,0.002274705283343792,0.015854863822460173
288,235929600,0.0001278,0.11563114166259765,0.0,0.0,1.0,39.89364392355201,858960.9275228209,0.0005261428188532591,0.0002348020439967513,-2.1049936294555662,0.003068610467016697,0.02823242247104645
289,236748800,0.0001272,0.11543630599975586,0.0,0.0,1.0,39.864412551690585,854389.9251413266,0.0001962822861969471,0.0002485053613781929,-2.11340446472168,0.0025631796568632128,0.018832151591777802
290,237568000,0.00012660000000000001,0.11539231300354004,0.0,0.0,1.0,39.73971803597472,863311.4520104182,2.84283742075786e-05,0.00023327849339693785,-2.120569038391113,0.0022083673626184463,0.013406859338283538
291,238387200,0.000126,0.1156331729888916,0.0,0.0,1.0,39.832322546213184,866308.0781596905,0.0003257516073063016,0.00023128394968807697,-2.12719783782959,0.002510763891041279,0.01865295469760895
292,239206400,0.0001254,0.11564210891723632,0.0,0.0,1.0,39.78391374034679,858671.1948273774,0.00012726971181109548,0.00023306235671043395,-2.1311408996582033,0.0021311109885573387,0.01460888683795929
293,240025600,0.0001248,0.11529561996459961,0.0,0.0,1.0,39.91494140625,850737.1486372501,7.615447975695133e-05,0.00025977566838264465,-2.1355941772460936,0.0022200508043169974,0.013153928518295287
294,240844800,0.0001242,0.11534235000610352,0.0,0.0,1.0,39.898349642179056,840435.2479267842,-4.169963940512389e-05,0.00023147535976022481,-2.1407344818115233,0.0020791592076420786,0.011961061507463455
295,241664000,0.0001236,0.11548782348632812,0.0,0.0,1.0,39.902069637204775,841131.033013845,2.878759987652302e-05,0.00023523010313510894,-2.1443788528442385,0.001895132102072239,0.009993285685777665
296,242483200,0.000123,0.11555749893188477,0.0,0.0,1.0,39.823715146215875,844587.2225667406,0.0002867052331566811,0.00023114199284464122,-2.1496028900146484,0.0026772156357765197,0.02070373296737671
297,243302400,0.0001224,0.11527017593383788,0.0,0.0,1.0,39.97265032535838,847196.9604843941,0.00016426853835582733,0.0004889437928795815,-2.1593008041381836,0.0022143423557281494,0.01459093987941742
298,244121600,0.00012179999999999999,0.11543313026428223,0.0,0.0,1.0,39.90778140055477,851046.963799104,0.00027949013747274876,0.00030300423968583346,-2.167132759094238,0.0022898487746715545,0.017241330444812776
299,244940800,0.00012119999999999999,0.11562015533447266,0.0,0.0,1.0,39.97187286731013,855015.2168033074,3.666168195195496e-05,0.0002358417259529233,-2.1712835311889647,0.0024418914690613747,0.01630980968475342
300,245760000,0.00012059999999999999,0.11552998542785645,0.0,0.0,1.0,39.9763264509201,844755.2495059095,0.00023754227440804244,0.0002270868746563792,-2.1757810592651365,0.0025293681770563125,0.01912524402141571
301,246579200,0.00011999999999999999,0.11562057495117188,0.0,0.0,1.0,39.804076680417374,869403.7167089275,1.875660236692056e-05,0.00023104758001863958,-2.181134796142578,0.00211176723241806,0.013234984874725342
302,247398400,0.0001194,0.11565195083618164,0.0,0.0,1.0,39.71013224426293,871438.0999179942,0.00034435067791491745,0.00022789188660681247,-2.1874290466308595,0.0027897804975509644,0.022190552949905396
303,248217600,0.0001188,0.11545038223266602,0.0,0.0,1.0,39.968850384503064,876468.4108398391,-3.703319816850126e-06,0.00023023041430860757,-2.192215919494629,0.0022468697279691696,0.01490112543106079
304,249036800,0.0001182,0.11551752090454101,0.0,0.0,1.0,39.91957615117926,871704.4882622452,6.751297041773796e-05,0.00022407276555895804,-2.196790885925293,0.0024228231981396676,0.01582983583211899
305,249856000,0.0001176,0.11599518775939942,0.0,0.0,1.0,39.770935126505734,869852.4945068441,0.0001831921050325036,0.0002341075101867318,-2.202053451538086,0.0023589666932821276,0.016008915007114412
306,250675200,0.000117,0.11530656814575195,0.0,0.0,1.0,39.71274633530725,876685.3453130128,3.4076609881594774e-05,0.00022798203863203526,-2.207557487487793,0.00212287288159132,0.012550048530101776
307,251494400,0.0001164,0.1156085205078125,0.0,0.0,1.0,39.816776075857035,870876.7405037393,8.12749785836786e-06,0.00022919855546206237,-2.212377738952637,0.0020990878343582152,0.013143068552017212
308,252313600,0.0001158,0.11569107055664063,0.0,0.0,1.0,39.769536938161345,866072.6448092979,0.000419378187507391,0.00023069309536367656,-2.2165454864501952,0.0022717803716659547,0.015640988945961
309,253132800,0.0001152,0.11533955574035644,0.0,0.0,1.0,39.8427501701838,873032.8336249033,0.00012251263251528144,0.00023415472824126483,-2.2235538482666017,0.002148078940808773,0.014049805700778961
310,253952000,0.0001146,0.11562227249145508,0.0,0.0,1.0,39.74714819668948,870504.3860767573,0.00014477816876024008,0.000230742571875453,-2.2308074951171877,0.0025693269446492193,0.019106566905975342
311,254771200,0.00011399999999999999,0.11560508728027344,0.0,0.0,1.0,39.8742509135201,838288.0828794502,0.0001299796043895185,0.0002372176619246602,-2.236380386352539,0.002280227281153202,0.014031614363193511
312,255590400,0.00011339999999999999,0.11522541046142579,0.0,0.0,1.0,39.743711760707,854359.6880002135,0.00031208868604153394,0.00046982346102595327,-2.2428462982177733,0.002183719538152218,0.013396117091178893
313,256409600,0.00011279999999999999,0.11571856498718262,0.0,0.0,1.0,39.9483018317866,863977.6560186564,0.0003547046333551407,0.00024667363613843917,-2.249909591674805,0.0024668406695127487,0.017775146663188933
314,257228800,0.00011219999999999999,0.11549760818481446,0.0,0.0,1.0,39.832033914823114,862209.7740447473,0.0001930031692609191,0.00023277674335986376,-2.255809020996094,0.0021685604006052017,0.014381225407123565
315,258048000,0.00011159999999999999,0.11579212188720703,0.0,0.0,1.0,39.879684225914914,860318.7478851485,0.0002840207889676094,0.0002277964958921075,-2.261661911010742,0.0022231115028262137,0.01524108499288559
316,258867200,0.00011099999999999999,0.11556238174438477,0.0,0.0,1.0,39.72143481215416,866311.7776853413,0.0002495007822290063,0.00023390424903482198,-2.2651987075805664,0.002069501020014286,0.014286257326602936
317,259686400,0.00011039999999999999,0.11568096160888672,0.0,0.0,1.0,39.88773429154123,859279.6712868196,4.179734387435019e-05,0.0002276747254654765,-2.269327926635742,0.0018929170444607734,0.010591552406549454
318,260505600,0.00010979999999999999,0.11549587249755859,0.0,0.0,1.0,39.917028437637185,872036.9091139439,0.00016004882054403423,0.00023012713063508272,-2.2766550064086912,0.002262420579791069,0.015096676349639893
319,261324800,0.00010919999999999998,0.11543597221374512,0.0,0.0,1.0,39.85640551200272,868876.245991563,0.00023236421402543782,0.00023286282084882258,-2.282779312133789,0.0023447178304195405,0.01583874523639679
320,262144000,0.00010859999999999998,0.11557521820068359,0.0,0.0,1.0,39.82075563325564,865419.3023165691,0.0002575309714302421,0.00022956556640565395,-2.288284492492676,0.0024669909849762916,0.018116579949855806
321,262963200,0.00010799999999999998,0.11584117889404297,0.0,0.0,1.0,39.60745677581377,843295.806295813,-1.552467583678663e-05,0.0002287843031808734,-2.294805335998535,0.0017283307388424873,0.00766906812787056
322,263782400,0.00010739999999999998,0.11565109252929688,0.0,0.0,1.0,39.782950628671294,863219.6621184549,0.0006275645922869444,0.00022974121384322643,-2.303262710571289,0.0028492512181401254,0.023716431856155396
323,264601600,0.00010679999999999998,0.11537025451660156,0.0,0.0,1.0,39.81150610319506,871305.2502053767,2.4532215320505203e-06,0.0002315400168299675,-2.310526657104492,0.001795797236263752,0.008254028111696243
324,265420800,0.00010619999999999998,0.11567424774169922,0.0,0.0,1.0,39.88792096554409,865205.2992914964,0.00026641928125172856,0.00022720452398061752,-2.3162031173706055,0.002655418403446674,0.0212445005774498
325,266240000,0.00010559999999999998,0.11532571792602539,0.0,0.0,1.0,39.95320437670965,874038.5480487468,-0.00010084208333864808,0.00022789977956563234,-2.3222623825073243,0.002012737840414047,0.0100616455078125
326,267059200,0.00010499999999999999,0.11523979187011718,0.0,0.0,1.0,39.75552861299709,875598.8153544073,0.00012043222086504102,0.00022600747179239987,-2.326170539855957,0.0020898779854178428,0.013092893362045287
327,267878400,0.00010439999999999999,0.11559381484985351,0.0,0.0,1.0,39.7246967491509,870058.8054873449,0.00010647261515259743,0.00022923992946743965,-2.331094741821289,0.002145358733832836,0.014430056512355804
328,268697600,0.00010379999999999999,0.11547174453735351,0.0,0.0,1.0,39.92360840794083,857324.5891871953,-1.9012980919796975e-05,0.00022727809846401215,-2.336739730834961,0.0021723777055740355,0.014323487877845764
329,269516800,0.00010319999999999999,0.11540836334228516,0.0,0.0,1.0,39.95823971866758,876136.3027355061,6.656751502305269e-05,0.00022537156473845243,-2.339436340332031,0.002055209130048752,0.012995360791683197
330,270336000,0.00010259999999999999,0.11552404403686524,0.0,0.0,1.0,39.967847544588324,865094.2774435559,6.842667353339494e-05,0.00022509736008942128,-2.3437700271606445,0.0023783961310982703,0.017027832567691803
331,271155200,0.00010199999999999999,0.1157696533203125,0.0,0.0,1.0,39.906623288336405,855972.6654178092,0.00016680993139743804,0.00022720408160239458,-2.350264549255371,0.002401820197701454,0.017443114519119264
332,271974400,0.00010139999999999998,0.11547496795654297,0.0,0.0,1.0,39.80266485119626,844031.954255871,4.634507349692285e-05,0.00022334265522658825,-2.356382369995117,0.0023683611303567885,0.014753293991088868
333,272793600,0.00010079999999999998,0.11556504249572754,0.0,0.0,1.0,39.79688942891859,849029.9120174018,0.00022487277165055274,0.00023228200152516365,-2.364035987854004,0.002360828407108784,0.015989132225513458
334,273612800,0.00010019999999999998,0.11567001342773438,0.0,0.0,1.0,39.931958562326734,849267.6018381533,0.00013721882132813334,0.0002298430074006319,-2.373135566711426,0.0021107621490955354,0.012369262427091599
335,274432000,9.959999999999998e-05,0.11555210113525391,0.0,0.0,1.0,39.82661723094936,861742.1511547142,0.00026816821191459893,0.00023152343928813934,-2.378329849243164,0.0022970614954829216,0.0162729486823082
336,275251200,9.899999999999998e-05,0.1154185962677002,0.0,0.0,1.0,39.893247775995334,865805.6542332019,0.00035881774965673685,0.00023346880916506053,-2.3823005676269533,0.002732975594699383,0.022181519865989686
337,276070400,9.839999999999998e-05,0.11542292594909669,0.0,0.0,1.0,39.9754418513817,867285.3510561832,1.5504714974667876e-05,0.00022769670467823744,-2.386846733093262,0.001801283098757267,0.008767089247703553
338,276889600,9.779999999999998e-05,0.11544392585754394,0.0,0.0,1.0,39.8708720392977,873256.8186349458,0.00023632971569895745,0.00022266325540840626,-2.391513633728027,0.002293665520846844,0.016707763075828552
339,277708800,9.719999999999998e-05,0.11566679000854492,0.0,0.0,1.0,39.871335346254995,868754.1466178389,0.00044851144775748253,0.0002300536260008812,-2.39709587097168,0.002593723312020302,0.02051026076078415
340,278528000,9.659999999999998e-05,0.11570270538330078,0.0,0.0,1.0,39.844107203657764,863831.5375326861,0.00021837223321199417,0.0006856584455817938,-2.4027019500732423,0.002388116717338562,0.016195432841777803
341,279347200,9.599999999999998e-05,0.11553786277770996,0.0,0.0,1.0,39.9420706455542,872884.811056755,-1.2266545672900974e-05,0.00025459863245487214,-2.407368469238281,0.002262227423489094,0.01404077112674713
342,280166400,9.539999999999997e-05,0.11575620651245117,0.0,0.0,1.0,39.713040952657565,854684.4326278219,0.00013607258442789317,0.00022873044945299626,-2.4127939224243162,0.0021329585462808607,0.01309179663658142
343,280985600,9.479999999999997e-05,0.11508957862854004,0.0,0.0,1.0,39.86643885770076,853165.5565194072,-6.712826143484563e-06,0.00022739230189472437,-2.4168405532836914,0.00202814731746912,0.012609130144119263
344,281804800,9.419999999999997e-05,0.11581083297729493,0.0,0.0,1.0,39.97243499048641,869235.0209269947,0.00024325118865817786,0.0002273552119731903,-2.4209123611450196,0.0024304909631609915,0.016414795815944672
345,282624000,9.360000000000001e-05,0.11597309112548829,0.0,0.0,1.0,39.850330225330225,877669.4147463817,0.00017219881992787124,0.0002308743307366967,-2.4257844924926757,0.002099532075226307,0.013550418615341186
346,283443200,9.300000000000001e-05,0.11561015129089355,0.0,0.0,1.0,39.855404089581306,872948.5556849579,9.900747099891304e-05,0.0002281380584463477,-2.43121280670166,0.0023377371951937677,0.015438111126422882
347,284262400,9.240000000000001e-05,0.11564302444458008,0.0,0.0,1.0,39.77869966035905,869049.0341971985,0.00012197152245789767,0.00022591655142605304,-2.437264060974121,0.0020723886787891387,0.01271350085735321
348,285081600,9.180000000000001e-05,0.11543719291687012,0.0,0.0,1.0,39.72646588098356,873112.3093815775,-1.608144084457308e-05,0.00023362513165920974,-2.441190719604492,0.0018993832170963287,0.00951244980096817
349,285900800,9.120000000000001e-05,0.1153941249847412,0.0,0.0,1.0,39.78495252008766,868209.2459879849,0.0004057016689330339,0.0002296874299645424,-2.444989776611328,0.0023911384865641593,0.016917601227760315
350,286720000,9.06e-05,0.11567332267761231,0.0,0.0,1.0,39.87750740686774,868232.9119274002,0.00020478693768382071,0.00023157678078860043,-2.4501375198364257,0.0023086382076144218,0.01611083894968033
351,287539200,9e-05,0.11550556182861328,0.0,0.0,1.0,39.804237947122864,861514.2121355279,-4.505300894379616e-05,0.00022892330307513475,-2.4562381744384765,0.0019174864515662192,0.01079138070344925
352,288358400,8.94e-05,0.11552197456359864,0.0,0.0,1.0,39.93242716554614,834754.8382553268,-1.3522813969757407e-05,0.00022664370480924846,-2.461177444458008,0.0020764440298080443,0.011937499046325684
353,289177600,8.88e-05,0.11577234268188477,0.0,0.0,1.0,39.89159033326837,858723.3016207118,0.0001610187697224319,0.00022995213512331248,-2.4651796340942385,0.0022568056359887124,0.01656237542629242
354,289996800,8.82e-05,0.11605884552001954,0.0,0.0,1.0,39.8497084548105,865868.7626393117,2.852299658115953e-05,0.0002298430074006319,-2.468169403076172,0.002062389627099037,0.01174902319908142
355,290816000,8.76e-05,0.11568342208862305,0.0,0.0,1.0,39.80570817328731,858254.0649416654,-3.171548596583307e-05,0.0002304180059581995,-2.4724302291870117,0.0015967966988682746,0.006389281898736954
356,291635200,8.7e-05,0.115616455078125,0.0,0.0,1.0,39.78766823769496,853655.0991105192,0.00019508600234985352,0.00023041164968162775,-2.477284049987793,0.002238687127828598,0.014137206971645356
357,292454400,8.64e-05,0.11564060211181641,0.0,0.0,1.0,39.78708610881509,838520.458139244,0.00022526865359395742,0.00022831526584923267,-2.481588935852051,0.0022139308974146845,0.01599401533603668
358,293273600,8.58e-05,0.11557914733886719,0.0,0.0,1.0,39.816154368273054,862290.1185299687,6.746036233380437e-05,0.0002262246562168002,-2.488411712646484,0.0023986393585801124,0.015000733733177184
359,294092800,8.52e-05,0.11569181442260743,0.0,0.0,1.0,39.75460599873608,867645.2807099213,-0.00014925258001312612,0.00023278414737433196,-2.497012138366699,0.0019855407997965814,0.009430053830146789
360,294912000,8.46e-05,0.11535019874572754,0.0,0.0,1.0,39.83002819092058,864139.5231410629,9.026043117046356e-05,0.00022936000023037194,-2.504618453979492,0.002143542841076851,0.014574341475963593
361,295731200,8.4e-05,0.11555156707763672,0.0,0.0,1.0,39.77240709254311,868319.086198318,1.6044959193095564e-05,0.0002324841683730483,-2.5089847564697267,0.0021245844662189485,0.012453979253768921
362,296550400,8.34e-05,0.11548414230346679,0.0,0.0,1.0,39.752802989855844,866343.0700593718,1.0808222577907145e-05,0.0002296122256666422,-2.5117292404174805,0.0019833358004689217,0.011848142743110657
363,297369600,8.28e-05,0.11560522079467773,0.0,0.0,1.0,39.86510021404943,869513.4341253549,-1.4542073768097907e-05,0.0002328365109860897,-2.5154230117797853,0.001998569816350937,0.010619384050369263
364,298188800,8.22e-05,0.11544402122497559,0.0,0.0,1.0,39.857726741922924,866103.0577238798,0.00013902629725635052,0.00023579276166856288,-2.519229507446289,0.002204095385968685,0.014036738872528076
365,299008000,8.16e-05,0.11551294326782227,0.0,0.0,1.0,39.854517164251675,877385.8960289861,1.0863463103305548e-05,0.00023206956684589385,-2.526070213317871,0.0018503943458199501,0.009822631627321244
366,299827200,8.1e-05,0.11563364028930664,0.0,0.0,1.0,39.86328941611163,869118.3439517558,0.0004996240604668856,0.00023007476702332496,-2.5316535949707033,0.0026399368420243264,0.020903198421001433
367,300646400,8.04e-05,0.11579200744628906,0.0,0.0,1.0,39.814537680384824,868449.5978773227,-0.00010100500658154488,0.00023022140376269818,-2.5364484786987305,0.002086038514971733,0.010978759825229644
368,301465600,7.98e-05,0.11540443420410157,0.0,0.0,1.0,39.79170923952707,861457.3643886657,-5.744945956394076e-05,0.0002287822077050805,-2.54213924407959,0.001655275747179985,0.007420288026332855
369,302284800,7.92e-05,0.11532032012939453,0.0,0.0,1.0,39.81685961669423,876132.5210059814,0.0002809368306770921,0.000234158243983984,-2.546606254577637,0.002217581309378147,0.014824584126472473
370,303104000,7.86e-05,0.11532918930053711,0.0,0.0,1.0,39.97310334746382,869822.5234546601,7.376396679319442e-05,0.00023380459751933813,-2.5515241622924805,0.002043510414659977,0.011127198487520218
371,303923200,7.8e-05,0.11552303314208984,0.0,0.0,1.0,39.8656505648617,856324.0270975168,0.00014119367115199565,0.00022998014464974402,-2.556414985656738,0.0023229721933603286,0.015074463188648224
372,304742400,7.74e-05,0.11562572479248047,0.0,0.0,1.0,39.82400116652085,864166.9040799637,8.350784191861749e-05,0.00023245024494826793,-2.5607019424438477,0.002122594602406025,0.013254761695861816
373,305561600,7.68e-05,0.11580974578857423,0.0,0.0,1.0,39.767358417377814,865360.8027899341,-7.562008686363697e-05,0.00026314009446650746,-2.5667367935180665,0.0018247883766889573,0.008509398996829986
374,306380800,7.62e-05,0.11522069931030274,0.0,0.0,1.0,39.84282093771323,862311.672198651,2.295912418048829e-05,0.00023941793479025363,-2.573680305480957,0.0021734103560447694,0.01271960288286209
375,307200000,7.56e-05,0.11566411972045898,0.0,0.0,1.0,39.808618934509674,859772.5695275243,0.0004337802063673735,0.00030272549483925106,-2.578390884399414,0.002504986524581909,0.01917431503534317
376,308019200,7.5e-05,0.11544809341430665,0.0,0.0,1.0,39.82848369644685,868039.6869022843,0.0001973470440134406,0.00023283055052161216,-2.583704948425293,0.0023563953116536142,0.015920040011405946
377,308838400,7.439999999999999e-05,0.11585589408874512,0.0,0.0,1.0,39.79286268425136,866024.2758030854,-2.8284802101552487e-05,0.00022472101263701916,-2.5867263793945314,0.0019241811707615853,0.010117918252944946
378,309657600,7.379999999999999e-05,0.11566253662109376,0.0,0.0,1.0,39.81563457702972,848324.304375146,-2.646871726028621e-05,0.00022937478497624396,-2.5893104553222654,0.0018960501998662948,0.009590698033571243
379,310476800,7.319999999999999e-05,0.11562797546386719,0.0,0.0,1.0,39.83058674833504,844230.0245697325,-4.6236987691372634e-05,0.000231487606652081,-2.591679000854492,0.0018807288259267807,0.01034863218665123
380,311296000,7.259999999999999e-05,0.11583124160766602,0.0,0.0,1.0,39.954399298450745,854531.7071509152,0.0012506316415965557,0.0002338660415261984,-2.594875717163086,0.0037405554205179213,0.03952440619468689
381,312115200,7.199999999999999e-05,0.115452880859375,0.0,0.0,1.0,39.89072426937738,855863.5351183645,-1.78767106262967e-05,0.00022501901257783176,-2.5986032485961914,0.0020229104906320573,0.011013424396514893
382,312934400,7.139999999999999e-05,0.11546819686889648,0.0,0.0,1.0,39.988992791739726,857800.0283660528,0.0003064109478145838,0.0002443536417558789,-2.600745964050293,0.0021464286372065546,0.013670532405376435
383,313753600,7.079999999999999e-05,0.11561595916748046,0.0,0.0,1.0,39.81754488395855,858222.8605582614,0.00012927904026582837,0.0004434536676853895,-2.603776550292969,0.002048362232744694,0.012767453491687775
384,314572800,7.019999999999999e-05,0.1157560920715332,0.0,0.0,1.0,39.81674680654719,857213.8027723698,7.815330172888935e-05,0.00022729439660906792,-2.607916069030762,0.002013944089412689,0.011533082276582719
385,315392000,6.959999999999998e-05,0.11538399696350098,0.0,0.0,1.0,39.8725184896847,836966.8527565377,5.821870290674269e-05,0.0002231195569038391,-2.611576461791992,0.002089698240160942,0.011531370133161545
386,316211200,6.899999999999998e-05,0.11555454254150391,0.0,0.0,1.0,39.86226378336256,876645.0877210449,0.00014200215227901935,0.00022382433526217936,-2.6150785446166993,0.0021212175488471985,0.013247804343700409
387,317030400,6.839999999999998e-05,0.11566368103027344,0.0,0.0,1.0,39.75716088940674,872931.1653740188,-0.00012351685436442494,0.00022426575887948274,-2.618799591064453,0.0018102845177054405,0.007431517541408539
388,317849600,6.779999999999998e-05,0.11543956756591797,0.0,0.0,1.0,39.82610811073809,869576.6041079754,-1.910515857161954e-05,0.00022414277773350478,-2.622024726867676,0.0018022436648607253,0.009728395193815232
389,318668800,6.72e-05,0.11578861236572266,0.0,0.0,1.0,39.799388705608386,876203.8369972765,-4.3183760135434567e-05,0.0002292755991220474,-2.6262210845947265,0.0016382912173867226,0.006830199807882309
390,319488000,6.659999999999999e-05,0.11558501243591308,0.0,0.0,1.0,39.89732490272374,874316.6730166358,1.3261102139949799e-05,0.0002257258165627718,-2.6304540634155273,0.0019291264936327935,0.011710815131664276
391,320307200,6.599999999999999e-05,0.11559417724609375,0.0,0.0,1.0,39.69992251065479,865642.1369099257,-5.3837947780266406e-05,0.0002263805828988552,-2.633754920959473,0.0018600990995764732,0.009017577022314071
392,321126400,6.539999999999999e-05,0.11579761505126954,0.0,0.0,1.0,39.85002435460302,848084.1069289271,-5.309958942234516e-05,0.00022466606460511685,-2.637383460998535,0.0017970684915781022,0.00841943547129631
393,321945600,6.479999999999999e-05,0.11551450729370118,0.0,0.0,1.0,39.80389395999223,876474.3973994219,-9.145690128207207e-05,0.0002260685432702303,-2.6405649185180664,0.001717550866305828,0.007640992850065231
394,322764800,6.419999999999999e-05,0.1154388427734375,0.0,0.0,1.0,39.75625849019988,870400.3038064706,1.0527477570576593e-05,0.00022116899490356445,-2.644149589538574,0.0019958358258008956,0.010375486314296722
395,323584000,6.359999999999999e-05,0.11529191017150879,0.0,0.0,1.0,39.90692914920573,863903.2052432043,3.9255374576896426e-05,0.0002245095558464527,-2.647483062744141,0.0016325458884239197,0.007553223520517349
396,324403200,6.299999999999999e-05,0.11554279327392578,0.0,0.0,1.0,39.87507911007254,868509.7431437467,-3.9396958891302346e-05,0.00022429791279137133,-2.6509031295776366,0.0018044056370854378,0.008157835900783538
397,325222400,6.239999999999999e-05,0.11572046279907226,0.0,0.0,1.0,39.833390036452,872040.6583792631,0.00016147270798683167,0.00022080347407609223,-2.6545549392700196,0.0022670183330774306,0.014402586221694946
398,326041600,6.179999999999998e-05,0.11565750122070312,0.0,0.0,1.0,39.790599329217905,868612.0555796836,-0.0001307594939135015,0.00022476294543594122,-2.6563346862792967,0.0020350141450762747,0.010938839614391327
399,326860800,6.119999999999998e-05,0.11579856872558594,0.0,0.0,1.0,39.84601528650017,859789.9105541111,-4.0283374255523084e-05,0.00022119053173810243,-2.659613609313965,0.0019592862576246262,0.009648805111646652
400,327680000,6.059999999999998e-05,0.11576923370361328,0.0,0.0,1.0,39.794962804492634,866599.8677424559,2.3607557523064315e-05,0.0002228053519502282,-2.6632352828979493,0.001756270043551922,0.008583984524011611
401,328499200,5.999999999999998e-05,0.11544071197509766,0.0,0.0,1.0,39.72170587665795,864413.6860791226,0.00024067764170467853,0.00023747016675770282,-2.6658889770507814,0.0021584192290902138,0.014609496295452117
402,329318400,5.939999999999998e-05,0.11546789169311523,0.0,0.0,1.0,39.83345482820625,856315.6326891065,3.135835868306458e-05,0.0002313432516530156,-2.669319915771484,0.0018465669825673103,0.008153319358825684
403,330137600,5.879999999999998e-05,0.1156363296508789,0.0,0.0,1.0,39.916135002191595,846669.3618793611,0.00031223748810589315,0.0003079070011153817,-2.673635482788086,0.0021898003295063974,0.01577209085226059
404,330956800,5.819999999999998e-05,0.11527936935424804,0.0,0.0,1.0,39.73846975434508,854381.5082357221,-9.10970033146441e-05,0.00023004107642918826,-2.6773714065551757,0.0016683489084243774,0.006534788757562637
405,331776000,5.759999999999998e-05,0.1155168342590332,0.0,0.0,1.0,39.809563146897325,871132.5589094817,3.0441727722063662e-05,0.0002228280296549201,-2.682438850402832,0.0020633295178413393,0.01139245554804802
406,332595200,5.6999999999999976e-05,0.11569490432739257,0.0,0.0,1.0,39.78380743982495,872065.2039279217,-6.279753288254141e-05,0.00022175710182636976,-2.687051200866699,0.0018282974138855933,0.009964720904827118
407,333414400,5.639999999999998e-05,0.11570024490356445,0.0,0.0,1.0,39.882533048211506,865845.9692471528,6.971397087909281e-05,0.00022777596022933723,-2.6901784896850587,0.0018689997494220733,0.010069213062524795
408,334233600,5.5800000000000015e-05,0.11533108711242676,0.0,0.0,1.0,39.90261734171663,874495.7840991922,-0.00017129196785390378,0.00022774739190936088,-2.693535041809082,0.00180759746581316,0.007059325277805328
409,335052800,5.5200000000000014e-05,0.11576934814453126,0.0,0.0,1.0,39.78872213317791,874547.6584691805,-1.2654848978854715e-05,0.00022225670982152225,-2.69675235748291,0.0017426811158657075,0.009523681551218032
410,335872000,5.460000000000001e-05,0.1157484245300293,0.0,0.0,1.0,39.838384821211385,845595.4060665984,4.070884024258703e-05,0.0002215251326560974,-2.700840377807617,0.0015474577434360982,0.006858275830745697
411,336691200,5.400000000000001e-05,0.1160365867614746,0.0,0.0,1.0,39.67227012886348,845953.0625866267,3.6230473779141906e-05,0.00022575720213353635,-2.7056270599365235,0.002060820162296295,0.012612058222293854
412,337510400,5.340000000000001e-05,0.11519830703735351,0.0,0.0,1.0,39.91060392233199,845898.407063732,-0.00016220046672970055,0.00022621944081038236,-2.7094682693481444,0.0015779124572873116,0.0058907467871904375
413,338329600,5.280000000000001e-05,0.11531333923339844,0.0,0.0,1.0,39.8831358783092,859163.5851264754,3.5970308817923066e-05,0.00022402366157621146,-2.713445281982422,0.0015764066949486733,0.007173462212085724
414,339148800,5.220000000000001e-05,0.11560243606567383,0.0,0.0,1.0,39.751792635658916,864462.4252269439,7.491013966500759e-05,0.00022497468162328005,-2.716739845275879,0.0020891746506094934,0.012583863735198975
415,339968000,5.160000000000001e-05,0.11567824363708495,0.0,0.0,1.0,39.74721279689772,858545.7173377199,-7.384687196463347e-05,0.00022726338356733323,-2.718846893310547,0.001636815071105957,0.0076230488717556
416,340787200,5.1000000000000006e-05,0.11540458679199218,0.0,0.0,1.0,39.85707305155143,859482.4342006417,3.741527325473726e-05,0.00022542744409292936,-2.720935821533203,0.0017782710492610931,0.009975218772888183
417,341606400,5.0400000000000005e-05,0.11592538833618164,0.0,0.0,1.0,39.67957831616616,872361.2932141176,-3.2148207537829876e-05,0.00022230674512684344,-2.723469352722168,0.0015680151060223579,0.007138547301292419
418,342425600,4.9800000000000004e-05,0.1154251480102539,0.0,0.0,1.0,39.8908135461269,872001.6915412742,-0.00010403420310467482,0.00022857184521853923,-2.724692726135254,0.001745370775461197,0.007752808928489685
419,343244800,4.92e-05,0.11543384552001953,0.0,0.0,1.0,39.80484136994276,869522.5895422237,-7.067627157084644e-05,0.00022663448471575974,-2.7265363693237306,0.0018635554239153861,0.008933594077825546
420,344064000,4.86e-05,0.11570079803466797,0.0,0.0,1.0,39.8007880910683,871353.2480581902,-8.888291195034981e-05,0.0002269088290631771,-2.7297910690307616,0.001662919856607914,0.006687255203723907
421,344883200,4.800000000000001e-05,0.11566699028015137,0.0,0.0,1.0,39.76295072407425,873013.6229700543,-0.00020437261555343865,0.00022428103256970643,-2.7334184646606445,0.0014676745980978013,0.004754395410418511
422,345702400,4.740000000000001e-05,0.11553426742553712,0.0,0.0,1.0,39.74645226909478,868969.9654755591,-0.00016665474977344273,0.00022649315651506184,-2.736812210083008,0.0016378993168473244,0.004753295704722405
423,346521600,4.6800000000000006e-05,0.11558860778808594,0.0,0.0,1.0,39.917321106287496,862279.5900869406,-0.00012149950489401818,0.00022280591074377298,-2.7388866424560545,0.0017960198223590852,0.006926637142896652
424,347340800,4.6200000000000005e-05,0.11562347412109375,0.0,0.0,1.0,39.79893974028501,852978.1337026398,-4.7067159903235735e-05,0.00022943057119846345,-2.7408761978149414,0.0015073513612151146,0.006807983666658401
425,348160000,4.5600000000000004e-05,0.1157903289794922,0.0,0.0,1.0,39.77805268519866,842775.4689297712,-3.1421417952515184e-05,0.0002273879712447524,-2.743418312072754,0.0017611782997846604,0.008787963539361954
426,348979200,4.5e-05,0.11577598571777344,0.0,0.0,1.0,39.80573480180486,857023.9766731999,-6.299327360466122e-05,0.0002294540870934725,-2.7453163146972654,0.0017090996727347374,0.007325684279203415
427,349798400,4.44e-05,0.11603761672973632,0.0,0.0,1.0,39.76346433770014,856293.2402770423,-8.779212948866189e-05,0.00022281550336629153,-2.7480117797851564,0.0016451993957161903,0.006526000797748566
428,350617600,4.38e-05,0.1154364013671875,0.0,0.0,1.0,39.78634222157463,854198.6642092533,0.0001261084107682109,0.00022657285444438457,-2.7504083633422853,0.0017978271469473838,0.009325072914361954
429,351436800,4.32e-05,0.1159135341644287,0.0,0.0,1.0,39.81739045859067,877522.3032123822,0.00016695342492312193,0.0002323004649952054,-2.7518638610839843,0.0015628332272171973,0.00906444936990738
430,352256000,4.26e-05,0.11543435096740723,0.0,0.0,1.0,39.73524984217938,873861.4753084435,1.1050394823541864e-05,0.00022952945437282324,-2.752629852294922,0.0019442005082964896,0.010682862251996994
431,353075200,4.2e-05,0.11518609046936035,0.0,0.0,1.0,39.78288353999514,863401.6416519778,-4.6095033758319916e-05,0.00022865741048008203,-2.754818344116211,0.0016534702852368354,0.005800902098417282
432,353894400,4.14e-05,0.1153328800201416,0.0,0.0,1.0,39.770383663966626,875190.3554047813,6.762885604985058e-05,0.00022770664654672145,-2.758102798461914,0.0019410116598010062,0.0111968956887722
433,354713600,4.08e-05,0.11529189109802246,0.0,0.0,1.0,39.95977544544789,876044.1415935969,-0.00013133548200130462,0.00022789405193179846,-2.760264778137207,0.001510061975568533,0.004895996302366257
434,355532800,4.02e-05,0.11573230743408203,0.0,0.0,1.0,39.8788203231458,871441.5196322632,-0.00011984683806076646,0.00022279061377048493,-2.761997032165527,0.0014252712018787861,0.005294554680585861
435,356352000,3.96e-05,0.11560056686401367,0.0,0.0,1.0,39.85594167679222,859028.8287053475,-0.00024857190437614917,0.000230240891687572,-2.763800621032715,0.0016534212976694108,0.005832275375723839
436,357171200,3.9e-05,0.11560729026794433,0.0,0.0,1.0,39.69273255813953,850048.7892701258,-4.836136940866709e-05,0.00022099954076111318,-2.766505241394043,0.00169962290674448,0.0072875961661338804
437,357990400,3.84e-05,0.11550689697265625,0.0,0.0,1.0,39.755546924309364,852433.9177686454,-0.00010612074984237552,0.0002239131135866046,-2.768994140625,0.0016475172713398933,0.006176270171999931
438,358809600,3.78e-05,0.11547002792358399,0.0,0.0,1.0,39.924143635655895,856789.4595166153,-0.0001557283103466034,0.00022259580437093972,-2.7711597442626954,0.0014222247526049614,0.005281126871705055
439,359628800,3.7199999999999996e-05,0.11547970771789551,0.0,0.0,1.0,39.81590732087228,852930.6550605255,-3.716201172210276e-05,0.00022822574246674776,-2.7726951599121095,0.0018768517300486564,0.011993040144443513
440,360448000,3.6599999999999995e-05,0.11587405204772949,0.0,0.0,1.0,39.942973919813156,850520.4451614739,-0.00011437038192525506,0.00022492457646876572,-2.774890899658203,0.0015415027737617493,0.0058764640241861345
441,361267200,3.5999999999999994e-05,0.11598194122314454,0.0,0.0,1.0,39.7945478400311,856529.0117283452,-0.00015709700528532267,0.00022557275369763374,-2.7766393661499023,0.0014691748656332493,0.004538208246231079
442,362086400,3.539999999999999e-05,0.11556861877441406,0.0,0.0,1.0,39.69660794875528,860938.4383098995,-0.00014612034428864717,0.00022387455683201552,-2.7780221939086913,0.0014998565427958965,0.005243039876222611
443,362905600,3.479999999999999e-05,0.11548560142517089,0.0,0.0,1.0,39.77974401241152,860991.3833990884,-0.0001964500406756997,0.0002264391165226698,-2.780319404602051,0.0014199123717844487,0.004438598826527596
444,363724800,3.419999999999999e-05,0.11559982299804687,0.0,0.0,1.0,39.77057708201663,863735.7609623148,-0.00010309015633538365,0.0002277693012729287,-2.783311653137207,0.0015955133363604545,0.005116333812475204
445,364544000,3.36e-05,0.1156907844543457,0.0,0.0,1.0,39.624698737105945,870139.3526724565,-4.2606639908626676e-05,0.00022511794231832026,-2.785852241516113,0.0013882149010896682,0.0052458494901657104
446,365363200,3.2999999999999996e-05,0.11557931900024414,0.0,0.0,1.0,39.803166098392595,868132.6069535919,-4.069825226906687e-05,0.00022971790749579669,-2.7876413345336912,0.001655508019030094,0.004845947399735451
447,366182400,3.2399999999999995e-05,0.11564547538757325,0.0,0.0,1.0,39.62448604459924,863585.4464119948,-0.00017703527119010686,0.00022860157769173385,-2.789783477783203,0.001814868301153183,0.006562621891498565
448,367001600,3.1799999999999994e-05,0.11574075698852539,0.0,0.0,1.0,39.76866251944013,848619.9029865208,0.0001397821819409728,0.00022496231831610204,-2.79209041595459,0.0017120663076639175,0.009250365197658539
449,367820800,3.119999999999999e-05,0.11568586349487305,0.0,0.0,1.0,39.85433587860513,864413.8602226767,-0.00021150980610400437,0.00022954996675252914,-2.7946067810058595,0.001666022278368473,0.0053826913237571715
450,368640000,3.059999999999999e-05,0.11567207336425782,0.0,0.0,1.0,39.71918074160357,854249.898981951,-0.00016124993562698363,0.0002294674515724182,-2.7969974517822265,0.0016406837850809098,0.005198120325803757
451,369459200,2.999999999999999e-05,0.11560487747192383,0.0,0.0,1.0,39.929044834307994,866692.1862291358,-0.00018180087208747865,0.00022798150312155485,-2.7983489990234376,0.001431033294647932,0.004670165851712227
452,370278400,2.939999999999999e-05,0.11604881286621094,0.0,0.0,1.0,39.6505282543375,857052.9932981727,-0.0001019613235257566,0.00022796508856117725,-2.7992225646972657,0.0012830865569412708,0.0039815671741962435
453,371097600,2.879999999999999e-05,0.1154507827758789,0.0,0.0,1.0,39.80503083572088,875457.2442282882,-0.00016644855495542287,0.00023207191843539477,-2.800568389892578,0.0016379574313759803,0.005356445908546448
454,371916800,2.819999999999999e-05,0.11569917678833008,0.0,0.0,1.0,39.88747625310536,871412.9052816917,-0.00010360953165218234,0.00022737712133675815,-2.8017175674438475,0.0014368917793035508,0.004198852926492691
455,372736000,2.759999999999999e-05,0.11539997100830078,0.0,0.0,1.0,39.822121698526196,869123.8700592918,-0.00020354697480797767,0.0002274689497426152,-2.8032230377197265,0.0015368728898465633,0.0053619384765625
456,373555200,2.699999999999999e-05,0.11559775352478027,0.0,0.0,1.0,39.69256430090891,856945.625277373,-0.0001365465228445828,0.00022755437530577182,-2.8057649612426756,0.0015195966698229313,0.004403809085488319
457,374374400,2.6399999999999988e-05,0.11582112312316895,0.0,0.0,1.0,39.75003638127577,875073.6391297773,-0.00011494432110339403,0.00022662817500531673,-2.8084091186523437,0.0016186427325010299,0.005581055209040642
458,375193600,2.5799999999999987e-05,0.11561203002929688,0.0,0.0,1.0,39.8113930806929,866255.5817469041,-7.213096832856536e-05,0.00022988792043179273,-2.809968376159668,0.0011464291252195834,0.0030552975833415983
459,376012800,2.5199999999999986e-05,0.11563180923461915,0.0,0.0,1.0,39.8391986742055,864296.8562422841,-0.00011083155404776335,0.00022857931908220052,-2.8113435745239257,0.0013095766305923461,0.003401367738842964
460,376832000,2.4599999999999985e-05,0.11569141387939454,0.0,0.0,1.0,39.7782361791972,863485.4916039231,-6.031565717421472e-05,0.00022827514912933112,-2.8130226135253906,0.0015637150034308433,0.006151977926492691
461,377651200,2.3999999999999987e-05,0.1156998634338379,0.0,0.0,1.0,39.77889983978249,862762.2617343434,-0.00010330372024327516,0.0002257559448480606,-2.814487648010254,0.001376360561698675,0.003231567516922951
462,378470400,2.3399999999999986e-05,0.11530062675476074,0.0,0.0,1.0,39.841221151037104,852440.1839754144,-0.0001281080418266356,0.00022392766550183296,-2.8152761459350586,0.0011651488952338696,0.0029466554522514345
463,379289600,2.2799999999999985e-05,0.11576680183410644,0.0,0.0,1.0,39.54753529610177,851476.4486214563,-0.00014710599789395927,0.00022953085135668516,-2.816554069519043,0.0015474215149879455,0.0036970220506191255
464,380108800,2.2199999999999984e-05,0.11542463302612305,0.0,0.0,1.0,39.8617156240851,853806.1944764046,-0.0002183748409152031,0.00022500394843518733,-2.818032455444336,0.0014144500717520713,0.0043935559689998625
465,380928000,2.1599999999999983e-05,0.11604175567626954,0.0,0.0,1.0,39.792774005819595,863247.9173387621,-0.0003038576804101467,0.00022595543414354323,-2.819103240966797,0.001642722077667713,0.0041644290089607235
466,381747200,2.0999999999999982e-05,0.11550612449645996,0.0,0.0,1.0,39.80843004904579,868487.3179262924,-0.00017873307224363088,0.00022699851542711257,-2.8201501846313475,0.001355834398418665,0.0032196048647165298
467,382566400,2.0399999999999984e-05,0.1156892204284668,0.0,0.0,1.0,39.7133526850508,864213.3882410226,-8.811037987470627e-05,0.0002301564207300544,-2.8203128814697265,0.0013080086559057237,0.003334471955895424
468,383385600,1.9799999999999983e-05,0.11553422927856445,0.0,0.0,1.0,39.91924465697277,863176.2780472784,-0.000276376330293715,0.00022663748823106288,-2.8209609985351562,0.0017159642651677133,0.0051992181688547134
469,384204800,1.9199999999999982e-05,0.11568470001220703,0.0,0.0,1.0,39.78465274405051,856203.5998300073,-0.0001428879564628005,0.00022342728916555644,-2.822260093688965,0.0016957415267825128,0.005824707448482513
470,385024000,1.8600000000000015e-05,0.11557809829711914,0.0,0.0,1.0,39.87570731707317,851538.2472505932,-8.976072422228754e-05,0.00022766890469938517,-2.8230342864990234,0.0010777757503092288,0.0022797850891947747
471,385843200,1.8000000000000014e-05,0.11549087524414063,0.0,0.0,1.0,39.86922330097087,854788.2524295449,-0.00010916860774159431,0.00022735183592885732,-2.823382759094238,0.0015716951340436936,0.0038964834064245226
472,386662400,1.7400000000000013e-05,0.11578100204467773,0.0,0.0,1.0,39.826976472307464,864561.7295978973,-0.0002897173399105668,0.0002275400096550584,-2.8243406295776365,0.0015572766773402692,0.0038951423019170763
473,387481600,1.6800000000000012e-05,0.11568899154663086,0.0,0.0,1.0,39.75082412255187,862773.1772834322,-0.0001956560183316469,0.0002263012807816267,-2.8253042221069338,0.0014439557678997516,0.003427612408995628
474,388300800,1.6200000000000014e-05,0.11582456588745117,0.0,0.0,1.0,39.74358601290072,866356.5375383307,-0.00015578707680106164,0.00022770536597818136,-2.825911521911621,0.0012501554563641548,0.002590942196547985
475,389120000,1.5600000000000013e-05,0.11553070068359375,0.0,0.0,1.0,39.820975348859825,869318.8722075121,-0.00016702172579243779,0.00022454161662608386,-2.8265865325927733,0.0014719435013830662,0.003739013895392418
476,389939200,1.5000000000000012e-05,0.1157652473449707,0.0,0.0,1.0,39.740303868744235,867400.7105156522,-0.00012268370483070612,0.00022572914604097606,-2.827060890197754,0.0011340812779963017,0.0019935300573706628
477,390758400,1.4400000000000011e-05,0.11563743591308594,0.0,0.0,1.0,39.75230515383869,865038.8607857452,-0.00011669567320495843,0.00022754813544452191,-2.8273618698120115,0.001306063961237669,0.0027243651449680327
478,391577600,1.3800000000000012e-05,0.11554798126220703,0.0,0.0,1.0,39.774099460405424,870196.7503253624,-0.00024866305757313966,0.0002282242989167571,-2.827607345581055,0.001553362887352705,0.003906494006514549
479,392396800,1.320000000000001e-05,0.11559350967407227,0.0,0.0,1.0,39.86888273314866,865831.0159371252,-0.0001500512473285198,0.00022894742432981728,-2.827939033508301,0.0011809153482317924,0.0021448975428938867
480,393216000,1.260000000000001e-05,0.11551084518432617,0.0,0.0,1.0,39.89704591985961,863180.11435495,-0.00020105151925235986,0.000231900904327631,-2.828404998779297,0.0014062920585274697,0.0031617432832717896
481,394035200,1.2000000000000009e-05,0.11567241668701173,0.0,0.0,1.0,39.906024566192244,871166.9854375673,-0.0001293702982366085,0.00022706561721861363,-2.8289697647094725,0.0012653854675590992,0.001901611313223839
482,394854400,1.140000000000001e-05,0.11556256294250489,0.0,0.0,1.0,39.920341946765106,867840.5426570441,-0.00021973736584186555,0.00022787665948271752,-2.829292869567871,0.0010597138665616513,0.002596679516136646
483,395673600,1.0800000000000008e-05,0.11581342697143554,0.0,0.0,1.0,39.70006803382253,847051.2965689404,-0.0001644607516936958,0.00022673627827316523,-2.82987003326416,0.0010549680329859257,0.0015780027955770493
484,396492800,1.0200000000000007e-05,0.11585290908813477,0.0,0.0,1.0,39.732804488729805,862747.1866928558,-0.0001506371423602104,0.00022936526220291854,-2.830430603027344,0.0010888316668570043,0.0017750244587659836
485,397312000,9.600000000000008e-06,0.1154615592956543,0.0,0.0,1.0,39.793283037235334,856384.3892366786,-0.000199695723131299,0.00022537822369486093,-2.8311187744140627,0.0014092913828790189,0.002010009437799454
486,398131200,9.000000000000007e-06,0.11567266464233399,0.0,0.0,1.0,39.70000970214417,868989.27673243,-0.00011862785322591662,0.00023299255408346654,-2.832001495361328,0.0010219828225672245,0.0015268555842339992
487,398950400,8.400000000000006e-06,0.11555828094482422,0.0,0.0,1.0,39.74800096922704,864181.9759251837,-0.00020798209588974715,0.0002276470186188817,-2.832650566101074,0.0014862189069390296,0.0027434078976511954
488,399769600,7.800000000000007e-06,0.1154962158203125,0.0,0.0,1.0,39.613814452936055,859497.6403899498,-0.0001644456060603261,0.0002261722693219781,-2.8331743240356446,0.0010950271040201186,0.0011979980394244195
489,400588800,7.200000000000006e-06,0.11540620803833007,0.0,0.0,1.0,39.90945820960911,871487.274813868,-0.00018344687996432185,0.00023111389018595218,-2.8337207794189454,0.0011721652001142502,0.002138427458703518
490,401408000,6.600000000000005e-06,0.1157489013671875,0.0,0.0,1.0,39.76118389131489,869654.7953446816,-0.0002502565272152424,0.0002303732093423605,-2.834075164794922,0.0014140150509774686,0.0025468746200203894
491,402227200,6.000000000000004e-06,0.11554006576538085,0.0,0.0,1.0,39.708626291034285,868326.9722687665,-0.00010723751038312911,0.00022810117807239294,-2.8344871520996096,0.0009312772192060948,0.0009776611812412738
492,403046400,5.400000000000004e-06,0.11579916954040527,0.0,0.0,1.0,39.92708841017643,868626.266837876,-0.00021567961666733027,0.00022583482787013053,-2.8349281311035157,0.0013280748389661312,0.0019190674647688866
493,403865600,4.800000000000004e-06,0.11570706367492675,0.0,0.0,1.0,39.73252087784036,875321.6202313466,-0.00020446847192943097,0.00023259129375219345,-2.8354623794555662,0.0012379659339785576,0.0018754880875349045
494,404684800,4.200000000000003e-06,0.11577447891235351,0.0,0.0,1.0,39.79686285936286,858891.0572007586,-0.00011800704523921013,0.00022931569255888463,-2.83581600189209,0.0010599959641695023,0.0008167725056409836
495,405504000,3.600000000000003e-06,0.11578100204467773,0.0,0.0,1.0,39.87265278251963,844449.0049677641,-0.00011390803847461939,0.00023065318819135428,-2.836068534851074,0.0009262813255190849,0.0009613034315407276
496,406323200,3.000000000000002e-06,0.11548236846923828,0.0,0.0,1.0,39.87840396097277,846790.885815757,-0.00012153622228652238,0.0002252468839287758,-2.836215019226074,0.0007976102642714977,0.0008281249552965164
497,407142400,2.400000000000002e-06,0.11583086013793946,0.0,0.0,1.0,39.68191942668991,857993.8910801125,-0.00015137954615056514,0.00022403134498745204,-2.8363842010498046,0.000603999150916934,0.0006413574796169996
498,407961600,1.8000000000000014e-06,0.1153017234802246,0.0,0.0,1.0,39.68654834642615,860490.4150479579,-0.0001691199839115143,0.00023059484083205463,-2.836553955078125,0.0010323119349777699,0.0016282957047224044
499,408780800,1.200000000000001e-06,0.11595668792724609,0.0,0.0,1.0,39.796777950310556,852534.1501237465,-0.00014438616344705223,0.00022808790672570466,-2.836630630493164,0.0009217269718647004,0.0014074706472456456
500,409600000,6.000000000000005e-07,0.11567463874816894,0.0,0.0,1.0,39.65954560868091,850837.1773936684,-6.410750793293119e-05,0.0002292686840519309,-2.8366546630859375,0.00016964128008112311,7.93456973042339e-05
