update,env_steps,lr,reward_per_step,cost_per_step,violation_rate,success_rate,mean_episode_length,steps_per_sec,policy_loss,value_loss,entropy,approx_kl,clip_frac
1,819200,0.0003,0.002784695029258728,0.0,0.0,1.0,101.77358490566037,627555.4340546759,-0.011575866490602493,0.0072662197053432465,1.8252700805664062,0.008560016006231307,0.11319946050643921
2,1638400,0.00029939999999999996,0.005230706930160522,0.0,0.0,1.0,312.01724137931035,874803.8080722026,-0.01259729266166687,0.007618363201618195,1.7950254440307618,0.008491571992635727,0.11296594142913818
3,2457600,0.0002988,0.007316599488258362,0.0,0.0,1.0,494.7559633027523,876052.116256149,-0.01177680492401123,0.010562404245138168,1.7612995147705077,0.00808292031288147,0.10698243379592895
4,3276800,0.0002982,0.009742628931999207,0.0,0.0,1.0,610.4650711513583,870389.8685695858,-0.009607162326574326,0.013520681858062744,1.7356773376464845,0.006634116172790527,0.08394896984100342
5,4096000,0.00029759999999999997,0.016240884065628052,0.0,0.0,0.8387888707037643,628.3379705400982,870918.5469122378,-0.008395404368638993,0.017439565062522887,1.704638671875,0.005773121863603592,0.06948449611663818
6,4915200,0.00029699999999999996,0.023679213523864748,0.0,0.0,0.9984783160030434,204.5437484149125,876648.8636107929,-0.008282911032438278,0.01880674660205841,1.6674129486083984,0.0059380393475294115,0.07165184020996093
7,5734400,0.0002964,0.029943346977233887,0.0,0.0,0.9998196898665705,170.11810313739633,872976.2529643063,-0.007186564803123474,0.01898384690284729,1.6296957015991211,0.005507670342922211,0.06339197754859924
8,6553600,0.0002958,0.03663450479507446,0.0,0.0,1.0,132.8287722446538,870143.9053159856,-0.006692439317703247,0.017483636736869812,1.5941403388977051,0.005464169755578041,0.05904345512390137
9,7372800,0.00029519999999999997,0.04246424674987793,0.0,0.0,1.0,112.26539305537628,880314.433421735,-0.00645107701420784,0.014495918154716491,1.5595247268676757,0.005482868105173111,0.05872706174850464
10,8192000,0.00029459999999999995,0.04794049263000488,0.0,0.0,1.0,97.84830498801507,871822.3607844347,-0.006543706357479096,0.011124136298894883,1.5250841140747071,0.005658005177974701,0.06131725907325745
11,9011200,0.000294,0.053931236267089844,0.0,0.0,1.0,87.56638432493112,860930.3858891011,-0.0067464463412761685,0.007965969294309616,1.4881958961486816,0.00581735298037529,0.06507335305213928
12,9830400,0.0002934,0.05901878356933594,0.0,0.0,1.0,78.4161554192229,880658.4627915574,-0.007331839203834534,0.005370713770389557,1.4485048294067382,0.00636613517999649,0.07544689774513244
13,10649600,0.00029279999999999996,0.063375825881958,0.0,0.0,1.0,72.63289703315881,877271.6590207526,-0.008168359845876693,0.0037563718855381013,1.4072830200195312,0.007042631506919861,0.08806909918785095
14,11468800,0.00029219999999999995,0.06697627067565919,0.0,0.0,1.0,68.42275617207497,872699.884587901,-0.008168773353099823,0.0028430571779608726,1.3623991012573242,0.007415014505386353,0.09453099966049194
15,12288000,0.0002916,0.07028420925140381,0.0,0.0,1.0,65.1887417218543,881476.5310918131,-0.0083385668694973,0.002312891185283661,1.315058422088623,0.007563237100839615,0.09726159572601319
16,13107200,0.00029099999999999997,0.07395482063293457,0.0,0.0,1.0,62.08674353756877,876616.5228922475,-0.007992814481258392,0.002064974047243595,1.2675815582275392,0.007256553322076797,0.09177414774894714
17,13926400,0.00029039999999999996,0.07622154235839844,0.0,0.0,1.0,60.222766844685054,868707.3936313686,-0.007405023276805878,0.0018881727010011673,1.2211054801940917,0.006985221058130264,0.08663158416748047
18,14745600,0.00028979999999999994,0.07836155891418457,0.0,0.0,1.0,58.55989194568849,876928.4742170712,-0.006948984414339066,0.0017376242205500603,1.175905990600586,0.006619247049093247,0.07988964915275573
19,15564800,0.0002892,0.08039419174194336,0.0,0.0,1.0,57.03838145474736,873440.8207647317,-0.006598808616399765,0.0016276100650429726,1.133741569519043,0.006401768326759339,0.07518835067749023
20,16384000,0.00028859999999999997,0.08278742790222168,0.0,0.0,1.0,55.08355614973262,872497.5065538255,-0.006008392944931984,0.0015889996662735938,1.091984462738037,0.0061254814267158505,0.06972814798355102
21,17203200,0.00028799999999999995,0.08431852340698243,0.0,0.0,1.0,54.50525265957447,871435.7127816784,-0.005397085845470428,0.0014767050743103027,1.053530216217041,0.005884502455592156,0.06373766660690308
22,18022400,0.00028739999999999994,0.0860761547088623,0.0,0.0,1.0,53.24588677289805,871041.2768279609,-0.004962671175599098,0.0014719843864440918,1.0175285339355469,0.005432787537574768,0.056625986099243165
23,18841600,0.0002868,0.08710382461547851,0.0,0.0,1.0,52.50915844754707,869536.642362638,-0.004598093032836914,0.0014142556115984916,0.9789698600769043,0.00523638054728508,0.05215209722518921
24,19660800,0.00028619999999999996,0.08848493576049804,0.0,0.0,1.0,51.95515496521189,870279.255027188,-0.004036186262965202,0.001343710906803608,0.9422422409057617,0.004855119809508324,0.04631384015083313
25,20480000,0.00028559999999999995,0.08996025085449219,0.0,0.0,1.0,50.87652486222057,877431.4940007555,-0.003949572145938873,0.0012951778247952462,0.9081565856933593,0.0046170782297849655,0.04140881299972534
26,21299200,0.000285,0.09045065879821777,0.0,0.0,1.0,50.538347627568335,873172.6630024469,-0.003544639050960541,0.001279970444738865,0.876766586303711,0.004313061013817787,0.036551636457443235
27,22118400,0.0002844,0.09102900505065918,0.0,0.0,1.0,50.265484009575836,869442.9232902647,-0.0031839355826377867,0.001219630241394043,0.8467700004577636,0.004137561842799187,0.032755741477012636
28,22937600,0.00028379999999999996,0.09182145118713379,0.0,0.0,1.0,49.90994885533366,876627.6419906687,-0.0031086834147572517,0.0011621767655014992,0.818341064453125,0.00395037978887558,0.03116174340248108
29,23756800,0.00028319999999999994,0.09343442916870118,0.0,0.0,1.0,49.17913126720115,876346.8449780039,-0.002814488485455513,0.001139923371374607,0.7904087543487549,0.0038756601512432098,0.029051634669303893
30,24576000,0.0002826,0.09376194000244141,0.0,0.0,1.0,48.89119016354304,871224.4984694168,-0.002671203576028347,0.0010977546684443952,0.764066505432129,0.0034127268940210343,0.02551159858703613
31,25395200,0.00028199999999999997,0.09458850860595704,0.0,0.0,1.0,48.34040047114252,871699.0517417882,-0.002636011689901352,0.001040656678378582,0.7392674446105957,0.0035803694278001784,0.0252189964056015
32,26214400,0.00028139999999999996,0.09553229331970214,0.0,0.0,1.0,48.189076371332824,879512.9856543498,-0.0025244588032364845,0.0009982940740883351,0.7133299350738526,0.003307468816637993,0.022343017160892487
33,27033600,0.00028079999999999994,0.0959095573425293,0.0,0.0,1.0,47.74362564910438,867111.949151226,-0.002196452207863331,0.0009887089021503926,0.686974287033081,0.0032993458211421967,0.021259397268295288
34,27852800,0.0002802,0.0963259506225586,0.0,0.0,1.0,47.60781804432552,860803.4773548298,-0.0020797401666641235,0.0009622829966247082,0.6621803760528564,0.002745935879647732,0.017527826130390167
35,28672000,0.00027959999999999997,0.09682192802429199,0.0,0.0,1.0,47.38945970907412,880414.3808637147,-0.002054237946867943,0.0009496601298451424,0.638355827331543,0.0028784966096282007,0.0169832780957222
36,29491200,0.00027899999999999995,0.09720229148864747,0.0,0.0,1.0,47.097440605991046,875975.9353679125,-0.0017793715000152589,0.0009093387983739376,0.6160413742065429,0.0025316478684544565,0.014385133981704712
37,30310400,0.0002784,0.09778554916381836,0.0,0.0,1.0,47.105694786947296,872359.2254555296,-0.0018759120255708694,0.0009094744920730591,0.593596076965332,0.0029579678550362585,0.01703747659921646
38,31129600,0.0002778,0.09841142654418945,0.0,0.0,1.0,46.406570958406625,871572.1054972825,-0.0017843009904026986,0.0009108643047511577,0.5740372657775878,0.0023190630599856377,0.012891355156898498
39,31948800,0.0002772,0.0990705680847168,0.0,0.0,0.9999433042295045,46.63136410023812,872324.4267222048,-0.0016621984541416168,0.0008738071657717228,0.5519556999206543,0.0023537853732705115,0.013435424864292144
40,32768000,0.0002766,0.09995509147644042,0.0,0.0,1.0,46.04286035276935,842433.3289162398,-0.0016598260030150414,0.0008563616313040257,0.5306956768035889,0.0022078707814216616,0.012627564370632172
41,33587200,0.000276,0.09971546173095704,0.0,0.0,1.0,45.90479405806887,845368.706248055,-0.0015525253489613532,0.000850608479231596,0.507932710647583,0.0024527452886104585,0.012975098192691803
42,34406400,0.00027539999999999997,0.10003801345825196,0.0,0.0,1.0,45.64917557932264,864811.6340191618,-0.0014780861325562,0.0008212023414671421,0.48521957397460935,0.002549763396382332,0.013636596500873566
43,35225600,0.0002748,0.10056259155273438,0.0,0.0,1.0,45.80240789253665,859521.4996022065,-0.0013027139939367771,0.0008036158047616482,0.4655050754547119,0.002053593844175339,0.01001294031739235
44,36044800,0.0002742,0.1009555721282959,0.0,0.0,1.0,45.429172899008364,867382.268884642,-0.001539349928498268,0.0007792613469064236,0.4461212158203125,0.002284101955592632,0.012100218236446381
45,36864000,0.0002736,0.10109956741333008,0.0,0.0,1.0,45.45887565771255,867611.297973924,-0.001392777543514967,0.0007639168761670589,0.42641267776489256,0.0021167797967791557,0.011170779168605805
46,37683200,0.00027299999999999997,0.10109016418457031,0.0,0.0,1.0,45.26586421122698,872641.1896738751,-0.0014152762480080128,0.0007526007946580648,0.40689597129821775,0.002119676396250725,0.010696899145841599
47,38502400,0.0002724,0.10127554893493652,0.0,0.0,1.0,45.247439233707986,872708.9966166348,-0.0012019123882055283,0.000750989094376564,0.38717875480651853,0.0021717615425586702,0.010542967170476914
48,39321600,0.0002718,0.10152876853942872,0.0,0.0,1.0,45.20867745842969,867955.5306411843,-0.0012892416678369045,0.0007470908109098673,0.36864962577819826,0.002134411409497261,0.010364989191293717
49,40140800,0.0002712,0.10240100860595704,0.0,0.0,0.9999451303155007,45.08713305898491,867007.793913315,-0.0012410154566168785,0.0007116655353456736,0.3505744457244873,0.0022381605580449105,0.010617556422948838
50,40960000,0.00027059999999999996,0.10244312286376953,0.0,0.0,1.0,44.80282383845017,873897.3765720724,-0.0010745362378656864,0.0007041541859507561,0.3312023639678955,0.0019931647926568984,0.009861450642347336
51,41779200,0.00027,0.10271984100341797,0.0,0.0,1.0,44.750504004794855,869981.4876610973,-0.0012971164658665657,0.0006976509466767311,0.31285293102264405,0.002408159151673317,0.011594359576702119
52,42598400,0.0002694,0.10275854110717773,0.0,0.0,1.0,44.55925622094613,872053.4662528232,-0.0011128626763820648,0.0007086803670972586,0.29801919460296633,0.002041124738752842,0.010332762449979781
53,43417600,0.0002688,0.10339838027954101,0.0,0.0,1.0,44.62245450606586,862039.1956294036,-0.0011570031754672527,0.0006813711952418089,0.2827816724777222,0.0024256819859147074,0.011055054515600205
54,44236800,0.00026819999999999996,0.10370365142822266,0.0,0.0,1.0,44.136749824124685,864104.1264765048,-0.0010540418326854706,0.0006738773547112942,0.2681636571884155,0.002143817767500877,0.01018029749393463
55,45056000,0.0002676,0.10368743896484375,0.0,0.0,1.0,44.257216716932355,864838.9846533613,-0.0010710706003010273,0.0006533251609653235,0.2547523736953735,0.002163685671985149,0.010715694725513458
56,45875200,0.000267,0.1041710376739502,0.0,0.0,0.9999462452292641,44.10261785733484,863951.4023054306,-0.0008705644868314266,0.0006419740617275238,0.2379599094390869,0.0017535356804728509,0.008129394054412842
57,46694400,0.00026639999999999997,0.10443301200866699,0.0,0.0,1.0,43.97708938367215,862043.3139356177,-0.001375306397676468,0.0006321802269667387,0.21981220245361327,0.002173342555761337,0.011036499589681625
58,47513600,0.00026579999999999996,0.10434778213500977,0.0,0.0,0.9998926693141569,44.005473864978,874954.7426980663,-0.0010487692430615424,0.0006307238712906837,0.20622437000274657,0.002034594863653183,0.010792481154203415
59,48332800,0.0002652,0.1049528694152832,0.0,0.0,0.9998932023281892,43.84140545736103,866621.2045144731,-0.0009881791658699513,0.0006264113821089268,0.19031922817230223,0.00209468100219965,0.01136462315917015
60,49152000,0.0002646,0.10471261024475098,0.0,0.0,1.0,43.66966195977749,872784.2589244731,-0.0009931660257279872,0.0006207464728504419,0.17423900365829467,0.0020115436986088754,0.01127014085650444
61,49971200,0.00026399999999999997,0.10514459609985352,0.0,0.0,1.0,43.71043501467841,875928.134089863,-0.001031329296529293,0.0006039669271558524,0.1582813858985901,0.0018696602433919906,0.008480589836835861
62,50790400,0.00026339999999999995,0.10587528228759766,0.0,0.0,0.9999472156241752,43.471206122987596,870488.0587079816,-0.0010445184074342252,0.0006111095193773508,0.1403980016708374,0.0020220670849084854,0.010092409700155259
63,51609600,0.0002628,0.10554651260375976,0.0,0.0,0.9998940172751841,43.31916697578295,860579.7229844936,-0.0009963386692106724,0.0005968437064439059,0.12492187023162842,0.0018870150670409203,0.00994543507695198
64,52428800,0.0002622,0.10555902481079102,0.0,0.0,1.0,43.36077764793371,849009.4519191324,-0.0009121737442910671,0.0005947341211140156,0.11059666872024536,0.002113264799118042,0.010742554068565368
65,53248000,0.00026159999999999996,0.10620693206787109,0.0,0.0,0.999893859788781,43.56859311150029,861764.6684128604,-0.0008907406590878963,0.0005840239115059376,0.0977437973022461,0.0019709667190909385,0.009006468206644058
66,54067200,0.000261,0.10629302978515626,0.0,0.0,0.999894336432798,43.355927726120036,856054.9102739758,-0.0008497849106788635,0.000565974647179246,0.08558565974235535,0.002096322365105152,0.009844481945037842
67,54886400,0.0002604,0.10603374481201172,0.0,0.0,0.9999470479216309,43.43897272967964,856381.5367013331,-0.0009424824267625809,0.0005683653987944126,0.07217253446578979,0.00207802951335907,0.0102503664791584
68,55705600,0.00025979999999999997,0.10634414672851562,0.0,0.0,0.9998940677966102,43.27653601694915,862750.2533627009,-0.0008709697052836418,0.0005868032574653625,0.05808226466178894,0.001971433311700821,0.010172118246555329
69,56524800,0.00025919999999999996,0.10606561660766602,0.0,0.0,1.0,43.283173662202934,872713.9539259162,-0.0009707453660666943,0.0005867140367627144,0.047598302364349365,0.0023872541263699532,0.013074950873851776
70,57344000,0.0002586,0.1065208625793457,0.0,0.0,0.9999472518198123,43.05390864015192,872418.5188616633,-0.0008918873965740204,0.0005949448328465224,0.03752127885818481,0.0019557515159249307,0.010889647901058197
71,58163200,0.000258,0.10648662567138673,0.0,0.0,0.9998943978034743,43.140503722477426,870190.8139186694,-0.0009545384906232357,0.000590255344286561,0.024300156533718108,0.00205524992197752,0.010763061046600342
72,58982400,0.00025739999999999997,0.10711139678955078,0.0,0.0,0.9997899931747782,43.087572846117496,877639.9775040084,-0.0007499451283365488,0.0005722124595195055,0.012271511554718017,0.0020796019583940507,0.012104737758636474
73,59801600,0.00025679999999999995,0.10709239959716797,0.0,0.0,0.9998434237995825,42.76529227557411,876022.1051450934,-0.0008828802034258843,0.0005684387870132923,0.00032594203948974607,0.0019532764330506326,0.01039428636431694
74,60620800,0.0002562,0.10756315231323242,0.0,0.0,0.999633527040469,43.14590859117324,868484.7261222552,-0.0009035822935402393,0.0005479182582348585,-0.009815669059753418,0.0020748196169734,0.012786011397838592
75,61440000,0.0002556,0.10785087585449218,0.0,0.0,0.9997921430056121,42.746102681355225,855265.6662364404,-0.0008653167635202408,0.0005284344777464866,-0.01984892934560776,0.0019879521802067756,0.011558108031749725
76,62259200,0.00025499999999999996,0.10798604965209961,0.0,0.0,0.9999480411514081,42.57393744154629,871816.5840690723,-0.0007790092378854752,0.0005289973225444556,-0.032294046878814694,0.0020916944369673727,0.013115598261356354
77,63078400,0.00025439999999999995,0.10773197174072266,0.0,0.0,1.0,42.72329411764706,856512.6018152704,-0.0008467474952340126,0.0005207630340009928,-0.04398063123226166,0.002424783632159233,0.014334473013877868
78,63897600,0.0002538,0.10808971405029297,0.0,0.0,0.9997922293787659,42.579056721379594,872928.5478451473,-0.0010130951181054116,0.0005251477938145399,-0.056329643726348876,0.002274585701525211,0.012429441511631011
79,64716800,0.0002532,0.10828261375427246,0.0,0.0,1.0,42.15746156633366,856026.6436884335,-0.0008206747472286225,0.0005297087132930756,-0.0696679949760437,0.0023211508989334105,0.013870233297348022
80,65536000,0.00025259999999999996,0.1084898567199707,0.0,0.0,0.9996892318848086,42.56378515564303,865811.3771321573,-0.0008860664442181587,0.0005155157297849656,-0.08077622652053833,0.0022898679599165916,0.013136719167232514
81,66355200,0.00025199999999999995,0.10815203666687012,0.0,0.0,1.0,42.469265912158654,870019.0453085544,-0.0010605604387819768,0.0005131127312779426,-0.09078399538993835,0.0022431476041674613,0.01388281285762787
82,67174400,0.0002514,0.10820061683654786,0.0,0.0,0.9999480977837754,42.591892873825714,864780.3735328787,-0.0009368072263896465,0.000512382946908474,-0.09963759779930115,0.0021576637402176855,0.013157103955745698
83,67993600,0.00025079999999999997,0.10876716613769531,0.0,0.0,0.9996909446790976,42.33790048418667,872948.2412042875,-0.0008103560656309127,0.0005016499198973179,-0.11016980409622193,0.002105109207332134,0.011982908844947815
84,68812800,0.00025019999999999996,0.10862826347351075,0.0,0.0,0.9998448971150864,42.37147140936821,869670.1688569178,-0.0010974425822496414,0.0004909467883408069,-0.11943727731704712,0.002602205239236355,0.01609203964471817
85,69632000,0.00024959999999999994,0.10849411010742188,0.0,0.0,1.0,42.278822185292896,860654.7013763165,-0.0009991946630179883,0.00047542303800582884,-0.128538179397583,0.0023118022829294203,0.013556519150733947
86,70451200,0.000249,0.10878023147583007,0.0,0.0,0.9997940691927513,42.362232289950576,862855.0485801408,-0.0009566228836774826,0.0004736849572509527,-0.13786498308181763,0.0022954827174544333,0.013088014721870423
87,71270400,0.0002484,0.10905195236206054,0.0,0.0,0.9998972356386805,42.14217449388552,851844.5389996194,-0.000997271202504635,0.0004743225872516632,-0.14794116020202636,0.002282317355275154,0.014305660128593444
88,72089600,0.0002478,0.10929695129394532,0.0,0.0,0.9998454723395488,42.39507571855362,871129.3415575221,-0.001092158816754818,0.00046196281909942626,-0.16020798683166504,0.002132507786154747,0.013781733810901642
89,72908800,0.0002472,0.10919257164001465,0.0,0.0,0.9999487678672063,41.911470874532505,847732.2963782882,-0.0011674055829644203,0.00045096571557223797,-0.16997827291488649,0.002311556600034237,0.016524659097194673
90,73728000,0.0002466,0.10938547134399414,0.0,0.0,0.9999487153187343,42.02574490999538,847655.0632414989,-0.0010086297988891602,0.0004363220650702715,-0.17905160188674926,0.002343975193798542,0.014754517376422882
91,74547200,0.000246,0.10986363410949707,0.0,0.0,0.9999488124488124,41.819307944307944,852065.9774539862,-0.001013870071619749,0.00044523747637867925,-0.1901545524597168,0.0022280309349298477,0.014042600989341736
92,75366400,0.0002454,0.11011563301086426,0.0,0.0,0.9998975514803811,42.17995082471058,862193.1020057796,-0.0010600751265883446,0.0004404345992952585,-0.19781086444854737,0.002177942730486393,0.0133634015917778
93,76185600,0.0002448,0.11022207260131836,0.0,0.0,0.9998983584896072,41.71758906337348,869026.740387084,-0.0009361405856907368,0.0004248357843607664,-0.2062312364578247,0.002199658006429672,0.014343379437923432
94,77004800,0.00024419999999999997,0.10979697227478027,0.0,0.0,1.0,41.6819156540386,864446.2500201684,-0.001046131271868944,0.0004417455289512873,-0.21466331481933593,0.0020538773387670517,0.013318115472793579
95,77824000,0.00024359999999999999,0.11020052909851075,0.0,0.0,0.9999487862337396,41.934343951654206,860733.6421875915,-0.001063320506364107,0.00044269738718867303,-0.2185962677001953,0.001973600871860981,0.012187010049819947
96,78643200,0.000243,0.11062938690185548,0.0,0.0,1.0,41.40085028849074,877988.4262763348,-0.0010210435837507247,0.0004429348744452,-0.22157659530639648,0.0024090858176350595,0.01686987429857254
97,79462400,0.00024239999999999998,0.11065196990966797,0.0,0.0,0.9999490367954337,41.70222199571909,874947.4798977863,-0.0011635844595730305,0.0004449615254998207,-0.22348356246948242,0.0020617607980966566,0.013664186000823975
98,80281600,0.0002418,0.11097567558288574,0.0,0.0,0.9999492437316009,41.5655770987717,872796.3817477461,-0.0015586397610604763,0.00045351269654929637,-0.22665960788726808,0.0023744845762848853,0.016095700860023498
99,81100800,0.00024119999999999998,0.11089646339416503,0.0,0.0,0.9997972219405861,41.6683057893136,879488.1652587419,-0.0016824880614876748,0.0004739393014460802,-0.23261213302612305,0.002736959233880043,0.021599727869033813
100,81920000,0.0002406,0.11210216522216797,0.0,0.0,0.9999000649577774,41.09169040123919,859489.9630079838,-0.0022223172709345818,0.0004966674372553825,-0.23993067741394042,0.0024619577452540398,0.018200929462909698
101,82739200,0.00023999999999999998,0.11251266479492188,0.0,0.0,1.0,41.0092939589267,858821.2862897423,-0.0028975458815693857,0.0005456619895994663,-0.25008459091186525,0.002357650175690651,0.017869873344898222
102,83558400,0.0002394,0.11390950202941895,0.0,0.0,1.0,40.548668639053254,857891.9054676455,-0.0027968229725956915,0.0005220056511461735,-0.25966649055480956,0.0025615112856030462,0.017924681305885315
103,84377600,0.0002388,0.11513804435729981,0.0,0.0,0.9999511432479968,40.1813074066836,862469.742039195,-0.0027326012030243875,0.000512883486226201,-0.26677579879760743,0.002249937690794468,0.015735231339931488
104,85196800,0.0002382,0.11569843292236329,0.0,0.0,0.999951425656968,39.88405304318259,866171.8746829837,-0.0022742174565792083,0.0004637553822249174,-0.27329649925231936,0.002239072136580944,0.015039795637130737
105,86016000,0.0002376,0.11676000595092774,0.0,0.0,1.0,39.41338582677165,861555.510319494,-0.0018618099391460418,0.0004370487295091152,-0.2829550266265869,0.002139684744179249,0.013929200172424317
106,86835200,0.000237,0.11701214790344239,0.0,0.0,1.0,39.479297365119194,866260.9625242505,-0.0017512748017907143,0.0004153131041675806,-0.2936119556427002,0.0020123086869716644,0.012500856816768647
107,87654400,0.0002364,0.11714553833007812,0.0,0.0,0.9999521393701541,39.28328706805782,873728.8506167318,-0.0016507845371961593,0.0003904182696714997,-0.30218844413757323,0.002105344831943512,0.014208860695362091
108,88473600,0.00023579999999999999,0.11750324249267578,0.0,0.0,1.0,39.146882924261995,846295.8604932666,-0.0014639650471508503,0.00038640848360955716,-0.31395950317382815,0.002069653943181038,0.012706543505191802
109,89292800,0.0002352,0.11782037734985351,0.0,0.0,1.0,39.07777141220281,868246.9856553421,-0.0015013564378023147,0.0003822709433734417,-0.32379674911499023,0.0022178290411829947,0.013377197086811066
110,90112000,0.00023459999999999998,0.11798206329345703,0.0,0.0,0.9999044981377136,39.1210486104479,867861.6759796801,-0.0012462728656828404,0.00037806029431521895,-0.33304200172424314,0.002035627327859402,0.012597167491912841
111,90931200,0.000234,0.1184365463256836,0.0,0.0,1.0,38.932126911750736,848443.9199279931,-0.0010594396851956844,0.0003760813735425472,-0.3450122117996216,0.0021012725308537485,0.011191528290510178
112,91750400,0.00023339999999999998,0.11821847915649414,0.0,0.0,0.9999049745807004,38.97477075117594,858578.29236712,-0.0010149630717933178,0.00038131840992718937,-0.3577162027359009,0.002058836817741394,0.01149023324251175
113,92569600,0.0002328,0.11843198776245117,0.0,0.0,0.9999525030872993,38.799040562363444,845979.2874686648,-0.0010188307613134384,0.0003911420702934265,-0.37172579765319824,0.0021098367869853973,0.01157262921333313
114,93388800,0.00023219999999999998,0.11851799964904786,0.0,0.0,1.0,38.77089076908452,858690.0826940092,-0.0007296286523342133,0.0003876274451613426,-0.38327846527099607,0.0019483413547277451,0.010227782279253006
115,94208000,0.0002316,0.11873006820678711,0.0,0.0,0.9998109998109999,38.8982233982234,865826.9382774321,-0.0009305619634687901,0.00036611079704016445,-0.39279158115386964,0.00216764397919178,0.013246706128120423
116,95027200,0.00023099999999999998,0.11899332046508788,0.0,0.0,0.9999053388867853,38.7777357061719,863601.4120004739,-0.0007315067574381829,0.0003786314511671662,-0.4044053077697754,0.002056540548801422,0.011812987178564072
117,95846400,0.0002304,0.11873872756958008,0.0,0.0,0.9998580284889499,38.70332686574228,872913.2858809765,-0.0006260677240788936,0.0004025763366371393,-0.4176801681518555,0.002174312435090542,0.012273682653903962
118,96665600,0.00022979999999999997,0.11885074615478515,0.0,0.0,0.9999052357261312,38.6820184790334,858932.1843703766,-0.0006588337477296591,0.00040985890664160254,-0.42898874282836913,0.001987685076892376,0.009871460497379303
119,97484800,0.0002292,0.11852200508117676,0.0,0.0,0.9999524285238571,38.721802007516295,879993.096469941,-0.0007100960705429315,0.0004202286712825298,-0.4371620178222656,0.0019702529534697533,0.00991869941353798
120,98304000,0.00022859999999999997,0.1182625961303711,0.0,0.0,0.9998574144486692,38.85584600760456,877070.4267224818,-0.000776259507983923,0.00044588977470993996,-0.44669408798217775,0.0019173908978700638,0.010160033404827119
121,99123200,0.00022799999999999999,0.11880208015441894,0.0,0.0,0.9998107941913816,38.71822524951516,872404.2148284105,-0.0006998130585998297,0.0004309016279876232,-0.45540552139282225,0.001852053962647915,0.009413085132837295
122,99942400,0.00022739999999999997,0.11826450347900391,0.0,0.0,0.9993832724512548,39.093078419279855,880879.2667405391,-0.000700685428455472,0.00044556809589266775,-0.46621031761169435,0.001907380297780037,0.00951867550611496
123,100761600,0.00022679999999999998,0.11872090339660644,0.0,0.0,0.999810641923878,38.75601211891687,856951.1247830131,-0.000535407243296504,0.00044543822295963766,-0.4778176784515381,0.002000506967306137,0.010014159977436066
124,101580800,0.00022619999999999997,0.11861784934997559,0.0,0.0,0.9998581962563812,38.593306863301194,870383.102938736,-0.000587820541113615,0.00045606689527630804,-0.48914809226989747,0.0020266139879822733,0.010864377766847611
125,102400000,0.00022559999999999998,0.11863347053527833,0.0,0.0,0.9995735203525565,38.89063166374449,852653.2119339705,-0.00044593955390155316,0.0004653066396713257,-0.49959707260131836,0.002136644534766674,0.012924069166183471
126,103219200,0.000225,0.11852272033691406,0.0,0.0,0.9998105432671813,38.68867522379576,855012.3889650095,-0.0005918697454035283,0.0004736447706818581,-0.510624361038208,0.001971721649169922,0.008797241002321243
127,104038400,0.00022439999999999998,0.11896366119384766,0.0,0.0,0.9996685762984707,38.886984517778515,869803.4660775987,-0.0005224046763032675,0.00048156101256608964,-0.521981143951416,0.0020062746480107307,0.008702759444713593
128,104857600,0.0002238,0.118221435546875,0.0,0.0,0.9996684978215571,38.87009850350445,851364.3945006274,-0.00043011922389268875,0.0005007936619222164,-0.530980110168457,0.0017928080633282661,0.007981444895267486
129,105676800,0.00022319999999999998,0.11830145835876466,0.0,0.0,0.9998095147387971,38.74374970236678,864843.1880017628,-0.0004376316908746958,0.0004934465512633323,-0.5399533748626709,0.0017706841230392457,0.007938355207443237
130,106496000,0.0002226,0.11830503463745118,0.0,0.0,0.9998105612124082,38.618091404215015,870095.3090163658,-0.0004819631576538086,0.0005032196175307035,-0.5499906063079834,0.0018757181242108345,0.008184567838907243
131,107315200,0.00022199999999999998,0.11812817573547363,0.0,0.0,0.9995733788395904,38.908703071672356,864518.7598471943,-0.0005583000369369983,0.000508953956887126,-0.561109209060669,0.002105921134352684,0.009614378213882446
132,108134400,0.0002214,0.11823808670043945,0.0,0.0,0.9996195186911443,38.84799771711214,866787.8171353672,-0.0002122363308444619,0.0005419674795120955,-0.5712522983551025,0.0024249318987131117,0.017023439705371856
133,108953600,0.00022079999999999997,0.11823867797851563,0.0,0.0,0.9994770123139828,39.14548566538297,864326.7273421609,-0.00048392866738140584,0.0005563759244978428,-0.5809916496276856,0.0020756784826517103,0.009250854700803756
134,109772800,0.00022019999999999999,0.11791620254516602,0.0,0.0,0.9998091056600171,38.798176959053166,872694.11788357,-0.0005040581338107586,0.0005612624809145927,-0.5919617652893067,0.0021249596029520035,0.009658569842576981
135,110592000,0.00021959999999999997,0.1179032039642334,0.0,0.0,0.9996671263493271,38.89034190879262,858402.3816783866,-0.0005328237544745207,0.0005652003455907106,-0.6015789985656739,0.002037505432963371,0.009148315340280534
136,111411200,0.00021899999999999998,0.11793897628784179,0.0,0.0,0.9995242399733575,39.02849802559589,865332.6104171672,-0.00040998123586177826,0.0005551132839173078,-0.6090076923370361,0.0018564404919743538,0.009037840366363525
137,112230400,0.00021839999999999997,0.11791423797607421,0.0,0.0,0.9996180107911952,38.972019290455044,865877.4787852042,-0.00043765236623585226,0.0005706002470105886,-0.6185480117797851,0.001698981411755085,0.007863646745681763
138,113049600,0.00021779999999999998,0.1181036376953125,0.0,0.0,0.999428843407901,39.13231794383627,860899.0205086978,-0.0004409575834870338,0.0005644106771796942,-0.6298638820648194,0.001853961870074272,0.007763548940420151
139,113868800,0.00021719999999999997,0.11815217971801757,0.0,0.0,0.9995721213273747,38.991680136921175,874126.0063737412,-0.0004073681775480509,0.0005551150534301996,-0.6401265621185303,0.0018133362755179405,0.008248168230056762
140,114688000,0.00021659999999999998,0.11796281814575195,0.0,0.0,0.999476265295434,39.13117173737085,871465.6550223844,-0.00033713201992213726,0.0005638827104121446,-0.6531153202056885,0.0021264094859361647,0.010494261234998702
141,115507200,0.00021599999999999996,0.11834890365600587,0.0,0.0,0.9995728726685966,38.87936025817474,877684.269194596,-0.0004116100259125233,0.0005509106442332268,-0.6604113101959228,0.001719086989760399,0.007229003310203552
142,116326400,0.00021539999999999998,0.11799498558044434,0.0,0.0,0.9995699335786304,39.02532613370287,877104.11940843,-0.00047813691198825834,0.0005624689161777497,-0.6684981346130371,0.0018819257616996764,0.008790526539087296
143,117145600,0.00021479999999999996,0.11822244644165039,0.0,0.0,0.9996193557596231,38.998667745158684,873026.7349849279,-0.00037660670932382345,0.0005719249136745929,-0.6782281398773193,0.0019015807658433915,0.009607420861721038
144,117964800,0.00021419999999999998,0.1180694580078125,0.0,0.0,0.9996187208083119,38.93761319226003,878976.863424959,-0.0003285973332822323,0.0005461946129798889,-0.6882829189300537,0.002006964385509491,0.009022461622953415
145,118784000,0.00021359999999999996,0.1184461784362793,0.0,0.0,0.9995719178082192,39.032724505327245,870692.7842586118,-0.0004805299919098616,0.0005495012272149324,-0.6993380546569824,0.0017773447558283805,0.007598144561052322
146,119603200,0.00021299999999999997,0.11820076942443848,0.0,0.0,0.9995257066970215,39.03552456839309,868193.810539791,-0.0003781644394621253,0.0005496806465089321,-0.709367322921753,0.0017938455566763878,0.007519530504941941
147,120422400,0.00021239999999999996,0.11842357635498046,0.0,0.0,0.9995740653099858,38.71026975863701,861584.936939571,-0.0003588418010622263,0.000534029770642519,-0.7180304527282715,0.0017606981098651886,0.007892334461212158
148,121241600,0.00021179999999999997,0.11819629669189453,0.0,0.0,0.9995738838123195,38.87041333270205,858156.4183321126,-0.00044349231757223606,0.0005487230140715837,-0.7272046089172364,0.001823713816702366,0.00815148800611496
149,122060800,0.00021119999999999996,0.11822729110717774,0.0,0.0,0.9996195729706596,38.87612344857102,866276.1714890045,-0.0004314775578677654,0.0005207548383623362,-0.7388165473937989,0.0019203949719667434,0.008282958716154098
150,122880000,0.00021059999999999997,0.11828117370605469,0.0,0.0,0.9996669362896703,39.0271684826569,861740.0863647482,-0.0003420388326048851,0.0005411917809396982,-0.7472270488739013,0.001717367209494114,0.006884765625
151,123699200,0.00020999999999999998,0.11772506713867187,0.0,0.0,0.9996183023999237,39.034257359606855,855722.3310612359,-0.0004052145406603813,0.0005575296934694051,-0.7570994377136231,0.0018602609634399414,0.009178954362869262
152,124518400,0.00020939999999999997,0.1180375099182129,0.0,0.0,0.9997140133460438,38.84223069590086,869711.3009785915,-0.000400366960093379,0.0005446590017527342,-0.7666967868804931,0.002000706270337105,0.010303710401058198
153,125337600,0.00020879999999999998,0.11788509368896484,0.0,0.0,0.9994294679788903,38.99947701231398,867464.5072179422,-0.0004241765476763248,0.0005455512553453445,-0.7772823333740234,0.0017841022461652755,0.00772424265742302
154,126156800,0.00020819999999999996,0.11743929862976074,0.0,0.0,0.9997138906108436,38.883362739020555,861576.9393009887,-0.00016240597469732165,0.0005454269703477621,-0.7909624576568604,0.001960748620331287,0.010010739415884018
155,126976000,0.00020759999999999998,0.11809309959411621,0.0,0.0,0.9995244662133245,39.17666080174997,864697.0807321065,-0.0004115072079002857,0.0005484369583427906,-0.8007818222045898,0.0016597189009189607,0.006824219226837158
156,127795200,0.00020699999999999996,0.1178359317779541,0.0,0.0,0.9997145982971032,38.9145221899824,871772.3231572486,-0.00030218949541449547,0.0005312495399266481,-0.8119183540344238,0.0016364486888051032,0.007343629002571106
157,128614400,0.00020639999999999998,0.11814777374267578,0.0,0.0,0.9993342526986543,39.12206952303961,867592.938951656,-0.0003200122620910406,0.0005208366550505161,-0.8273408889770508,0.0019244177266955376,0.008906128257513047
158,129433600,0.00020579999999999996,0.1185083770751953,0.0,0.0,0.9997149643705463,38.800902612826604,863252.3055979593,-0.00035089903976768253,0.0005104686599224806,-0.8380912780761719,0.0017662979662418365,0.0073898911476135256
159,130252800,0.00020519999999999997,0.11735779762268067,0.0,0.0,0.999474865135819,39.029980426791425,873450.375001032,-0.0003108663018792868,0.0005775827914476395,-0.8481164932250976,0.0016685802489519118,0.007657957077026367
160,131072000,0.00020459999999999996,0.11751279830932618,0.0,0.0,0.9996656476881925,39.02197172334734,877612.9368345093,-0.00031918052118271587,0.0005586566403508186,-0.8590222358703613,0.0018885565921664238,0.00851123034954071
161,131891200,0.00020399999999999997,0.1175227165222168,0.0,0.0,0.9996192289386007,38.93046168491195,873885.652903305,-0.00020037991926074027,0.0005558086093515157,-0.8670534133911133,0.0020514920353889464,0.011536618322134018
162,132710400,0.00020339999999999996,0.11780096054077148,0.0,0.0,0.9995704467353952,39.07483772432226,873756.3689481575,-0.0003222390078008175,0.0005557091906666755,-0.8769499778747558,0.0019398575648665428,0.009318359196186066
163,133529600,0.00020279999999999997,0.11756896018981934,0.0,0.0,0.9995213707940459,39.09505576030249,878692.5381317224,-0.00032029072754085063,0.0005456810351461173,-0.8862158775329589,0.0017120983451604844,0.006973143666982651
164,134348800,0.00020219999999999995,0.11708033561706543,0.0,0.0,0.9992326139088729,39.360911270983216,874585.9429403336,-0.00034905059728771446,0.0005638597998768091,-0.8979367256164551,0.0017462875694036484,0.008212646096944809
165,135168000,0.00020159999999999997,0.1172123146057129,0.0,0.0,0.999472497961924,39.267395578573826,873743.2697241541,-0.00033728769049048426,0.0005647872574627399,-0.9131165504455566,0.00181672815233469,0.0068267837166786196
166,135987200,0.00020099999999999995,0.11706291198730469,0.0,0.0,0.9995207055214724,39.096913343558285,872220.0640432609,-0.0001510716276243329,0.0005540690384805202,-0.9242897987365722,0.0018655914813280106,0.009097534418106078
167,136806400,0.00020039999999999997,0.11751306533813477,0.0,0.0,0.9995209810308489,39.1555853611803,872940.519388777,-0.0002889942144975066,0.0005613029934465885,-0.9366360664367676,0.0019201023504137992,0.008622192591428757
168,137625600,0.00019979999999999995,0.11719043731689453,0.0,0.0,0.9993288590604027,39.4284276126558,865225.9514778947,-0.00018305927515029907,0.000575161911547184,-0.9451593399047852,0.002027902938425541,0.010131590813398362
169,138444800,0.00019919999999999996,0.11709955215454101,0.0,0.0,0.9993761696818465,39.235951821104656,873906.3412788411,-0.00032884429674595594,0.0005661851260811091,-0.9535223007202148,0.0017932454124093057,0.007049804180860519
170,139264000,0.00019859999999999995,0.1168598747253418,0.0,0.0,0.9992791580566102,39.40732375414484,869425.9946314264,-0.000334289507009089,0.0005612960085272789,-0.9652986526489258,0.0017840482294559478,0.008229736983776093
171,140083200,0.00019799999999999996,0.11716741561889649,0.0,0.0,0.9994262491035142,39.218168778388716,854646.2131847068,-0.0002921635983511806,0.000573622016236186,-0.9738876342773437,0.0018341250717639924,0.008866821974515915
172,140902400,0.00019739999999999995,0.1172558879852295,0.0,0.0,0.9994272623138603,39.36053837342497,862608.1237737149,-0.00020060702227056026,0.0005670465528964996,-0.9831957817077637,0.0018412366509437561,0.008209840208292008
173,141721600,0.00019679999999999999,0.11745058059692383,0.0,0.0,0.9993750300466324,39.34113744531513,872123.857699392,-0.00029829510021954774,0.0005506842862814665,-0.9950650215148926,0.0019211463630199432,0.009324218332767486
174,142540800,0.0001962,0.11716395378112793,0.0,0.0,0.9996655678180689,39.07634608953227,869721.0706926169,-0.0003399277338758111,0.0005692465230822564,-1.0074624061584472,0.0019880121573805807,0.009759766608476638
175,143360000,0.00019559999999999998,0.11722768783569336,0.0,0.0,0.9994718140785557,39.34394506866417,866442.8509540099,-0.00021214797161519527,0.0005229569505900145,-1.0181865692138672,0.0018606366589665412,0.007339111715555191
176,144179200,0.000195,0.11753952026367187,0.0,0.0,0.9994727760736196,39.17038918711656,868995.1109058001,-0.00036087979096919296,0.000516519183292985,-1.0274188041687011,0.0017843663692474366,0.008115356415510177
177,144998400,0.00019439999999999998,0.11747288703918457,0.0,0.0,0.999330655957162,39.340935169248425,867935.1397555824,-0.0003897025249898434,0.0005369716323912144,-1.0380400657653808,0.0018535120412707328,0.008606079220771789
178,145817600,0.0001938,0.11708709716796875,0.0,0.0,0.999568862275449,39.031137724550895,867649.9194091363,-0.000308650266379118,0.0005155613180249929,-1.050069808959961,0.0020905401557683944,0.010985595732927322
179,146636800,0.00019319999999999998,0.11744915008544922,0.0,0.0,0.9994745390274196,39.12291009840451,866302.689544835,-0.0003195925150066614,0.0005040928721427917,-1.0631012916564941,0.001596502959728241,0.007025515288114547
180,147456000,0.0001926,0.1177549934387207,0.0,0.0,0.9994253974334418,39.29333461022792,875917.1725058161,-0.0002641619183123112,0.0004907234571874142,-1.0730137825012207,0.0017692437395453453,0.008808837831020355
181,148275200,0.00019199999999999998,0.11768738746643066,0.0,0.0,0.9993791489564927,39.23592339653278,872050.7573706757,-0.0001742818974889815,0.0004959851037710905,-1.0812864303588867,0.0023102039471268655,0.013926145434379578
182,149094400,0.0001914,0.11719341278076172,0.0,0.0,0.9993791786055396,39.1761700095511,871119.6104904131,-0.0002513559302315116,0.000519088376313448,-1.0886190414428711,0.0019950298592448235,0.010358397662639619
183,149913600,0.00019079999999999998,0.11744263648986816,0.0,0.0,0.9994747899159664,39.139085179526354,876986.5924754955,-0.00035948408767580984,0.0005175856407731771,-1.0979065895080566,0.002035016380250454,0.009772460907697678
184,150732800,0.0001902,0.11744513511657714,0.0,0.0,0.999570282658518,39.03117838044309,876291.4592374357,-0.0002846989082172513,0.0004932814743369817,-1.108095932006836,0.001982990466058254,0.00871899276971817
185,151552000,0.00018959999999999997,0.11771275520324707,0.0,0.0,0.9994755911517925,39.14449847444698,873910.5073329874,-0.0003018667921423912,0.0004969972185790538,-1.1165645599365235,0.0021021006628870963,0.012014282494783401
186,152371200,0.00018899999999999999,0.11735316276550294,0.0,0.0,0.9995202686495562,39.20546893739506,876681.8391020217,-0.00034240761306136847,0.00048166075721383094,-1.1239999771118163,0.0019534256309270857,0.009370239078998565
187,153190400,0.00018839999999999997,0.11736850738525391,0.0,0.0,0.9993290520463912,39.33001054346784,878722.5128156361,-0.0002273492980748415,0.0004890460520982742,-1.1314557075500489,0.001990818232297897,0.010894406586885452
188,154009600,0.00018779999999999998,0.1177719497680664,0.0,0.0,0.999569254331387,39.20225902172873,868071.8028585612,-0.0002866385970264673,0.0004700434859842062,-1.1421116828918456,0.0019483990967273713,0.009050535410642624
189,154828800,0.0001872,0.11744852066040039,0.0,0.0,0.9995220342223496,39.14061753178473,868883.4572708656,-0.0004227038472890854,0.00048745502717792986,-1.1533008575439454,0.0019552364945411684,0.009012206643819808
190,155648000,0.00018659999999999998,0.11732646942138672,0.0,0.0,0.9995696045143704,39.143656448759025,874088.0320758177,-0.0003387798322364688,0.0004951553419232368,-1.1627823829650878,0.0018470985814929008,0.008665771037340165
191,156467200,0.000186,0.11748136520385742,0.0,0.0,0.9995688416211556,39.15478585800518,870540.8020779632,-0.00018619379261508584,0.0004932567942887544,-1.1739186286926269,0.002432279102504253,0.015004763007164001
192,157286400,0.00018539999999999998,0.11733821868896484,0.0,0.0,0.9994246260069045,39.32331223628692,867855.5085179588,-0.00033851200714707375,0.0004896829370409251,-1.1887125015258788,0.0018359426409006118,0.009224608540534973
193,158105600,0.0001848,0.11747421264648437,0.0,0.0,0.9996166930190216,39.02759810263044,877157.4834646457,-0.00027185601647943257,0.00047008362598717214,-1.2035537719726563,0.0019474510103464127,0.009992188960313796
194,158924800,0.00018419999999999998,0.1172078514099121,0.0,0.0,0.9992349988046856,39.507100167344014,860436.5335260157,-0.0002542332746088505,0.0004904717672616244,-1.2171606063842773,0.0019029438495635985,0.008940673619508743
195,159744000,0.0001836,0.11749052047729493,0.0,0.0,0.9995695633459276,39.03419580085131,849913.3148515344,-0.00022806350607424976,0.00046044490300118924,-1.2310123443603516,0.0016055705025792121,0.006492919474840164
196,160563200,0.00018299999999999998,0.11731223106384277,0.0,0.0,0.9995674532609218,39.103138366895756,853219.667550236,-3.7318962858989836e-05,0.0005626928992569447,-1.242482566833496,0.0024782732129096986,0.017854490876197816
197,161382400,0.0001824,0.11717628479003907,0.0,0.0,0.9993782284293093,39.38248517313947,866504.7955801537,-0.000285355350933969,0.0004911097697913646,-1.2533790588378906,0.0020817901939153673,0.010365846008062363
198,162201600,0.00018179999999999997,0.11712026596069336,0.0,0.0,0.999425644952855,39.25616235102666,869343.3459656656,-0.00034474064595997335,0.0004920954816043377,-1.263313102722168,0.0018027948215603828,0.008535889536142349
199,163020800,0.00018119999999999999,0.11759617805480957,0.0,0.0,0.9994277266440936,39.06137631742096,867017.693987353,-0.00021896015387028455,0.0004674313124269247,-1.2728728294372558,0.0021102583035826684,0.012046631425619125
200,163840000,0.00018059999999999997,0.11772223472595215,0.0,0.0,0.999521553992632,39.36093966795847,858097.8717110427,-0.00018540273886173962,0.0004563399124890566,-1.2849224090576172,0.001646212488412857,0.006897825747728348
201,164659200,0.00017999999999999998,0.11745914459228515,0.0,0.0,0.9995686142932464,39.15036188467622,876461.4971082815,-0.00034477319568395617,0.00046288426965475083,-1.292419147491455,0.0015710543841123581,0.006843140721321106
202,165478400,0.00017939999999999997,0.11743934631347656,0.0,0.0,0.9994745390274196,39.03563580777682,875362.7758054389,-0.00023957416415214537,0.00044788187369704247,-1.3000011444091797,0.0020718138664960863,0.010859616845846177
203,166297600,0.00017879999999999998,0.1171865177154541,0.0,0.0,0.999474614319148,39.04527869322253,871880.587592385,-0.0002470343839377165,0.0004665713291615248,-1.3090049743652343,0.0017648126929998397,0.0074053950607776645
204,167116800,0.00017819999999999997,0.11718733787536621,0.0,0.0,0.9992338632445892,39.45101513120092,877921.103177005,-0.0002509003272280097,0.00045345593243837354,-1.3178956031799316,0.0018384676426649094,0.008619873970746993
205,167936000,0.0001776,0.11746258735656738,0.0,0.0,0.9994741873804971,39.093929254302104,852724.8082859076,-0.00020367898978292942,0.00045298393815755843,-1.3286931991577149,0.001887519285082817,0.008141112327575684
206,168755200,0.00017700000000000002,0.11756404876708984,0.0,0.0,0.9995686349693251,39.3229486196319,855642.5093235163,-0.0003502174746245146,0.00046523865312337876,-1.3400031089782716,0.0017970180138945579,0.008382202684879303
207,169574400,0.0001764,0.11813233375549316,0.0,0.0,0.9993796230016703,39.230637079455974,860554.4057265389,-0.0002674717688933015,0.000433675292879343,-1.3510969161987305,0.0020415494218468666,0.009693359583616256
208,170393600,0.00017580000000000002,0.11803716659545899,0.0,0.0,0.9994304968914622,39.012529068387835,873697.2897183544,-0.00018866944592446088,0.0004433806985616684,-1.3626744270324707,0.0019330855458974839,0.00903576761484146
209,171212800,0.0001752,0.11782317161560059,0.0,0.0,0.9995242399733575,39.001950616109234,864222.7397613466,-0.00022259305696934462,0.00044163367711007594,-1.3739577293395997,0.0018390029668807983,0.007954102009534836
210,172032000,0.00017460000000000002,0.11775234222412109,0.0,0.0,0.9997136448241302,38.88206939340429,864715.3545905773,-0.0002449324587360024,0.00044392398558557034,-1.379985237121582,0.001851557195186615,0.009519530832767487
211,172851200,0.000174,0.1172754192352295,0.0,0.0,0.9996174445294568,38.87973412394797,853635.2418466537,-0.0002762335119768977,0.0004564207047224045,-1.3845725059509277,0.002056371234357357,0.010990965366363525
212,173670400,0.0001734,0.11699840545654297,0.0,0.0,0.9996637686728469,38.94870070608579,855270.9433677492,-0.0001695543294772506,0.0004456989001482725,-1.3934514045715332,0.002023216150701046,0.009276734292507171
213,174489600,0.0001728,0.11708577156066895,0.0,0.0,0.999137848452917,39.37230577641537,858694.0737082795,-0.00027620445471256974,0.0004399336874485016,-1.4040502548217773,0.002115706354379654,0.011221802234649659
214,175308800,0.0001722,0.11718491554260253,0.0,0.0,0.9993301755896847,39.09760298550309,858810.0975830643,-0.00017976623494178056,0.0004257194232195616,-1.4141630172729491,0.0020921936258673666,0.011189573258161545
215,176128000,0.0001716,0.11717878341674805,0.0,0.0,0.9992818843355037,39.31989659134431,845926.1396916499,-0.00019604705739766358,0.0004355135839432478,-1.4207698822021484,0.001758653298020363,0.007389527559280395
216,176947200,0.000171,0.11717550277709961,0.0,0.0,0.9989923224568138,39.663579654510556,839903.6881290079,-0.00023979567922651767,0.0004618616309016943,-1.4276345252990723,0.001930653676390648,0.00999133512377739
217,177766400,0.0001704,0.11735238075256348,0.0,0.0,0.999279815632802,39.30535817169196,830028.020215633,-0.0001012741238810122,0.000446148868650198,-1.4375381469726562,0.0019585218280553816,0.010698119550943375
218,178585600,0.0001698,0.11691822052001953,0.0,0.0,0.9994718901531519,39.09779634163906,849199.1031689213,-0.00023214395623654126,0.0004301220178604126,-1.449544334411621,0.001968449540436268,0.009363769739866256
219,179404800,0.0001692,0.11700263977050782,0.0,0.0,0.9994712555277832,39.22048644491444,861449.1598895648,-0.00022148767020553352,0.0004356200806796551,-1.46328763961792,0.0018576880916953086,0.009034666419029235
220,180224000,0.0001686,0.11695472717285156,0.0,0.0,0.9992781868052548,39.38626630094798,858402.700216496,-0.00020314725115895272,0.0004515925887972116,-1.4746000289916992,0.002110491693019867,0.013289183378219604
221,181043200,0.000168,0.1168545913696289,0.0,0.0,0.9992784645726105,39.35980566645822,855171.6245536866,-0.00018712986493483186,0.0004472886212170124,-1.483510971069336,0.002111491188406944,0.010822020471096039
222,181862400,0.0001674,0.11734759330749511,0.0,0.0,0.9989426127078728,39.69984619821206,853786.3210666652,-0.00025380931328982114,0.0004171605221927166,-1.4902249336242677,0.0017784923315048219,0.00716247484087944
223,182681600,0.0001668,0.11713617324829101,0.0,0.0,0.9992806445424899,39.35608095146748,858803.2066134599,-0.0003179194638505578,0.0004163210280239582,-1.4980204582214356,0.0020557280629873277,0.01034863144159317
224,183500800,0.0001662,0.11720297813415527,0.0,0.0,0.9995203146735742,39.011800259030075,873738.4825407355,-0.00019880267791450024,0.0004313893150538206,-1.504140567779541,0.0019130777567625047,0.010553710907697678
225,184320000,0.0001656,0.11749647140502929,0.0,0.0,0.9991391266918552,39.38093643885408,862001.1808260347,-0.0001543910359032452,0.0004231369588524103,-1.5151601791381837,0.001992785185575485,0.009794921427965165
226,185139200,0.000165,0.11736471176147462,0.0,0.0,0.9993763791614698,39.30111292334261,846832.4906200117,-0.00015841302229091525,0.0004188655875623226,-1.5274979591369628,0.001787802018225193,0.007178709656000137
227,185958400,0.0001644,0.117455472946167,0.0,0.0,0.9990429248217447,39.525434272862135,874949.3965429855,-0.0003258519573137164,0.0004304911941289902,-1.5372971534729003,0.001921064779162407,0.008787474036216736
228,186777600,0.0001638,0.11747688293457031,0.0,0.0,0.9995689655172414,39.10646551724138,876404.803864485,-0.00010646961163729429,0.00040574469603598117,-1.5467430114746095,0.0023337423801422117,0.013560792803764344
229,187596800,0.0001632,0.11731901168823242,0.0,0.0,0.9995202686495562,39.0669225233869,862616.7172955673,-0.0001875189715065062,0.00041845636442303655,-1.5580120086669922,0.0020576104521751403,0.011123900860548019
230,188416000,0.0001626,0.11703136444091797,0.0,0.0,0.9994251772370186,39.13278405824871,866146.6851201815,-0.00016853497363626956,0.000424925796687603,-1.567965316772461,0.001941663585603237,0.010465820878744125
231,189235200,0.000162,0.11677680969238281,0.0,0.0,0.9993264697392475,39.294910035600886,869229.9675588199,-0.0003172073047608137,0.0004416114650666714,-1.576857089996338,0.0018237998709082603,0.008128904551267625
232,190054400,0.0001614,0.11654921531677247,0.0,0.0,0.9993254637436763,39.33495543242592,869169.6293161563,-6.478473078459501e-05,0.0004358035512268543,-1.5825896263122559,0.0020643070340156553,0.013279418647289275
233,190873600,0.0001608,0.11657535552978515,0.0,0.0,0.9991812752841457,39.391543055288,866346.7613510496,-0.0001747004222124815,0.00044295722618699075,-1.5890114784240723,0.001693490333855152,0.006917358934879303
234,191692800,0.0001602,0.11656579971313477,0.0,0.0,0.9991349480968859,39.414840445982314,871793.8365528297,-0.00022898523602634668,0.00042832470498979094,-1.5960168838500977,0.0020626960322260857,0.012446654587984085
235,192512000,0.0001596,0.11682559013366699,0.0,0.0,0.9991832028059386,39.39729976457022,872069.5013728612,-0.00011977145913988352,0.00041901185177266597,-1.6040451049804687,0.0020183393731713294,0.011699952930212022
236,193331200,0.000159,0.11682005882263184,0.0,0.0,0.9990883792342385,39.46353516936954,844142.1943609535,-3.0112697277218104e-05,0.000420016935095191,-1.6145328521728515,0.0021495701745152473,0.012532961368560792
237,194150400,0.0001584,0.11744729042053223,0.0,0.0,0.9990457104685562,39.425183700734806,866640.0819266129,-0.00022380088921636343,0.00042529734782874583,-1.6214916229248046,0.0018453463912010194,0.008574830740690232
238,194969600,0.0001578,0.11726600646972657,0.0,0.0,0.9993276988090665,39.300998847483676,847859.45106638,-0.0003493291791528463,0.0004153893794864416,-1.6287395477294921,0.0019510857760906219,0.009395263344049453
239,195788800,0.0001572,0.11749438285827636,0.0,0.0,0.9993314550403515,39.366219378253184,862451.0908968033,-0.00027318408247083424,0.00041459114290773866,-1.6357103347778321,0.0017401263117790221,0.007703614234924316
240,196608000,0.00015659999999999998,0.1175894546508789,0.0,0.0,0.9992830170641939,39.33961091726017,846754.010561834,-7.60603346861899e-05,0.0004064365290105343,-1.643417739868164,0.00203933697193861,0.01192651391029358
241,197427200,0.000156,0.1176921272277832,0.0,0.0,0.9997138906108436,38.880740069619954,859175.5028829434,-0.00018338026711717248,0.00041815084405243396,-1.6511829376220704,0.0017856352031230926,0.008811523765325546
242,198246400,0.00015539999999999998,0.11709420204162597,0.0,0.0,0.9996144392500843,39.14029591787556,862645.1955313777,-6.574415601789951e-05,0.0004125438630580902,-1.6608627319335938,0.002219516225159168,0.013927853107452393
243,199065600,0.0001548,0.11745107650756836,0.0,0.0,0.9994273716358084,39.10412292422218,866153.0901590971,-0.0001823806087486446,0.00043512419797480105,-1.6733367919921875,0.0019609581679105757,0.008646238595247269
244,199884800,0.00015419999999999998,0.11692530632019044,0.0,0.0,0.9994264410668197,39.16394226173406,872735.7415576843,-0.00014242623001337051,0.00043082679621875286,-1.6806785583496093,0.0019752422347664835,0.010802121460437774
245,200704000,0.0001536,0.11693840980529785,0.0,0.0,0.9994700072271742,39.28263069139966,869749.0503006894,-0.00016969795105978847,0.0004052573349326849,-1.6888647079467773,0.0020895833149552345,0.010249023884534835
246,201523200,0.00015299999999999998,0.116884765625,0.0,0.0,0.9994232987312572,39.3511630142253,874858.7107203935,-0.00023504968266934155,0.000413678539916873,-1.6988780975341797,0.0021961959078907966,0.012368042021989822
247,202342400,0.0001524,0.11698345184326171,0.0,0.0,0.9990383228350243,39.50593835649372,875960.6508394193,-0.0002554232021793723,0.0004028149414807558,-1.70953426361084,0.0019521880894899368,0.009260743111371993
248,203161600,0.00015179999999999998,0.11707421302795411,0.0,0.0,0.9992336797739355,39.46951482350687,872816.1778363723,6.006502080708742e-05,0.0005965971853584051,-1.718301773071289,0.0023572053760290146,0.017454715073108674
249,203980800,0.0001512,0.11717294692993165,0.0,0.0,0.9994239631336406,39.13656874039938,853356.6176870218,-0.00020822694059461356,0.0004103483632206917,-1.7238988876342773,0.0020509151741862296,0.010160885006189346
250,204800000,0.00015059999999999997,0.11707180023193359,0.0,0.0,0.9995207055214724,39.10309624233129,876943.7990965255,-0.00016496654134243727,0.0004185847006738186,-1.7299314498901368,0.001943213865160942,0.010987306386232376
251,205619200,0.00015,0.11735890388488769,0.0,0.0,0.9990405372991125,39.61045814343967,865271.0964890455,-0.00010252081556245684,0.0004001598805189133,-1.7392766952514649,0.002088116481900215,0.012896117568016053
252,206438400,0.0001494,0.11744183540344239,0.0,0.0,0.9992814027019259,39.34511832902175,864903.7013593635,-0.00011781202629208564,0.00043089124374091626,-1.7471532821655273,0.001984194852411747,0.010446900874376297
253,207257600,0.00014879999999999998,0.11708961486816406,0.0,0.0,0.9995683246198859,39.02302268693942,862153.2817085113,-6.860782741568983e-05,0.00039502917788922785,-1.7559680938720703,0.002082682214677334,0.011339477449655532
254,208076800,0.0001482,0.11696428298950196,0.0,0.0,0.9992329817833173,39.34036433365292,873264.5440966319,-0.0001543001038953662,0.000401357002556324,-1.7654211044311523,0.002074868604540825,0.010998290777206422
255,208896000,0.00014759999999999998,0.11686201095581054,0.0,0.0,0.9993255287372934,39.36137206725442,869609.1685405037,-0.00016101818764582276,0.0003928978927433491,-1.7742366790771484,0.002077244222164154,0.011446288973093032
256,209715200,0.000147,0.11705387115478516,0.0,0.0,0.9995222397400985,39.14289809373656,842974.0629248633,-0.0001853784779086709,0.0004280487075448036,-1.7806276321411132,0.0021359628066420556,0.012065549939870834
257,210534400,0.00014639999999999998,0.11743305206298828,0.0,0.0,0.9989944455085232,39.6784140969163,866156.6051987398,-0.0001790776615962386,0.00039532193914055825,-1.788001251220703,0.001964014954864979,0.009326296299695969
258,211353600,0.0001458,0.11751419067382812,0.0,0.0,0.9994742125137421,39.24726351512834,874029.5165785969,-0.00012622580397874116,0.0004095112904906273,-1.7934921264648438,0.001636938750743866,0.006918701529502869
259,212172800,0.00014519999999999998,0.11716346740722657,0.0,0.0,0.999569006800115,39.01101427066373,869589.5905156749,4.948644200339913e-05,0.0004176545888185501,-1.7982353210449218,0.0020129719749093057,0.012215453386306762
260,212992000,0.0001446,0.11719566345214844,0.0,0.0,0.9996166195428188,39.16782479513107,854598.9980677906,-0.00022974044550210236,0.00041206059977412225,-1.8068281173706056,0.0017677433788776398,0.008092163503170014
261,213811200,0.00014399999999999998,0.11728532791137695,0.0,0.0,0.9995193694126694,39.21046813419206,870846.6742578741,-0.0002819235669448972,0.0003903274657204747,-1.8135553359985352,0.0018147466704249381,0.00851452797651291
262,214630400,0.0001434,0.11706418991088867,0.0,0.0,0.9994243499952029,39.12654705938789,859096.1899895158,-0.0002286395523697138,0.00038771100807935,-1.8205232620239258,0.0018185336142778397,0.007908691465854645
263,215449600,0.00014279999999999997,0.11754579544067383,0.0,0.0,0.9992844876931883,39.21102842968899,846897.1629257113,-0.00011010019807145,0.0003862253623083234,-1.8295791625976563,0.001984231732785702,0.011014404892921447
264,216268800,0.0001422,0.11796276092529297,0.0,0.0,0.9991874970128567,39.39530660039191,863855.1603284607,-9.132226114161313e-05,0.0003866687184199691,-1.8376882553100586,0.002018851786851883,0.0101353757083416
265,217088000,0.00014159999999999997,0.11735797882080078,0.0,0.0,0.9992846241892408,39.21733117130866,860528.4602452655,-0.00019190144957974552,0.0003852968802675605,-1.8465259552001954,0.0018177201971411705,0.007924683392047882
266,217907200,0.00014099999999999998,0.11705075263977051,0.0,0.0,0.9995668912415785,39.12228103946102,876579.9973429324,-0.00019477952737361192,0.00040914928540587426,-1.8547185897827148,0.0019354498013854026,0.009623657166957855
267,218726400,0.00014039999999999997,0.11718599319458008,0.0,0.0,0.9994748149916448,39.13659584626402,873291.3872589223,-5.319157498888672e-05,0.00043050129897892475,-1.859503173828125,0.001957985386252403,0.009531249850988388
268,219545600,0.00013979999999999998,0.1172580909729004,0.0,0.0,0.9993774542668327,39.381476870031605,855235.9849114399,-0.0002122341189533472,0.0004191194660961628,-1.8654312133789062,0.0018007155507802964,0.007917848229408265
269,220364800,0.00013919999999999997,0.11722259521484375,0.0,0.0,0.9994244328265145,39.30058995635282,871035.3058200666,-0.00018818224780261516,0.00042287134565413,-1.873227882385254,0.002070373483002186,0.010149171203374862
270,221184000,0.00013859999999999998,0.11738701820373536,0.0,0.0,0.9996648151695078,39.069143842175826,870939.9080233616,-0.0001285024220123887,0.00039856014773249627,-1.8816478729248047,0.002001635171473026,0.008889526873826981
271,222003200,0.00013799999999999997,0.1177509593963623,0.0,0.0,0.9991890473691742,39.42012116586366,858750.4068375382,-0.000117149343714118,0.0003991379402577877,-1.8899454116821288,0.002016019821166992,0.01102001741528511
272,222822400,0.00013739999999999998,0.1175572395324707,0.0,0.0,0.9995236507407231,39.107273853189156,872035.5269492682,-0.00025268946774303913,0.0004030150827020407,-1.8977571487426759,0.0019234681501984596,0.00890808179974556
273,223641600,0.00013679999999999996,0.11779335021972656,0.0,0.0,0.9997143537253035,38.96196143775292,865703.8399302026,-0.00017138882540166379,0.00041255345568060877,-1.9061897277832032,0.0019584976136684416,0.008361329138278962
274,224460800,0.00013619999999999998,0.1178001594543457,0.0,0.0,0.9992814027019259,39.437577848040625,869298.7621465274,-6.205140380188823e-05,0.00040466408245265484,-1.912945556640625,0.002005879394710064,0.009967041015625
275,225280000,0.00013559999999999996,0.1181498908996582,0.0,0.0,0.9996663966067769,39.03107277319735,867698.8074250917,-0.0002629330614581704,0.00038497729692608116,-1.9212703704833984,0.002005043439567089,0.008876221626996994
276,226099200,0.00013499999999999997,0.11768234252929688,0.0,0.0,0.9996655198776758,38.89698012232416,869157.1402574945,6.215493194758893e-05,0.00040146438404917715,-1.9284786224365233,0.0023176955059170724,0.01483410894870758
277,226918400,0.0001344,0.1172418212890625,0.0,0.0,0.9996641880546894,38.95888702326697,868066.9874553109,-0.0001726284041069448,0.0004186131060123444,-1.9344821929931642,0.0018153132870793343,0.008364135026931762
278,227737600,0.00013379999999999997,0.11711615562438965,0.0,0.0,0.9995204986813714,39.102948933109566,869653.2055534557,-0.00018129309173673392,0.00041403444483876226,-1.941103744506836,0.001839202456176281,0.0075889892876148226
279,228556800,0.00013319999999999999,0.11717166900634765,0.0,0.0,0.9993291163503929,39.379672225416904,849439.7581866041,-6.991744739934803e-05,0.00043850685469806196,-1.9469755172729493,0.0017388060688972474,0.007683472335338592
280,229376000,0.00013259999999999997,0.11744678497314454,0.0,0.0,0.9994727002540627,39.42438042279852,843979.0563340983,0.0001124315895140171,0.00040227524004876614,-1.9553375244140625,0.0024217883124947547,0.017387083172798155
281,230195200,0.00013199999999999998,0.1175086784362793,0.0,0.0,0.9993777224642191,39.24757072423532,848573.0507109222,-0.00019548507407307625,0.00039351796731352807,-1.9657175064086914,0.0020705979317426682,0.010274292528629303
282,231014400,0.00013139999999999997,0.11725255012512208,0.0,0.0,0.999472320828936,39.24038184783652,856587.6184805707,1.1865672422572971e-05,0.0004014720674604177,-1.9732646942138672,0.002274254336953163,0.013570071756839752
283,231833600,0.0001308,0.11731378555297851,0.0,0.0,0.9993308798929408,39.29632461884051,853350.9284822796,-4.312776727601886e-05,0.00038983577396720646,-1.979056167602539,0.001966576837003231,0.011304808408021927
284,232652800,0.0001302,0.11715497970581054,0.0,0.0,0.9994251772370186,39.200134125311365,847601.0051514618,-0.000128370663151145,0.0003990810830146074,-1.9859376907348634,0.0018018154427409173,0.008940550684928893
285,233472000,0.0001296,0.11692057609558106,0.0,0.0,0.9997121749976015,38.865153986376285,852380.8500515161,-0.00013028723187744618,0.000393034890294075,-1.9911994934082031,0.0017279278486967086,0.007734008878469467
286,234291200,0.000129,0.11690225601196289,0.0,0.0,0.9990858352578906,39.633901077752114,857114.357757861,-7.195989601314068e-05,0.0004105702042579651,-1.9971433639526368,0.0018790693953633308,0.009716920554637909
287,235110400,0.0001284,0.11725186347961426,0.0,0.0,0.9994731548445807,39.12213228602902,859981.9433573652,-0.0002534254686906934,0.0003928054589778185,-2.0076356887817384,0.001765364594757557,0.008683348447084427
288,235929600,0.0001278,0.11717937469482421,0.0,0.0,0.9994250946198439,39.20533703827912,862382.5432202906,-2.3392957518808544e-05,0.0003740405198186636,-2.018381881713867,0.002093909680843353,0.012270752340555191
289,236748800,0.0001272,0.11708497047424317,0.0,0.0,0.9993285049642668,39.353973811693606,862808.3395210784,1.2544644414447248e-05,0.0003983943723142147,-2.0266185760498048,0.002379964292049408,0.016687990725040437
290,237568000,0.00012660000000000001,0.11756762504577636,0.0,0.0,0.9991393325045425,39.339342067514586,872101.4359015144,-0.00017554907826706768,0.00036948395427316427,-2.035126495361328,0.001996224746108055,0.009364502876996994
291,238387200,0.000126,0.11753517150878906,0.0,0.0,0.9993787038807112,39.21358248900784,870122.613789074,-8.192419045371935e-06,0.0003747561248019338,-2.042627143859863,0.0019931372255086897,0.010672606527805328
292,239206400,0.0001254,0.11730693817138672,0.0,0.0,0.999330559938794,39.30311289628461,849880.6321731869,-9.256284101866186e-05,0.0004159272648394108,-2.0506324768066406,0.0021225210279226304,0.012691040337085725
293,240025600,0.0001248,0.11771345138549805,0.0,0.0,0.9993770963104935,39.28773358888356,871371.3781249201,-0.0002481908071786165,0.00040597859770059587,-2.058883476257324,0.001934187300503254,0.008440063893795013
294,240844800,0.0001242,0.11786434173583984,0.0,0.0,0.9994262765347103,39.113692866704916,879671.4941157625,-0.00012147687375545502,0.0003825715044513345,-2.0673675537109375,0.0017509395256638527,0.007508055865764618
295,241664000,0.0001236,0.11753610610961913,0.0,0.0,0.9994269614631583,39.13781576811041,860703.1813489049,-0.00012473720125854014,0.000420300429686904,-2.0761951446533202,0.0017564663663506507,0.007694823294878006
296,242483200,0.000123,0.11731908798217773,0.0,0.0,0.9995199462339782,39.232682060390765,859549.4785901555,2.7209793915972114e-05,0.0004002786707133055,-2.082426834106445,0.0022031601518392565,0.01433752030134201
297,243302400,0.0001224,0.11709232330322265,0.0,0.0,0.999617462822168,38.950604886912444,863360.6923269178,6.251460872590542e-05,0.0004312362056225538,-2.0878692626953126,0.0023215614259243012,0.015681885182857513
298,244121600,0.00012179999999999999,0.11741990089416504,0.0,0.0,0.9992350719510446,39.37706172013195,875424.3653688703,-0.00010527655249461531,0.00040479428134858607,-2.096815299987793,0.0019440477713942527,0.009729979187250137
299,244940800,0.00012119999999999999,0.11727975845336915,0.0,0.0,0.999378971002723,39.26995652797019,869818.7433504526,-2.68167961621657e-05,0.00039828727021813394,-2.106492042541504,0.001772839203476906,0.007956787943840027
300,245760000,0.00012059999999999999,0.11747126579284668,0.0,0.0,0.9995683660256103,38.98374178696466,865250.4959811943,-2.972920483443886e-05,0.0003797018900513649,-2.114963912963867,0.0020765943452715875,0.013156983256340026
301,246579200,0.00011999999999999999,0.11756889343261719,0.0,0.0,0.9993300153139357,39.35557044410413,839193.6640296697,-0.00020244200713932515,0.00040433662943542006,-2.1230525970458984,0.0022076867520809174,0.01290234476327896
302,247398400,0.0001194,0.11738338470458984,0.0,0.0,0.9996176639265915,39.03708659912063,856843.4684475706,5.89875562582165e-05,0.0003995983861386776,-2.1277769088745115,0.0023617489263415337,0.016020268201828003
303,248217600,0.0001188,0.11726097106933593,0.0,0.0,0.9993313273152792,39.32583464679754,850792.7094012678,-0.0001361494418233633,0.00041798087768256663,-2.1330055236816405,0.001761624589562416,0.007537596672773361
304,249036800,0.0001182,0.1172415542602539,0.0,0.0,0.9994761904761905,39.10861904761905,850481.0263754643,-8.214876288548112e-05,0.0004183355253189802,-2.142248344421387,0.0020791638642549517,0.011875609308481217
305,249856000,0.0001176,0.1175787353515625,0.0,0.0,0.9995195079761676,39.30395925427638,842825.2853640678,-0.00010616844519972801,0.00040929354727268217,-2.149483299255371,0.0020187316462397576,0.011338866502046584
306,250675200,0.000117,0.1174996280670166,0.0,0.0,0.999521003975667,39.15931407769315,848694.6372161363,2.4783457047306e-05,0.00040778815746307374,-2.1551845550537108,0.00201784111559391,0.011968263238668442
307,251494400,0.0001164,0.11738641738891602,0.0,0.0,0.9994268793581049,39.25202980227338,838959.4017885377,-0.0001013141474686563,0.00038837026804685595,-2.163821983337402,0.0018533647060394287,0.00923779159784317
308,252313600,0.0001158,0.11757551193237305,0.0,0.0,0.9997601918465228,39.01410071942446,838450.3411379318,-0.00020257877185940741,0.00040356679819524287,-2.17300968170166,0.001992780901491642,0.010068482160568238
309,253132800,0.0001152,0.11746827125549317,0.0,0.0,0.9991865639504283,39.429111440738794,840931.3756561383,3.738806117326021e-05,0.0004540696274489164,-2.179316520690918,0.002418964169919491,0.016574706137180328
310,253952000,0.0001146,0.11744268417358399,0.0,0.0,0.9994727508028567,39.22015050567991,854513.2068185863,3.163042711094022e-05,0.0004018209408968687,-2.1859933853149416,0.0024399243295192717,0.01606128066778183
311,254771200,0.00011399999999999999,0.11716527938842773,0.0,0.0,0.9995217141763918,39.10814042471781,871360.551440419,-3.7908670492470264e-05,0.00041429339908063414,-2.192579460144043,0.0019673431292176248,0.01062329113483429
312,255590400,0.00011339999999999999,0.11700078964233399,0.0,0.0,0.9996162701458173,39.149462778204146,869844.6159705794,-0.0001462656888179481,0.00039603798650205134,-2.199145698547363,0.002144460007548332,0.011272458732128144
313,256409600,0.00011279999999999999,0.11695903778076172,0.0,0.0,0.9994717633499808,39.20524394928928,877721.9542570002,-1.1495169019326568e-05,0.00041843517683446405,-2.2062705993652343,0.0018637225031852723,0.009666137397289276
314,257228800,0.00011219999999999999,0.11718180656433105,0.0,0.0,0.9994247087588092,39.29387794237499,841428.01663825,-1.0463275975780561e-05,0.00040695220232009886,-2.212356948852539,0.0019581442698836326,0.011224608123302459
315,258048000,0.00011159999999999999,0.11719297409057618,0.0,0.0,0.9993291484977718,39.38358330538119,870690.9094872135,0.00016138647915795446,0.0004311250988394022,-2.2177248001098633,0.0022714510560035706,0.015536133944988251
316,258867200,0.00011099999999999999,0.11735203742980957,0.0,0.0,0.9992819874587143,39.367957493657556,846322.6057965704,-0.00012103433255106211,0.0004098779521882534,-2.2240699768066405,0.0017269436269998551,0.0068666979670524595
317,259686400,0.00011039999999999999,0.11677254676818848,0.0,0.0,0.9994730791339337,39.108306188925084,847455.6231687798,-4.673868825193495e-05,0.00043357647955417634,-2.23016471862793,0.0017115673050284385,0.008131348341703416
318,260505600,0.00010979999999999999,0.11681747436523438,0.0,0.0,0.9995665575033712,39.09044500096321,844079.3763925949,-0.00011466357391327619,0.0003944186959415674,-2.238045501708984,0.001906236819922924,0.009150633960962296
319,261324800,0.00010919999999999998,0.11680946350097657,0.0,0.0,0.9993258535176001,39.415803919680265,846389.3706778057,-0.00015446959296241402,0.00044548106379807,-2.24731502532959,0.0016844002529978752,0.00821240320801735
320,262144000,0.00010859999999999998,0.11714933395385742,0.0,0.0,0.9991328226622345,39.47800741918389,843758.6945542097,-0.00014707371592521669,0.00039850412867963313,-2.2546634674072266,0.0018352029845118522,0.008588013797998428
321,262963200,0.00010799999999999998,0.11707396507263183,0.0,0.0,0.9992791234140715,39.504421376393694,850116.5094011569,-0.00016107077244669198,0.00042138467542827127,-2.259541320800781,0.0017030982300639153,0.00736071839928627
322,263782400,0.00010739999999999998,0.1174138069152832,0.0,0.0,0.9990913438546151,39.674988043998084,845360.635743802,-0.00013423494528979062,0.00043554306030273436,-2.266630172729492,0.002013644762337208,0.009679199755191803
323,264601600,0.00010679999999999998,0.1170609474182129,0.0,0.0,0.9995673700908523,39.10080276883142,843695.7823185539,-0.00015764876734465362,0.0004060222301632166,-2.274880218505859,0.001949622668325901,0.009023558348417282
324,265420800,0.00010619999999999998,0.11737741470336914,0.0,0.0,0.9993785256716703,39.322640787838225,866329.2134904808,-0.00019953709561377765,0.0004135692026466131,-2.2798126220703123,0.0019524414092302322,0.00973193347454071
325,266240000,0.00010559999999999998,0.11725466728210449,0.0,0.0,0.9995691924752286,39.04571346512852,862696.5510782773,-0.00013393093831837177,0.00038340366445481776,-2.2838842391967775,0.001875530555844307,0.010227051377296448
326,267059200,0.00010499999999999999,0.11721759796142578,0.0,0.0,0.9993272141861694,39.40126868182037,865293.6529922902,-0.0001230628928169608,0.0004197817761451006,-2.290105628967285,0.0019024698063731193,0.009345091879367828
327,267878400,0.00010439999999999999,0.11683061599731445,0.0,0.0,0.9993768574441568,39.28410507142172,857859.3061563309,-0.0001720453379675746,0.00041944533586502075,-2.2980627059936523,0.0018641132861375808,0.007765500992536545
328,268697600,0.00010379999999999999,0.11676998138427734,0.0,0.0,0.999421072944809,39.222163257429564,872315.0134556701,-5.9238437097519635e-05,0.0004071412608027458,-2.3051544189453126,0.0019987735897302626,0.010925780981779099
329,269516800,0.00010319999999999999,0.11713607788085938,0.0,0.0,0.9994244880341471,39.332789794254474,868192.1232548545,-9.768834570422769e-05,0.000402873195707798,-2.3124515533447267,0.00197464395314455,0.010510743409395219
330,270336000,0.00010259999999999999,0.11714954376220703,0.0,0.0,0.9993280537556996,39.31413486921046,867212.0716173876,-0.00018836825620383024,0.00040845628827810285,-2.319190788269043,0.001980940066277981,0.009742308408021927
331,271155200,0.00010199999999999999,0.1169015884399414,0.0,0.0,0.9995212791421322,38.969218248839105,856817.0990031854,2.365666878176853e-05,0.00040145181119441984,-2.3250333786010744,0.0018255652859807015,0.009151488542556763
332,271974400,0.00010139999999999998,0.11722719192504882,0.0,0.0,0.9990390621246337,39.557776389756405,865683.440113041,-0.00012281927047297359,0.00042953453958034516,-2.330674171447754,0.0016689391806721688,0.0074999980628490445
333,272793600,0.00010079999999999998,0.11726059913635253,0.0,0.0,0.9992823653238925,39.42699263228399,873286.9960472744,-8.556030225008726e-05,0.0004077116958796978,-2.3358381271362303,0.0018686383962631225,0.008024412393569946
334,273612800,0.00010019999999999998,0.11704290390014649,0.0,0.0,0.9995213249724761,39.049973672873485,870200.9404876684,-8.886016439646482e-05,0.00042321155779063703,-2.340275001525879,0.0016382455825805664,0.0073272705078125
335,274432000,9.959999999999998e-05,0.11677629470825196,0.0,0.0,0.9991835950631514,39.64251068529991,856350.7853466821,-1.1365449609002098e-05,0.00045039551332592964,-2.3437055587768554,0.0018475553020834922,0.009673462063074113
336,275251200,9.899999999999998e-05,0.11743650436401368,0.0,0.0,0.9993766183945526,39.3766183945526,869897.6904631655,-7.622667471878231e-05,0.00040938258171081544,-2.349518394470215,0.0018918726593255997,0.008669675886631012
337,276070400,9.839999999999998e-05,0.11724967002868653,0.0,0.0,0.9995207973931378,39.27683534598428,855739.6508260453,-6.872028461657465e-05,0.0004160746932029724,-2.3553085327148438,0.0017348926514387131,0.006837281584739685
338,276889600,9.779999999999998e-05,0.1177069091796875,0.0,0.0,0.9997601458313345,39.0792957881608,864080.563061633,-2.344464883208275e-05,0.00040918998420238497,-2.3608402252197265,0.0017800582572817802,0.008571653813123702
339,277708800,9.719999999999998e-05,0.1174920654296875,0.0,0.0,0.9992340466274116,39.34491837809373,874550.3400620994,-0.00014450019225478172,0.00039924969896674154,-2.3671016693115234,0.0018546830862760544,0.008701050281524658
340,278528000,9.659999999999998e-05,0.11777824401855469,0.0,0.0,0.9994742125137421,39.39577458056498,866233.7072046762,-5.4961838759481904e-05,0.0004141911864280701,-2.3754646301269533,0.0018863115459680558,0.01015917956829071
341,279347200,9.599999999999998e-05,0.11736642837524414,0.0,0.0,0.9994740868234844,39.1133581946835,867989.8206463113,-6.694498588331044e-05,0.00041344957426190374,-2.3844608306884765,0.001778850145637989,0.007856445759534836
342,280166400,9.539999999999997e-05,0.11724441528320312,0.0,0.0,0.9996164173379364,39.04871499808209,867061.1439234546,-7.072431035339832e-05,0.0003973331302404404,-2.393582344055176,0.001936943829059601,0.00901196077466011
343,280985600,9.479999999999997e-05,0.11723834037780761,0.0,0.0,0.9996642524821334,39.01079188450285,873357.0682262146,4.011463897768408e-05,0.00040101874619722364,-2.4001708984375,0.00205727182328701,0.011854245513677596
344,281804800,9.419999999999997e-05,0.1172818374633789,0.0,0.0,0.9993278924627941,39.39183869419107,869418.3848452567,-5.836519412696362e-05,0.00041201608255505564,-2.4065011978149413,0.0018630104139447212,0.007527831941843033
345,282624000,9.360000000000001e-05,0.11722709655761719,0.0,0.0,0.9992825026308236,39.212140055486465,866402.8929550538,-0.00013746103504672647,0.00040919976308941843,-2.4118524551391602,0.001967792212963104,0.00983630195260048
346,283443200,9.300000000000001e-05,0.11747851371765136,0.0,0.0,0.9992822279643985,39.357785434012825,843064.9039664019,-2.4926092009991407e-05,0.0004058603197336197,-2.417190361022949,0.001845431886613369,0.009171508252620697
347,284262400,9.240000000000001e-05,0.11725502014160157,0.0,0.0,0.999470823110598,39.2900851493722,851665.7806759541,-0.00018050668295472861,0.0004028391558676958,-2.4235626220703126,0.0016093838959932328,0.0074952378869056705
348,285081600,9.180000000000001e-05,0.11716917037963867,0.0,0.0,0.9993765885004555,39.274492878722484,851952.8998440537,-6.286830466706306e-06,0.0003984080627560616,-2.428469657897949,0.0020163796842098238,0.010711182653903962
349,285900800,9.120000000000001e-05,0.11723861694335938,0.0,0.0,0.9992787421262682,39.408087704957445,855833.0736773205,-0.00017299522878602147,0.000405309721827507,-2.4337627410888674,0.001978967897593975,0.0098172627389431
350,286720000,9.06e-05,0.11676417350769043,0.0,0.0,0.9996152551339393,39.09007839176646,865288.3974347495,-8.983710431493818e-05,0.00038898009806871415,-2.4401519775390623,0.0018301652744412422,0.008161985874176025
351,287539200,9e-05,0.11671161651611328,0.0,0.0,0.9992776306284613,39.49337828076089,877707.2292476748,-0.00019309064373373985,0.0004006050061434507,-2.446529769897461,0.0017748767510056495,0.007823973894119263
352,288358400,8.94e-05,0.11704471588134766,0.0,0.0,0.9994242947610823,39.26074649779313,864555.4632152616,-0.00019909522961825132,0.00038403724320232866,-2.4521303176879883,0.0018083475530147552,0.007929565012454986
353,289177600,8.88e-05,0.11744007110595703,0.0,0.0,0.9990881604837548,39.57441090368095,865774.7747665552,-7.899422780610621e-05,0.00041312682442367076,-2.456727981567383,0.0017065247520804405,0.008582273125648498
354,289996800,8.82e-05,0.11728349685668946,0.0,0.0,0.9995214395099541,39.14610451761103,860893.6646394844,-0.00023514132481068374,0.0004111163318157196,-2.4617103576660155,0.0016945935785770416,0.007209717482328415
355,290816000,8.76e-05,0.1173183250427246,0.0,0.0,0.9992846241892408,39.35830789774895,863844.8422033594,-9.101208415813744e-05,0.0004176197573542595,-2.467252731323242,0.0016069358214735984,0.006383789330720901
356,291635200,8.7e-05,0.1170807933807373,0.0,0.0,0.9994249293142282,39.200507979105765,874340.6320232002,-8.399850339628756e-05,0.00040635312907397745,-2.4706340789794923,0.0019875658676028253,0.009354249387979508
357,292454400,8.64e-05,0.11711687088012696,0.0,0.0,0.9995205676479049,39.2001150637645,853514.1680897039,-0.0001549581531435251,0.0004197325557470322,-2.47546272277832,0.0017945347353816032,0.008361327648162841
358,293273600,8.58e-05,0.11706623077392578,0.0,0.0,0.9993266317156462,39.41003318743687,864829.2673434253,2.9337144223973154e-05,0.0003839225973933935,-2.48217887878418,0.0018427956849336625,0.008891236037015915
359,294092800,8.52e-05,0.11765703201293945,0.0,0.0,0.9995707335686349,39.03920633406467,844938.4012938815,-0.0002549985656514764,0.00037970866542309524,-2.4891523361206054,0.0017675993964076041,0.007982297241687775
360,294912000,8.46e-05,0.11705751419067383,0.0,0.0,0.99918531652849,39.53519911822495,856908.5208520056,-0.00020070269238203764,0.00041732098907232285,-2.495376205444336,0.0018782233819365501,0.008895263820886613
361,295731200,8.4e-05,0.1175864315032959,0.0,0.0,0.999378139201148,39.264434345850276,851512.8096101406,-0.00010081906802952289,0.00039570447988808156,-2.499563789367676,0.0018121162429451942,0.008687499165534972
362,296550400,8.34e-05,0.11749887466430664,0.0,0.0,0.999665327978581,39.056320520175944,853058.2592928143,-0.0001897757640108466,0.0004104547668248415,-2.5042470932006835,0.0019375119358301164,0.007685181498527527
363,297369600,8.28e-05,0.11741976737976074,0.0,0.0,0.9994726244126954,39.439783296576856,855750.4433059035,1.2054340913891793e-06,0.00043752146884799,-2.5099863052368163,0.0021945083513855933,0.012025877088308334
364,298188800,8.22e-05,0.11733747482299804,0.0,0.0,0.9996653599770533,39.09867100105173,870203.1848420586,-0.00010445765219628811,0.0003916112706065178,-2.516994857788086,0.0017307668924331665,0.00786731168627739
365,299008000,8.16e-05,0.11754232406616211,0.0,0.0,0.999380155437944,39.13417250750965,866976.2118850974,-3.8872752338647845e-05,0.0003923353273421526,-2.5250341415405275,0.0018458588048815728,0.009825439751148224
366,299827200,8.1e-05,0.11772943496704101,0.0,0.0,0.9995238095238095,38.958333333333336,863500.0052232314,-7.142604445107282e-05,0.00038976666983217003,-2.5326253890991213,0.0017816212028265,0.007432493567466736
367,300646400,8.04e-05,0.11741886138916016,0.0,0.0,0.9996177004683169,39.01366720825767,864692.5545177176,-0.00016484856605529784,0.0004310621414333582,-2.539126968383789,0.001828129217028618,0.007514770328998566
368,301465600,7.98e-05,0.11742411613464356,0.0,0.0,0.9994740616782214,39.21668658857279,870720.8606855999,-0.00013336421689018606,0.00039649694226682184,-2.5453670501708983,0.001987452432513237,0.01003991812467575
369,302284800,7.92e-05,0.11729990005493164,0.0,0.0,0.9995180490626054,39.43115330859319,841337.0121554211,-9.98855335637927e-05,0.0003979282919317484,-2.553146553039551,0.0019146749749779702,0.008927979320287705
370,303104000,7.86e-05,0.11751501083374023,0.0,0.0,0.9996637848222862,39.121133525456294,843635.1088194699,-0.00014356636675074696,0.0003957018256187439,-2.5598894119262696,0.0018182514235377313,0.009111693501472473
371,303923200,7.8e-05,0.11762453079223632,0.0,0.0,0.9992832568807339,39.280724388379205,863498.5743320796,-5.627905484288931e-05,0.00038359223399311306,-2.5646339416503907,0.0016808129847049713,0.006839600205421448
372,304742400,7.74e-05,0.11718114852905273,0.0,0.0,0.9993786444890546,39.163751075423,870442.6478472016,-2.608077193144709e-05,0.0003800947219133377,-2.5682844161987304,0.001910657249391079,0.009918211400508881
373,305561600,7.68e-05,0.11778337478637696,0.0,0.0,0.9994748400649288,39.19383175785353,865491.0365924218,-0.0002675696276128292,0.00038892778102308514,-2.5718307495117188,0.0020137060433626174,0.010433594137430191
374,306380800,7.62e-05,0.11782600402832032,0.0,0.0,0.9994273169800515,39.30232891094779,861719.807710924,-0.0001454607001505792,0.0004128798842430115,-2.5762409210205077,0.001991819217801094,0.010591431707143783
375,307200000,7.56e-05,0.11750144004821778,0.0,0.0,0.9995217827937449,39.23710009086127,861980.3222403262,-0.0001319132628850639,0.00040605021640658376,-2.582538604736328,0.0018969541415572166,0.008436767011880874
376,308019200,7.5e-05,0.11747346878051758,0.0,0.0,0.9995698924731182,39.14250896057348,875277.482624178,-8.829268626868725e-05,0.000429516052827239,-2.5881704330444335,0.0017959805205464362,0.007988158613443375
377,308838400,7.439999999999999e-05,0.11749011993408204,0.0,0.0,0.9996660305343511,38.943606870229004,862515.499971419,-8.260143222287298e-05,0.00041164052672684195,-2.5917348861694336,0.0018299652263522148,0.009571409970521926
378,309657600,7.379999999999999e-05,0.11744127273559571,0.0,0.0,0.9996638978249388,39.09449272578864,867074.6610880432,-0.00015777661465108395,0.00041124024428427217,-2.5962041854858398,0.0017820293083786964,0.007441040873527527
379,310476800,7.319999999999999e-05,0.1173620891571045,0.0,0.0,0.9995200383969283,39.153395728341735,871437.8670313349,4.0886783972382544e-05,0.000421755388379097,-2.600202178955078,0.00217474065721035,0.013868653774261474
380,311296000,7.259999999999999e-05,0.11701992988586425,0.0,0.0,0.9995191845369747,39.26887200692374,873942.2375460231,-4.8733147559687494e-05,0.0003919535782188177,-2.6042387008666994,0.002146470360457897,0.011632325500249863
381,312115200,7.199999999999999e-05,0.11720399856567383,0.0,0.0,0.9995201995969677,39.236109778332214,869179.4572920033,-0.0001569937914609909,0.0004109698813408613,-2.609927940368652,0.0019372131675481797,0.008372071385383605
382,312934400,7.139999999999999e-05,0.11730194091796875,0.0,0.0,0.9992799539170507,39.490207373271886,859913.2010299434,-7.933408487588167e-05,0.00041268556378781796,-2.6161468505859373,0.0015402695164084435,0.005211181938648224
383,313753600,7.079999999999999e-05,0.11746577262878417,0.0,0.0,0.9991388383886709,39.45316237680605,866865.058046957,-0.00020420465152710677,0.000384577177464962,-2.6216875076293946,0.001563294231891632,0.005933471396565438
384,314572800,7.019999999999999e-05,0.11740554809570312,0.0,0.0,0.9995694191943355,39.123768060472685,864712.4994153072,-0.00012127018999308348,0.00040566720999777315,-2.6272727966308596,0.0015181412920355797,0.0056848149746656414
385,315392000,6.959999999999998e-05,0.11741536140441894,0.0,0.0,0.9994233264452881,39.411120188380025,861321.1594461886,-0.00020575514063239097,0.000445213308557868,-2.632633590698242,0.0018321890383958817,0.008435788750648498
386,316211200,6.899999999999998e-05,0.1176387596130371,0.0,0.0,0.9994728266078788,39.348557461899745,852152.9914226794,-0.0001991642639040947,0.00041018347255885603,-2.6379114151000977,0.0018115920946002006,0.00732433944940567
387,317030400,6.839999999999998e-05,0.11773406982421875,0.0,0.0,0.999474614319148,39.36566843387305,874541.6319012641,-0.00015912733506411313,0.00039486419409513475,-2.6416412353515626,0.001683926023542881,0.006854003667831421
388,317849600,6.779999999999998e-05,0.11800553321838379,0.0,0.0,0.9995714081622934,39.00523834468308,869785.1767180483,-8.660695748403668e-05,0.0004055685829371214,-2.644457244873047,0.0018029958009719849,0.009489746391773224
389,318668800,6.72e-05,0.1175044059753418,0.0,0.0,0.9995233328566662,39.001334668001334,866142.6639751738,-0.00017823753878474236,0.0003987992648035288,-2.64837589263916,0.0017100801691412927,0.006375245004892349
390,319488000,6.659999999999999e-05,0.11768601417541504,0.0,0.0,0.9995704877350386,38.96100983105851,863340.2943252341,-0.00017733584390953184,0.0003832124872133136,-2.653712272644043,0.0017727136611938477,0.008435669541358947
391,320307200,6.599999999999999e-05,0.11685359001159668,0.0,0.0,0.9995685729351421,39.051675375101865,874397.2395310631,-4.160531680099666e-05,0.0003981499932706356,-2.6566707611083986,0.0018732709810137748,0.008715208619832993
392,321126400,6.539999999999999e-05,0.11729379653930665,0.0,0.0,0.9997113302862641,39.17377916766899,869825.8530872882,6.157753523439169e-05,0.00040205297991633413,-2.6584442138671873,0.0019122906029224395,0.011044434458017349
393,321945600,6.479999999999999e-05,0.1170797348022461,0.0,0.0,0.999185979697376,39.64403371001724,867979.871593668,-0.00027729489374905825,0.00040786825120449067,-2.6613576889038084,0.0017064271494746208,0.007531981915235519
394,322764800,6.419999999999999e-05,0.11732099533081054,0.0,0.0,0.9994735330716952,39.17780223987748,876417.8114231908,-0.0001284233760088682,0.0004202641546726227,-2.667178726196289,0.001571490988135338,0.005755005031824112
395,323584000,6.359999999999999e-05,0.11720297813415527,0.0,0.0,0.99951992318771,39.3041286605857,874846.4631063563,-2.907605958171189e-05,0.0004210122395306826,-2.6734907150268556,0.001984853297472,0.011277587711811065
396,324403200,6.299999999999999e-05,0.11696439743041992,0.0,0.0,0.9994719662058372,39.21087749615975,853216.3823182989,-6.164746591821312e-05,0.00043648616410791875,-2.6778512954711915,0.0016595767810940742,0.006479979306459427
397,325222400,6.239999999999999e-05,0.1169461727142334,0.0,0.0,0.9996632186673081,39.10642290113062,863867.4601508519,-0.00019420022144913673,0.00040224413387477396,-2.683107376098633,0.0018174804747104645,0.006953735649585724
398,326041600,6.179999999999998e-05,0.11689230918884277,0.0,0.0,0.999568552253116,39.038446788111216,865927.3481282116,-0.00011490968754515051,0.0004264357499778271,-2.6865196228027344,0.001716470532119274,0.006839966773986817
399,326860800,6.119999999999998e-05,0.11672897338867187,0.0,0.0,0.9990876350540216,39.71188475390156,875124.9893756164,-0.00010540079092606902,0.0004372556693851948,-2.6884666442871095,0.0017266100272536277,0.007066284120082855
400,327680000,6.059999999999998e-05,0.1168341064453125,0.0,0.0,0.9992289899768697,39.50009637625289,855401.3542910708,-0.00014473882038146257,0.000425704475492239,-2.691803741455078,0.0016378814354538918,0.007192504405975342
401,328499200,5.999999999999998e-05,0.11707939147949219,0.0,0.0,0.9993752402921953,39.470299884659745,852448.4377229143,-0.0001435552490875125,0.00042438493110239504,-2.69576473236084,0.0019162356853485107,0.009666869789361954
402,329318400,5.939999999999998e-05,0.11747676849365235,0.0,0.0,0.9997599846390169,38.918010752688176,874982.7732769806,-5.844500847160816e-05,0.00038057498168200257,-2.6982664108276366,0.001992928236722946,0.010276977717876435
403,330137600,5.879999999999998e-05,0.11696147918701172,0.0,0.0,0.9994237141622244,39.25130864908995,864309.6535823654,-6.175035960040987e-05,0.0004162105731666088,-2.7007701873779295,0.0017511393874883653,0.008411620557308198
404,330956800,5.819999999999998e-05,0.11696540832519531,0.0,0.0,0.9988918866833687,39.9012815571401,863874.9162310145,-0.0001502649742178619,0.0004158024210482836,-2.703971099853516,0.0018743079155683518,0.008213379234075547
405,331776000,5.759999999999998e-05,0.11700407028198243,0.0,0.0,0.9992816091954023,39.42677203065134,862092.9375605959,-0.00023877532221376895,0.00041818227618932723,-2.7084320068359373,0.0016438048332929611,0.0064118653535842896
406,332595200,5.6999999999999976e-05,0.11746717453002929,0.0,0.0,0.9994266876881182,39.25526730686541,855771.6542130057,-7.582418038509786e-05,0.0004366860259324312,-2.7136728286743166,0.001618412882089615,0.005857421830296516
407,333414400,5.639999999999998e-05,0.1172664737701416,0.0,0.0,0.9996641558316941,39.093652545219015,859135.3814013125,-0.00014632436214014887,0.00043102847412228583,-2.7166494369506835,0.0015540926717221737,0.006537231057882309
408,334233600,5.5800000000000015e-05,0.11732063293457032,0.0,0.0,0.9995694191943355,39.12836092239977,848361.3762585052,-3.908348735421896e-05,0.00040402268059551715,-2.718617630004883,0.001865469478070736,0.009109009057283401
409,335052800,5.5200000000000014e-05,0.11709861755371094,0.0,0.0,0.9994251221615407,39.28767845166235,851288.3904083738,-0.00014880128437653184,0.0004036968108266592,-2.7196866989135744,0.001662774384021759,0.007054565101861953
410,335872000,5.460000000000001e-05,0.11708438873291016,0.0,0.0,0.9994238525062416,39.14730170923757,851833.3090193631,-0.00012568024685606362,0.00041537177748978137,-2.7217947006225587,0.0017505703493952752,0.00738830491900444
411,336691200,5.400000000000001e-05,0.11704572677612304,0.0,0.0,0.9993268907158998,39.41569306216645,862172.042720219,-7.312854286283255e-05,0.00045343576930463315,-2.7258943557739257,0.001595878042280674,0.007327026128768921
412,337510400,5.340000000000001e-05,0.1167439079284668,0.0,0.0,0.9992806445424899,39.31464607711491,866276.2201182804,-0.00014546166639775037,0.00042645800858736037,-2.7298049926757812,0.001739264652132988,0.005579102039337158
413,338329600,5.280000000000001e-05,0.11752530097961426,0.0,0.0,0.9996168031805336,39.029218757484315,863260.6018785941,-8.31495737656951e-05,0.00043624029494822026,-2.733195686340332,0.0018037676811218262,0.008097045868635178
414,339148800,5.220000000000001e-05,0.11702053070068359,0.0,0.0,0.9993763193245059,39.37324889656496,862529.0402808574,-0.00013568690046668054,0.00043524084612727164,-2.737059783935547,0.0016238640993833542,0.005596069619059563
415,339968000,5.160000000000001e-05,0.11764490127563476,0.0,0.0,0.9992344497607656,39.56751196172249,873875.7818064115,-0.0001516988966614008,0.0004306207410991192,-2.74013614654541,0.0017173111438751221,0.007197510451078415
416,340787200,5.1000000000000006e-05,0.11736318588256836,0.0,0.0,0.9994739107561337,39.1825529676216,872150.2595835807,-0.0002460998948663473,0.00040377634577453135,-2.7432689666748047,0.0015295632183551788,0.0056884765625
417,341606400,5.0400000000000005e-05,0.11744823455810546,0.0,0.0,0.9994735330716952,39.22063750358955,848021.3480317878,-0.00016649692552164196,0.0004540359601378441,-2.747451591491699,0.0016141453757882117,0.005146117880940437
418,342425600,4.9800000000000004e-05,0.11690128326416016,0.0,0.0,0.9995691099727103,38.88131373581653,862838.309046542,-0.000187348248437047,0.00039777569472789767,-2.750728988647461,0.001556901726871729,0.005672241374850273
419,343244800,4.92e-05,0.11704339981079101,0.0,0.0,0.9994249293142282,39.26999568696986,863774.7586907571,-0.00031615819316357376,0.0004417217802256346,-2.7535533905029297,0.0017868971452116966,0.0076126717031002045
420,344064000,4.86e-05,0.11694769859313965,0.0,0.0,0.9993756603592354,39.126308711939295,872753.9040885592,-0.00017202391754835843,0.0004156952258199453,-2.7573530197143556,0.001762799359858036,0.007182738929986954
421,344883200,4.800000000000001e-05,0.11669118881225586,0.0,0.0,0.9991822205118337,39.45540696555705,869852.5138614324,-0.0001708557363599539,0.0004159454256296158,-2.7606281280517577,0.001671411283314228,0.006228027120232582
422,345702400,4.740000000000001e-05,0.1165093994140625,0.0,0.0,0.9992774218411291,39.46678549063057,867510.629423334,-0.00013215194921940566,0.00044119376689195634,-2.7642398834228517,0.0015084407292306422,0.004355467110872269
423,346521600,4.6800000000000006e-05,0.11707176208496094,0.0,0.0,0.9994716364859023,39.330227196311064,863754.0364085037,-0.00011612173402681946,0.0004417581483721733,-2.7680450439453126,0.001436718087643385,0.004935791715979576
424,347340800,4.6200000000000005e-05,0.11658976554870605,0.0,0.0,0.999087854056649,39.50340854536726,868021.0534126722,-0.0001849067397415638,0.00043805460445582866,-2.7707910537719727,0.0015957212075591088,0.004473021253943443
425,348160000,4.5600000000000004e-05,0.11709093093872071,0.0,0.0,0.9993746392149316,39.4928324033096,870324.3870548934,-0.00012335552601143717,0.0004527817014604807,-2.7733747482299806,0.0016363872215151786,0.005376708507537842
426,348979200,4.5e-05,0.11696470260620118,0.0,0.0,0.9995189301005436,39.30639341896377,854586.597927444,-0.00018800213001668453,0.0004347167909145355,-2.7759843826293946,0.0015588345006108284,0.005744994059205056
427,349798400,4.44e-05,0.11710609436035156,0.0,0.0,0.9995191614175122,39.09328268500264,863341.9632279952,-0.0002441667951643467,0.00042668352834880353,-2.7774600982666016,0.0014847487211227417,0.005545654147863388
428,350617600,4.38e-05,0.11706165313720703,0.0,0.0,0.9991858237547893,39.57308429118774,867946.1414138988,-0.0002050134353339672,0.00044807246886193754,-2.7801685333251953,0.0013987149111926555,0.004971678927540779
429,351436800,4.32e-05,0.11686468124389648,0.0,0.0,0.9992313604919293,39.53631821675634,864080.16475023,-0.00025672682095319034,0.00041232481598854067,-2.783135986328125,0.0016972215846180916,0.006384399533271789
430,352256000,4.26e-05,0.11733041763305664,0.0,0.0,0.9992818843355037,39.38835695135963,877503.6926226857,-9.294308256357908e-05,0.0004246294032782316,-2.7862598419189455,0.001407408993691206,0.005561522766947746
431,353075200,4.2e-05,0.11722392082214356,0.0,0.0,0.9996646385282423,39.062952139127106,872335.2782375904,-0.0002387323183938861,0.00042591304518282416,-2.7883867263793944,0.0016033515334129334,0.005392822623252869
432,353894400,4.14e-05,0.11739633560180664,0.0,0.0,0.9994277812216871,39.164608268561345,865393.2244272451,-0.00021495602559298276,0.0004368381574749947,-2.791456413269043,0.0015574146993458271,0.005463256686925888
433,354713600,4.08e-05,0.1172105598449707,0.0,0.0,0.9995207055214724,39.20537768404908,878103.3161774839,-0.00011732043931260705,0.00044594393111765387,-2.7940025329589844,0.0017065435647964477,0.0062681883573532104
434,355532800,4.02e-05,0.11703377723693847,0.0,0.0,0.9997589315847838,39.09917554601996,873348.9082109925,-9.651292348280549e-05,0.00041373115964233876,-2.7950645446777345,0.0015088520012795925,0.004782348871231079
435,356352000,3.96e-05,0.11730792999267578,0.0,0.0,0.9993776628847719,39.26880176169276,859923.3315001124,-0.0002615371951833367,0.00042391489259898665,-2.796769905090332,0.0016719140112400055,0.005536743625998497
436,357171200,3.9e-05,0.11658735275268554,0.0,0.0,0.9992807825086306,39.366944764096665,853770.5847654047,-0.00030312177259474995,0.00043652327731251716,-2.7996122360229494,0.0017716167494654655,0.006128051877021789
437,357990400,3.84e-05,0.11730928421020508,0.0,0.0,0.9993262752646775,39.456159769008664,862500.9084264367,-0.00017809319542720913,0.00041386019438505173,-2.8031404495239256,0.0015638791024684905,0.005145874246954918
438,358809600,3.78e-05,0.1173196029663086,0.0,0.0,0.9993761098046744,39.375725872246484,865162.7012341162,-0.00020081042312085627,0.0004284233320504427,-2.8062726974487306,0.0016708066686987877,0.005348388850688934
439,359628800,3.7199999999999996e-05,0.11738723754882813,0.0,0.0,0.9994279448920246,39.198026409877485,870169.0774139743,-0.00012475932016968726,0.00044368458911776544,-2.8080469131469727,0.0014930523931980133,0.004887450486421585
440,360448000,3.6599999999999995e-05,0.11728128433227539,0.0,0.0,0.9996151996151996,39.12015392015392,870586.1092270187,-0.00011658344883471727,0.0004268778953701258,-2.809317779541016,0.0012231450527906418,0.004036987200379372
441,361267200,3.5999999999999994e-05,0.1165412712097168,0.0,0.0,0.9992305102678786,39.39508488433607,859314.2049403862,-0.00033074619714170697,0.00043989541009068487,-2.8123950958251953,0.001978977024555206,0.006950197368860244
442,362086400,3.539999999999999e-05,0.11689390182495117,0.0,0.0,0.9993785553802763,39.23074716764663,873530.3848366706,-0.00015721770469099284,0.00045045316219329836,-2.8149812698364256,0.00131895300000906,0.0035651858896017076
443,362905600,3.479999999999999e-05,0.11712158203125,0.0,0.0,0.9994250119789171,39.188308576904646,869338.1972569136,-0.00017486950382590295,0.00043184575624763963,-2.8167163848876955,0.0012977282516658307,0.004195312038064003
444,363724800,3.419999999999999e-05,0.1171108627319336,0.0,0.0,0.9993749699504784,39.43098225876244,872457.8204315652,-0.00012098056031391024,0.00044327443465590476,-2.81829776763916,0.0015666529536247254,0.005498413741588592
445,364544000,3.36e-05,0.11682111740112305,0.0,0.0,0.9992331288343558,39.59087423312884,869691.9786853594,-0.00017371468711644412,0.0004570283927023411,-2.8206920623779297,0.0013563592918217182,0.004115965589880944
446,365363200,3.2999999999999996e-05,0.1172797966003418,0.0,0.0,0.9996163989450971,38.96518820426756,851511.4377481499,-0.00014267801307141781,0.00043656779453158376,-2.823347473144531,0.0013367339037358762,0.0036757804453372957
447,366182400,3.2399999999999995e-05,0.11704401969909668,0.0,0.0,0.9994246535935177,39.342570839526296,855365.1223075268,-0.00017390866996720434,0.00045474530197679995,-2.826098823547363,0.0014765330590307713,0.004648804292082786
448,367001600,3.1799999999999994e-05,0.11699300765991211,0.0,0.0,0.9994709503655252,39.41693920738746,844039.0730781378,-0.00012930850498378278,0.0004403362050652504,-2.82845401763916,0.0015294736251235009,0.004930054396390915
449,367820800,3.119999999999999e-05,0.11711407661437988,0.0,0.0,0.999281712397644,39.49930565531772,870561.7134282929,-0.00014939983375370503,0.0004543370567262173,-2.8309743881225584,0.0014784841798245907,0.0036893308162689207
450,368640000,3.059999999999999e-05,0.11724079132080079,0.0,0.0,0.9995700773860705,39.057609630266555,853922.7721725589,-0.00016593150794506074,0.00045235827565193176,-2.832728385925293,0.0011977962218225001,0.003004760481417179
451,369459200,2.999999999999999e-05,0.11723835945129395,0.0,0.0,0.9996156433169981,39.194916882867304,855696.6936101743,-0.0002230101963505149,0.0004360123537480831,-2.8353303909301757,0.0011904056183993817,0.003423827886581421
452,370278400,2.939999999999999e-05,0.11684951782226563,0.0,0.0,0.9993279569892473,39.28576228878648,858309.7532457007,-0.00016267093596979975,0.00043740845285356045,-2.838188362121582,0.0012884284369647503,0.003200561553239822
453,371097600,2.879999999999999e-05,0.11696924209594727,0.0,0.0,0.999470797652266,39.19652650822669,868288.2056823099,-0.00019949327688664197,0.00040301098488271236,-2.840237617492676,0.0013550877571105956,0.0036616213619709015
454,371916800,2.819999999999999e-05,0.11706960678100586,0.0,0.0,0.9994725485495085,39.37540158235435,867167.9006175604,-0.00018761043902486562,0.0004636796656996012,-2.841527557373047,0.0014561728574335575,0.0037910155951976776
455,372736000,2.759999999999999e-05,0.11730485916137695,0.0,0.0,0.9991377245508982,39.616479041916165,863793.5746455153,-0.0002783276606351137,0.00045322566293179987,-2.8426158905029295,0.0017045527696609498,0.004649902507662773
456,373555200,2.699999999999999e-05,0.1176668643951416,0.0,0.0,0.999520751461708,39.095801782804564,862801.2902988178,-0.00017056105425581337,0.00041711274534463885,-2.8442642211914064,0.0016507318243384362,0.0048383790999650955
457,374374400,2.6399999999999988e-05,0.11694599151611328,0.0,0.0,0.9994232710145624,39.2748594223098,869809.0424016987,-0.00013859213795512914,0.00041525126434862616,-2.845565605163574,0.0013039654120802879,0.003374389559030533
458,375193600,2.5799999999999987e-05,0.11682159423828126,0.0,0.0,0.9995682624964022,39.09445457162045,870699.835246793,-0.00021592532284557818,0.00044267233461141585,-2.8474405288696287,0.0015350191853940487,0.0037364497780799865
459,376012800,2.5199999999999986e-05,0.1169265365600586,0.0,0.0,0.9993776628847719,39.24515295131409,870426.7310692513,-0.00019771168008446692,0.0004227270372211933,-2.849562644958496,0.0014698085375130176,0.00390026830136776
460,376832000,2.4599999999999985e-05,0.11697162628173828,0.0,0.0,0.9992763062671878,39.48994065711391,848673.1390350129,-0.0002513678977265954,0.00042026638984680174,-2.850636291503906,0.0014535236172378064,0.0037548821419477463
461,377651200,2.3999999999999987e-05,0.11676250457763672,0.0,0.0,0.9993255937183873,39.516498867960884,864302.3738610791,-0.0001498251687735319,0.00043528382666409017,-2.8525819778442383,0.0013942504301667213,0.0030883783474564552
462,378470400,2.3399999999999986e-05,0.11667543411254883,0.0,0.0,0.9994225772302955,39.26051390626504,851681.645848893,-0.00020989160984754562,0.0004424383398145437,-2.8546524047851562,0.0012299266643822193,0.0034068599343299866
463,379289600,2.2799999999999985e-05,0.11661645889282227,0.0,0.0,0.9992775262498795,39.22435218187073,853019.059900594,-0.00014555592788383364,0.00042231306433677674,-2.8552568435668944,0.0012977655045688153,0.003334350511431694
464,380108800,2.2199999999999984e-05,0.11655153274536133,0.0,0.0,0.9994216588751265,39.49197551689238,858030.0577722375,-0.0002840469591319561,0.00046169632114470007,-2.8562810897827147,0.001156055461615324,0.002937621995806694
465,380928000,2.1599999999999983e-05,0.11709786415100097,0.0,0.0,0.9992808169918972,39.4906745936616,857466.744685307,-0.00024307772982865573,0.0004461206030100584,-2.858359527587891,0.0015620891936123371,0.003956419974565506
466,381747200,2.0999999999999982e-05,0.11734217643737793,0.0,0.0,0.998993240327916,39.52365885229398,865740.4024275128,-0.00016738532576709986,0.00042895008809864523,-2.860146713256836,0.0011277019046247005,0.0025727540254592896
467,382566400,2.0399999999999984e-05,0.11677955627441407,0.0,0.0,0.9991826923076923,39.39764423076923,862358.846600456,-0.00024272871669381857,0.00042492062784731387,-2.8620805740356445,0.0014342654496431351,0.0036817625164985656
468,383385600,1.9799999999999983e-05,0.1169057273864746,0.0,0.0,0.9995179328962591,39.163324334747394,862256.7285219104,-0.0001397603307850659,0.0004327230155467987,-2.8632740020751952,0.0011582981795072555,0.0028616942465305327
469,384204800,1.9199999999999982e-05,0.11702836990356445,0.0,0.0,0.9994217982075745,39.438132408210464,854973.5474551017,-0.00012149602407589555,0.00042873830534517765,-2.8637542724609375,0.0012461369857192039,0.002774657681584358
470,385024000,1.8600000000000015e-05,0.11689469337463379,0.0,0.0,0.9991799324650266,39.531259044862516,863973.9783109106,-0.00020399559289216996,0.0004005833528935909,-2.8638164520263674,0.0015314520336687566,0.003330200165510178
471,385843200,1.8000000000000014e-05,0.11697001457214355,0.0,0.0,0.9992773174021969,39.35695702447485,865883.3345381882,-0.00015135147841647268,0.00041823303326964377,-2.8642749786376953,0.0012724624946713447,0.002265136316418648
472,386662400,1.7400000000000013e-05,0.11661067962646485,0.0,0.0,0.9991333237035968,39.49010544561606,858621.2416511361,-0.00027645728550851345,0.00045122453011572363,-2.8656999588012697,0.0016795195639133453,0.003951293975114822
473,387481600,1.6800000000000012e-05,0.11675740242004394,0.0,0.0,0.9991314837153197,39.59430639324487,841534.2725623916,-0.0002604017732664943,0.00041796797886490823,-2.8670429229736327,0.0015363661572337151,0.0035382084548473357
474,388300800,1.6200000000000014e-05,0.11679884910583496,0.0,0.0,0.9993274727386271,39.448143344382,845316.051290317,-0.00021947275381535293,0.00041070044972002506,-2.868073844909668,0.001295391283929348,0.002763672359287739
475,389120000,1.5600000000000013e-05,0.11655136108398438,0.0,0.0,0.9992784645726105,39.376545288373656,852735.0997322095,-0.00021079364232718946,0.00043888231739401816,-2.8689332962036134,0.0014627508819103241,0.0030366212129592897
476,389939200,1.5000000000000012e-05,0.11642753601074218,0.0,0.0,0.9992297323319853,39.533410360100135,857894.1802809131,-0.00017399595817551016,0.0004399898461997509,-2.8696083068847655,0.0013177741318941116,0.0024281006306409838
477,390758400,1.4400000000000011e-05,0.11635818481445312,0.0,0.0,0.9988898006468118,39.76150021721292,859504.1181695638,-0.00013105261605232953,0.0004283595364540815,-2.8700538635253907,0.0009097764268517494,0.0019252931699156762
478,391577600,1.3800000000000012e-05,0.11694648742675781,0.0,0.0,0.9997112052368117,38.95769156719292,851957.2173410588,-0.0001445729285478592,0.00042395819909870627,-2.8701948165893554,0.0011571450158953667,0.002124878019094467
479,392396800,1.320000000000001e-05,0.11675695419311523,0.0,0.0,0.9994690863458661,39.235339543414256,868405.0853176131,-0.0002423741854727268,0.00041583897545933725,-2.87048225402832,0.0012893234379589558,0.0031859125941991807
480,393216000,1.260000000000001e-05,0.11640193939208984,0.0,0.0,0.9988897470554161,39.873913882988994,872699.0488320651,-0.00019819648005068303,0.0004300590604543686,-2.8711978912353517,0.0011797511018812657,0.0018387448042631149
481,394035200,1.2000000000000009e-05,0.11696727752685547,0.0,0.0,0.9991313998938378,39.68344351686532,869484.8734118488,-0.0002485282951965928,0.00044379052706062795,-2.872039222717285,0.0014679581858217717,0.0031143799424171448
482,394854400,1.140000000000001e-05,0.11716367721557618,0.0,0.0,0.999187380497132,39.45234225621415,878108.0139015258,-0.00020567970350384712,0.000418038247153163,-2.872446060180664,0.0013573121279478074,0.0026142578572034836
483,395673600,1.0800000000000008e-05,0.11699268341064453,0.0,0.0,0.9994224382730904,39.27414929970641,875435.8909747811,-0.00015567411901429296,0.0004233964253216982,-2.872745704650879,0.0012299662455916404,0.0019062496721744537
484,396492800,1.0200000000000007e-05,0.11743030548095704,0.0,0.0,0.9990922121356904,39.46344959388438,870557.9510213678,-0.00013382111210376025,0.0004123905207961798,-2.8734624862670897,0.001202188804745674,0.0015551756136119367
485,397312000,9.600000000000008e-06,0.11709209442138672,0.0,0.0,0.9995669954293962,39.152225162376716,843319.7962402727,-0.00018889104248955845,0.0004228954203426838,-2.8738685607910157,0.0008270737715065479,0.001736816018819809
486,398131200,9.000000000000007e-06,0.1174985122680664,0.0,0.0,0.9989964637293319,39.490968173563985,840973.6504961833,-0.0002719101961702108,0.00042920946143567564,-2.873885726928711,0.0013932963833212853,0.0029045408591628075
487,398950400,8.400000000000006e-06,0.1172425079345703,0.0,0.0,0.9997121335700235,39.037422635896945,855856.9792748954,-0.0002165655605494976,0.0004268829245120287,-2.8743186950683595,0.0010542758740484715,0.0016444090753793717
488,399769600,7.800000000000007e-06,0.11705934524536132,0.0,0.0,0.9994233818653596,39.24578347989044,869310.0181246529,-0.00017499610548838974,0.0004469402600079775,-2.8750865936279295,0.0014175760559737682,0.002396484836935997
489,400588800,7.200000000000006e-06,0.1166092300415039,0.0,0.0,0.9991810386357067,39.602177473745066,857685.8892122321,-0.00021502564195543527,0.00045348154380917547,-2.875656318664551,0.0013938873074948789,0.002051636017858982
490,401408000,6.600000000000005e-06,0.11706983566284179,0.0,0.0,0.9995662650602409,39.256530120481926,866835.1201596801,-0.00015838778344914317,0.0004175140522420406,-2.8761619567871093,0.0008520259521901608,0.0013190915808081627
491,402227200,6.000000000000004e-06,0.11708857536315918,0.0,0.0,0.999423049185057,39.28352324630992,860632.0254641905,-0.0001775210490450263,0.000420218612998724,-2.87658748626709,0.0016225378960371018,0.0027899172157049177
492,403046400,5.400000000000004e-06,0.1172891902923584,0.0,0.0,0.9995201535508638,39.27663147792706,859336.1257741182,-0.0002193329855799675,0.00042359591461718085,-2.877077102661133,0.0014341913163661956,0.002378295175731182
493,403865600,4.800000000000004e-06,0.11702506065368652,0.0,0.0,0.9989922741014444,39.800422285138445,865494.5222027125,-0.000141409772913903,0.00044331024400889874,-2.8774662017822266,0.000861544068902731,0.0007581786252558231
494,404684800,4.200000000000003e-06,0.11691156387329102,0.0,0.0,0.9994741622448492,39.16224484918017,867651.9300267829,-0.0001960726920515299,0.00045370920561254023,-2.8776481628417967,0.001331673189997673,0.0018507080152630807
495,405504000,3.600000000000003e-06,0.11705846786499023,0.0,0.0,0.9995206136145733,39.01327900287632,871272.0052164175,-0.00016383450711145997,0.00043724002316594126,-2.8777135848999023,0.0010805923491716384,0.0012457273900508881
496,406323200,3.000000000000002e-06,0.1169273567199707,0.0,0.0,0.9992799193509673,39.31539532427632,852918.5919236171,-0.00010849838145077229,0.00044559622183442115,-2.8778568267822267,0.0007600765209645032,0.0006331786047667265
497,407142400,2.400000000000002e-06,0.11700202941894532,0.0,0.0,0.9995194387044067,39.21918400692008,842625.909456932,-0.00015875066164880992,0.000421571871265769,-2.8779760360717774,0.0009321956895291805,0.0008784180507063865
498,407961600,1.8000000000000014e-06,0.11710846900939942,0.0,0.0,0.9993290198897675,39.30103043374071,857880.6700542362,-0.00013077291660010815,0.0004019198007881641,-2.8780818939208985,0.0006598136853426695,0.0005538330413401126
499,408780800,1.200000000000001e-06,0.11687141418457031,0.0,0.0,0.9992287298144131,39.53458664738491,872666.2636166812,-5.5653986055403945e-05,0.00042849420569837096,-2.8780879974365234,0.00015121885808184744,5.615234840661287e-06
500,409600000,6.000000000000005e-07,0.1170244026184082,0.0,0.0,0.9991839869437911,39.34603753660058,872242.3983120488,-9.009117493405939e-05,0.000419229082763195,-2.8780757904052736,0.0001896281260997057,2.282714704051614e-05
