update,env_steps,lr,reward_per_step,cost_per_step,violation_rate,success_rate,mean_episode_length,steps_per_sec,policy_loss,value_loss,entropy,approx_kl,clip_frac
1,819200,0.0003,0.0032106029987335207,0.0,0.0,1.0,95.17567567567568,875553.8859032338,-0.008375826478004455,0.030280134081840514,1.829197311401367,0.006857044994831085,0.08806494474411011
2,1638400,0.00029939999999999996,0.013013501167297364,0.0,0.0,1.0,300.74238468233244,872027.1919083371,-0.010065063834190369,0.036995846033096316,1.8035371780395508,0.007559149712324143,0.09859996438026428
3,2457600,0.0002988,0.017744253873825073,0.0,0.0,1.0,356.88072752710735,881956.8515318325,-0.007747616618871689,0.043823879957199094,1.7701290130615235,0.0057412881404161455,0.06622717380523682
4,3276800,0.0002982,0.024200024604797362,0.0,0.0,1.0,286.0243680255067,884189.1462466471,-0.007935304939746857,0.04335563182830811,1.733381462097168,0.005546186119318008,0.06338927745819092
5,4096000,0.00029759999999999997,0.03202759742736817,0.0,0.0,0.9955585924154424,181.31738981892724,881028.1266555004,-0.007523732632398606,0.04203936457633972,1.6950735092163085,0.005109150335192681,0.05707030296325684
6,4915200,0.00029699999999999996,0.03844621419906616,0.0,0.0,1.0,127.98757320382802,888654.3606597986,-0.006968419998884201,0.035922694206237796,1.6567163467407227,0.004637420922517776,0.04995764195919037
7,5734400,0.0002964,0.0449147891998291,0.0,0.0,1.0,107.40973755212165,882054.7173345487,-0.007065967470407486,0.028828543424606324,1.620697021484375,0.004516343772411347,0.04930566549301148
8,6553600,0.0002958,0.05178608894348145,0.0,0.0,1.0,90.83799658265698,883431.4651418683,-0.0069151677191257475,0.023563890159130095,1.5839879035949707,0.004469726979732513,0.0490435779094696
9,7372800,0.00029519999999999997,0.05825027465820312,0.0,0.0,1.0,80.88645833333334,886138.0197844682,-0.006443439424037934,0.018483629822731017,1.5467345237731933,0.004576824605464935,0.049218136072158816
10,8192000,0.00029459999999999995,0.06511873245239258,0.0,0.0,1.0,71.13296703296703,872762.9808746505,-0.006248772516846657,0.013537222146987915,1.508178997039795,0.0051325723528862,0.05532568693161011
11,9011200,0.000294,0.07238734245300293,0.0,0.0,1.0,63.74393019726859,885756.3514307004,-0.006147519499063492,0.009813102334737778,1.4680370330810546,0.005211423709988594,0.054883426427841185
12,9830400,0.0002934,0.07853989601135254,0.0,0.0,1.0,58.677266624266835,879961.7524215357,-0.006496188789606094,0.007069611549377441,1.428307056427002,0.005670126155018806,0.06229588985443115
13,10649600,0.00029279999999999996,0.08457513809204102,0.0,0.0,1.0,54.40972540795596,877256.72382659,-0.006742068380117416,0.005393781140446663,1.3897891998291017,0.0060834776610136036,0.06945252418518066
14,11468800,0.00029219999999999995,0.09005340576171875,0.0,0.0,1.0,51.01114806602612,883892.6293295441,-0.007061661779880523,0.004359745979309082,1.3521828651428223,0.006370633840560913,0.07433469891548157
15,12288000,0.0002916,0.09493118286132812,0.0,0.0,1.0,48.2745419422818,881203.4276402117,-0.00713513270020485,0.0037143722176551817,1.3127774238586425,0.006778408586978912,0.08083947896957397
16,13107200,0.00029099999999999997,0.09932748794555664,0.0,0.0,1.0,46.03628649584101,876394.5129638392,-0.007170548290014267,0.003195459395647049,1.2728412628173829,0.006904728710651398,0.08354648947715759
17,13926400,0.00029039999999999996,0.10403324127197265,0.0,0.0,1.0,44.04658634538153,884582.0205187737,-0.007065928727388382,0.002780508995056152,1.2343777656555175,0.007047641277313233,0.08599976301193238
18,14745600,0.00028979999999999994,0.10824186325073243,0.0,0.0,1.0,42.48208586430557,880769.6909665198,-0.006673140078783035,0.002440013363957405,1.1968610763549805,0.00702589750289917,0.08650707602500915
19,15564800,0.0002892,0.11163774490356446,0.0,0.0,1.0,41.07417967186875,876988.8804936182,-0.006283450871706009,0.0021700313314795493,1.1585708618164063,0.006759227812290191,0.0803563117980957
20,16384000,0.00028859999999999997,0.11481730461120605,0.0,0.0,1.0,39.95578099213669,879055.2218472242,-0.005541038885712624,0.0019953958690166473,1.1200045585632323,0.0063906475901603695,0.07315917015075683
21,17203200,0.00028799999999999995,0.1167367172241211,0.0,0.0,1.0,39.202267074803906,849394.9965019836,-0.005037875100970268,0.0018839729949831963,1.0834136009216309,0.005990609154105186,0.06585643887519836
22,18022400,0.00028739999999999994,0.1190217113494873,0.0,0.0,1.0,38.51877757956999,868862.6281835433,-0.004499972239136696,0.0017521888017654418,1.048288917541504,0.005692984536290168,0.059820312261581424
23,18841600,0.0002868,0.1207286262512207,0.0,0.0,1.0,37.99397646186637,870750.7529594708,-0.004231490939855575,0.0016589293256402016,1.0144198417663575,0.005411563813686371,0.053864854574203494
24,19660800,0.00028619999999999996,0.12217704772949219,0.0,0.0,1.0,37.37709993170954,885074.4417396277,-0.003968323022127152,0.0015560564585030078,0.9810490608215332,0.005111559852957725,0.04836791157722473
25,20480000,0.00028559999999999995,0.12395702362060547,0.0,0.0,1.0,37.10659370477569,872970.4366887544,-0.0032621171325445176,0.0015127799473702908,0.9484375,0.004596079513430595,0.03908496797084808
26,21299200,0.000285,0.12485637664794921,0.0,0.0,1.0,36.750661583314645,876245.8666353092,-0.00293455608189106,0.0014774338342249393,0.9165321350097656,0.004569235071539879,0.03937695324420929
27,22118400,0.0002844,0.12572362899780273,0.0,0.0,1.0,36.49966593915639,884056.0186833716,-0.00274288859218359,0.0014399258419871331,0.885523509979248,0.004346121475100518,0.035284921526908875
28,22937600,0.00028379999999999996,0.1264306354522705,0.0,0.0,1.0,36.217443144181935,882366.8716385774,-0.0024256592616438864,0.00138513520359993,0.857326889038086,0.003959150239825249,0.028146722912788393
29,23756800,0.00028319999999999994,0.1273927402496338,0.0,0.0,1.0,36.00359775359775,881460.1349171903,-0.0021377503871917725,0.0013292085379362107,0.8295765876770019,0.0036875598132610323,0.025923216342926027
30,24576000,0.0002826,0.12798647880554198,0.0,0.0,1.0,35.84251761719263,887110.9485954129,-0.0017221402376890182,0.001309402473270893,0.8034924507141114,0.0034179545938968657,0.022542724013328554
31,25395200,0.00028199999999999997,0.12816107749938965,0.0,0.0,1.0,35.91211495364064,873088.4464596922,-0.0015870651230216026,0.0012874304316937923,0.7805704116821289,0.003151368722319603,0.01819360554218292
32,26214400,0.00028139999999999996,0.12866952896118164,0.0,0.0,1.0,35.72745080968135,877181.4763913613,-0.0014826747588813304,0.0012786791659891606,0.7574328422546387,0.0029540928080677986,0.01824938803911209
33,27033600,0.00028079999999999994,0.12965673446655274,0.0,0.0,1.0,35.494323598232086,873940.1837766386,-0.0014482169412076474,0.001207913737744093,0.7342831134796143,0.0029401807114481926,0.015812253952026366
34,27852800,0.0002802,0.12986743927001954,0.0,0.0,1.0,35.20552476693732,872458.1548950658,-0.0014116165228188037,0.0011811996810138226,0.7116770267486572,0.0028380047529935836,0.0159642294049263
35,28672000,0.00027959999999999997,0.13027990341186524,0.0,0.0,1.0,35.24552209956617,874462.8481010578,-0.0011411643587052821,0.0011359838768839835,0.6889658451080323,0.0026799729093909264,0.012919674813747405
36,29491200,0.00027899999999999995,0.13056001663208008,0.0,0.0,1.0,35.29817304377801,883167.8404647463,-0.0009747840464115143,0.0011153137311339378,0.667886209487915,0.002342064306139946,0.011508665978908539
37,30310400,0.0002784,0.13108402252197265,0.0,0.0,1.0,35.15154762925491,879244.4454504381,-0.001051471009850502,0.0010870713740587234,0.6473563194274903,0.002592657692730427,0.011982055008411407
38,31129600,0.0002778,0.13101451873779296,0.0,0.0,1.0,35.02047547654744,876295.8791885107,-0.0009978512302041055,0.0010575311258435248,0.627847146987915,0.002746289037168026,0.013765503466129304
39,31948800,0.0002772,0.1314476203918457,0.0,0.0,1.0,34.96670650503671,878454.9346933513,-0.0010117767378687859,0.0010279140435159207,0.6085208892822266,0.0027291161939501764,0.013487546145915985
40,32768000,0.0002766,0.13117824554443358,0.0,0.0,1.0,34.89560509825653,877106.2597933615,-0.0008057629689574242,0.0010398350656032561,0.590015459060669,0.002041918598115444,0.00909729152917862
41,33587200,0.000276,0.13167972564697267,0.0,0.0,1.0,34.93289932771679,869205.5648179116,-0.0009056691080331803,0.0009956507943570613,0.5714741230010987,0.0021674180403351783,0.01040026843547821
42,34406400,0.00027539999999999997,0.13176974296569824,0.0,0.0,1.0,34.85850583525002,879438.4638239753,-0.0009555683471262455,0.0009545132517814637,0.5526944637298584,0.0024135800078511236,0.011991698294878006
43,35225600,0.0002748,0.1321154499053955,0.0,0.0,1.0,34.907883534820364,873677.9463270827,-0.0007548988796770573,0.0009258010424673558,0.5339185714721679,0.0021813251078128815,0.00987560972571373
44,36044800,0.0002742,0.13243255615234376,0.0,0.0,1.0,34.75467378863029,862034.5956087775,-0.0008286518976092338,0.0008799657225608826,0.513127326965332,0.002172231674194336,0.010707152634859085
45,36864000,0.0002736,0.13242250442504883,0.0,0.0,1.0,34.663492063492065,881961.5753236338,-0.0006587249226868153,0.0008551785722374916,0.49318752288818357,0.0021858805790543555,0.009858518838882446
46,37683200,0.00027299999999999997,0.13251110076904296,0.0,0.0,1.0,34.79356044516184,883361.1044491652,-0.0005069571547210216,0.0008508371189236641,0.478041410446167,0.0017273886129260062,0.009917113929986954
47,38502400,0.0002724,0.13239519119262697,0.0,0.0,1.0,34.79755567857599,876748.7977020127,-0.0006586431991308928,0.0008462912403047085,0.46196136474609373,0.0020568940788507463,0.009023801982402801
48,39321600,0.0002718,0.13281989097595215,0.0,0.0,1.0,34.699940908323484,888527.167964681,-0.0005943452008068562,0.0008141701109707355,0.4464674949645996,0.0019102904945611954,0.007483521103858947
49,40140800,0.0002712,0.13300521850585936,0.0,0.0,1.0,34.603519011969716,882772.7384119792,-0.0005882618948817253,0.00076077776029706,0.43004841804504396,0.0022252265363931654,0.009373656660318374
50,40960000,0.00027059999999999996,0.13307921409606935,0.0,0.0,1.0,34.616122759553605,879335.6145066324,-0.0006787892896682024,0.0007679102011024952,0.41336879730224607,0.0019637910649180413,0.007401123642921448
51,41779200,0.00027,0.13324575424194335,0.0,0.0,1.0,34.62983168400575,878647.9306857501,-0.000522932643070817,0.0007358828093856573,0.39841113090515134,0.001863463968038559,0.007908690720796585
52,42598400,0.0002694,0.13328168869018556,0.0,0.0,1.0,34.5055744877782,882708.4804410955,-0.0005484768655151129,0.0007328252773731947,0.3838555097579956,0.0016326339915394782,0.0070500485599040985
53,43417600,0.0002688,0.13338588714599608,0.0,0.0,1.0,34.386807099995806,869643.868334236,-0.0004772785119712353,0.000701906904578209,0.36687772274017333,0.0016769317910075188,0.007225463539361954
54,44236800,0.00026819999999999996,0.13367868423461915,0.0,0.0,1.0,34.39225384583141,876238.1819507767,-0.0005626179743558168,0.0006848345045000314,0.35230154991149903,0.0017157530412077904,0.00822766199707985
55,45056000,0.0002676,0.13374006271362304,0.0,0.0,1.0,34.42915983692683,866807.9623802307,-0.0005310004111379385,0.0006598485633730888,0.33515760898590086,0.0016100119799375534,0.0059042971581220625
56,45875200,0.000267,0.13398220062255858,0.0,0.0,1.0,34.34110347140701,867688.4597599289,-0.00039577241986989977,0.0006454216782003641,0.3192063093185425,0.0016695661470293999,0.005793335661292076
57,46694400,0.00026639999999999997,0.13370594024658203,0.0,0.0,1.0,34.37958258094318,874010.9715578269,-0.0004627937916666269,0.0006601985543966294,0.30502734184265134,0.0017618058249354363,0.0056761477142572405
58,47513600,0.00026579999999999996,0.13371746063232423,0.0,0.0,1.0,34.25354647026823,873302.8038788993,-0.00039843819104135036,0.0006587366573512554,0.29274935722351075,0.0016646305099129676,0.006439210474491119
59,48332800,0.0002652,0.1337986946105957,0.0,0.0,1.0,34.287310154386844,869153.3013080227,-0.0002997969277203083,0.0006404191255569458,0.27857437133789065,0.0015755757689476014,0.006012451276183129
60,49152000,0.0002646,0.13423492431640624,0.0,0.0,1.0,34.42117439219315,860988.8534183863,-0.00044821281917393205,0.0005976034328341485,0.26042449474334717,0.0020541293546557427,0.00821496844291687
61,49971200,0.00026399999999999997,0.1341623592376709,0.0,0.0,1.0,34.26247125235208,874854.3979235926,-0.0003418660257011652,0.000591298844665289,0.24705209732055664,0.0017618691548705102,0.00654296949505806
62,50790400,0.00026339999999999995,0.13424938201904296,0.0,0.0,1.0,34.17194588969823,871579.5833302101,-0.0003980369307100773,0.0005855211522430182,0.23545408248901367,0.001419465709477663,0.0049267571419477465
63,51609600,0.0002628,0.13436842918395997,0.0,0.0,1.0,34.19925597726133,867009.139889643,-0.0003279589349403977,0.0005820713937282562,0.22130892276763917,0.0017290113493800164,0.00636926218867302
64,52428800,0.0002622,0.13414161682128906,0.0,0.0,1.0,34.210860749968646,869795.7335698799,-0.0003195705125108361,0.0005820690654218197,0.20979008674621583,0.0018694251775741577,0.008343380689620972
65,53248000,0.00026159999999999996,0.13451026916503905,0.0,0.0,1.0,34.20372758663727,870862.7204243281,-0.0002543537644669414,0.0005501918960362673,0.19737240076065063,0.001843240112066269,0.006728882342576981
66,54067200,0.000261,0.1345192337036133,0.0,0.0,1.0,34.26899874319229,864146.3754292394,-0.00034131528809666634,0.0005431801080703735,0.1840370774269104,0.0016020912677049636,0.0050219733268022535
67,54886400,0.0002604,0.13469589233398438,0.0,0.0,1.0,34.18660047557465,859185.4873661884,-0.0003996031824499369,0.0005434231832623481,0.1700557827949524,0.0015627218410372735,0.006139893084764481
68,55705600,0.00025979999999999997,0.13473204612731934,0.0,0.0,1.0,34.21864413868094,886321.6096535585,-0.0003787765745073557,0.0005387387704104185,0.1510709285736084,0.0017338164150714874,0.007255981862545014
69,56524800,0.00025919999999999996,0.1346453857421875,0.0,0.0,1.0,34.20315763094144,882382.4243648783,-0.00033800248056650164,0.0005322677083313465,0.13246022462844848,0.0016464589163661004,0.005492186918854713
70,57344000,0.0002586,0.1348122787475586,0.0,0.0,1.0,34.1899720751886,877563.2947719271,-0.0003053253283724189,0.00053274966776371,0.11514983177185059,0.0014483334496617317,0.005098876729607582
71,58163200,0.000258,0.134754695892334,0.0,0.0,1.0,34.09888051937242,882730.0595091782,-0.0002707619220018387,0.0005348914302885533,0.09916678667068482,0.0017138054594397546,0.007174558937549591
72,58982400,0.00025739999999999997,0.13467918395996092,0.0,0.0,1.0,34.222054696988735,875402.6011982291,-0.00026599138509482146,0.0005292820744216443,0.08606377243995667,0.0017447713762521744,0.007834593951702117
73,59801600,0.00025679999999999995,0.13485459327697755,0.0,0.0,1.0,34.22692019014261,878376.1604696306,-0.00020300527103245258,0.0005195742007344962,0.07439756989479065,0.0016263110563158989,0.007511229068040848
74,60620800,0.0002562,0.13500893592834473,0.0,0.0,1.0,34.02528859729259,886204.5458976316,-0.00014890736201778054,0.0005011741071939468,0.057390516996383666,0.0020681813359260557,0.011962158232927322
75,61440000,0.0002556,0.1348740291595459,0.0,0.0,1.0,34.08639920093225,875694.0158234776,-0.0001849201275035739,0.0005007094237953425,0.03993251919746399,0.0016078598797321319,0.005850584805011749
76,62259200,0.00025499999999999996,0.13513347625732422,0.0,0.0,1.0,34.14575084399617,866674.4834742998,-0.00031892724800854924,0.0004918793216347695,0.02589554786682129,0.0016150249168276787,0.0055544435977935794
77,63078400,0.00025439999999999995,0.13510666847229003,0.0,0.0,1.0,34.138609732705056,878306.1339389968,-0.0003538280725479126,0.0004899198655039072,0.016968169808387758,0.0017575722187757492,0.007169556617736816
78,63897600,0.0002538,0.1351223850250244,0.0,0.0,1.0,34.09556838476554,875079.8963343226,-0.0002506691496819258,0.00048674228601157664,0.0027360469102859497,0.0016394319012761117,0.006402342766523361
79,64716800,0.0002532,0.13514111518859864,0.0,0.0,1.0,34.14068694962648,864424.5587178275,-0.00025992055889219047,0.0004790501669049263,-0.010906141996383668,0.001580292172729969,0.005417725443840027
80,65536000,0.00025259999999999996,0.135200138092041,0.0,0.0,1.0,34.1423517169615,884909.7772804236,-0.00019131097942590714,0.0004953322000801563,-0.021278567612171173,0.0020257793366909027,0.010898316651582718
81,66355200,0.00025199999999999995,0.13518766403198243,0.0,0.0,1.0,34.131502045587375,875417.976688574,-0.00010790679370984436,0.00046614622697234155,-0.02950739860534668,0.0018144939094781876,0.00976538062095642
82,67174400,0.0002514,0.13529567718505858,0.0,0.0,1.0,34.11435239206534,872561.6620325401,-9.037400595843793e-05,0.0004666126798838377,-0.04243869483470917,0.002209956757724285,0.011979003995656967
83,67993600,0.00025079999999999997,0.1351863193511963,0.0,0.0,1.0,33.97763975155279,883672.681055005,-0.00026962433476001023,0.00045833783224225044,-0.05823936462402344,0.001778206415474415,0.007452026754617691
84,68812800,0.00025019999999999996,0.13539246559143067,0.0,0.0,1.0,34.158960020031714,878978.3941631634,-0.0001914018183015287,0.0004506045021116734,-0.07706912159919739,0.0019461464136838913,0.009993406385183335
85,69632000,0.00024959999999999994,0.13530195236206055,0.0,0.0,1.0,34.038731662718696,875923.1410704438,4.1525109554640946e-05,0.00048479563556611536,-0.09224842190742492,0.002321881428360939,0.017539910972118378
86,70451200,0.000249,0.13521169662475585,0.0,0.0,1.0,34.016799733865604,884245.8946450183,-0.0002757822861894965,0.0004515716340392828,-0.1050387978553772,0.001806841976940632,0.006960692256689072
87,71270400,0.0002484,0.13537457466125488,0.0,0.0,1.0,34.01150948083133,869823.7870089646,0.0002374475821852684,0.0005036150570958853,-0.1183459997177124,0.0029135711491107942,0.025728517770767213
88,72089600,0.0002478,0.13533528327941893,0.0,0.0,1.0,33.95112454955888,863926.7855022372,-9.656428592279554e-05,0.00043640867806971073,-0.13253954648971558,0.0019029175862669944,0.009840331226587295
89,72908800,0.0002472,0.13533573150634765,0.0,0.0,1.0,34.032068879460944,877327.1704911173,-0.0001712583238258958,0.00043142014183104036,-0.1463119864463806,0.0017993973568081855,0.007122801989316941
90,73728000,0.0002466,0.13546693801879883,0.0,0.0,1.0,34.021654197838735,867512.6220699325,-1.6760115977376698e-05,0.0004274966660887003,-0.1604769706726074,0.0023211238905787466,0.015267334878444672
91,74547200,0.000246,0.13544477462768556,0.0,0.0,1.0,34.04196762141967,867142.907409222,-0.00020232147071510553,0.0004311592783778906,-0.17196969985961913,0.0016675638034939766,0.005960692465305328
92,75366400,0.0002454,0.13549277305603027,0.0,0.0,1.0,34.00170251640229,880461.252597231,-0.00020423962268978357,0.0004270237870514393,-0.18137869834899903,0.001711345836520195,0.0075799569487571715
93,76185600,0.0002448,0.135472412109375,0.0,0.0,1.0,34.00887304088233,881247.6835453879,0.00016646890435367823,0.0004306442104279995,-0.19568474292755128,0.0026171380653977395,0.020982909202575683
94,77004800,0.00024419999999999997,0.135537748336792,0.0,0.0,1.0,33.91236643750518,880241.7891754501,-0.00015544275520369412,0.0004210555460304022,-0.20865261554718018,0.0016043409705162048,0.008000487089157104
95,77824000,0.00024359999999999999,0.13556394577026368,0.0,0.0,1.0,34.03003327787022,884087.3774054189,-0.00018776884535327555,0.0004207585006952286,-0.21771929264068604,0.00161542147397995,0.006465576589107513
96,78643200,0.000243,0.13548686981201172,0.0,0.0,1.0,34.029960992613496,884753.9495798531,-0.00013706338359043002,0.0004160570912063122,-0.23104450702667237,0.0017389778047800064,0.006753174960613251
97,79462400,0.00024239999999999998,0.13536134719848633,0.0,0.0,1.0,33.910160294909495,871179.8545903341,-0.00016503053484484553,0.00041201352141797545,-0.24348626136779786,0.001858052797615528,0.00881957933306694
98,80281600,0.0002418,0.1355144500732422,0.0,0.0,1.0,34.01848620804254,879599.5230532025,-0.00020971025805920361,0.0004071720875799656,-0.2524751901626587,0.0018702492117881775,0.0077418223023414615
99,81100800,0.00024119999999999998,0.13558637619018554,0.0,0.0,1.0,33.95354897418928,878715.8187040468,-1.0847608791664242e-06,0.0004088931251317263,-0.25829272270202636,0.001960548385977745,0.010994507372379303
100,81920000,0.0002406,0.13567012786865235,0.0,0.0,1.0,34.092059264191775,851635.608441432,0.0003036159556359053,0.00040660854429006574,-0.2683826208114624,0.0026936903595924377,0.023064211010932922
101,82739200,0.00023999999999999998,0.13554147720336915,0.0,0.0,1.0,34.03129297054044,865903.0735693569,-0.00015452889492735268,0.0003971430007368326,-0.284283709526062,0.0017888769507408142,0.008699829131364823
102,83558400,0.0002394,0.13556047439575195,0.0,0.0,1.0,33.893169805087545,866290.6261418017,8.486420847475529e-05,0.00040340549312531946,-0.2953031063079834,0.0024194402620196344,0.016894769668579102
103,84377600,0.0002388,0.1354807186126709,0.0,0.0,1.0,33.9520312046143,874997.8500515529,-0.00019919886253774166,0.0003940518945455551,-0.30647859573364256,0.001858665607869625,0.007754392921924591
104,85196800,0.0002382,0.1356825828552246,0.0,0.0,1.0,34.02165166535319,866793.3813387144,-0.0002254531253129244,0.0003859034040942788,-0.31844115257263184,0.0017649270594120026,0.006844238191843033
105,86016000,0.0002376,0.13552474975585938,0.0,0.0,1.0,33.852147315339145,870194.1127971812,-0.0003203179221600294,0.0003840334713459015,-0.33352200984954833,0.0018492234870791436,0.007518678158521652
106,86835200,0.000237,0.13560102462768556,0.0,0.0,1.0,33.951660257205475,880378.6393626638,-7.731177611276507e-05,0.0003873824141919613,-0.34564006328582764,0.0020281577482819555,0.01179540902376175
107,87654400,0.0002364,0.13565086364746093,0.0,0.0,1.0,33.96575228595179,876420.4154263465,-0.0001743907341733575,0.0003783605294302106,-0.3576789855957031,0.0014438494108617306,0.005415282770991325
108,88473600,0.00023579999999999999,0.13565519332885742,0.0,0.0,1.0,34.00484773151025,874202.4331675618,-0.00013003660133108496,0.0003776823170483112,-0.36896729469299316,0.0017247799783945083,0.0063013903796672825
109,89292800,0.0002352,0.13565776824951173,0.0,0.0,1.0,33.92825130716242,881157.3792029963,-0.0001792806200683117,0.0003752186661586165,-0.37832305431365965,0.001859106495976448,0.008813963830471038
110,90112000,0.00023459999999999998,0.1355965805053711,0.0,0.0,1.0,33.84022277227723,876344.7844751367,-0.0002120885532349348,0.00037209915462881326,-0.38904457092285155,0.0017473891377449036,0.007332640886306763
111,90931200,0.000234,0.13571024894714356,0.0,0.0,1.0,33.91776220296106,878405.80457679,-0.00017828475683927535,0.00036742868833243846,-0.39671528339385986,0.001780465617775917,0.007064575701951981
112,91750400,0.00023339999999999998,0.13569284439086915,0.0,0.0,1.0,33.99449024400348,866639.0310371277,-3.946864744648337e-05,0.0003686374519020319,-0.4033162593841553,0.0020736435428261755,0.010277345776557922
113,92569600,0.0002328,0.1357503890991211,0.0,0.0,1.0,34.049893887062545,872677.0725563589,-0.00024932948872447014,0.00036702114157378675,-0.41380767822265624,0.0015575150959193707,0.005628173425793648
114,93388800,0.00023219999999999998,0.13582573890686034,0.0,0.0,1.0,33.954842986162895,864240.8432784079,-0.00013033234281465412,0.0003600693307816982,-0.42196073532104494,0.0016097921878099441,0.006548582762479782
115,94208000,0.0002316,0.13577728271484374,0.0,0.0,1.0,33.88647483207563,883104.8167583172,-0.00018063250463455914,0.00036160896997898816,-0.4311226844787598,0.0017394443973898887,0.006404418498277664
116,95027200,0.00023099999999999998,0.13584205627441406,0.0,0.0,1.0,33.93996449068913,883021.9848367806,-0.00014093361096456647,0.00036805619020015,-0.4420620441436768,0.0017931032925844193,0.007474731653928757
117,95846400,0.0002304,0.13576166152954103,0.0,0.0,1.0,33.92349477525294,880631.3731197035,-0.00013318839482963086,0.00035702786408364773,-0.44759693145751955,0.0016794288530945778,0.006638792902231216
118,96665600,0.00022979999999999997,0.13588316917419432,0.0,0.0,1.0,33.868225380039654,884970.5531698476,0.0001877995440736413,0.0003565220627933741,-0.4583164691925049,0.0025468124076724052,0.019868893921375273
119,97484800,0.0002292,0.13577518463134766,0.0,0.0,1.0,33.82907783837382,873849.7667099873,-5.292753921821713e-05,0.000356389838270843,-0.46893486976623533,0.0018730305135250091,0.009285034239292144
120,98304000,0.00022859999999999997,0.13579652786254884,0.0,0.0,1.0,33.88279343014356,873382.412483163,-0.00016897362656891345,0.00034871743991971016,-0.4809139251708984,0.0018326191231608391,0.008052246272563934
121,99123200,0.00022799999999999999,0.13587642669677735,0.0,0.0,1.0,33.98727988398591,881593.9184594289,-0.000169729336630553,0.0003451811848208308,-0.4924527645111084,0.0018407989293336869,0.007172363251447678
122,99942400,0.00022739999999999997,0.1358647346496582,0.0,0.0,1.0,33.992231961118264,875464.7193874486,2.00778798898682e-05,0.0003694300074130297,-0.5027029991149903,0.00195748433470726,0.011643920093774796
123,100761600,0.00022679999999999998,0.13594039916992187,0.0,0.0,1.0,33.97780727589497,871302.9686604455,8.920014370232821e-05,0.00034060869365930556,-0.5162847995758056,0.0023400085046887398,0.015765258669853212
124,101580800,0.00022619999999999997,0.1359379005432129,0.0,0.0,1.0,33.880401968487654,881365.6054119222,-8.030570461414754e-06,0.00034270372707396747,-0.5253007888793946,0.0022941667586565016,0.014781491458415985
125,102400000,0.00022559999999999998,0.13578990936279298,0.0,0.0,1.0,33.81772789171791,874226.7834245312,-9.487452916800976e-05,0.00034366585314273836,-0.5363600254058838,0.0016837926581501962,0.007772462815046311
126,103219200,0.000225,0.13577186584472656,0.0,0.0,1.0,33.784640171858214,873645.4163886614,-0.00015648463740944863,0.00033411725889891385,-0.546373987197876,0.001660333015024662,0.007579467445611954
127,104038400,0.00022439999999999998,0.13596050262451173,0.0,0.0,1.0,33.86788559164638,883028.7008388222,1.5531023382209242e-05,0.00033896160311996937,-0.5539682388305665,0.0019496632739901543,0.012489745020866394
128,104857600,0.0002238,0.13591277122497558,0.0,0.0,1.0,33.865596292311515,879169.709892911,-5.9800653252750637e-05,0.000330090057104826,-0.5618747234344482,0.001821521110832691,0.008664916455745696
129,105676800,0.00022319999999999998,0.13587865829467774,0.0,0.0,1.0,33.85237977193852,874749.0862976328,-0.00016762230079621078,0.00033361467067152264,-0.5754419803619385,0.001697998307645321,0.006170287728309631
130,106496000,0.0002226,0.13604942321777344,0.0,0.0,1.0,33.93217535153019,882239.4445987915,-0.0001002783072181046,0.00032788775861263274,-0.5877758026123047,0.0017255300655961037,0.008099365234375
131,107315200,0.00022199999999999998,0.13589902877807616,0.0,0.0,1.0,33.84873184658033,873619.5705360164,0.00013468454126268624,0.00033073390368372203,-0.6012123584747314,0.0026558896526694296,0.021409544348716735
132,108134400,0.0002214,0.1358811664581299,0.0,0.0,1.0,33.74894002387519,869179.5603568094,-4.976410127710551e-06,0.0003328630467876792,-0.6117610454559326,0.0018484150990843774,0.010139525681734086
133,108953600,0.00022079999999999997,0.13605909347534179,0.0,0.0,1.0,33.92811594202899,886243.4876658686,-6.413307855837047e-05,0.00032527516596019267,-0.619051170349121,0.002023806795477867,0.011675049364566804
134,109772800,0.00022019999999999999,0.13602681159973146,0.0,0.0,1.0,33.87612743069921,880566.3056443227,-2.3441117082256824e-05,0.0003258233889937401,-0.6282926559448242,0.0018352774903178215,0.008444578945636749
135,110592000,0.00021959999999999997,0.1360386085510254,0.0,0.0,1.0,33.91671495984767,878351.6313632019,-0.00013951797736808658,0.00032355794683098794,-0.6388017177581787,0.0016479158774018287,0.0066281758248806
136,111411200,0.00021899999999999998,0.1361048412322998,0.0,0.0,1.0,33.956573985828534,879805.1026264383,0.0002173283603042364,0.0005898404400795698,-0.6492726325988769,0.0024577191099524496,0.0192990705370903
137,112230400,0.00021839999999999997,0.1360384178161621,0.0,0.0,1.0,33.98142144638404,873509.6175365305,-6.944771739654243e-05,0.00044168527238070966,-0.6558476448059082,0.001748516596853733,0.008848876506090165
138,113049600,0.00021779999999999998,0.13599533081054688,0.0,0.0,1.0,33.78266782049697,868870.2089331012,0.00017698606243357062,0.00033370249439030887,-0.6674789428710938,0.0024402368813753127,0.01819091886281967
139,113868800,0.00021719999999999997,0.13612757682800292,0.0,0.0,1.0,33.91068620147339,888583.7670137131,0.0004028769675642252,0.0006714019924402237,-0.6769799709320068,0.0030660269781947135,0.026181644201278685
140,114688000,0.00021659999999999998,0.13592130661010743,0.0,0.0,1.0,33.84724461532102,875501.5794784976,0.00025790357030928133,0.0007825413718819618,-0.6818434715270996,0.0025421487167477607,0.02099645882844925
141,115507200,0.00021599999999999996,0.13607458114624024,0.0,0.0,1.0,33.93005342278544,879596.408217052,-6.582888890989125e-05,0.00032427029218524696,-0.6854803085327148,0.0014564070850610733,0.004596923291683197
142,116326400,0.00021539999999999998,0.13611507415771484,0.0,0.0,1.0,33.879411521613356,881758.6464562889,-0.00014980889391154052,0.0003177220933139324,-0.6948130607604981,0.0020812319591641424,0.009367187321186066
143,117145600,0.00021479999999999996,0.13608579635620116,0.0,0.0,1.0,33.797878925432265,879073.3793107017,-2.238727902295068e-05,0.0003206273773685098,-0.7056350231170654,0.0017368961125612259,0.009281737357378006
144,117964800,0.00021419999999999998,0.13604787826538087,0.0,0.0,1.0,33.827965857078055,875960.6039518383,-0.00011492433259263635,0.00031259714160114527,-0.7165533542633057,0.0018217705190181732,0.008888917416334153
145,118784000,0.00021359999999999996,0.13599490165710448,0.0,0.0,1.0,33.81474745804745,884670.1582712537,0.00012539811432361604,0.0003140551503747702,-0.729022216796875,0.0022050706669688226,0.016432008147239684
146,119603200,0.00021299999999999997,0.1360414981842041,0.0,0.0,1.0,33.8593704760723,880301.7458134533,-7.04488018527627e-05,0.00031191117595881225,-0.7399028301239013,0.001955237053334713,0.01050732433795929
147,120422400,0.00021239999999999996,0.13601097106933593,0.0,0.0,1.0,33.772532542428735,876929.1753707968,0.00020641235169023276,0.0003180194413289428,-0.7474599361419678,0.002762831188738346,0.022757811844348906
148,121241600,0.00021179999999999997,0.13620517730712892,0.0,0.0,1.0,33.91360530130462,885761.1717580411,3.6147964419797066e-05,0.00030798937659710647,-0.7561108112335205,0.0020871752873063087,0.012896119058132172
149,122060800,0.00021119999999999996,0.13604240417480468,0.0,0.0,1.0,33.835596087979205,880296.1581398174,-5.66822593100369e-05,0.0003136963583528996,-0.765303659439087,0.001966424472630024,0.011169313639402389
150,122880000,0.00021059999999999997,0.13614476203918457,0.0,0.0,1.0,33.77102071127981,875965.1830384944,-4.653722862713039e-05,0.00031164479441940783,-0.7759669303894043,0.001974860392510891,0.009541015326976775
151,123699200,0.00020999999999999998,0.13607985496520997,0.0,0.0,1.0,33.822961373390555,883618.9895762227,-4.533719911705703e-05,0.00031196377240121364,-0.785573673248291,0.001829499565064907,0.009796995669603348
152,124518400,0.00020939999999999997,0.13620434761047362,0.0,0.0,1.0,33.83984956191106,877755.4995026438,-6.521601462736726e-05,0.0003098007757216692,-0.7952662944793701,0.002001763693988323,0.011589965969324111
153,125337600,0.00020879999999999998,0.13602890968322753,0.0,0.0,1.0,33.78367784791847,877581.7846549496,5.933336797170341e-06,0.00030760809313505887,-0.8050233840942382,0.0019291535019874573,0.010136718302965165
154,126156800,0.00020819999999999996,0.13616609573364258,0.0,0.0,1.0,33.856257488741065,886658.445448515,-0.0001578260911628604,0.0003080855356529355,-0.8153990745544434,0.0019845888018608093,0.009132568538188935
155,126976000,0.00020759999999999998,0.1360629081726074,0.0,0.0,1.0,33.722418903342664,879817.9486278177,5.021014949306846e-05,0.00031069663818925617,-0.8234575271606446,0.0021947383880615234,0.014991453289985657
156,127795200,0.00020699999999999996,0.13621795654296875,0.0,0.0,1.0,33.76481725386895,881294.6224173487,0.00016461736522614955,0.0003087628399953246,-0.8315999984741211,0.002724424749612808,0.022789549827575684
157,128614400,0.00020639999999999998,0.13614574432373047,0.0,0.0,1.0,33.74439591231251,886941.2396735642,-5.867009749636054e-05,0.0003124659182503819,-0.840333080291748,0.0018240543082356452,0.008643919229507446
158,129433600,0.00020579999999999996,0.13620828628540038,0.0,0.0,1.0,33.88970223325062,881914.2943660195,-9.36811207793653e-05,0.00030718408524990084,-0.8501357078552246,0.0018539030104875564,0.008823973685503006
159,130252800,0.00020519999999999997,0.13620809555053712,0.0,0.0,1.0,33.86511416280609,886464.5084494607,0.00023505459539592267,0.0003056098474189639,-0.8587063789367676,0.002255837619304657,0.016984379291534422
160,131072000,0.00020459999999999996,0.1361287307739258,0.0,0.0,1.0,33.83043711561481,872376.3336409976,0.00022434210404753685,0.0003036676673218608,-0.8642354011535645,0.002437369152903557,0.01919018626213074
161,131891200,0.00020399999999999997,0.13618924140930175,0.0,0.0,1.0,33.84728249638355,870982.5564165069,-8.852395694702864e-05,0.0003039933042600751,-0.8702310562133789,0.002159816026687622,0.012367673218250275
162,132710400,0.00020339999999999996,0.13625726699829102,0.0,0.0,1.0,33.92391394290443,868293.5011718761,0.0003075430169701576,0.000300686270929873,-0.8775301933288574,0.0025287726894021034,0.020892827212810515
163,133529600,0.00020279999999999997,0.13603718757629393,0.0,0.0,1.0,33.80783551216283,883751.2095037982,-0.00012695245677605272,0.0003037706017494202,-0.885386848449707,0.001996560767292976,0.009891723841428756
164,134348800,0.00020219999999999995,0.13627128601074218,0.0,0.0,1.0,33.91637356726114,871850.4526420325,-0.00011818637140095233,0.00030443430878221987,-0.8901023864746094,0.0018030833452939987,0.008480224013328552
165,135168000,0.00020159999999999997,0.136282958984375,0.0,0.0,1.0,33.74566354909151,878027.0277137111,0.00016030297847464682,0.00032424514647573234,-0.8984959602355957,0.0023450471460819246,0.015970341861248016
166,135987200,0.00020099999999999995,0.13624655723571777,0.0,0.0,1.0,33.884366978554276,876176.9897000393,0.00010222072014585138,0.0004118290729820728,-0.905765151977539,0.0021417902782559393,0.014052732288837433
167,136806400,0.00020039999999999997,0.13622427940368653,0.0,0.0,1.0,33.90624483043838,878708.0199721179,0.000166672351770103,0.0003014190820977092,-0.9134873390197754,0.0023957183584570885,0.016809813678264618
168,137625600,0.00019979999999999995,0.13619468688964845,0.0,0.0,1.0,33.76271116604862,875826.1305240862,0.00027562743052840234,0.0003208375070244074,-0.9217071533203125,0.002511261776089668,0.02006481885910034
169,138444800,0.00019919999999999996,0.13622882843017578,0.0,0.0,1.0,33.73179366843687,883144.5397487904,0.0005389137659221888,0.0008031750097870827,-0.9302738189697266,0.003106905333697796,0.02910131812095642
170,139264000,0.00019859999999999995,0.13625923156738282,0.0,0.0,1.0,33.828028366455015,877732.3497091262,3.006635815836489e-05,0.0007996744476258755,-0.9369753837585449,0.002140001207590103,0.011813473701477051
171,140083200,0.00019799999999999996,0.13629325866699218,0.0,0.0,1.0,33.81601651186791,873139.7899732194,0.00018854450900107622,0.0003878430696204305,-0.9409016609191895,0.002123723365366459,0.012826783955097199
172,140902400,0.00019739999999999995,0.13626920700073242,0.0,0.0,1.0,33.88782104391052,878223.6405216731,3.393015649635345e-05,0.00032993205823004244,-0.9464801788330078,0.002178298309445381,0.014458984136581421
173,141721600,0.00019679999999999999,0.13614143371582033,0.0,0.0,1.0,33.86593678991944,877099.5168181307,7.21106887795031e-05,0.00034849627409130337,-0.9578135490417481,0.0019915202632546426,0.010736937820911407
174,142540800,0.0001962,0.13614093780517578,0.0,0.0,1.0,33.700354756208235,875421.282864182,8.581944275647402e-05,0.0003485235152766109,-0.9671805381774903,0.0022230071946978567,0.013554684817790985
175,143360000,0.00019559999999999998,0.1361720657348633,0.0,0.0,1.0,33.69665503796429,873082.7907441022,8.891193429008126e-05,0.00030456141103059055,-0.9757905006408691,0.0020991839468479157,0.01447436362504959
176,144179200,0.000195,0.1363632583618164,0.0,0.0,1.0,33.84659865350461,880811.1046739169,0.000994519330561161,0.0003537178970873356,-0.981877326965332,0.003651927784085274,0.03814624547958374
177,144998400,0.00019439999999999998,0.1362598705291748,0.0,0.0,1.0,33.81162944036924,877097.1777149796,2.9759464086964727e-05,0.00029837479814887047,-0.9865548133850097,0.0021754499524831773,0.015331298112869263
178,145817600,0.0001938,0.13622349739074707,0.0,0.0,1.0,33.9672895251571,886875.5697681912,-0.00010879593901336193,0.0002970387227833271,-0.9932245254516602,0.0018756948411464691,0.009154175221920014
179,146636800,0.00019319999999999998,0.13629629135131835,0.0,0.0,1.0,33.857773377882275,880788.9260945288,0.0001137152430601418,0.00029450906440615655,-1.0003323554992676,0.0021236421540379523,0.013621337711811066
180,147456000,0.0001926,0.1363222599029541,0.0,0.0,1.0,33.84647491528226,881404.0879573768,-5.9692672220990064e-05,0.0002966764150187373,-1.0090338706970214,0.0018701137974858283,0.010407593846321107
181,148275200,0.00019199999999999998,0.13633990287780762,0.0,0.0,1.0,33.859271523178805,880483.9862389006,-6.434854585677386e-05,0.0002961784135550261,-1.0199005126953125,0.0018257683143019677,0.008885253965854645
182,149094400,0.0001914,0.1362628746032715,0.0,0.0,1.0,33.895026026604974,882081.8603705931,0.00041321273893117904,0.0002941004000604153,-1.0298489570617675,0.002782619744539261,0.02438122034072876
183,149913600,0.00019079999999999998,0.1362662982940674,0.0,0.0,1.0,33.696773928071764,872121.0472104029,-0.0001317153568379581,0.00029522557742893695,-1.0354747772216797,0.0016079850494861603,0.007279174774885178
184,150732800,0.0001902,0.13627872467041016,0.0,0.0,1.0,33.76967125319272,869805.0617939356,-5.368877900764346e-05,0.0002946038264781237,-1.0415552139282227,0.001828094944357872,0.00954614281654358
185,151552000,0.00018959999999999997,0.1362758159637451,0.0,0.0,1.0,33.78810378253517,872617.7799271104,7.740511791780591e-05,0.00029706715140491723,-1.0484054565429688,0.002298755384981632,0.014678344130516052
186,152371200,0.00018899999999999999,0.13633743286132813,0.0,0.0,1.0,33.7285438170827,867878.4363086313,0.00031261220574378966,0.0003274299437180161,-1.0546463966369628,0.0024331379681825638,0.019712525606155395
187,153190400,0.00018839999999999997,0.13625455856323243,0.0,0.0,1.0,33.80108259989257,873853.4690743213,0.0007841669023036957,0.0007420611567795276,-1.0629922866821289,0.003447340801358223,0.03439624011516571
188,154009600,0.00018779999999999998,0.1363661766052246,0.0,0.0,1.0,33.885613890037206,873458.9131260187,0.00038348757661879065,0.0004086123313754797,-1.074419116973877,0.002582089975476265,0.020850217342376708
189,154828800,0.0001872,0.13635527610778808,0.0,0.0,1.0,33.738528709119365,870702.4394268489,0.00013188031734898687,0.00036573009565472604,-1.0849720001220704,0.0019447863101959228,0.012733277678489686
190,155648000,0.00018659999999999998,0.1363698959350586,0.0,0.0,1.0,33.74333402019369,873550.2125007842,0.00018679752247408032,0.0002945022890344262,-1.0945106506347657,0.0026097165420651434,0.020630370080471038
191,156467200,0.000186,0.13632519721984862,0.0,0.0,1.0,33.80666721676706,876135.2234535363,5.6538596982136366e-05,0.00029233149252831935,-1.1000099182128906,0.0020842650905251504,0.011256833374500275
192,157286400,0.00018539999999999998,0.13647172927856446,0.0,0.0,1.0,33.838018852323465,872021.3634179188,2.4051182845141738e-05,0.00029186131432652475,-1.1076663970947265,0.002092653326690197,0.012245850265026092
193,158105600,0.0001848,0.13637794494628908,0.0,0.0,1.0,33.828129523179356,872904.2427839064,0.00020525765139609576,0.00028967519756406546,-1.11506986618042,0.0023380907252430914,0.016976194083690645
194,158924800,0.00018419999999999998,0.13637805938720704,0.0,0.0,1.0,33.746481191867645,869260.7243939707,0.00010373254772275687,0.00029049641452729704,-1.122971534729004,0.00234285406768322,0.01581140011548996
195,159744000,0.0001836,0.13637449264526366,0.0,0.0,1.0,33.73024478396583,866788.001418964,7.877879543229937e-05,0.00029252099338918927,-1.1288162231445313,0.0021519411355257036,0.0143549844622612
196,160563200,0.00018299999999999998,0.13628204345703124,0.0,0.0,1.0,33.70934456001321,859504.3029384685,0.00039964430034160613,0.00033063329756259917,-1.1342523574829102,0.0028039539232850076,0.02421802282333374
197,161382400,0.0001824,0.13633930206298828,0.0,0.0,1.0,33.806101025071015,869829.5003587934,0.0008779415860772133,0.00034912622068077325,-1.1430005073547362,0.003534437343478203,0.036244997382164
198,162201600,0.00018179999999999997,0.13633874893188477,0.0,0.0,1.0,33.74109498680739,881562.9060075718,0.0004259346518665552,0.0003891541389748454,-1.150528335571289,0.0025584451854228974,0.021760618686676024
199,163020800,0.00018119999999999999,0.1363546943664551,0.0,0.0,1.0,33.703755444161395,877069.0362078683,0.00012279909569770097,0.00032033624593168496,-1.1567238807678222,0.0017840577289462089,0.010099487751722336
200,163840000,0.00018059999999999997,0.13635610580444335,0.0,0.0,1.0,33.73265735130456,888676.9342038103,-5.586979677900672e-05,0.0003072046907618642,-1.1643358230590821,0.001924167387187481,0.010301514714956283
201,164659200,0.00017999999999999998,0.13639655113220214,0.0,0.0,1.0,33.83877222657701,884305.1093672646,0.0006039242725819349,0.00043658902868628504,-1.174804401397705,0.003541288524866104,0.034483277797698976
202,165478400,0.00017939999999999997,0.13635622024536131,0.0,0.0,1.0,33.81944961721498,881442.8620335449,0.0006664053536951542,0.00045634806156158447,-1.1818866729736328,0.0033973921090364456,0.032322508096694944
203,166297600,0.00017879999999999998,0.1364172077178955,0.0,0.0,1.0,33.7963610916725,889226.9427429943,0.00047015612944960593,0.0003441828768700361,-1.191194438934326,0.0026930879801511766,0.02336132824420929
204,167116800,0.00017819999999999997,0.13625246047973633,0.0,0.0,1.0,33.80563589785968,883095.4169743853,7.429563556797803e-05,0.0003043994540348649,-1.2020929336547852,0.0018471093848347665,0.009979002177715302
205,167936000,0.0001776,0.13635003089904785,0.0,0.0,1.0,33.711237202417664,853402.0330429848,0.0001236290205270052,0.00029307492077350615,-1.2125514984130858,0.002179761230945587,0.014305910468101502
206,168755200,0.00017700000000000002,0.13636831283569337,0.0,0.0,1.0,33.72735499794323,874599.4737724551,0.000178816681727767,0.0002931589959189296,-1.2238738059997558,0.002618643082678318,0.0207005575299263
207,169574400,0.0001764,0.13638702392578125,0.0,0.0,1.0,33.76252426382522,851880.0030730016,0.0003446945222094655,0.00029113215859979393,-1.2316987991333008,0.002775599993765354,0.025215208530426025
208,170393600,0.00017580000000000002,0.13642422676086427,0.0,0.0,1.0,33.81783313399596,869786.2739547228,0.00048361276276409626,0.00029482925310730934,-1.237908172607422,0.0030618639662861823,0.02749072015285492
209,171212800,0.0001752,0.13642092704772948,0.0,0.0,1.0,33.7348375674229,862681.6208974131,0.00010689923074096442,0.00028531334828585386,-1.2452899932861328,0.0021159213036298754,0.012803344428539276
210,172032000,0.00017460000000000002,0.1363089942932129,0.0,0.0,1.0,33.79869567012011,873881.2984716763,0.0005379163194447756,0.00029310260433703663,-1.2563262939453126,0.003180909901857376,0.03068896532058716
211,172851200,0.000174,0.13636634826660157,0.0,0.0,1.0,33.77400502119603,876437.5594883455,0.0003687635529786348,0.00029162871651351453,-1.2656764030456542,0.0025432663038372993,0.019085203111171723
212,173670400,0.0001734,0.13638525009155272,0.0,0.0,1.0,33.69832839262187,870939.7068788806,0.00030137505382299423,0.0002855526050552726,-1.2741628646850587,0.002577647566795349,0.020026609301567078
213,174489600,0.0001728,0.13645008087158203,0.0,0.0,1.0,33.6861316872428,851945.6345251319,0.00014002297539263963,0.00028737368993461134,-1.2823363304138184,0.002449995465576649,0.016115109622478484
214,175308800,0.0001722,0.1363650703430176,0.0,0.0,1.0,33.787643512017844,882657.2985969371,0.0003170330543071032,0.000296751968562603,-1.2905491828918456,0.003015669621527195,0.025353386998176575
215,176128000,0.0001716,0.13641976356506347,0.0,0.0,1.0,33.63404935639912,876644.5379514145,1.4705059584230184e-06,0.0002901084488257766,-1.299122428894043,0.001983167417347431,0.011134032160043716
216,176947200,0.000171,0.13639678955078124,0.0,0.0,1.0,33.80541790551701,874397.7528034482,0.00012679838109761477,0.0002854493213817477,-1.3032964706420898,0.002090219408273697,0.01478588581085205
217,177766400,0.0001704,0.13641843795776368,0.0,0.0,1.0,33.76248608075226,881783.4851180796,-4.713649395853281e-05,0.0002816962543874979,-1.3103199005126953,0.001968282274901867,0.01043383777141571
218,178585600,0.0001698,0.13636462211608888,0.0,0.0,1.0,33.79479256787377,876598.2171492318,0.00043246960267424585,0.0008070222102105618,-1.3145212173461913,0.002590780146420002,0.021593627333641053
219,179404800,0.0001692,0.1364420795440674,0.0,0.0,1.0,33.78933696190005,878991.8781088032,-3.450986696407199e-05,0.00030487028416246174,-1.3141845703125,0.0019716229289770126,0.009398926049470901
220,180224000,0.0001686,0.1363726806640625,0.0,0.0,1.0,33.80269243475388,875459.7168371815,0.0001572095789015293,0.0003107305616140366,-1.3157083511352539,0.00210734773427248,0.014310909807682038
221,181043200,0.000168,0.13646389961242675,0.0,0.0,1.0,33.826948480845445,878447.3307433752,0.0004920759238302708,0.00028787371702492236,-1.3197604179382325,0.0031438544392585754,0.029006963968276976
222,181862400,0.0001674,0.13639005661010742,0.0,0.0,1.0,33.726456660490015,880422.1074702054,0.0003737179562449455,0.00028352350927889346,-1.3259358406066895,0.0027659377083182335,0.02237939238548279
223,182681600,0.0001668,0.13642021179199218,0.0,0.0,1.0,33.70724387436277,887033.2607912562,0.00024317933712154628,0.00028717229142785074,-1.3315019607543945,0.0025214657187461855,0.01905102878808975
224,183500800,0.0001662,0.1363959789276123,0.0,0.0,1.0,33.769903473310784,881105.3686935593,0.000144257303327322,0.0002824464114382863,-1.3370575904846191,0.0020126743242144586,0.012299925088882446
225,184320000,0.0001656,0.136435546875,0.0,0.0,1.0,33.723654939441374,888033.5898008164,0.00020611328072845937,0.0002813289873301983,-1.345458984375,0.0027029359713196754,0.020937861502170564
226,185139200,0.000165,0.13641656875610353,0.0,0.0,1.0,33.81014068237138,884167.9690425731,0.00015820931876078247,0.00028063058853149413,-1.352727222442627,0.0023489180952310563,0.016333740949630738
227,185958400,0.0001644,0.13635725021362305,0.0,0.0,1.0,33.68748713303413,873193.9374123933,0.00025141711812466384,0.0003694022772833705,-1.3571930885314942,0.002385256811976433,0.018080684542655944
228,186777600,0.0001638,0.13651442527770996,0.0,0.0,1.0,33.82281663438157,882338.5573610452,7.736533880233764e-05,0.0003246832638978958,-1.3621231079101563,0.002216699533164501,0.013336792588233948
229,187596800,0.0001632,0.13633371353149415,0.0,0.0,1.0,33.669734949660985,875159.786392132,0.00012989683309569955,0.000284436484798789,-1.3684571266174317,0.002380635775625706,0.01646239757537842
230,188416000,0.0001626,0.13647860527038574,0.0,0.0,1.0,33.831418891000745,861060.4248695674,0.00013062875950708985,0.00028146361000835896,-1.376723861694336,0.002372104115784168,0.01783837527036667
231,189235200,0.000162,0.1364227867126465,0.0,0.0,1.0,33.75113383359446,868122.1853231319,0.00014873589389026166,0.0002820598892867565,-1.3854078292846679,0.0022836361080408097,0.01543627679347992
232,190054400,0.0001614,0.13639966011047364,0.0,0.0,1.0,33.72129728838704,871558.3639779297,0.00036439066752791405,0.00029063033871352674,-1.3929553985595704,0.002824988029897213,0.022868406772613526
233,190873600,0.0001608,0.1364433479309082,0.0,0.0,1.0,33.79106812101256,870981.9490432666,0.0006102608051151038,0.001153282355517149,-1.3940190315246581,0.0031720388680696486,0.031023192405700683
234,191692800,0.0001602,0.13645641326904298,0.0,0.0,1.0,33.76334776334777,875839.5981598813,0.000204310636036098,0.00028323938604444263,-1.3968538284301757,0.0024717781692743302,0.01888183653354645
235,192512000,0.0001596,0.13648361206054688,0.0,0.0,1.0,33.83565321548057,883361.3424215592,0.0007316502742469311,0.0002819565357640386,-1.4056207656860351,0.0033450741320848465,0.03216246962547302
236,193331200,0.000159,0.136381196975708,0.0,0.0,1.0,33.74289480187824,869450.6211657353,2.5088209076784552e-05,0.0002820881549268961,-1.4153724670410157,0.0021327368915081022,0.012794677913188935
237,194150400,0.0001584,0.13658730506896974,0.0,0.0,1.0,33.73503781650773,875556.5629942769,-2.363877138122916e-06,0.0002802592469379306,-1.4223702430725098,0.0020135924220085143,0.010339598357677459
238,194969600,0.0001578,0.13636536598205568,0.0,0.0,1.0,33.73108481424978,883994.3313496185,0.00026492231991142033,0.0002802114002406597,-1.429920482635498,0.0025316283106803896,0.019807863235473632
239,195788800,0.0001572,0.13646047592163085,0.0,0.0,1.0,33.83214064115822,868993.8765862382,0.00011509784962981939,0.0002805405529215932,-1.4358259201049806,0.0021664952859282494,0.014140623807907104
240,196608000,0.00015659999999999998,0.13650664329528808,0.0,0.0,1.0,33.76833436277538,875210.5820130685,6.146327359601855e-05,0.0002816652646288276,-1.444309616088867,0.0025159088894724847,0.01550586074590683
241,197427200,0.000156,0.13649904251098632,0.0,0.0,1.0,33.72366525336517,887242.6282955759,0.00011184343602508307,0.0002817113883793354,-1.4538126945495606,0.002139553613960743,0.013414673507213593
242,198246400,0.00015539999999999998,0.13649106979370118,0.0,0.0,1.0,33.78329477858559,879483.2089541658,0.0005884789861738682,0.000281166797503829,-1.461104393005371,0.002894875593483448,0.026866579055786134
243,199065600,0.0001548,0.13647744178771973,0.0,0.0,1.0,33.778285385026955,877355.784496901,0.00021555484272539616,0.0002856597537174821,-1.468468475341797,0.002369393967092037,0.018205074965953826
244,199884800,0.00015419999999999998,0.13647089004516602,0.0,0.0,1.0,33.7109583967738,888660.5534506869,0.00013917002361267804,0.0002791916951537132,-1.4724610328674317,0.002218105085194111,0.01658068746328354
245,200704000,0.0001536,0.13641010284423827,0.0,0.0,1.0,33.77702173285496,883172.7115803757,0.0002344007370993495,0.00027968373615294695,-1.4781683921813964,0.0023764681071043016,0.01659265011548996
246,201523200,0.00015299999999999998,0.1363543701171875,0.0,0.0,1.0,33.59578221802815,880283.0050316966,0.0009266132488846779,0.0003397803287953138,-1.4841120719909668,0.003949017822742462,0.04146569669246673
247,202342400,0.0001524,0.13637928962707518,0.0,0.0,1.0,33.739876288659794,886315.563731682,0.0005723675247281789,0.001327957771718502,-1.4901564598083497,0.0031246460974216463,0.029091066122055052
248,203161600,0.00015179999999999998,0.13649301528930663,0.0,0.0,1.0,33.739345071581376,879623.278555073,0.0004056192934513092,0.0003111226949840784,-1.4972929954528809,0.0026581719517707824,0.0228062704205513
249,203980800,0.0001512,0.13655790328979492,0.0,0.0,1.0,33.71706956092748,880085.9864939871,0.0007253964431583881,0.0005970095749944449,-1.501648235321045,0.003286958113312721,0.0322958916425705
250,204800000,0.00015059999999999997,0.13654810905456544,0.0,0.0,1.0,33.79172339811033,875460.6158325301,0.0006744587793946266,0.00030093351379036906,-1.5066493988037108,0.003274267166852951,0.030689948797225954
251,205619200,0.00015,0.13654342651367188,0.0,0.0,1.0,33.79556802707052,875158.9441766626,0.00010649625910446048,0.0002914154902100563,-1.5141339302062988,0.0021348528563976286,0.01323254257440567
252,206438400,0.0001494,0.13645357131958008,0.0,0.0,1.0,33.83612247427792,868741.5422966285,0.0001837691874243319,0.00028439434245228765,-1.5229416847229005,0.0023844290524721147,0.01630041003227234
253,207257600,0.00014879999999999998,0.13656768798828126,0.0,0.0,1.0,33.718187052726826,870576.0247435359,-8.45960690639913e-05,0.0002803309820592403,-1.5326047897338868,0.0019950119778513907,0.009538574516773224
254,208076800,0.0001482,0.13647714614868164,0.0,0.0,1.0,33.799116724451046,872877.5219459354,0.00012214302551001311,0.00028342066798359156,-1.5449748992919923,0.0023448703810572623,0.016557736694812773
255,208896000,0.00014759999999999998,0.13642498970031738,0.0,0.0,1.0,33.71083048825634,875422.1706720968,0.0004223552532494068,0.0002783916657790542,-1.5567631721496582,0.003179461136460304,0.029273194074630738
256,209715200,0.000147,0.13648530960083008,0.0,0.0,1.0,33.69612237345286,883150.4719930764,0.000686158100143075,0.0002801655093207955,-1.5629650115966798,0.003363865986466408,0.03371166884899139
257,210534400,0.00014639999999999998,0.136373291015625,0.0,0.0,1.0,33.69094050851641,878855.1939302342,9.14292992092669e-05,0.0002808669116348028,-1.5698054313659668,0.0023895826190710066,0.01684875786304474
258,211353600,0.0001458,0.13663156509399413,0.0,0.0,1.0,33.859708517402254,874755.5174143907,9.46252141147852e-05,0.00028013114351779225,-1.5766104698181151,0.0020701183006167413,0.013451535999774934
259,212172800,0.00014519999999999998,0.13637565612792968,0.0,0.0,1.0,33.69947203431777,874510.157889218,2.050494367722422e-05,0.0002760716248303652,-1.5844718933105468,0.0018988765776157379,0.01024157479405403
260,212992000,0.0001446,0.1365290927886963,0.0,0.0,1.0,33.73378839590443,878026.0066534452,0.000414385087788105,0.00030838428065180776,-1.5932756423950196,0.002653498016297817,0.02143896222114563
261,213811200,0.00014399999999999998,0.13644882202148437,0.0,0.0,1.0,33.68370239513578,871433.4668134656,0.0001816551899537444,0.0004568581935018301,-1.6008825302124023,0.002432461641728878,0.017710818350315093
262,214630400,0.0001434,0.1364126682281494,0.0,0.0,1.0,33.72257558235586,879246.5971730273,0.00011842141393572092,0.0002825820120051503,-1.6110498428344726,0.0022851342335343363,0.015185672044754028
263,215449600,0.00014279999999999997,0.1365852165222168,0.0,0.0,1.0,33.793286437122056,879879.9719976359,0.00014910742174834013,0.0002794618485495448,-1.618161964416504,0.002151679992675781,0.014213745296001435
264,216268800,0.0001422,0.13648282051086424,0.0,0.0,1.0,33.670549495781025,876642.3991640841,0.0001565612736158073,0.000277762277983129,-1.6245336532592773,0.0023577725514769554,0.0172421857714653
265,217088000,0.00014159999999999997,0.13654197692871095,0.0,0.0,1.0,33.906547077787884,888926.4173460461,0.00014058370143175126,0.000279286690056324,-1.633171272277832,0.0022325394675135612,0.015465332567691803
266,217907200,0.00014099999999999998,0.13654824256896972,0.0,0.0,1.0,33.71228878016692,883614.1190842267,0.00030018037650734184,0.0002799501875415444,-1.6391815185546874,0.0025049177929759026,0.01990026831626892
267,218726400,0.00014039999999999997,0.13645670890808106,0.0,0.0,1.0,33.74856624169658,880754.3048359443,0.00048624924384057524,0.0002800310496240854,-1.6427263259887694,0.0028645841404795645,0.02559509575366974
268,219545600,0.00013979999999999998,0.13654692649841307,0.0,0.0,1.0,33.74181188975405,886235.3699111873,0.00012963570188730955,0.00027677419129759075,-1.6487363815307616,0.0024087389931082724,0.016274285316467286
269,220364800,0.00013919999999999997,0.13650578498840332,0.0,0.0,1.0,33.658815308093885,881379.6111204448,-9.604002116248012e-06,0.00027435116935521365,-1.6572004318237306,0.0020639441907405855,0.01175476387143135
270,221184000,0.00013859999999999998,0.136515474319458,0.0,0.0,1.0,33.8244268513937,871830.5702851635,-1.8151424592360853e-05,0.0002803171519190073,-1.6636457443237305,0.002046601474285126,0.011750610172748565
271,222003200,0.00013799999999999997,0.1365487289428711,0.0,0.0,1.0,33.72396925227114,883404.8092428346,0.00011760361958295107,0.0002807009732350707,-1.668208122253418,0.0022121049463748933,0.01501781791448593
272,222822400,0.00013739999999999998,0.13636398315429688,0.0,0.0,1.0,33.69229502120825,876335.940356832,0.00027416604571044444,0.00027440013363957407,-1.6752658843994142,0.002867729961872101,0.02387671023607254
273,223641600,0.00013679999999999996,0.13644091606140138,0.0,0.0,1.0,33.6097581009487,873979.720478656,5.202775355428457e-07,0.0002775954082608223,-1.6802659988403321,0.002053017355501652,0.012337524443864822
274,224460800,0.00013619999999999998,0.13646459579467773,0.0,0.0,1.0,33.73948126801153,881728.6799430894,0.00012016465188935399,0.00027399423997849227,-1.6827886581420899,0.0024594618007540703,0.018501214683055878
275,225280000,0.00013559999999999996,0.13650675773620605,0.0,0.0,1.0,33.668751285743674,877329.5466984342,0.0007331477012485266,0.00030891639180481435,-1.6873392105102538,0.003326313942670822,0.03194201290607453
276,226099200,0.00013499999999999997,0.13659168243408204,0.0,0.0,1.0,33.765972336571714,864059.0450103332,0.001201154664158821,0.0007399038877338171,-1.6950572967529296,0.0043153449892997745,0.0468734085559845
277,226918400,0.0001344,0.13637205123901366,0.0,0.0,1.0,33.68035383665912,879242.4572092423,0.0002537257270887494,0.000298235728405416,-1.7020051956176758,0.002410865016281605,0.01885962039232254
278,227737600,0.00013379999999999997,0.13658387184143067,0.0,0.0,1.0,33.66372299351023,876495.7262333772,0.0004280119203031063,0.00027263895608484743,-1.7107927322387695,0.002615661174058914,0.022841548919677733
279,228556800,0.00013319999999999999,0.13644857406616212,0.0,0.0,1.0,33.769379685311804,874593.4427945683,0.0003458373947069049,0.00027956576086580754,-1.720229721069336,0.002598491311073303,0.020038820803165436
280,229376000,0.00013259999999999997,0.13657411575317382,0.0,0.0,1.0,33.815177832919765,882523.0201467177,0.0005962398368865252,0.0002766856225207448,-1.7280855178833008,0.003245152533054352,0.030222776532173156
281,230195200,0.00013199999999999998,0.13661443710327148,0.0,0.0,1.0,33.74074531095755,877397.5588930412,0.00011579756392166018,0.0002767203375697136,-1.7348237991333009,0.0025290407240390776,0.018480221927165984
282,231014400,0.00013139999999999997,0.1365037155151367,0.0,0.0,1.0,33.71045598454011,860040.0845189197,0.00014426123816519977,0.0002756777917966247,-1.7419136047363282,0.002014666795730591,0.012560059130191804
283,231833600,0.0001308,0.1365380382537842,0.0,0.0,1.0,33.74143327841845,875548.6230605762,0.0001623926218599081,0.0002750172978267074,-1.7473968505859374,0.002401387132704258,0.017255373299121857
284,232652800,0.0001302,0.13648578643798828,0.0,0.0,1.0,33.64866087958201,880443.0970213226,0.00039954972453415394,0.0002724967198446393,-1.753921127319336,0.0026451604440808295,0.021867185831069946
285,233472000,0.0001296,0.13653091430664063,0.0,0.0,1.0,33.844089351335725,874458.5083448418,-4.0064548375084994e-05,0.0002759208669885993,-1.762405776977539,0.0017988922074437142,0.008560670167207718
286,234291200,0.000129,0.13644471168518066,0.0,0.0,1.0,33.662619860899625,887805.126068949,0.0006262952927500009,0.00027717903722077606,-1.768585205078125,0.0029579460620880126,0.02861035168170929
287,235110400,0.0001284,0.136591854095459,0.0,0.0,1.0,33.824560679811896,883189.5477473929,0.00036702456418424845,0.00029770263936370613,-1.7722179412841796,0.002930049039423466,0.025658932328224183
288,235929600,0.0001278,0.13647244453430177,0.0,0.0,1.0,33.70350703877501,880725.2319515648,0.00044411467388272285,0.000275005679577589,-1.7749103546142577,0.0027354743331670763,0.022820678353309632
289,236748800,0.0001272,0.1365053367614746,0.0,0.0,1.0,33.724921759183005,887850.1042601289,0.0005337069276720285,0.0002769596874713898,-1.7805574417114258,0.002999018132686615,0.027375605702400208
290,237568000,0.00012660000000000001,0.13657968521118163,0.0,0.0,1.0,33.82449771030158,865372.0504556242,0.0004000862594693899,0.00032656705006957055,-1.7871713638305664,0.0027870550751686097,0.02332787811756134
291,238387200,0.000126,0.13646149635314941,0.0,0.0,1.0,33.65853658536585,876733.5001730437,0.000267963414080441,0.00031949949916452167,-1.7942367553710938,0.002680332958698273,0.02040649503469467
292,239206400,0.0001254,0.13644322395324707,0.0,0.0,1.0,33.75989435021254,870270.4681193123,0.00048682489432394505,0.0002919103484600782,-1.802132797241211,0.0027275791391730307,0.024229854345321655
293,240025600,0.0001248,0.1365263843536377,0.0,0.0,1.0,33.70550082101806,879515.5208000904,0.00012966283829882742,0.00027556740678846836,-1.806951141357422,0.002220405265688896,0.014685425162315368
294,240844800,0.0001242,0.13642351150512697,0.0,0.0,1.0,33.69436201780415,859722.4448532534,0.0007714012637734414,0.0002758228685706854,-1.8124439239501953,0.0031841661781072616,0.029801145195961
295,241664000,0.0001236,0.13646592140197755,0.0,0.0,1.0,33.76337041615163,871883.4112236107,0.00011718020541593433,0.000279905553907156,-1.8197988510131835,0.0023120509460568426,0.014542482793331146
296,242483200,0.000123,0.13664368629455567,0.0,0.0,1.0,33.78098101396154,879431.6464750323,0.00028294695075601337,0.00028261146508157253,-1.8248834609985352,0.0024597886949777603,0.018509522080421448
297,243302400,0.0001224,0.1364420223236084,0.0,0.0,1.0,33.73510261270914,874346.2927483508,0.0010625752620398998,0.00028550431597977876,-1.828925895690918,0.003858194500207901,0.04028759300708771
298,244121600,0.00012179999999999999,0.1364247703552246,0.0,0.0,1.0,33.6593167446826,869882.8001163466,0.00016864684876054524,0.00027535201516002414,-1.8337080001831054,0.0025917662307620047,0.019811153411865234
299,244940800,0.00012119999999999999,0.1365677547454834,0.0,0.0,1.0,33.762777640161836,869443.9835689615,6.102025508880615e-05,0.000389179983176291,-1.8387922286987304,0.0022823143750429153,0.01408410370349884
300,245760000,0.00012059999999999999,0.1366081428527832,0.0,0.0,1.0,33.80261799562291,872958.1266616756,7.646001758985222e-05,0.0003601711709052324,-1.844918441772461,0.002122480794787407,0.011954589188098908
301,246579200,0.00011999999999999999,0.13651618957519532,0.0,0.0,1.0,33.65935462708598,870543.6032527689,0.0002035302808508277,0.00029308486264199016,-1.8497232437133788,0.0023697160184383394,0.017702513933181764
302,247398400,0.0001194,0.13649238586425783,0.0,0.0,1.0,33.75476996778723,878860.6388532835,0.00021243777591735126,0.00027215809095650913,-1.8546766281127929,0.0024317365139722826,0.01717785745859146
303,248217600,0.0001188,0.13663148880004883,0.0,0.0,1.0,33.839497528830314,873171.9613420713,4.611887270584702e-05,0.00028337391559034585,-1.8624509811401366,0.002302028425037861,0.014540529251098633
304,249036800,0.0001182,0.13658223152160645,0.0,0.0,1.0,33.797650076538,873470.7036281773,0.0004869954194873571,0.000374494562856853,-1.8700384140014648,0.002804106846451759,0.023921628296375275
305,249856000,0.0001176,0.13657499313354493,0.0,0.0,1.0,33.730902063975,856918.954438112,0.0008708241395652295,0.00044889184646308423,-1.8752202987670898,0.0038997363299131393,0.04091089069843292
306,250675200,0.000117,0.136486177444458,0.0,0.0,1.0,33.703667160006574,882893.4683757442,0.00069749909453094,0.00029434564057737587,-1.879171371459961,0.003191163018345833,0.031662356853485105
307,251494400,0.0001164,0.13648191452026368,0.0,0.0,1.0,33.76529307428949,878708.2587358665,0.00037056878209114076,0.00027376289945095776,-1.8826154708862304,0.0029001299291849135,0.025315064191818237
308,252313600,0.0001158,0.13658632278442384,0.0,0.0,1.0,33.824505635140156,877417.7721223445,0.0011825185269117356,0.000299773458391428,-1.8857872009277343,0.003923514857888222,0.04141699373722076
309,253132800,0.0001152,0.1365978240966797,0.0,0.0,1.0,33.76626962865268,886154.1036797124,0.0008230466395616531,0.00028025289066135883,-1.88989200592041,0.003474133461713791,0.035659173130989076
310,253952000,0.0001146,0.13645345687866212,0.0,0.0,1.0,33.718891356197055,878040.6856091018,0.000462937681004405,0.0002824989845976233,-1.8939434051513673,0.0027654580771923065,0.023881226778030396
311,254771200,0.00011399999999999999,0.1365031909942627,0.0,0.0,1.0,33.63102044173899,871444.6009378113,0.0002646551001816988,0.0002877919701859355,-1.900714111328125,0.0026199368759989737,0.021572139859199525
312,255590400,0.00011339999999999999,0.13655200004577636,0.0,0.0,1.0,33.6779382797111,882933.8297456842,0.0004596519283950329,0.000466103944927454,-1.90887508392334,0.002774919755756855,0.023491698503494262
313,256409600,0.00011279999999999999,0.13653820991516114,0.0,0.0,1.0,33.750679963735266,881896.6997383288,0.0009935111738741398,0.0004162459634244442,-1.9162433624267579,0.003531437739729881,0.03490112125873566
314,257228800,0.00011219999999999999,0.13658123970031738,0.0,0.0,1.0,33.77856612490719,875734.9189224481,0.0002830686280503869,0.00029463737737387417,-1.9233575820922852,0.0024361709132790566,0.019602660834789277
315,258048000,0.00011159999999999999,0.13664093971252442,0.0,0.0,1.0,33.83658969804618,882762.7747152996,0.00034531636629253626,0.0007265997119247913,-1.9295818328857421,0.0023964257910847665,0.019938232004642488
316,258867200,0.00011099999999999999,0.13649191856384277,0.0,0.0,1.0,33.70596947381413,867115.7093982289,0.00018861008575186134,0.00034746748860925436,-1.935690689086914,0.0022316187620162963,0.01460888683795929
317,259686400,0.00011039999999999999,0.13657848358154298,0.0,0.0,1.0,33.722499278737175,856242.5038009267,0.0005315457005053758,0.00027340501546859743,-1.9416490554809571,0.0028405413031578064,0.025078368186950684
318,260505600,0.00010979999999999999,0.1365915870666504,0.0,0.0,1.0,33.717777777777776,871878.3557505122,0.0003596797818318009,0.000269716395996511,-1.9471799850463867,0.002672764100134373,0.021288084983825683
319,261324800,0.00010919999999999998,0.13654203414916993,0.0,0.0,1.0,33.76033466595227,866475.9953709443,-6.226058467291295e-05,0.00027274382300674916,-1.9553335189819336,0.0021067308261990547,0.01085498109459877
320,262144000,0.00010859999999999998,0.13654726028442382,0.0,0.0,1.0,33.71052090613822,863861.3800824397,0.0003091444494202733,0.0002721227938309312,-1.9644514083862306,0.0025230450555682182,0.018593263626098634
321,262963200,0.00010799999999999998,0.13657611846923828,0.0,0.0,1.0,33.67520243331004,863262.7514821434,0.00012275788467377424,0.00027033849619328976,-1.9700754165649415,0.0024083755910396577,0.01605199873447418
322,263782400,0.00010739999999999998,0.13650018692016602,0.0,0.0,1.0,33.65493593955322,871585.7135864621,0.00014742232160642744,0.0002734315348789096,-1.9756837844848634,0.0023585336282849314,0.016056272387504577
323,264601600,0.00010679999999999998,0.13652701377868653,0.0,0.0,1.0,33.77154994638291,874595.4978962155,0.0004040682688355446,0.0002689785789698362,-1.979879379272461,0.002586006373167038,0.022191038727760314
324,265420800,0.00010619999999999998,0.13655473709106444,0.0,0.0,1.0,33.79776905598017,869467.7078467943,0.00014842315576970577,0.00026752466801553964,-1.9832271575927733,0.0022001838311553,0.014911863207817077
325,266240000,0.00010559999999999998,0.13657674789428711,0.0,0.0,1.0,33.71777375863203,885073.558291561,0.0004930274095386267,0.00027058839332312347,-1.9864961624145507,0.0027268994599580765,0.024064823985099792
326,267059200,0.00010499999999999999,0.13659154891967773,0.0,0.0,1.0,33.78392643602326,880395.999434807,0.0007023288402706384,0.00028565546963363884,-1.9893360137939453,0.0032965321093797683,0.03316662609577179
327,267878400,0.00010439999999999999,0.13651756286621095,0.0,0.0,1.0,33.714597398320436,876465.3340782768,0.00034651181194931267,0.0002900806488469243,-1.992940902709961,0.002556476928293705,0.0207601323723793
328,268697600,0.00010379999999999999,0.13645227432250975,0.0,0.0,1.0,33.7193177604746,881246.3914390603,0.0005566622130572796,0.00027054203674197196,-1.9974573135375977,0.0032434694468975065,0.032101687788963315
329,269516800,0.00010319999999999999,0.13672165870666503,0.0,0.0,1.0,33.69849081364829,882388.0299246417,0.0005902532022446394,0.0003564662765711546,-2.0001041412353517,0.003277445212006569,0.03137597441673279
330,270336000,0.00010259999999999999,0.13652201652526855,0.0,0.0,1.0,33.67578930014014,875980.5830956515,0.000346745434217155,0.00027659893967211244,-2.000296401977539,0.0027097837999463083,0.02319409102201462
331,271155200,0.00010199999999999999,0.13666729927062987,0.0,0.0,1.0,33.75168557802993,873827.3789149997,0.0008345040492713452,0.00027434767689555884,-2.000611114501953,0.003535861149430275,0.036681154370307924
332,271974400,0.00010139999999999998,0.13655139923095702,0.0,0.0,1.0,33.700243268873955,861394.713681689,0.00012453782837837935,0.00030159694142639637,-2.003347396850586,0.0024441832676529883,0.017906005680561065
333,272793600,0.00010079999999999998,0.13667791366577148,0.0,0.0,1.0,33.79076277116865,863226.5368888251,0.0005298137199133635,0.0002707424573600292,-2.007125663757324,0.002825429104268551,0.024232539534568786
334,273612800,0.00010019999999999998,0.13652618408203124,0.0,0.0,1.0,33.73273161885921,871427.393951238,0.0004314960446208715,0.0002707394305616617,-2.0128860473632812,0.002843961864709854,0.02504003942012787
335,274432000,9.959999999999998e-05,0.13649724006652833,0.0,0.0,1.0,33.66574790192529,872990.3747524834,0.00012939746957272292,0.0002697208896279335,-2.023128128051758,0.0022179679945111275,0.014544680714607239
336,275251200,9.899999999999998e-05,0.13644376754760743,0.0,0.0,1.0,33.729343438503996,875774.038548283,0.0001930500380694866,0.0002690659835934639,-2.0285526275634767,0.002077198773622513,0.015055297315120697
337,276070400,9.839999999999998e-05,0.13661448478698732,0.0,0.0,1.0,33.71686945083854,856393.6694358272,7.250520284287631e-05,0.00027258459012955425,-2.031345558166504,0.002134929783642292,0.013735109567642212
338,276889600,9.779999999999998e-05,0.1364596176147461,0.0,0.0,1.0,33.72268007252349,864552.1995147077,0.00018037593690678477,0.0002738028299063444,-2.03643913269043,0.0022317774593830107,0.015784427523612976
339,277708800,9.719999999999998e-05,0.1366552448272705,0.0,0.0,1.0,33.717116080236764,859465.0705137318,0.00015385958831757308,0.00026901080273091795,-2.040109062194824,0.002227677032351494,0.015796875953674315
340,278528000,9.659999999999998e-05,0.1365536117553711,0.0,0.0,1.0,33.77537903757416,861363.8157077129,5.145196337252855e-05,0.00027000913396477697,-2.04599666595459,0.0021802950650453568,0.011833372712135314
341,279347200,9.599999999999998e-05,0.13658977508544923,0.0,0.0,1.0,33.75057793923382,861049.8168590587,0.00028343438170850275,0.0002686120336875319,-2.0515987396240236,0.0025121279060840605,0.018920165300369263
342,280166400,9.539999999999997e-05,0.13655240058898926,0.0,0.0,1.0,33.61780619773734,857837.9343289456,0.00037534593138843775,0.00026740722823888065,-2.0541498184204103,0.002592008002102375,0.021540161967277528
343,280985600,9.479999999999997e-05,0.13656263351440429,0.0,0.0,1.0,33.799107696120956,869642.0146280654,0.0002681429497897625,0.00026724995113909246,-2.0592031478881836,0.0025924501940608026,0.02012060284614563
344,281804800,9.419999999999997e-05,0.13666552543640137,0.0,0.0,1.0,33.79801597102165,866735.876201045,0.00016019270988181232,0.000268598273396492,-2.06567325592041,0.0025151057168841364,0.017869140207767486
345,282624000,9.360000000000001e-05,0.1365242576599121,0.0,0.0,1.0,33.6945794546503,853592.0491660521,6.166124949231744e-05,0.0002700710901990533,-2.0707727432250977,0.0022856684401631354,0.013526611030101776
346,283443200,9.300000000000001e-05,0.13666288375854493,0.0,0.0,1.0,33.772016664604216,861188.503807051,0.0001881142146885395,0.00027142022736370564,-2.0767438888549803,0.0022708266973495484,0.017155154049396514
347,284262400,9.240000000000001e-05,0.1365920352935791,0.0,0.0,1.0,33.73959919344883,859291.5311945825,4.372211114969105e-05,0.00026826208923012016,-2.0803808212280273,0.0018645022064447403,0.010689453780651092
348,285081600,9.180000000000001e-05,0.13644292831420898,0.0,0.0,1.0,33.64113434310175,864803.8994592382,0.00017509257886558772,0.00032078830990940333,-2.0842411041259767,0.0027272550389170645,0.022147823870182038
349,285900800,9.120000000000001e-05,0.1365974998474121,0.0,0.0,1.0,33.71784010528047,860703.0674409069,0.0004749604966491461,0.00036004986613988874,-2.0886390686035154,0.003063632920384407,0.027519893646240235
350,286720000,9.06e-05,0.13654711723327637,0.0,0.0,1.0,33.690277834776545,856825.795576115,0.0006449139211326838,0.0002722157631069422,-2.0921920776367187,0.0029146231710910795,0.026787352561950684
351,287539200,9e-05,0.13656891822814943,0.0,0.0,1.0,33.740378666006684,874332.5281425397,0.0007417979184538126,0.00030631744302809236,-2.0942947387695314,0.003309708833694458,0.03458545207977295
352,288358400,8.94e-05,0.13663516998291014,0.0,0.0,1.0,33.691061590329745,869658.4964252469,0.00016642084810882806,0.0002695917617529631,-2.0966135025024415,0.002390651777386665,0.016490963101387025
353,289177600,8.88e-05,0.13651912689208984,0.0,0.0,1.0,33.63930184804928,864955.804820696,0.0001747689675539732,0.00027106967754662035,-2.1011688232421877,0.00263646487146616,0.019376583397388458
354,289996800,8.82e-05,0.13656269073486327,0.0,0.0,1.0,33.74500825082508,877645.5925873484,0.0004557145293802023,0.00030779705848544837,-2.1056278228759764,0.0027586374431848525,0.02441113591194153
355,290816000,8.76e-05,0.1365512466430664,0.0,0.0,1.0,33.76775281823418,876540.1905334475,0.0006529280450195074,0.0003240261925384402,-2.1105188369750976,0.0030158739537000656,0.029966917634010316
356,291635200,8.7e-05,0.13645282745361328,0.0,0.0,1.0,33.58415394715247,877301.848559797,0.0001939479378052056,0.0002673511393368244,-2.1140960693359374,0.0024600639939308167,0.019175657629966737
357,292454400,8.64e-05,0.13670433998107911,0.0,0.0,1.0,33.87415767497623,878919.1439270886,0.00015103925252333284,0.00026673031970858574,-2.1183977127075195,0.0023142311722040175,0.01579052656888962
358,293273600,8.58e-05,0.13659454345703126,0.0,0.0,1.0,33.72436345687137,857740.2778284847,6.181061617098749e-05,0.00026497303042560816,-2.123686599731445,0.00221504382789135,0.013299193978309632
359,294092800,8.52e-05,0.1365571975708008,0.0,0.0,1.0,33.775125939383926,863494.0835432087,0.00033053383231163025,0.00026538867969065904,-2.1276779174804688,0.002805984951555729,0.025197994709014893
360,294912000,8.46e-05,0.1365458297729492,0.0,0.0,1.0,33.73477956613016,868582.9390816691,0.0020407263189554216,0.0003574840724468231,-2.1311809539794924,0.005594952404499054,0.0699783980846405
361,295731200,8.4e-05,0.13651095390319823,0.0,0.0,1.0,33.699464579901154,881015.5322993791,0.0005337024107575416,0.0007040993310511112,-2.1352893829345705,0.002864831872284412,0.025861936807632446
362,296550400,8.34e-05,0.13654526710510254,0.0,0.0,1.0,33.63668828503407,859718.0707708771,0.0006466248538345099,0.00030093349050730467,-2.140494155883789,0.0028638625517487526,0.025160035490989684
363,297369600,8.28e-05,0.1365116786956787,0.0,0.0,1.0,33.72223593287266,866156.2047578428,0.00015456477412953973,0.00027195452712476255,-2.145893096923828,0.002680923230946064,0.018473994731903077
364,298188800,8.22e-05,0.13654682159423828,0.0,0.0,1.0,33.67307850390464,881704.4128756232,0.00015177293680608274,0.00026959627866744994,-2.1508720397949217,0.002416110783815384,0.017139284312725066
365,299008000,8.16e-05,0.13666165351867676,0.0,0.0,1.0,33.69503982918617,875314.2931971401,0.0005443945527076721,0.00027160816825926303,-2.1562910079956055,0.0030695822089910505,0.027557986974716186
366,299827200,8.1e-05,0.1364897632598877,0.0,0.0,1.0,33.646679535093845,872637.460132396,0.00021017566323280334,0.00026546090375632045,-2.160386657714844,0.002278386428952217,0.016457031667232513
367,300646400,8.04e-05,0.13662473678588868,0.0,0.0,1.0,33.79815074713118,884846.6651683868,0.00022752524819225073,0.0002644225489348173,-2.1632951736450194,0.001987794414162636,0.012960448861122131
368,301465600,7.98e-05,0.13656517028808593,0.0,0.0,1.0,33.73961378515255,871813.9360644112,0.0004694857634603977,0.00026324333157390356,-2.1661754608154298,0.0025303101167082785,0.021278318762779237
369,302284800,7.92e-05,0.1365445327758789,0.0,0.0,1.0,33.67927401432217,863181.5742615168,0.0003264786209911108,0.00026890086010098455,-2.1682373046875,0.002771769277751446,0.022096310555934907
370,303104000,7.86e-05,0.13660886764526367,0.0,0.0,1.0,33.75032959789058,870118.7155230481,7.441333727911114e-05,0.0002670023590326309,-2.1719335556030273,0.002105395309627056,0.012236083298921585
371,303923200,7.8e-05,0.1364490032196045,0.0,0.0,1.0,33.767288331407826,883469.6080961275,0.00037078573368489744,0.0002935074036940932,-2.1765254974365233,0.0027202850207686423,0.023313964903354644
372,304742400,7.74e-05,0.13660829544067382,0.0,0.0,1.0,33.72950178960793,863131.6461005976,2.5640640524215995e-05,0.0002680947305634618,-2.182888221740723,0.001657871901988983,0.008195681124925613
373,305561600,7.68e-05,0.1365389347076416,0.0,0.0,1.0,33.72347783129554,859335.5956111214,0.0002776063047349453,0.0002626702655106783,-2.1879909515380858,0.002273603901267052,0.017946292459964753
374,306380800,7.62e-05,0.13664098739624023,0.0,0.0,1.0,33.78591734992378,885615.3170335738,0.00030823822598904373,0.0002746422542259097,-2.192137908935547,0.0023876968771219254,0.019326169788837434
375,307200000,7.56e-05,0.13659207344055177,0.0,0.0,1.0,33.66791351529102,878634.0162661595,0.0001832862151786685,0.0003258422948420048,-2.194843292236328,0.002136170491576195,0.014527955651283264
376,308019200,7.5e-05,0.13664310455322265,0.0,0.0,1.0,33.70011524530787,859495.7954626095,0.00010051063727587462,0.0002666289918124676,-2.2005712509155275,0.002299441583454609,0.015714353322982787
377,308838400,7.439999999999999e-05,0.13667068481445313,0.0,0.0,1.0,33.72979985174203,885666.4142399424,0.0003538285614922643,0.00026391702704131603,-2.205647087097168,0.002713083289563656,0.022173339128494264
378,309657600,7.379999999999999e-05,0.13649808883666992,0.0,0.0,1.0,33.613974658629594,881953.6213778773,0.0005334549117833376,0.0003038480645045638,-2.207859230041504,0.0029065350070595743,0.02761925458908081
379,310476800,7.319999999999999e-05,0.1364745616912842,0.0,0.0,1.0,33.6382690173838,872824.7213219262,9.466959163546562e-05,0.0002721120603382587,-2.211269187927246,0.0020581331104040147,0.011743894219398499
380,311296000,7.259999999999999e-05,0.13663095474243164,0.0,0.0,1.0,33.737608489983955,881568.8068619382,0.00010859419126063585,0.0002678351942449808,-2.214699935913086,0.002097725309431553,0.013979978859424591
381,312115200,7.199999999999999e-05,0.13659449577331542,0.0,0.0,1.0,33.75209097276585,879067.0130327629,0.0004437234252691269,0.0002642038045451045,-2.218830871582031,0.002758907712996006,0.02327258437871933
382,312934400,7.139999999999999e-05,0.13661766052246094,0.0,0.0,1.0,33.71478539977779,874657.2987254709,0.00016569464933127164,0.000263278023339808,-2.22264404296875,0.0020923953503370284,0.014268186688423157
383,313753600,7.079999999999999e-05,0.13649568557739258,0.0,0.0,1.0,33.70271383272248,884572.0457387426,0.0004380929283797741,0.00026661402080208063,-2.2249208450317384,0.0024539310485124587,0.020761473476886748
384,314572800,7.019999999999999e-05,0.13668272018432617,0.0,0.0,1.0,33.78880963179813,879727.2248167869,0.0001147506176494062,0.0002692329464480281,-2.2279312133789064,0.001963707059621811,0.011776365339756012
385,315392000,6.959999999999998e-05,0.1365532684326172,0.0,0.0,1.0,33.82368975343824,867141.1581694015,0.0003837634576484561,0.0002693605609238148,-2.2316768646240233,0.00230435561388731,0.018299074470996858
386,316211200,6.899999999999998e-05,0.13643951416015626,0.0,0.0,1.0,33.70848267622461,880537.1413771433,-5.15705905854702e-05,0.00026445088442414997,-2.2362146377563477,0.0019806180149316787,0.00948815867304802
387,317030400,6.839999999999998e-05,0.1366472816467285,0.0,0.0,1.0,33.644540053267775,869811.2959166269,0.000294895563274622,0.0002640658523887396,-2.2390113830566407,0.002612289972603321,0.02098168134689331
388,317849600,6.779999999999998e-05,0.13651933670043945,0.0,0.0,1.0,33.82987963767217,871217.7448813468,-3.7736084777861834e-05,0.00026291999965906144,-2.242088508605957,0.0021587809547781943,0.01185302808880806
389,318668800,6.72e-05,0.13643200874328612,0.0,0.0,1.0,33.704200988467875,869752.4954716518,0.0005230464972555638,0.00041029024869203566,-2.2467498779296875,0.0032018810510635377,0.030874273180961607
390,319488000,6.659999999999999e-05,0.1366826820373535,0.0,0.0,1.0,33.77362989762776,881216.515351143,0.0004334115888923407,0.00036904814187437295,-2.2504299163818358,0.00224554855376482,0.01697412133216858
391,320307200,6.599999999999999e-05,0.13658519744873046,0.0,0.0,1.0,33.74009900990099,876137.6045533788,0.0001235677278600633,0.0003335043089464307,-2.252163887023926,0.001947557181119919,0.011947143077850341
392,321126400,6.539999999999999e-05,0.13652183532714843,0.0,0.0,1.0,33.716040730510784,869024.818479038,0.00033160308375954626,0.0002888791263103485,-2.2550495147705076,0.00242163073271513,0.018793579936027528
393,321945600,6.479999999999999e-05,0.13652922630310058,0.0,0.0,1.0,33.613919383909554,874990.0179497116,0.00021781085524708033,0.0002729566302150488,-2.25909309387207,0.00251906868070364,0.020570071041584016
394,322764800,6.419999999999999e-05,0.1364614772796631,0.0,0.0,1.0,33.65350192955086,875226.51943373,0.000334606459364295,0.0002686276100575924,-2.2629417419433593,0.002461443468928337,0.018016479909420013
395,323584000,6.359999999999999e-05,0.1366552448272705,0.0,0.0,1.0,33.8678481430991,878999.8261558391,0.00010908233234658837,0.0002678076969459653,-2.266261863708496,0.0018556291237473489,0.01207055225968361
396,324403200,6.299999999999999e-05,0.13639039039611817,0.0,0.0,1.0,33.62278970310059,878614.206833763,-5.115786334499717e-05,0.0002644315827637911,-2.2701227188110353,0.0019450929015874864,0.010359495133161544
397,325222400,6.239999999999999e-05,0.13659247398376465,0.0,0.0,1.0,33.79111239240559,882599.5844756872,3.773498465307057e-05,0.00026602749712765215,-2.2753215789794923,0.002104991301894188,0.012107056379318238
398,326041600,6.179999999999998e-05,0.136458797454834,0.0,0.0,1.0,33.651453476419555,876128.5658675752,0.0011596959084272385,0.0006795215886086226,-2.279046058654785,0.004432764649391174,0.050124382972717284
399,326860800,6.119999999999998e-05,0.1365993118286133,0.0,0.0,1.0,33.70827506786214,887360.687326017,0.00012255057226866483,0.0008408278226852417,-2.2812097549438475,0.0019757701084017754,0.011967895925045014
400,327680000,6.059999999999998e-05,0.13658430099487304,0.0,0.0,1.0,33.6326999630648,874054.0007286438,-8.794405730441212e-05,0.00027343472465872764,-2.2842117309570313,0.0013682066462934017,0.005080687999725342
401,328499200,5.999999999999998e-05,0.13651614189147948,0.0,0.0,1.0,33.70858883081608,878684.7815066796,0.00019695782102644444,0.00027074557729065416,-2.28768310546875,0.0024010965600609778,0.017853392660617827
402,329318400,5.939999999999998e-05,0.13655349731445313,0.0,0.0,1.0,33.66622816032888,872124.063930895,7.773003308102489e-05,0.0002659202553331852,-2.2902496337890623,0.0019784169271588326,0.01060742288827896
403,330137600,5.879999999999998e-05,0.13653069496154785,0.0,0.0,1.0,33.68394250513347,873901.641736129,0.00015452427323907613,0.00026531287003308537,-2.293780517578125,0.0020460223779082297,0.013556762039661408
404,330956800,5.819999999999998e-05,0.13634270668029785,0.0,0.0,1.0,33.602030748992846,872603.1700594876,-5.7728751562535764e-05,0.00026464750990271566,-2.2974267959594727,0.0018708009272813797,0.008545900136232376
405,331776000,5.759999999999998e-05,0.1366470241546631,0.0,0.0,1.0,33.69954420399951,878752.2612916281,0.00013460005866363644,0.00026714690029621123,-2.300181579589844,0.0020623292773962023,0.013767576217651368
406,332595200,5.6999999999999976e-05,0.1365854835510254,0.0,0.0,1.0,33.71538112709733,871461.3905076262,0.00018155897269025444,0.00026735055726021526,-2.3009101867675783,0.0023706665262579916,0.016335327923297883
407,333414400,5.639999999999998e-05,0.1365471076965332,0.0,0.0,1.0,33.69669805501871,868732.7662498859,-8.642751490697264e-05,0.00026460650842636825,-2.304494857788086,0.0017168482765555382,0.00711071789264679
408,334233600,5.5800000000000015e-05,0.1365523910522461,0.0,0.0,1.0,33.647599130684384,882712.2088672393,0.00022986233234405516,0.0002636514836922288,-2.3082901000976563,0.002181544341146946,0.015444333851337432
409,335052800,5.5200000000000014e-05,0.13651031494140625,0.0,0.0,1.0,33.71604174400858,875183.1877435952,0.00016152950702235102,0.0002653137315064669,-2.311580276489258,0.0021670542657375334,0.015025512874126434
410,335872000,5.460000000000001e-05,0.13659337043762207,0.0,0.0,1.0,33.72577260195054,855626.4103077393,-3.487473586574197e-05,0.00026643252931535244,-2.3155954360961912,0.0019294407218694686,0.010794553905725479
411,336691200,5.400000000000001e-05,0.1365237808227539,0.0,0.0,1.0,33.77561378172065,869787.5778272608,-3.7673619226552545e-05,0.00026344505604356525,-2.3192495346069335,0.0019589148461818693,0.009889891743659973
412,337510400,5.340000000000001e-05,0.13665584564208985,0.0,0.0,1.0,33.775715581951665,880696.5020166942,3.64858889952302e-05,0.0002653859322890639,-2.323135566711426,0.0020515328273177148,0.011671263724565506
413,338329600,5.280000000000001e-05,0.1365877914428711,0.0,0.0,1.0,33.68962829244277,876665.4209448224,1.923146191984415e-05,0.0002661864040419459,-2.3272953033447266,0.0021055914461612702,0.012312013655900955
414,339148800,5.220000000000001e-05,0.1365419864654541,0.0,0.0,1.0,33.77691068995417,878317.3709272458,0.00011562352301552892,0.00026405598036944867,-2.3312856674194338,0.002365173399448395,0.015525512397289276
415,339968000,5.160000000000001e-05,0.13654512405395508,0.0,0.0,1.0,33.7181354398091,882655.2758479846,4.4288384378887714e-05,0.0002649978036060929,-2.334675407409668,0.0018806811422109604,0.00908825695514679
416,340787200,5.1000000000000006e-05,0.13659963607788086,0.0,0.0,1.0,33.62518986822119,869996.9624319929,-0.00019578554201871157,0.00026529470924288037,-2.338131332397461,0.0018752992153167724,0.00770263746380806
417,341606400,5.0400000000000005e-05,0.1365221309661865,0.0,0.0,1.0,33.71341563786008,852870.0818871892,0.0001427070121280849,0.00026367364916950463,-2.3413860321044924,0.0022085485979914665,0.014928464591503144
418,342425600,4.9800000000000004e-05,0.13667987823486327,0.0,0.0,1.0,33.801005895205506,880126.9396390158,7.459073094651103e-05,0.0002616745419800282,-2.3444034576416017,0.0021423330530524255,0.015437376499176026
419,343244800,4.92e-05,0.13649635314941405,0.0,0.0,1.0,33.69270983410859,871230.9824957142,5.5585196241736413e-05,0.00026470893062651156,-2.3472042083740234,0.0018222106620669365,0.009491455554962159
420,344064000,4.86e-05,0.1365775203704834,0.0,0.0,1.0,33.7421210502527,876631.0424917713,0.00014275780413299798,0.00026693216059356926,-2.348587226867676,0.0021497132256627083,0.015210084617137909
421,344883200,4.800000000000001e-05,0.1365330696105957,0.0,0.0,1.0,33.76134530261035,880476.9263852524,6.469436921179295e-05,0.0002610177267342806,-2.350450325012207,0.002051060274243355,0.011838866770267487
422,345702400,4.740000000000001e-05,0.13660337448120116,0.0,0.0,1.0,33.7349234369227,863034.1454571114,-1.964847615454346e-05,0.0002676313975825906,-2.353289794921875,0.002044600620865822,0.01245434656739235
423,346521600,4.6800000000000006e-05,0.13647899627685547,0.0,0.0,1.0,33.6253701875617,875043.7119947368,-2.9753003036603332e-05,0.0002634024014696479,-2.356693458557129,0.0016254996880888939,0.008008180558681488
424,347340800,4.6200000000000005e-05,0.1365803909301758,0.0,0.0,1.0,33.718932477999836,878515.3038047627,0.00013459508772939444,0.00026352156419306993,-2.360133743286133,0.0018589686602354049,0.012364991009235382
425,348160000,4.5600000000000004e-05,0.1365576934814453,0.0,0.0,1.0,33.765176839585656,876094.4177683977,1.654118241276592e-05,0.0002667669439688325,-2.362167549133301,0.0019163161516189576,0.011304809153079987
426,348979200,4.5e-05,0.13663796424865723,0.0,0.0,1.0,33.73208992094862,859437.8676811253,0.00032714314293116333,0.0002648766851052642,-2.3632204055786135,0.0026732802391052244,0.024037961661815644
427,349798400,4.44e-05,0.13649370193481444,0.0,0.0,1.0,33.728081007656215,869869.0483708873,-1.2386482558213174e-05,0.00026646801270544527,-2.365764617919922,0.0017167830839753151,0.007817992568016052
428,350617600,4.38e-05,0.13680753707885743,0.0,0.0,1.0,33.81039239099106,882094.240201836,0.0003331391140818596,0.00026321914047002795,-2.36877555847168,0.00236546341329813,0.018638305366039276
429,351436800,4.32e-05,0.1364620590209961,0.0,0.0,1.0,33.58779755786704,873449.4463035266,1.6441640036646275e-05,0.0002616552636027336,-2.3716726303100586,0.0015161105431616307,0.007632690668106079
430,352256000,4.26e-05,0.136595458984375,0.0,0.0,1.0,33.72357254675785,872740.4082198649,-3.205809625796974e-05,0.0002628622809424996,-2.3746923446655273,0.001779189333319664,0.007505125552415848
431,353075200,4.2e-05,0.13659085273742677,0.0,0.0,1.0,33.66958343603648,879220.0244776924,0.0001387244905345142,0.00026160827837884426,-2.377804183959961,0.0018327690660953522,0.012288331240415572
432,353894400,4.14e-05,0.13646717071533204,0.0,0.0,1.0,33.7147966944867,866085.2293662877,0.00017271239776164293,0.00026332377456128597,-2.380259132385254,0.0023767925798892976,0.016047728061676026
433,354713600,4.08e-05,0.13670214653015136,0.0,0.0,1.0,33.67868422131988,868928.7894940897,0.00012270619627088308,0.0002605751622468233,-2.3816951751708983,0.0018349476158618927,0.012071780115365981
434,355532800,4.02e-05,0.13653940200805664,0.0,0.0,1.0,33.71574946289869,874520.7417174103,0.0003903235774487257,0.0005324918311089277,-2.382489776611328,0.0026159815490245817,0.020811280608177184
435,356352000,3.96e-05,0.13660999298095702,0.0,0.0,1.0,33.707313071654156,878907.3922753569,-4.7578703379258515e-05,0.0002769452752545476,-2.382719612121582,0.0015148398466408252,0.006235839426517486
436,357171200,3.9e-05,0.13647472381591796,0.0,0.0,1.0,33.681479345990695,877922.0928868456,-8.862472604960203e-05,0.00026594509836286306,-2.383444976806641,0.0014606384560465814,0.00556347630918026
437,357990400,3.84e-05,0.13669390678405763,0.0,0.0,1.0,33.77306948615625,885117.4549694427,1.0227944585494696e-06,0.00026353299617767336,-2.385067939758301,0.0019515343010425568,0.010429564118385314
438,358809600,3.78e-05,0.13655684471130372,0.0,0.0,1.0,33.76184780367086,884830.5697303128,6.598158506676555e-05,0.00026296409778296946,-2.3860858917236327,0.0017180345952510835,0.010124757140874862
439,359628800,3.7199999999999996e-05,0.13663321495056152,0.0,0.0,1.0,33.76287128712871,869539.840439288,-6.790545303374529e-05,0.00026101747062057257,-2.38763427734375,0.001594735123217106,0.006130249425768852
440,360448000,3.6599999999999995e-05,0.13655550003051758,0.0,0.0,1.0,33.75734929810074,858117.0974771442,-4.07812389312312e-05,0.00025900385808199646,-2.3902721405029297,0.0016868388280272483,0.007102539390325546
441,361267200,3.5999999999999994e-05,0.136678466796875,0.0,0.0,1.0,33.63951536981703,886256.459193327,-8.062649285420776e-05,0.00025867081712931393,-2.391912269592285,0.0013115749694406985,0.005548950284719467
442,362086400,3.539999999999999e-05,0.13657699584960936,0.0,0.0,1.0,33.66908073409596,881864.1947946524,5.100512644276023e-05,0.0002607064554467797,-2.391794776916504,0.0015954218804836273,0.0068272709846496586
443,362905600,3.479999999999999e-05,0.13652694702148438,0.0,0.0,1.0,33.73929320771794,880123.1291051107,-1.5600162441842258e-05,0.000264177075587213,-2.3933216094970704,0.0017322845757007598,0.007152098417282105
444,363724800,3.419999999999999e-05,0.13657459259033203,0.0,0.0,1.0,33.72018953440462,880666.0517252383,-4.983171820640564e-05,0.00026211780495941637,-2.3952484130859375,0.0015686094760894776,0.006850220263004303
445,364544000,3.36e-05,0.13662187576293947,0.0,0.0,1.0,33.76704311268651,863491.880867653,0.00014622609596699477,0.0002594231627881527,-2.3974288940429687,0.0021934550255537032,0.014400756359100342
446,365363200,3.2999999999999996e-05,0.13645197868347167,0.0,0.0,1.0,33.64837648993013,867226.0581898075,-8.778486517257988e-05,0.0002625311957672238,-2.399100112915039,0.0015279998071491719,0.005930176377296448
447,366182400,3.2399999999999995e-05,0.13660842895507813,0.0,0.0,1.0,33.74972182155368,875422.6198042647,0.0001544009894132614,0.0002620116574689746,-2.4007965087890626,0.0021501895040273666,0.014978516101837158
448,367001600,3.1799999999999994e-05,0.13653724670410156,0.0,0.0,1.0,33.6970083535657,871130.5504611996,-4.6889419900253414e-05,0.0002596261678263545,-2.4030988693237303,0.001584569551050663,0.006087646633386612
449,367820800,3.119999999999999e-05,0.13649869918823243,0.0,0.0,1.0,33.6450394218134,867791.4841369657,-3.2133335480466485e-05,0.0002591319382190704,-2.405781936645508,0.002095000445842743,0.00983569398522377
450,368640000,3.059999999999999e-05,0.1365423583984375,0.0,0.0,1.0,33.731008358381025,874938.0482284585,-9.781945263966917e-05,0.00026214027311652897,-2.4088136672973635,0.001757320761680603,0.00730273574590683
451,369459200,2.999999999999999e-05,0.1366465473175049,0.0,0.0,1.0,33.73876912950469,872441.0186220118,-6.842675502412021e-05,0.0002623042557388544,-2.410783386230469,0.0011741604655981063,0.003948730230331421
452,370278400,2.939999999999999e-05,0.13663976669311523,0.0,0.0,1.0,33.8322865878853,868739.2151705128,-3.3732736483216287e-06,0.00026057553477585314,-2.4120904922485353,0.0018231982365250587,0.009399903565645218
453,371097600,2.879999999999999e-05,0.1366019630432129,0.0,0.0,1.0,33.72664118058125,870346.6798918648,-3.903463948518038e-05,0.0002635364653542638,-2.4142810821533205,0.0016880426555871964,0.006136473640799523
454,371916800,2.819999999999999e-05,0.1365556526184082,0.0,0.0,1.0,33.69946075001029,874127.9139923595,-8.036996587179601e-05,0.00026304307393729685,-2.415742301940918,0.0012921257875859737,0.004227660968899727
455,372736000,2.759999999999999e-05,0.13655092239379882,0.0,0.0,1.0,33.66659820071479,869035.2727397518,-0.00019068436231464147,0.00026439481880515816,-2.416901397705078,0.00156119242310524,0.005666382610797882
456,373555200,2.699999999999999e-05,0.13657588958740235,0.0,0.0,1.0,33.72980547312891,866603.8382777591,-5.5191351566463706e-05,0.0002615733537822962,-2.4179725646972656,0.0015612894669175148,0.007019408792257309
457,374374400,2.6399999999999988e-05,0.13646549224853516,0.0,0.0,1.0,33.58755486279175,876173.0239053178,-2.0659976871684194e-05,0.00026149193290621043,-2.4193931579589845,0.0018647512421011924,0.007568115741014481
458,375193600,2.5799999999999987e-05,0.13661531448364259,0.0,0.0,1.0,33.761626230588625,880855.325811335,-0.00013429984683170914,0.00026314470451325176,-2.421213722229004,0.001447224523872137,0.0051120612770318985
459,376012800,2.5199999999999986e-05,0.13660852432250978,0.0,0.0,1.0,33.67195462765083,879106.9600645823,-0.00017096044030040503,0.0002602919936180115,-2.422392463684082,0.0016629593446850777,0.004546020925045013
460,376832000,2.4599999999999985e-05,0.1365514278411865,0.0,0.0,1.0,33.70217937626169,887616.5335757807,-0.00012358640087768437,0.00026238784193992614,-2.423486518859863,0.001904262602329254,0.0074436038732528685
461,377651200,2.3999999999999987e-05,0.13663068771362305,0.0,0.0,1.0,33.66481869327748,883097.7254530573,-9.664121316745877e-05,0.00026015860494226216,-2.4250036239624024,0.0013635745272040367,0.0036110837012529374
462,378470400,2.3399999999999986e-05,0.13664239883422852,0.0,0.0,1.0,33.84450402144772,871522.1559578642,-9.670393774285913e-05,0.00026273115072399377,-2.426889419555664,0.0012585816904902459,0.003990112617611885
463,379289600,2.2799999999999985e-05,0.13672613143920898,0.0,0.0,1.0,33.78757481940144,874324.3472820295,-0.00011028860462829471,0.0002560903783887625,-2.4287914276123046,0.0015660146251320838,0.005554810538887978
464,380108800,2.2199999999999984e-05,0.13666589736938475,0.0,0.0,1.0,33.65477900439119,882214.100666899,-0.00013009770773351193,0.0002614121651276946,-2.4302652359008787,0.00144038125872612,0.003951050341129303
465,380928000,2.1599999999999983e-05,0.1365458106994629,0.0,0.0,1.0,33.71974443528442,872465.1369332781,-0.00029022658709436654,0.00026028091087937355,-2.4321720123291017,0.0016139768064022063,0.004206909239292145
466,381747200,2.0999999999999982e-05,0.13667978286743165,0.0,0.0,1.0,33.76095912986157,885958.1583411968,-9.044723119586707e-05,0.0002594892866909504,-2.433365821838379,0.0012414811179041862,0.002749877981841564
467,382566400,2.0399999999999984e-05,0.13650016784667968,0.0,0.0,1.0,33.65301175117101,878811.7473849048,6.818054243922234e-05,0.0002612990792840719,-2.434076690673828,0.0015341865830123425,0.007530029118061066
468,383385600,1.9799999999999983e-05,0.1365602970123291,0.0,0.0,1.0,33.61735384615385,874448.2489742609,-0.00021550329402089118,0.0002608615206554532,-2.435024070739746,0.001686078868806362,0.005074584111571312
469,384204800,1.9199999999999982e-05,0.13659570693969728,0.0,0.0,1.0,33.734509626087316,884387.6646921095,0.00011354525340721012,0.0002603749977424741,-2.4360313415527344,0.0018673652783036232,0.011041868478059769
470,385024000,1.8600000000000015e-05,0.13663455009460448,0.0,0.0,1.0,33.69773268709439,879237.6141910146,-0.00011813184246420861,0.00025989024434238674,-2.4374013900756837,0.0012309153564274311,0.003089965879917145
471,385843200,1.8000000000000014e-05,0.13661707878112794,0.0,0.0,1.0,33.653229783037474,876081.0020657132,-0.00010579105000942945,0.0002571424003690481,-2.438684272766113,0.0011696993373334409,0.002459106408059597
472,386662400,1.7400000000000013e-05,0.1365272045135498,0.0,0.0,1.0,33.66788636270197,883315.7101779025,-0.00015248747076839208,0.00026017685886472466,-2.439457130432129,0.0015209614299237727,0.004874633625149727
473,387481600,1.6800000000000012e-05,0.1365705394744873,0.0,0.0,1.0,33.790221341261976,878250.6583326793,-0.0001778418431058526,0.00026034486945718526,-2.440286064147949,0.0014154193922877312,0.0035720217972993852
474,388300800,1.6200000000000014e-05,0.13670334815979004,0.0,0.0,1.0,33.682137429662795,877687.4250195321,-0.0001402506954036653,0.0002639866666868329,-2.4406818389892577,0.0014066154137253762,0.003750244528055191
475,389120000,1.5600000000000013e-05,0.1366050910949707,0.0,0.0,1.0,33.681874229346484,882906.9205002371,-6.153241847641766e-05,0.00026233340613543985,-2.4411569595336915,0.0012080640532076358,0.0030742183327674864
476,389939200,1.5000000000000012e-05,0.13661720275878905,0.0,0.0,1.0,33.71653219166804,878094.2476259358,-0.00013174107298254966,0.0002626012079417706,-2.44222354888916,0.0012087280862033366,0.00229797326028347
477,390758400,1.4400000000000011e-05,0.13666330337524413,0.0,0.0,1.0,33.81327989422362,880022.1784861861,-0.00011697945883497596,0.00026018761564046146,-2.443260383605957,0.0015317064709961415,0.0035037845373153687
478,391577600,1.3800000000000012e-05,0.13667006492614747,0.0,0.0,1.0,33.78934564796108,882489.6600014564,-0.00023221450392156838,0.0002647606423124671,-2.4438461303710937,0.0016979442909359932,0.003588257357478142
479,392396800,1.320000000000001e-05,0.13670804977416992,0.0,0.0,1.0,33.69671794028132,879567.9651651412,-9.302253602072597e-05,0.00026081809774041175,-2.4446983337402344,0.0012054004706442355,0.0023487545549869537
480,393216000,1.260000000000001e-05,0.13668422698974608,0.0,0.0,1.0,33.71179883945842,881614.9438186382,-0.00013992346357554196,0.00026079227682203056,-2.4455211639404295,0.0013409577310085296,0.0032237544655799866
481,394035200,1.2000000000000009e-05,0.13654895782470702,0.0,0.0,1.0,33.664802171588384,885483.2871000463,-0.00014874478802084923,0.000259050284512341,-2.4460025787353517,0.001345180906355381,0.001959228515625
482,394854400,1.140000000000001e-05,0.13668222427368165,0.0,0.0,1.0,33.77054174213733,880304.934805696,-0.00012129106326028705,0.00025884564965963366,-2.4464485168457033,0.0009925311431288719,0.0019334712997078896
483,395673600,1.0800000000000008e-05,0.1366322422027588,0.0,0.0,1.0,33.78298575263267,888446.6196659118,-0.00014683821937069296,0.0002586714457720518,-2.4466598510742186,0.0011321700178086758,0.002684814669191837
484,396492800,1.0200000000000007e-05,0.13650991439819335,0.0,0.0,1.0,33.5963234992409,884116.8804084361,-9.813786018639803e-05,0.00026107567828148603,-2.446987533569336,0.0016036789864301681,0.002960570901632309
485,397312000,9.600000000000008e-06,0.13669151306152344,0.0,0.0,1.0,33.71036010171438,878830.8415511239,-0.0001591428415849805,0.0002615518402308226,-2.447698402404785,0.0013282910920679569,0.001988280937075615
486,398131200,9.000000000000007e-06,0.13654315948486329,0.0,0.0,1.0,33.77608237191416,876294.5950148394,-0.00010218052193522453,0.0002601227955892682,-2.4482694625854493,0.0011966596357524395,0.0016047362238168716
487,398950400,8.400000000000006e-06,0.13664524078369142,0.0,0.0,1.0,33.62594794015167,870345.1790702255,-0.00013494293671101332,0.0002624649554491043,-2.448681449890137,0.0010913297533988952,0.001462524477392435
488,399769600,7.800000000000007e-06,0.1366313076019287,0.0,0.0,1.0,33.764088420532666,877447.3938076457,-8.544226875528693e-05,0.0002629646332934499,-2.449023628234863,0.000862457137554884,0.0011286620050668717
489,400588800,7.200000000000006e-06,0.13669299125671386,0.0,0.0,1.0,33.739695506869666,884943.4726724899,-0.00018528555519878865,0.0002586896065622568,-2.449497032165527,0.0014475646428763866,0.002472656033933163
490,401408000,6.600000000000005e-06,0.13653303146362306,0.0,0.0,1.0,33.74672596985421,881258.1050710398,-0.00011517474194988608,0.00026445132680237294,-2.4502262115478515,0.0011167450807988643,0.0012738037854433059
491,402227200,6.000000000000004e-06,0.13671157836914063,0.0,0.0,1.0,33.69863576594346,877202.9015451905,-0.0002291640732437372,0.00026276570279151203,-2.4509090423583983,0.001402058359235525,0.0022937016561627387
492,403046400,5.400000000000004e-06,0.13652587890625,0.0,0.0,1.0,33.6391329337384,882612.0680703104,-0.00012405408779159188,0.0002638645702973008,-2.451272964477539,0.0011803709901869297,0.0016923824325203896
493,403865600,4.800000000000004e-06,0.13658395767211914,0.0,0.0,1.0,33.74255626677679,880016.7191611865,-8.19101114757359e-05,0.0002625799970701337,-2.4512924194335937,0.0009098835289478302,0.0009475098922848701
494,404684800,4.200000000000003e-06,0.1365690040588379,0.0,0.0,1.0,33.65847554972104,876293.0002789134,-8.15972569398582e-05,0.0002612954471260309,-2.4514175415039063,0.0011303493753075599,0.0010958251543343068
495,405504000,3.600000000000003e-06,0.13666314125061035,0.0,0.0,1.0,33.74274422625664,884291.1545465939,-9.062114986591041e-05,0.00026071090251207353,-2.4517086029052733,0.0008911718614399433,0.0009519042447209358
496,406323200,3.000000000000002e-06,0.13659114837646485,0.0,0.0,1.0,33.77686733097258,879646.5288619015,-0.0001886028447188437,0.00026259929873049257,-2.451839065551758,0.0010320857167243958,0.0015878904610872268
497,407142400,2.400000000000002e-06,0.13656724929809572,0.0,0.0,1.0,33.660688517831375,877066.7224100688,-0.0001175696263089776,0.00026434878818690775,-2.452012634277344,0.0011233121156692504,0.0011383055709302426
498,407961600,1.8000000000000014e-06,0.13664535522460938,0.0,0.0,1.0,33.74889867841409,884049.5818093208,-5.5250769946724176e-05,0.00026084857527166607,-2.4521224975585936,0.0005814235657453537,0.00024682614021003245
499,408780800,1.200000000000001e-06,0.136668643951416,0.0,0.0,1.0,33.734320378367265,878951.7452359129,-5.233075353316963e-05,0.00026182478759437797,-2.452170562744141,0.0006460392381995916,0.00018872072687372565
500,409600000,6.000000000000005e-07,0.13660531997680664,0.0,0.0,1.0,33.81254387051489,875924.3670229464,-7.650437764823436e-05,0.00026033788453787564,-2.452213096618652,0.0004057179670780897,0.00018041993025690316
