update,env_steps,lr,reward_per_step,cost_per_step,violation_rate,success_rate,mean_episode_length,steps_per_sec,policy_loss,value_loss,entropy,approx_kl,clip_frac
1,819200,0.0003,-0.008084665536880493,0.0014041708409786224,0.004459228515625,1.0,84.1,752471.4751559284,-0.006060977652668953,0.08454907536506653,1.8353275299072265,0.009309969097375869,0.13304983377456664
2,1638400,0.00029939999999999996,-0.0036918449401855467,0.001416667103767395,0.003681640625,1.0,318.6666666666667,763511.1583495805,-0.005853099375963211,0.09281290769577026,1.8180788040161133,0.010257609188556671,0.14831945896148682
3,2457600,0.0002988,0.0018707679212093353,0.0008189519494771957,0.002081298828125,1.0,508.9347826086956,756945.8388324255,-0.006805650144815445,0.05789772868156433,1.7883821487426759,0.011184636503458023,0.16477577686309813
4,3276800,0.0002982,0.0048192435503005985,0.00038942962884902955,0.00105224609375,1.0,677.551724137931,760919.6215182921,-0.008926942199468612,0.029204005002975465,1.7517572402954102,0.010125091671943665,0.14375338554382325
5,4096000,0.00029759999999999997,0.00739465594291687,0.00024763762950897217,0.000863037109375,0.04330912863070539,992.1742738589212,761361.0126613781,-0.00971437394618988,0.022435447573661803,1.7064481735229493,0.008815497159957886,0.11906015872955322
6,4915200,0.00029699999999999996,0.01216151475906372,0.0008229173719882966,0.0029931640625,0.8228021978021978,287.9532967032967,758785.5758568232,-0.006324552744626999,0.05173580646514893,1.6697330474853516,0.006692562997341156,0.08601842522621155
7,5734400,0.0002964,0.00677509605884552,0.0012735727429389954,0.00333984375,0.9725343320848939,295.2259675405743,762202.5093739708,-0.004674261063337326,0.07730674147605895,1.6411727905273437,0.006686928123235703,0.08630967736244202
8,6553600,0.0002958,0.0064293408393859865,0.0011101474612951279,0.00321533203125,0.9763257575757576,378.5501893939394,756613.0970388814,-0.003427829220890999,0.06463459730148316,1.6116952896118164,0.004620805382728577,0.05034253597259521
9,7372800,0.00029519999999999997,0.004749921560287476,0.0009897477924823762,0.00348388671875,0.9666666666666667,394.525,761668.1177830463,-0.003800837695598602,0.051420658826828,1.5854527473449707,0.00500197596848011,0.05316747426986694
10,8192000,0.00029459999999999995,0.007785705327987671,0.0020709164440631867,0.006298828125,0.4399286987522282,770.6698752228164,764136.5053175554,-0.003731236606836319,0.11342792510986328,1.5686881065368652,0.006393144279718399,0.08049301505088806
11,9011200,0.000294,0.01643430233001709,0.0015478864312171935,0.005389404296875,0.8836992059785147,333.2979915927137,761394.6012042128,-0.0036170043051242827,0.0892012894153595,1.55071964263916,0.005091611668467522,0.053158807754516604
12,9830400,0.0002934,0.014861276149749756,0.0013996621966362,0.004366455078125,0.9432026383290583,298.70098937339685,763956.4717377173,-0.003919697180390358,0.07858271598815918,1.537085723876953,0.0055466476827859875,0.06320959925651551
13,10649600,0.00029279999999999996,0.018179471492767333,0.001224350705742836,0.0038037109375,0.9648076349537728,263.43513271696986,763588.8161139794,-0.003680931404232979,0.07151925563812256,1.52456636428833,0.005556102842092514,0.06284252405166627
14,11468800,0.00029219999999999995,0.022528009414672853,0.0010039035975933075,0.003377685546875,0.986225229579507,218.64282261962302,761611.4075880292,-0.004047822207212448,0.05349770188331604,1.5099431991577148,0.005461898073554039,0.061293333768844604
15,12288000,0.0002916,0.027837367057800294,0.000950823575258255,0.002957763671875,0.9721046556367834,197.042323970758,764176.946041381,-0.004453899338841438,0.044458994269371034,1.4914836883544922,0.0056679867208004,0.06464491486549377
16,13107200,0.00029099999999999997,0.03437613010406494,0.0011398699134588242,0.003770751953125,0.9883812215418433,150.46804835924007,745726.6861476788,-0.004456532374024391,0.04472375512123108,1.4697937965393066,0.00579482913017273,0.06512925624847413
17,13926400,0.00029039999999999996,0.040510573387146,0.0010587050020694733,0.003399658203125,0.9901284651791751,126.33901284651792,758857.1978377941,-0.0047500569373369215,0.03816586136817932,1.4491368293762208,0.006087243184447288,0.0720660388469696
18,14745600,0.00028979999999999994,0.045549020767211915,0.0013101251423358916,0.00403564453125,0.9937672300131847,107.84729713532303,756677.1461235161,-0.004202587157487869,0.04498350322246551,1.423317813873291,0.006243644654750824,0.07351306080818176
19,15564800,0.0002892,0.05085637092590332,0.001211329847574234,0.00361328125,0.997519145723223,94.52669614928271,760361.4791653343,-0.004397516697645187,0.03759853839874268,1.3944565773010253,0.006518330425024033,0.0790425956249237
20,16384000,0.00028859999999999997,0.056949920654296875,0.0014671090245246888,0.004447021484375,0.9984573852680293,85.25028924026225,766984.1386931714,-0.0037752524018287658,0.04427835941314697,1.3641627311706543,0.006583789736032486,0.08085522651672364
21,17203200,0.00028799999999999995,0.06167009830474854,0.0011433345079421998,0.003580322265625,0.9992829613695438,76.84126557318275,753333.6570873529,-0.0041301347315311435,0.03130320906639099,1.334616756439209,0.006629230827093125,0.08078599572181702
22,18022400,0.00028739999999999994,0.06692492485046386,0.0012751871347427368,0.004052734375,1.0,69.96739040700075,761942.0497388344,-0.0039332561194896695,0.02845251262187958,1.3049237251281738,0.006708167493343353,0.08187328577041626
23,18841600,0.0002868,0.07112672328948974,0.0011098568141460418,0.003505859375,0.9999215317011927,64.806183301946,760461.1475389044,-0.004252063482999802,0.02244144231081009,1.2745076179504395,0.006863196939229965,0.08415233492851257
24,19660800,0.00028619999999999996,0.07476664066314698,0.0010631860792636872,0.00325439453125,0.9999256284396847,62.094972482522685,761803.4042508327,-0.0039206832647323605,0.022201332449913024,1.2425053596496582,0.007014264911413192,0.087199467420578
25,20480000,0.00028559999999999995,0.07834686279296875,0.0013118962943553924,0.00387451171875,1.0,58.80666383701188,766120.4823985469,-0.003265572339296341,0.026461750268936157,1.2092422485351562,0.006671979278326035,0.07956724762916564
26,21299200,0.000285,0.08093942642211914,0.0012390223145484925,0.003729248046875,0.9999313705305058,56.58993891977215,758815.3114773227,-0.0033269640058279037,0.0216449037194252,1.1761165618896485,0.006583360582590103,0.07790330052375793
27,22118400,0.0002844,0.08413236618041992,0.0011270304024219512,0.003502197265625,1.0,54.63400938098699,758179.7721942508,-0.0031109003350138663,0.018375001847743988,1.1461346626281739,0.006320344656705857,0.07298070192337036
28,22937600,0.00028379999999999996,0.08689762115478515,0.0010050228238105774,0.00319580078125,1.0,52.7269410484542,765185.0036366303,-0.003078889288008213,0.01632363200187683,1.1155799865722655,0.006443315744400024,0.07575463652610778
29,23756800,0.00028319999999999994,0.08966659545898438,0.0010790450870990754,0.00349853515625,1.0,51.03763640873016,757083.0225670717,-0.0028098443523049354,0.016398361325263976,1.083894634246826,0.006093743070960045,0.06721007823944092
30,24576000,0.0002826,0.09186939239501953,0.0010971103608608246,0.0034423828125,1.0,50.0001819394748,764606.2818718879,-0.002759973146021366,0.0147258460521698,1.0518820762634278,0.005948533490300179,0.06438915133476257
31,25395200,0.00028199999999999997,0.09366998672485352,0.001148972362279892,0.00345947265625,1.0,49.0230288604582,760473.4930498432,-0.002431282959878445,0.016120950877666473,1.0216655731201172,0.005713235959410668,0.059688955545425415
32,26214400,0.00028139999999999996,0.09614615440368653,0.0011395018547773362,0.003470458984375,1.0,48.001110137306455,763673.5975025172,-0.002313837222754955,0.015780501067638397,0.992158031463623,0.005598923563957215,0.05804527997970581
33,27033600,0.00028079999999999994,0.09685701370239258,0.001157604157924652,0.003551025390625,1.0,47.23784282092648,767987.9644573891,-0.0020355401560664178,0.014671513438224792,0.9667262077331543,0.005240640789270401,0.05130712985992432
34,27852800,0.0002802,0.09834140777587891,0.001121845245361328,0.00331787109375,1.0,46.76916505296731,760767.5516726397,-0.0018540799617767334,0.014157292246818543,0.9405511856079102,0.005043788999319077,0.047290027141571045
35,28672000,0.00027959999999999997,0.099965181350708,0.0011171166598796843,0.003466796875,1.0,45.8512151416732,756110.3476795839,-0.001837746985256672,0.013677528500556946,0.9150807380676269,0.004976613819599152,0.04594616293907165
36,29491200,0.00027899999999999995,0.10142463684082031,0.001159237027168274,0.003531494140625,1.0,45.30595902137295,747768.8477090354,-0.0015237987041473388,0.013641197979450227,0.8915206909179687,0.004617861285805702,0.04178930521011352
37,30310400,0.0002784,0.10215690612792969,0.0010859782993793488,0.003345947265625,1.0,45.01814505110127,756153.567660125,-0.0015306751243770122,0.012485621869564057,0.8668910980224609,0.0045483320951461795,0.039845091104507444
38,31129600,0.0002778,0.10377486228942871,0.0011416586488485335,0.00350830078125,1.0,44.26039646627882,762164.8669420315,-0.00132526196539402,0.012896430492401124,0.8438288688659668,0.004349632561206818,0.035604861378669736
39,31948800,0.0002772,0.10486833572387695,0.0011598408222198487,0.00364501953125,1.0,43.79837719532376,757621.0020353398,-0.0011934960260987283,0.013030725717544555,0.8204748153686523,0.004211202263832092,0.034434571862220764
40,32768000,0.0002766,0.10564126968383789,0.0011218787729740142,0.00332275390625,1.0,43.32046578401659,760788.6782584426,-0.0012026067823171615,0.012455149739980697,0.7950106620788574,0.003832922130823135,0.031804808974266054
41,33587200,0.000276,0.10686031341552735,0.0010436190664768218,0.003328857421875,1.0,43.12765288476655,751943.6894208494,-0.001026013121008873,0.010936921089887619,0.7677992820739746,0.0037827629595994948,0.030152589082717896
42,34406400,0.00027539999999999997,0.10714042663574219,0.0010983215272426605,0.00337646484375,1.0,42.82060251657704,758978.1887468422,-0.0010808415710926056,0.011948560923337936,0.7414345264434814,0.00418953001499176,0.035703495144844055
43,35225600,0.0002748,0.10755151748657227,0.0012224793434143066,0.00365966796875,1.0,42.67011919013168,763320.5184135059,-0.0008577586151659489,0.012859903275966644,0.7176366806030273,0.0035117406398057936,0.02722277641296387
44,36044800,0.0002742,0.10832717895507812,0.0010686895251274108,0.00333251953125,1.0,42.37211109959581,758280.4178117038,-0.0008774670772254467,0.011223860830068589,0.6974716663360596,0.003508377820253372,0.026066645979881287
45,36864000,0.0002736,0.10920063972473144,0.0010524358600378036,0.003251953125,0.9999486468443486,42.2394084116469,760061.4382208454,-0.0007814408279955387,0.011120834946632385,0.6813725471496582,0.003307357430458069,0.02351965606212616
46,37683200,0.00027299999999999997,0.10988040924072266,0.0011132845282554626,0.00337646484375,1.0,41.90364091303682,758286.6970178857,-0.0007363069336861372,0.011676327139139176,0.6602845191955566,0.003354679048061371,0.02432910054922104
47,38502400,0.0002724,0.1101385498046875,0.0010823503136634827,0.0033447265625,1.0,41.68779940882683,760770.3125759888,-0.0006420598365366459,0.0108952134847641,0.6391251564025879,0.003060878627002239,0.022197628021240236
48,39321600,0.0002718,0.11077329635620117,0.0011628991365432739,0.003507080078125,1.0,41.57844080846968,765323.8548826646,-0.0007130036130547524,0.011700323969125747,0.615822696685791,0.0033119264990091324,0.023978033661842348
49,40140800,0.0002712,0.1110617446899414,0.0010910184681415557,0.003367919921875,1.0,41.32968474148802,760455.385013181,-0.0006282519549131394,0.010975731909275055,0.5937685489654541,0.0032143384218215943,0.02232641577720642
50,40960000,0.00027059999999999996,0.11188004493713379,0.0011916279047727585,0.00367431640625,1.0,41.18532644151152,763446.4673174514,-0.0006218613591045142,0.011818527430295944,0.5730348110198975,0.0032348234206438066,0.021338623762130738
51,41779200,0.00027,0.11172388076782226,0.0010978340357542039,0.00345458984375,1.0,41.099934814220525,765773.9365629986,-0.0004677236545830965,0.010835421830415725,0.5536521434783935,0.0029839128255844116,0.018677249550819397
52,42598400,0.0002694,0.11244573593139648,0.001110575869679451,0.003497314453125,1.0,40.748160668124875,761558.3988436722,-0.0005066296551376581,0.010825510323047637,0.5367712497711181,0.003115985170006752,0.019658084213733672
53,43417600,0.0002688,0.11271262168884277,0.0011229883134365082,0.00341796875,1.0,40.72928920346924,763498.7850918694,-0.0005497317761182785,0.011406051367521286,0.5190995216369629,0.0030064713209867477,0.01996765285730362
54,44236800,0.00026819999999999996,0.11331400871276856,0.0011531469970941543,0.00359375,1.0,40.749752475247526,747802.5277288941,-0.0004205809906125069,0.0109689861536026,0.5012170791625976,0.0026875004172325135,0.017069207131862642
55,45056000,0.0002676,0.1133517074584961,0.0012405282258987427,0.003779296875,1.0,40.60246471874379,755493.785848832,-0.0003862097859382629,0.01200108602643013,0.48736066818237306,0.002367117255926132,0.015101440250873566
56,45875200,0.000267,0.11382646560668945,0.0010395686328411103,0.00318115234375,1.0,40.39493608652901,747232.8129476468,-0.0006141433026641607,0.010500100255012513,0.47297053337097167,0.0032267265021800997,0.022539794445037842
57,46694400,0.00026639999999999997,0.1135924530029297,0.00119779571890831,0.003642578125,1.0,40.21426816685501,753831.7011589544,-0.0005543141625821591,0.011666562408208847,0.45613894462585447,0.0029493561014533043,0.020800045132637023
58,47513600,0.00026579999999999996,0.11409797668457031,0.0012258149683475495,0.00376953125,1.0,40.336914736323315,760995.0889246233,-0.00038560149259865285,0.011596094071865081,0.438702917098999,0.0025548679754137994,0.015171629190444947
59,48332800,0.0002652,0.11455862045288086,0.0011776112020015716,0.003575439453125,1.0,40.06702465218453,755628.17843924,-0.00046165152452886103,0.011463898420333862,0.42316155433654784,0.002853546477854252,0.019405880570411684
60,49152000,0.0002646,0.11479019165039063,0.0012066582590341567,0.00380126953125,1.0,40.07741588419405,761433.2213769767,-0.0004304373636841774,0.011265149712562561,0.40697379112243653,0.0023978933691978454,0.014481200277805329
61,49971200,0.00026399999999999997,0.11484302520751953,0.0011324580013751984,0.00346923828125,1.0,39.92273104931333,750802.8534380638,-0.00041826325468719006,0.010905714333057403,0.39006972312927246,0.002737864851951599,0.01667456030845642
62,50790400,0.00026339999999999995,0.11521123886108399,0.0010598646104335785,0.00326416015625,1.0,39.91318078025555,759283.5852481577,-0.0003770133014768362,0.010166295617818833,0.3720109462738037,0.0024954169988632203,0.014856928586959839
63,51609600,0.0002628,0.11566503524780274,0.0010675746202468872,0.00338623046875,1.0,39.7505576568713,761512.5036982632,-0.000399378826841712,0.00995606854557991,0.3548166513442993,0.002593338675796986,0.017051756381988525
64,52428800,0.0002622,0.11547382354736328,0.0010972584784030915,0.00340576171875,1.0,39.695171611401975,756584.7152255613,-0.00045814733020961286,0.01041826456785202,0.33951601982116697,0.0028286468237638473,0.018172360956668854
65,53248000,0.00026159999999999996,0.11585458755493164,0.001153789907693863,0.0035009765625,1.0,39.611683350258716,761925.7770766316,-0.0004496373236179352,0.01106119155883789,0.31966462135314944,0.002878771536052227,0.01840539425611496
66,54067200,0.000261,0.11596099853515625,0.0012508124113082887,0.00376953125,1.0,39.795044935632745,758967.8922048613,-0.00036484403535723685,0.01165926456451416,0.2993888854980469,0.002771453931927681,0.0177922323346138
67,54886400,0.0002604,0.11604480743408203,0.0012862053513526916,0.003988037109375,1.0,39.54811735704964,763240.1197733216,-0.00037821405567228794,0.011797688156366348,0.2854591369628906,0.002505051717162132,0.015363280475139619
68,55705600,0.00025979999999999997,0.11646650314331054,0.001255730390548706,0.003756103515625,1.0,39.46646795827124,765959.1814757469,-0.00026416981127113103,0.01206570714712143,0.27316763401031496,0.002376973256468773,0.014573124051094056
69,56524800,0.00025919999999999996,0.11696315765380859,0.001204914003610611,0.00367919921875,1.0,39.418364405150875,755764.628442801,-0.0002502399263903499,0.011432836949825286,0.26158533096313474,0.00213885810226202,0.010961057245731353
70,57344000,0.0002586,0.11668928146362305,0.001156667247414589,0.003568115234375,1.0,39.52344844240522,764829.4956182482,-0.00025380989536643027,0.010843957215547562,0.2500986814498901,0.0022121360525488853,0.010596925765275956
71,58163200,0.000258,0.11674045562744141,0.001269754022359848,0.003763427734375,1.0,39.50506463438163,765828.207734766,-0.00027003989089280367,0.012133430689573288,0.23598110675811768,0.0024880584329366683,0.016571773588657378
72,58982400,0.00025739999999999997,0.11710603713989258,0.001123519241809845,0.00350830078125,1.0,39.210907174006806,755264.831975677,-0.00025083718355745077,0.010172222554683686,0.22517693042755127,0.0023539019748568535,0.012986083328723908
73,59801600,0.00025679999999999995,0.11691082954406738,0.0011143118143081665,0.003345947265625,1.0,39.196449873550606,764089.930540738,-0.00023703975602984428,0.010550905019044876,0.21485764980316163,0.0023598426952958105,0.01405956894159317
74,60620800,0.0002562,0.11691492080688476,0.0011707696318626404,0.003604736328125,1.0,39.27211048022327,753822.3109322694,-0.00029317601583898065,0.010630623251199723,0.19827617406845094,0.0024381177499890327,0.014289306104183197
75,61440000,0.0002556,0.11733831405639648,0.0012390904128551483,0.003837890625,1.0,39.28402678144428,758758.4969290721,-0.00027996893040835855,0.011219028383493423,0.18136265277862548,0.0023814132437109947,0.013702026009559632
76,62259200,0.00025499999999999996,0.1170707893371582,0.0011319632083177566,0.003458251953125,1.0,39.228805441134206,748452.4498643674,-0.00022246898151934147,0.010612454265356064,0.16411993503570557,0.0027529394254088404,0.020023924112319947
77,63078400,0.00025439999999999995,0.11715725898742675,0.0011367955803871154,0.0035009765625,1.0,39.20007651109411,750935.1704139087,-0.00028196792118251324,0.010388155281543732,0.14785550832748412,0.002260791324079037,0.012771119177341462
78,63897600,0.0002538,0.11750777244567871,0.0011951203644275665,0.003641357421875,1.0,39.170443679479824,761102.4189952092,-0.00039444793947041035,0.011276742815971375,0.13645994663238525,0.0026278214529156683,0.01608215123414993
79,64716800,0.0002532,0.11749056816101074,0.0012243710458278655,0.0036865234375,1.0,39.07623403849819,756479.3123787917,-0.0003352491185069084,0.011049655079841614,0.1224294662475586,0.002530765347182751,0.015052856504917144
80,65536000,0.00025259999999999996,0.1176909065246582,0.0011956939101219178,0.003763427734375,1.0,39.061119081779054,759700.9015429683,-0.0002018796745687723,0.01016269475221634,0.10525627136230468,0.002297969721257687,0.015021240711212159
81,66355200,0.00025199999999999995,0.11768043518066407,0.0012061590701341629,0.00371826171875,1.0,39.06885026737968,752027.8524443997,-0.000310756778344512,0.011024682223796845,0.08913583755493164,0.0024092139676213263,0.014459227025508881
82,67174400,0.0002514,0.1181797981262207,0.0012735368311405182,0.003814697265625,1.0,39.05657055856884,756542.9913428534,-0.00025435001589357853,0.011394913494586944,0.07925810813903808,0.002265966311097145,0.01324487179517746
83,67993600,0.00025079999999999997,0.1179908561706543,0.0011503173410892487,0.003607177734375,1.0,39.08140808841042,756062.1963714566,-0.00032328080851584673,0.010309980809688568,0.06681681871414184,0.0026442218571901322,0.015748287737369537
84,68812800,0.00025019999999999996,0.11822887420654297,0.0011162520945072175,0.003463134765625,1.0,38.85451179569944,757554.8023197689,-0.0002612774493172765,0.009976600855588913,0.05282135605812073,0.0023234400898218153,0.013484007120132447
85,69632000,0.00024959999999999994,0.11823127746582031,0.0011727826297283173,0.00358642578125,1.0,39.02733648203807,765161.5118929915,-0.0003312938846647739,0.010598401725292205,0.0368316650390625,0.0024562330916523935,0.014209231734275818
86,70451200,0.000249,0.11849824905395508,0.0011963830888271332,0.003641357421875,1.0,38.8150286282118,758340.5290989159,-0.0001827916828915477,0.010626985132694245,0.026391243934631346,0.001962663233280182,0.009214597940444946
87,71270400,0.0002484,0.11829923629760743,0.0013238394260406494,0.0039990234375,1.0,38.80552659019812,762444.821301397,-0.00029845160897821186,0.011772911250591277,0.01347985714673996,0.0023665793240070345,0.014030881226062775
88,72089600,0.0002478,0.11837162017822266,0.0011613191664218902,0.003599853515625,1.0,38.686491079014445,765220.4953445159,-0.0002253736136481166,0.01029001697897911,0.0035330817103385926,0.0022367628291249273,0.011607056856155396
89,72908800,0.0002472,0.11862218856811524,0.0012155494838953019,0.003714599609375,1.0,38.86595148810937,759849.7294364707,-0.00020726313814520836,0.010313864797353745,-0.0032306313514709473,0.002128586173057556,0.011987914890050888
90,73728000,0.0002466,0.1189042091369629,0.0011877970397472383,0.003656005859375,1.0,38.879298910468975,764028.7703063884,-0.0001457515871152282,0.010404140502214432,-0.011628051102161408,0.0019495785236358643,0.00961291566491127
91,74547200,0.000246,0.11871740341186524,0.001195940226316452,0.003616943359375,1.0,38.7270836287997,751143.3844851594,-0.00021379804238677024,0.010630248486995697,-0.0260101318359375,0.002341849356889725,0.01391918808221817
92,75366400,0.0002454,0.1188217544555664,0.001207321360707283,0.003720703125,1.0,38.69717610330637,756550.8697135455,-0.00030413102358579637,0.010355273634195328,-0.03787814676761627,0.0023965086787939073,0.01419103890657425
93,76185600,0.0002448,0.11899688720703125,0.0012279287725687027,0.003818359375,1.0,38.508941176470586,756796.0969196116,-0.00019467466045171023,0.010513839870691299,-0.04624649286270142,0.0019654624164104463,0.01028137281537056
94,77004800,0.00024419999999999997,0.11900111198425294,0.001367550492286682,0.00414794921875,1.0,38.58393578067787,756201.5653177202,-0.000171402539126575,0.011716987937688828,-0.05527365803718567,0.0021829308941960337,0.012120117992162704
95,77824000,0.00024359999999999999,0.11879990577697754,0.0013161349296569825,0.00388427734375,1.0,38.60777552080873,760077.4119776423,-0.00028696402441710236,0.011687255650758743,-0.06381160020828247,0.00238649807870388,0.012948362529277802
96,78643200,0.000243,0.11919110298156738,0.0011438270658254623,0.00354736328125,1.0,38.54547589965235,745175.9579679728,-0.0002386538777500391,0.009849053621292115,-0.0742792010307312,0.0021304374560713766,0.011616455018520355
97,79462400,0.00024239999999999998,0.11917372703552247,0.00121119923889637,0.003739013671875,1.0,38.50910202737664,752144.3700443751,-0.00015073675895109772,0.010263834148645401,-0.0875151813030243,0.0020862523466348647,0.011533325165510177
98,80281600,0.0002418,0.11935939788818359,0.0011567801982164383,0.003602294921875,1.0,38.52856137057029,754400.926975688,-0.00010189437307417393,0.010025810450315475,-0.09947054982185363,0.001786542870104313,0.007855834066867828
99,81100800,0.00024119999999999998,0.11920831680297851,0.0012026240676641464,0.003656005859375,1.0,38.50532215523738,755811.0724746003,-0.00021048628259450196,0.01028936505317688,-0.11034109592437744,0.0020466068759560584,0.009656982123851776
100,81920000,0.0002406,0.11934146881103516,0.001278582364320755,0.00395263671875,1.0,38.5687308688486,756334.2503910663,-0.00022435791324824095,0.010749390721321106,-0.11916164159774781,0.002220212668180466,0.012308592349290848
101,82739200,0.00023999999999999998,0.11935075759887695,0.0011912894248962403,0.003656005859375,1.0,38.47419052088222,752148.4016548292,-0.0001756299287080765,0.010353443026542664,-0.1275380492210388,0.001935838721692562,0.009831054508686066
102,83558400,0.0002394,0.11937900543212891,0.0011628690361976625,0.0035205078125,1.0,38.48994205493004,756940.361675498,-0.00017647474305704236,0.00985397696495056,-0.130713951587677,0.002032476104795933,0.011520140618085862
103,84377600,0.0002388,0.11943840026855469,0.001154395118355751,0.003504638671875,1.0,38.46591974498406,754859.3843522379,-0.00014548500766977667,0.009677819162607192,-0.1367942214012146,0.001842556707561016,0.007931273430585861
104,85196800,0.0002382,0.11955156326293945,0.0012009227275848388,0.0037060546875,1.0,38.61804475853946,761871.889302481,-0.00015644250670447945,0.010115087777376176,-0.14707329273223876,0.0019296228885650635,0.009903930872678757
105,86016000,0.0002376,0.11968115806579589,0.0012302820384502411,0.003690185546875,1.0,38.42902074922542,757973.7670395668,-4.353331169113517e-05,0.010337629169225693,-0.15481910705566407,0.0018082251772284508,0.007545899599790573
106,86835200,0.000237,0.11963890075683593,0.0012317266315221786,0.003753662109375,1.0,38.57590588235294,761564.3117837147,-0.0001350155333057046,0.010103729367256165,-0.16420835256576538,0.0016615202650427819,0.006981323659420014
107,87654400,0.0002364,0.11979143142700195,0.0013195587694644927,0.00400146484375,1.0,38.60073432498588,765852.630954876,-0.00022996352054178716,0.010550764948129654,-0.17680912017822265,0.002197933755815029,0.010984861850738525
108,88473600,0.00023579999999999999,0.11978854179382324,0.0011897708475589752,0.003673095703125,1.0,38.4546949128658,760097.2969475883,-0.00015203715302050113,0.009455137699842454,-0.18572959899902344,0.0018300721421837807,0.008676758408546448
109,89292800,0.0002352,0.11962557792663574,0.0012200160324573517,0.0036865234375,1.0,38.32630151082838,761674.2868489348,-0.0002184063196182251,0.009963134676218033,-0.19589461088180543,0.0020465044304728507,0.010228882730007171
110,90112000,0.00023459999999999998,0.11992921829223632,0.0012656581401824952,0.003873291015625,1.0,38.409080249519256,757120.0226195736,-0.000151531130541116,0.010198117792606353,-0.2055729866027832,0.002003616467118263,0.009254882484674454
111,90931200,0.000234,0.11983076095581055,0.0013150766491889954,0.003917236328125,1.0,38.458487820903926,758945.3572253273,-0.00014452695613726975,0.010408897697925568,-0.21347198486328126,0.001703219674527645,0.007464600354433059
112,91750400,0.00023339999999999998,0.11963861465454101,0.0012619477510452271,0.00388427734375,1.0,38.34519523030161,761452.1808548566,-0.00020423252135515213,0.009997758269309997,-0.21837894916534423,0.0016938088461756705,0.007475098967552185
113,92569600,0.0002328,0.11982864379882813,0.001248113363981247,0.0037890625,1.0,38.388114350091534,758023.5930765163,-0.00017158271512016655,0.0098064087331295,-0.2290168046951294,0.0020563673228025437,0.01049841195344925
114,93388800,0.00023219999999999998,0.1197152328491211,0.0012734562158584594,0.00384521484375,1.0,38.36407039880172,760518.1588439769,-9.012798545882106e-05,0.009662895649671554,-0.2396150827407837,0.0018278561532497407,0.00834655985236168
115,94208000,0.0002316,0.11991860389709473,0.00112250879406929,0.0033740234375,1.0,38.44009194970914,762219.7112875152,-0.00022113944869488477,0.008987095206975937,-0.24789514541625976,0.0021476304158568383,0.010980224609375
116,95027200,0.00023099999999999998,0.11984914779663086,0.0012076938152313233,0.00371337890625,1.0,38.30359315055675,750597.0515992203,-8.330089040100574e-05,0.009422886371612548,-0.2574573755264282,0.0018259739503264428,0.007963136583566666
117,95846400,0.0002304,0.1200767707824707,0.0011552844941616059,0.003594970703125,1.0,38.3218272689056,750628.4942850835,-0.00013743755407631398,0.008643034845590591,-0.2707157373428345,0.0022429535165429115,0.012171507626771928
118,96665600,0.00022979999999999997,0.11982402801513672,0.00120429590344429,0.003681640625,1.0,38.32212911380553,756688.9350598601,-0.00010450863046571613,0.008879432082176208,-0.2792384386062622,0.0020307548344135284,0.010534178465604782
119,97484800,0.0002292,0.12049939155578614,0.00120551198720932,0.00376220703125,1.0,38.26004386169568,760360.3803591261,-0.0001903475495055318,0.008736425638198852,-0.28931918144226076,0.001980824023485184,0.009772949665784837
120,98304000,0.00022859999999999997,0.12041906356811523,0.00130896657705307,0.00404541015625,1.0,38.285587230257924,757576.0966538556,-0.00017348479013890028,0.009562676399946212,-0.30237398147583006,0.002273564785718918,0.012916260957717895
121,99123200,0.00022799999999999999,0.12038159370422363,0.001205688714981079,0.00372314453125,1.0,38.39675923757786,756260.8726333743,-0.00017486975993961096,0.00880272537469864,-0.3095224857330322,0.0019296921789646148,0.00889282077550888
122,99942400,0.00022739999999999997,0.12025437355041504,0.0012743514776229858,0.003927001953125,1.0,38.33209986416225,764513.3359115222,-0.00017765987431630492,0.009135479480028153,-0.3183544874191284,0.002078733220696449,0.010179321467876434
123,100761600,0.00022679999999999998,0.1202174949645996,0.0011253632605075837,0.00344482421875,1.0,38.17937721424576,757784.0687373697,-0.00017620371654629706,0.008241505175828934,-0.329728889465332,0.0021059369668364526,0.010805542021989823
124,101580800,0.00022619999999999997,0.12043243408203125,0.0012176723033189773,0.003753662109375,1.0,38.264155357978474,764842.2076591996,-0.00022092107683420182,0.008813634514808655,-0.3350962162017822,0.001963295228779316,0.007933349162340165
125,102400000,0.00022559999999999998,0.12037681579589844,0.001327177882194519,0.00391845703125,1.0,38.21065138384121,765827.4607918155,-0.00014487411826848983,0.009663337469100952,-0.3380198240280151,0.001838911883533001,0.008347532898187637
126,103219200,0.000225,0.12030047416687012,0.0011624041944742203,0.00363037109375,1.0,38.24471468662301,762261.4678535637,-0.00014985314337536692,0.008226082473993302,-0.34604787826538086,0.002097036689519882,0.011530394852161407
127,104038400,0.00022439999999999998,0.12037259101867676,0.0011530831456184388,0.003536376953125,0.9999532601075017,38.2587053049778,763471.6838215345,-0.00012776395305991173,0.008413661271333694,-0.35558717250823973,0.002042509615421295,0.010155516117811203
128,104857600,0.0002238,0.1201698875427246,0.0010588473081588744,0.003311767578125,0.9999532579227821,38.47485276245676,758517.5620131657,-0.00014216202544048429,0.00742712989449501,-0.36549255847930906,0.0019725989550352097,0.009907714277505874
129,105676800,0.00022319999999999998,0.12075119018554688,0.0011254265904426576,0.00344970703125,1.0,38.19650186567164,757978.8656285732,-0.00024177057202905415,0.007946866750717162,-0.3764130353927612,0.002043795585632324,0.010792113095521926
130,106496000,0.0002226,0.12064708709716797,0.0011356815695762635,0.003564453125,1.0,38.34289867304356,766464.1773006198,-0.0002208783058449626,0.007926574349403382,-0.3838211536407471,0.0020134327933192253,0.009980344772338867
131,107315200,0.00022199999999999998,0.12015329360961914,0.0011802276968955994,0.0035595703125,1.0,38.11621508184489,760167.233390084,-0.00010872745187953114,0.008297637104988098,-0.3917060136795044,0.0017027780413627625,0.007185057550668716
132,108134400,0.0002214,0.12054245948791503,0.001191784217953682,0.003675537109375,0.9999534862086609,38.26010512116843,764448.3370937965,-0.000244412524625659,0.00810394212603569,-0.406353235244751,0.002076870575547218,0.01025073230266571
133,108953600,0.00022079999999999997,0.12053536415100098,0.0012321409583091736,0.003807373046875,1.0,38.333723215121175,764425.795702382,-7.617638912051916e-05,0.00829133614897728,-0.4185959339141846,0.0017490698024630546,0.008079345524311065
134,109772800,0.00022019999999999999,0.12033007621765136,0.0012062990665435791,0.0036083984375,1.0,38.11904208323646,760699.6176224597,-0.00021813784260302783,0.008082810044288635,-0.42684011459350585,0.002021178416907787,0.01089172214269638
135,110592000,0.00021959999999999997,0.12070121765136718,0.00117960125207901,0.003631591796875,1.0,38.139405204460964,766158.0140735798,-0.00011092314962297678,0.007857587933540345,-0.4386731147766113,0.002066750079393387,0.01096521019935608
136,111411200,0.00021899999999999998,0.12064463615417481,0.0012036614120006562,0.003753662109375,1.0,38.12069769611044,754465.4415445982,-0.00014194472460076212,0.007785487174987793,-0.45133180618286134,0.0020861756056547165,0.010604491084814071
137,112230400,0.00021839999999999997,0.12073081016540527,0.0012619723379611969,0.003875732421875,1.0,38.10364406385256,750990.950966414,-0.00024293707683682443,0.008080907911062241,-0.46375064849853515,0.0021939897909760476,0.011246216297149659
138,113049600,0.00021779999999999998,0.12067325592041016,0.0013179950416088103,0.0039794921875,1.0,38.17088283251805,760747.7360677288,-0.0002117624506354332,0.008443427830934524,-0.47386670112609863,0.0018152564764022828,0.008106812834739685
139,113868800,0.00021719999999999997,0.12063959121704101,0.0011548385024070739,0.00348388671875,1.0,38.14305678483253,761898.8380111889,-0.00015809180913493038,0.007771753519773483,-0.4856828212738037,0.0017659034579992293,0.007280884683132172
140,114688000,0.00021659999999999998,0.12096845626831054,0.0011856192350387573,0.00362060546875,1.0,38.07717965347911,765611.6030080225,-0.00023314550053328277,0.007856349647045135,-0.49761648178100587,0.0020500302314758303,0.010190307348966598
141,115507200,0.00021599999999999996,0.12066471099853515,0.001208769679069519,0.00369384765625,1.0,38.123810856183546,759371.2466794081,-0.00014868610305711626,0.0076904304325580595,-0.509475564956665,0.002146080881357193,0.011443843692541122
142,116326400,0.00021539999999999998,0.12074514389038087,0.0012127840518951416,0.003680419921875,1.0,38.15059371362049,760779.5024621573,-9.456751286052167e-05,0.007750246673822403,-0.5192410945892334,0.0019953226670622825,0.010070066899061203
143,117145600,0.00021479999999999996,0.12068716049194336,0.0012659364938735962,0.003919677734375,1.0,38.08093533540979,767265.2019385764,-0.00011279522441327572,0.0079102024435997,-0.5261841297149659,0.0017645897343754769,0.00756201222538948
144,117964800,0.00021419999999999998,0.12089104652404785,0.001153809055685997,0.00364013671875,1.0,38.08466840536513,761689.5498382656,-0.00010834496933966875,0.007419365644454956,-0.5312494277954102,0.0018972722813487054,0.008564940840005874
145,118784000,0.00021359999999999996,0.12106687545776368,0.0012064645439386367,0.003665771484375,1.0,38.21042102814608,764141.8653913318,-0.000170417211484164,0.007695012539625168,-0.5403254985809326,0.00198373943567276,0.01038842499256134
146,119603200,0.00021299999999999997,0.12107320785522462,0.0012445707619190215,0.003834228515625,1.0,38.00092790201355,767572.3843243667,-0.00015533261466771364,0.007527356594800949,-0.5534326553344726,0.0018877528607845306,0.009061644971370696
147,120422400,0.00021239999999999996,0.12083036422729493,0.0011902575939893723,0.003629150390625,1.0,38.0402787456446,757953.5918392431,-0.00018044881289824843,0.007462544739246369,-0.5672011375427246,0.0017589490860700607,0.007411865890026093
148,121241600,0.00021179999999999997,0.12097911834716797,0.0012358579784631728,0.0037548828125,1.0,38.169829797155515,764297.8780052976,-0.00020509215537458658,0.007779912650585174,-0.577734375,0.001970682851970196,0.008963624387979508
149,122060800,0.00021119999999999996,0.12102226257324218,0.0012546631693840027,0.00384521484375,1.0,38.17927600967802,757899.5067730532,-0.00013400529278442263,0.007672588527202606,-0.5855565547943116,0.002172083407640457,0.013002565503120423
150,122880000,0.00021059999999999997,0.12081242561340332,0.0011831728368997573,0.003603515625,1.0,38.051432291666664,760293.2923190787,-0.00013923130463808775,0.0076486624777317045,-0.5954914569854737,0.0019877003505825996,0.00975341796875
151,123699200,0.00020999999999999998,0.12098528861999512,0.0012490422278642653,0.0038525390625,1.0,38.00878742793379,763174.9214311388,-0.00018199289916083218,0.0074603833258152005,-0.6062352657318115,0.0020329676568508147,0.010332398116588593
152,124518400,0.00020939999999999997,0.12078069686889649,0.0011742441356182099,0.003516845703125,1.0,37.99267093422395,757481.337094439,-0.00027185105718672273,0.007698078453540802,-0.6143579006195068,0.002139255590736866,0.012087645381689072
153,125337600,0.00020879999999999998,0.12095769882202148,0.0012184111773967743,0.00370849609375,1.0,38.08519222742661,761891.2715380524,-0.0001402145135216415,0.007558231055736542,-0.6183768749237061,0.0017812734469771386,0.00813561975955963
154,126156800,0.00020819999999999996,0.12097217559814454,0.0011702986806631087,0.003583984375,1.0,38.140429296456674,760535.6167273945,-0.00017642922466620803,0.006867516040802002,-0.6243147850036621,0.001801651529967785,0.00774877741932869
155,126976000,0.00020759999999999998,0.12076504707336426,0.0011306816339492797,0.003525390625,1.0,38.11118359739049,759575.8262315844,-0.0001737416721880436,0.0068046778440475466,-0.6333302974700927,0.002160678245127201,0.010969723016023636
156,127795200,0.00020699999999999996,0.12091386795043946,0.001244572252035141,0.00376708984375,1.0,38.0582628103785,761961.0423204369,-0.00015710468869656324,0.0072673909366130825,-0.6362846851348877,0.0017446888610720634,0.007621460407972336
157,128614400,0.00020639999999999998,0.12130169868469239,0.0011008739471435546,0.0034765625,1.0,37.99958314034275,747488.9140706161,-0.00012513442197814584,0.006305023282766342,-0.6406279563903808,0.001814723014831543,0.008867552876472473
158,129433600,0.00020579999999999996,0.12091621398925781,0.001212729513645172,0.003797607421875,1.0,38.06870441770799,760928.2204381037,-0.00017582052387297154,0.007035881280899048,-0.6511313915252686,0.0017499061301350593,0.007480347156524658
159,130252800,0.00020519999999999997,0.12097715377807618,0.0012968087196350098,0.0040234375,1.0,38.04530699313671,758437.678165253,-0.000157192163169384,0.0072041556239128115,-0.6648658275604248,0.0019196616485714912,0.009883543848991394
160,131072000,0.00020459999999999996,0.12106033325195313,0.0012298891693353652,0.00382568359375,1.0,38.164590041532506,762156.8931728924,-0.00013848557136952877,0.006870730221271515,-0.675721549987793,0.001895088329911232,0.010193481296300887
161,131891200,0.00020399999999999997,0.12099677085876465,0.0012935540080070496,0.00397705078125,1.0,37.886403549311396,766878.3739311172,-0.0002191324019804597,0.007145031541585922,-0.6840273380279541,0.002049512043595314,0.01097412258386612
162,132710400,0.00020339999999999996,0.12112703323364257,0.0013340196013450622,0.0040771484375,1.0,38.09126430365615,757956.0028529055,-0.0002006150083616376,0.00759209543466568,-0.6880448818206787,0.001810048520565033,0.008223633468151092
163,133529600,0.00020279999999999997,0.12111862182617188,0.0011914372444152832,0.003690185546875,1.0,38.06725852932974,762493.2169769576,-0.00010469339322298765,0.00670371875166893,-0.6940027236938476,0.0020924393087625504,0.01102343648672104
164,134348800,0.00020219999999999995,0.12115657806396485,0.0012367475777864457,0.003798828125,1.0,37.989644283458716,767636.5639462282,-0.000123044871725142,0.006753192842006683,-0.7003420352935791,0.0019170725718140602,0.010515259206295013
165,135168000,0.00020159999999999997,0.12115607261657715,0.001254003643989563,0.00389892578125,1.0,38.12094792004823,761726.0572531662,-0.00014899206580594183,0.006944100558757782,-0.7083086013793946,0.0018190927803516388,0.00887170284986496
166,135987200,0.00020099999999999995,0.1210573959350586,0.0012287093698978423,0.00384765625,1.0,37.85630906058922,760230.2725768691,-0.00018672849982976915,0.006576237082481384,-0.7126672744750977,0.0017541028559207917,0.007018552720546722
167,136806400,0.00020039999999999997,0.1212245750427246,0.0011187048256397247,0.003536376953125,1.0,37.97542576823399,755929.367334084,-0.00014679012820124627,0.006086510792374611,-0.718082857131958,0.0017031684517860412,0.00679345652461052
168,137625600,0.00019979999999999995,0.12129804611206055,0.0012523879110813141,0.003826904296875,1.0,38.06951548405096,752613.3345466171,-0.00015735981287434697,0.006951525807380676,-0.7301737308502197,0.0020595306530594827,0.011249633133411407
169,138444800,0.00019919999999999996,0.12118017196655273,0.0012437772750854492,0.00376708984375,1.0,38.020956275266016,752454.8864707361,-5.575008690357208e-05,0.006759843975305557,-0.7415188312530517,0.0017373904585838318,0.008189208060503005
170,139264000,0.00019859999999999995,0.12097019195556641,0.0011954113841056823,0.00368896484375,1.0,37.866940698318864,752154.4022003075,-0.00019256052328273655,0.006541114300489426,-0.7518253326416016,0.0019369110465049743,0.008369995653629303
171,140083200,0.00019799999999999996,0.12116096496582031,0.0012378401309251785,0.0038134765625,1.0,38.01769048614013,754364.9007762923,-9.387328755110503e-05,0.00666714534163475,-0.7590826034545899,0.0022815460339188575,0.014906004071235657
172,140902400,0.00019739999999999995,0.12121084213256836,0.0012554095685482025,0.00382568359375,1.0,37.96713941416389,751328.0902987184,-0.0002921938663348556,0.006665517389774322,-0.7718616008758545,0.0022214146330952643,0.0122110553085804
173,141721600,0.00019679999999999999,0.12120718002319336,0.0011669153720140458,0.003604736328125,1.0,37.84687846324344,753237.030299249,-0.000202874094247818,0.006383306533098221,-0.7854472160339355,0.0017788302153348922,0.007494262605905533
174,142540800,0.0001962,0.12127204895019532,0.001210404485464096,0.00362548828125,1.0,38.03175412571852,747982.3402257463,-0.0001720080617815256,0.006716294586658478,-0.7961129188537598,0.001966053619980812,0.01027844175696373
175,143360000,0.00019559999999999998,0.12170450210571289,0.001278885453939438,0.00392578125,1.0,38.006264210477475,751596.8445655275,-0.00019367256900295615,0.006696411222219467,-0.8062840461730957,0.0021859392523765563,0.012320802360773087
176,144179200,0.000195,0.12135600090026856,0.001105877161026001,0.0034765625,1.0,38.014651844271825,747630.5040830426,-0.00023308608215302228,0.006008551269769668,-0.8183692932128906,0.001795421540737152,0.008256347477436065
177,144998400,0.00019439999999999998,0.12146375656127929,0.001229664236307144,0.0037548828125,1.0,37.88689017341041,741739.9414049394,-0.00017140728887170552,0.00673639103770256,-0.8274291038513184,0.0018516330048441887,0.009049438685178757
178,145817600,0.0001938,0.12132134437561035,0.0011681423336267472,0.00357666015625,1.0,38.056398126246464,743965.2697449181,-0.00016073816223070026,0.006202344596385956,-0.8340801239013672,0.0018706575036048889,0.008702880889177322
179,146636800,0.00019319999999999998,0.12133358955383301,0.0012561991810798646,0.00379150390625,1.0,37.89809833024119,758701.7083934644,-0.00020696441642940045,0.006651542335748673,-0.8407691955566406,0.0018095929175615312,0.007835937291383743
180,147456000,0.0001926,0.12165761947631835,0.0011459752917289735,0.00359619140625,1.0,37.935263425220484,763893.4766665107,-0.0001939085777848959,0.005916144326329231,-0.8496376037597656,0.0018891317769885064,0.009174560755491256
181,148275200,0.00019199999999999998,0.12146804809570312,0.0012613049149513245,0.0038916015625,1.0,37.90711242822745,761471.5709106605,-0.00016205707797780632,0.006341791152954102,-0.8567390441894531,0.002015083096921444,0.011036375910043717
182,149094400,0.0001914,0.12141545295715332,0.0011834385246038436,0.003583984375,1.0,37.91204261232052,761011.6971471793,-6.387121975421905e-05,0.00587085410952568,-0.8659263610839844,0.0021706363186240196,0.012738281488418579
183,149913600,0.00019079999999999998,0.12169803619384766,0.0012797930836677552,0.0038916015625,1.0,37.87993710110073,761224.034082466,-0.00014230104861781,0.006482359021902084,-0.8729835510253906,0.0018151136115193366,0.009129882603883744
184,150732800,0.0001902,0.12119695663452149,0.0012550397217273711,0.003837890625,1.0,37.9516689042174,764367.7927051012,-6.351941265165806e-05,0.0064678691327571865,-0.8755992889404297,0.0017675932496786118,0.007128661125898361
185,151552000,0.00018959999999999997,0.12174433708190918,0.0011974289268255234,0.0036572265625,1.0,37.94151614542431,753881.7063074384,-7.48802674934268e-05,0.006265049427747726,-0.8799217224121094,0.0018168309703469276,0.008382080495357514
186,152371200,0.00018899999999999999,0.12125919342041015,0.0011125074326992035,0.0033935546875,1.0,37.980277235091634,759032.1555718549,-0.0001206933637149632,0.005719339102506637,-0.884522533416748,0.0017141005024313926,0.006999144703149796
187,153190400,0.00018839999999999997,0.12137260437011718,0.0012518149614334107,0.003858642578125,1.0,37.89046981105927,760538.4622557171,-6.805979064665735e-05,0.00614309161901474,-0.8892999649047851,0.0017926046624779702,0.008230834454298019
188,154009600,0.00018779999999999998,0.12134611129760742,0.00127290278673172,0.00388671875,1.0,37.94682032768675,755742.4722308406,-0.00018609999679028988,0.006465893983840942,-0.897153663635254,0.001903579942882061,0.009436769038438797
189,154828800,0.0001872,0.1215166187286377,0.0012024281173944474,0.003798828125,1.0,37.862955428148695,758975.5426704728,-0.00015956187853589655,0.005995650961995125,-0.9045366287231446,0.0017591048032045364,0.008071897923946381
190,155648000,0.00018659999999999998,0.12115011215209961,0.0011643315851688385,0.003614501953125,1.0,38.00604285780691,756831.6304467677,-0.00021321037784218788,0.005801921337842941,-0.9120668411254883,0.0017256155610084535,0.008246826380491257
191,156467200,0.000186,0.12138450622558594,0.0012057119607925416,0.00380615234375,1.0,37.8459903917221,755265.1969181625,-0.00022443111520260574,0.0057951916009187695,-0.9195215225219726,0.0018959632143378258,0.008704711496829987
192,157286400,0.00018539999999999998,0.1216096305847168,0.0011634036898612976,0.003653564453125,1.0,37.89897869587319,761746.5564867177,-0.00018091046949848534,0.0054298266768455505,-0.9284621238708496,0.001939130760729313,0.009592040628194808
193,158105600,0.0001848,0.12148900032043457,0.0012568791210651397,0.003807373046875,1.0,38.04032145677521,755525.0533232569,-0.000128576485440135,0.005767178162932396,-0.9373636245727539,0.0021457334980368612,0.011132445186376572
194,158924800,0.00018419999999999998,0.1217597770690918,0.001260404884815216,0.00381103515625,1.0,37.990912884232,758893.128642675,-0.00030544705223292115,0.005788986757397652,-0.9478225708007812,0.001889166608452797,0.008975586295127869
195,159744000,0.0001836,0.12139560699462891,0.0012178931385278702,0.00376708984375,1.0,37.903288559518295,760119.6218784313,-0.00017590546049177646,0.005727101489901543,-0.9597931861877441,0.0018088869750499726,0.008646851778030396
196,160563200,0.00018299999999999998,0.12139135360717773,0.0013322009146213532,0.00395263671875,1.0,37.98973048327137,755168.3740423002,-0.00014569027116522192,0.006037726253271103,-0.966399097442627,0.002020159922540188,0.010979736596345902
197,161382400,0.0001824,0.12126379013061524,0.0012003237009048462,0.003594970703125,1.0,37.92254399334904,749928.3881024789,-6.7790289176628e-05,0.0060342706739902495,-0.970722770690918,0.0018657734617590904,0.01004638671875
198,162201600,0.00018179999999999997,0.12134764671325683,0.0013046222925186157,0.003941650390625,1.0,37.80509648231927,750473.8192287884,-0.00020919176749885083,0.005992670357227325,-0.9736171722412109,0.0018876422196626662,0.009650266915559768
199,163020800,0.00018119999999999999,0.12145954132080078,0.0011826978623867034,0.003616943359375,0.9999536393138618,37.95623551228558,760293.5576483664,-0.0001105339382775128,0.005679561570286751,-0.9816596031188964,0.0017121817916631698,0.007760255783796311
200,163840000,0.00018059999999999997,0.12162150382995605,0.00126249760389328,0.0037841796875,1.0,37.90774513898557,757473.1585195068,-0.00012167318491265177,0.00573183074593544,-0.9924458503723145,0.0018076714128255843,0.008317139744758607
201,164659200,0.00017999999999999998,0.1214216423034668,0.0012888991832733154,0.003843994140625,1.0,37.871626617375235,762923.696392206,-0.0001873311586678028,0.006014735251665115,-1.0004722595214843,0.002031414210796356,0.010973510146141053
202,165478400,0.00017939999999999997,0.12141144752502442,0.0011875548213720322,0.003724365234375,0.9999072571296082,37.99573382796198,760945.8880572066,-0.00017196909757331014,0.005389086902141571,-1.0056367874145509,0.0017672929912805556,0.007559691369533539
203,166297600,0.00017879999999999998,0.12142494201660156,0.0011232108622789383,0.00345458984375,1.0,37.923560112696876,758677.3209824824,-0.00012528714723885058,0.005478233471512795,-1.0112970352172852,0.0018854524940252304,0.008650633692741393
204,167116800,0.00017819999999999997,0.12160516738891601,0.001266513764858246,0.00388427734375,1.0,37.98515400980483,754303.4039548343,-0.0002166598103940487,0.0053653020411729814,-1.018740749359131,0.0017201656475663186,0.007046996057033539
205,167936000,0.0001776,0.12152363777160645,0.0011916422843933105,0.003609619140625,1.0,37.76934104046243,745632.1577189896,-0.00028346916660666467,0.005476710945367813,-1.026107120513916,0.0018904233351349831,0.00950598120689392
206,168755200,0.00017700000000000002,0.12149824142456055,0.0012228042632341386,0.00381103515625,1.0,37.81898850574713,754465.2977208587,-0.00023139077238738538,0.005376612022519112,-1.030519676208496,0.0018238598480820657,0.00872497484087944
207,169574400,0.0001764,0.12141210556030274,0.0012775298953056336,0.003857421875,1.0,37.931143281366,752965.3287998749,-0.00017666922649368645,0.005567962676286698,-1.034824275970459,0.0019072964787483215,0.008924196660518646
208,170393600,0.00017580000000000002,0.12130488395690918,0.0012690240144729613,0.00384765625,1.0,37.75997229916897,756665.058300852,-0.0002284154761582613,0.005845391377806664,-1.044276523590088,0.0018403269350528717,0.008679564297199249
209,171212800,0.0001752,0.12092700958251953,0.0012293191254138947,0.00384765625,0.9999536135077466,37.94517116615641,760287.6862748878,-0.000114641641266644,0.005477234721183777,-1.0557193756103516,0.0019273124635219574,0.009648071229457855
210,172032000,0.00017460000000000002,0.12124408721923828,0.0012178868055343628,0.003775634765625,1.0,37.95833913245187,755033.7755270719,-9.755000355653465e-05,0.005174906924366951,-1.0662881851196289,0.0018438305705785751,0.009499390423297883
211,172851200,0.000174,0.12143916130065918,0.00121729776263237,0.003736572265625,0.9999538936788234,37.89934990087141,758444.1187272293,-8.9909671805799e-05,0.005303889885544777,-1.0757640838623046,0.0017153600230813027,0.006429443508386612
212,173670400,0.0001734,0.1213975715637207,0.0011611323058605195,0.00359619140625,1.0,37.99420518288443,754507.165201472,-0.00012909662909805776,0.005166255310177803,-1.083697509765625,0.0019255496561527252,0.010205080360174179
213,174489600,0.0001728,0.12152067184448243,0.0012500748038291932,0.0038818359375,1.0,38.010287779785905,758741.1444245614,-0.0001032020547427237,0.005423630028963089,-1.0938287734985352,0.0019224585965275764,0.009425657987594604
214,175308800,0.0001722,0.12137947082519532,0.001296672224998474,0.003922119140625,1.0,37.99930213082721,761728.6511363342,-8.474990027025342e-05,0.005524568259716034,-1.1039486885070802,0.001809394173324108,0.008396484702825547
215,176128000,0.0001716,0.12107871055603027,0.00120256245136261,0.00370361328125,1.0,37.8819396292701,756686.4629378187,-0.00022889985702931881,0.005193732306361198,-1.1121459007263184,0.0018934357911348342,0.009619016945362092
216,176947200,0.000171,0.1216037368774414,0.001263834238052368,0.00374755859375,1.0,37.90754010447968,762228.576409868,-0.00016483822837471963,0.005292297899723053,-1.119300651550293,0.0017972266301512717,0.008584960550069808
217,177766400,0.0001704,0.12152507781982422,0.0010453298687934875,0.00333740234375,1.0,37.91371476261128,747591.6565009527,-0.000175295805092901,0.0047212403267622,-1.125546932220459,0.0020186098292469977,0.010832639038562774
218,178585600,0.0001698,0.12127241134643554,0.0012501060962677002,0.003726806640625,1.0,37.92979697544281,757300.5457251398,-7.309530628845096e-05,0.005030530691146851,-1.1290560722351075,0.0017639914527535438,0.00831311047077179
219,179404800,0.0001692,0.12156471252441406,0.0012262044847011567,0.0037109375,1.0,37.98376353039134,762388.0890591441,-0.00012119122548028826,0.004990935325622559,-1.1339261054992675,0.0018186772242188454,0.008745729923248291
220,180224000,0.0001686,0.12155861854553222,0.0012398436665534973,0.003802490234375,1.0,37.795384260327715,761811.9415080508,-1.4980474952608347e-05,0.005289315059781074,-1.1408862113952636,0.0022177880629897116,0.01426122784614563
221,181043200,0.000168,0.12158058166503906,0.0011661690473556518,0.003572998046875,1.0,37.945111492281306,765395.5285399993,-8.715377189218997e-05,0.004857323691248893,-1.1471470832824706,0.001878104917705059,0.009792357683181763
222,181862400,0.0001674,0.12174474716186523,0.0013569070398807526,0.0041015625,1.0,37.8681404901463,753919.2724374033,-0.00016518639167770744,0.005482449010014534,-1.1564879417419434,0.0016186876222491265,0.0065920397639274595
223,182681600,0.0001668,0.12144903182983398,0.0012278290838003158,0.00375732421875,1.0,37.89977759243814,758862.7906624015,-0.0001545455656014383,0.004951946064829826,-1.1696881294250487,0.0018208811059594154,0.00866076499223709
224,183500800,0.0001662,0.12163676261901855,0.0013129106163978577,0.003941650390625,1.0,37.87309363157408,763019.4039471172,-0.0001606926671229303,0.005041264370083809,-1.1800849914550782,0.001926243118941784,0.009495484083890915
225,184320000,0.0001656,0.12163856506347656,0.001132490262389183,0.003507080078125,1.0,37.769220158175465,758059.3296743907,-0.0001474462915211916,0.004742223024368286,-1.1853776931762696,0.0017824342474341392,0.008048339933156966
226,185139200,0.000165,0.12163702011108399,0.0010986801981925963,0.003428955078125,1.0,37.81841349272542,763988.8626791097,-0.0002932036528363824,0.0046260830014944075,-1.193728256225586,0.0020941007882356645,0.01001000851392746
227,185958400,0.0001644,0.12158493041992187,0.0012407952547073364,0.003768310546875,1.0,37.92966360856269,755481.5512007147,-0.00012407845351845027,0.005031524598598481,-1.205465602874756,0.0017506949603557586,0.006660033017396927
228,186777600,0.0001638,0.12171207427978516,0.001110140085220337,0.00353515625,1.0,37.8139964017161,760577.3091593618,-0.0001810260582715273,0.0045243360102176665,-1.2182425498962401,0.0018456391990184784,0.008045043796300888
229,187596800,0.0001632,0.12124431610107422,0.0012105491757392884,0.003701171875,1.0,37.85676012748857,764577.4301449482,-0.0001601274823769927,0.004834684729576111,-1.2286650657653808,0.0018549643456935883,0.009104981273412704
230,188416000,0.0001626,0.12182058334350586,0.0012364021688699722,0.003785400390625,1.0,37.77116810166214,758223.1758184035,-0.00014963237335905433,0.004975894838571549,-1.2341499328613281,0.001634211465716362,0.007933349162340165
231,189235200,0.000162,0.12165739059448243,0.0011611618846654893,0.003636474609375,1.0,37.80195045294879,763887.4926751006,-9.306363062933087e-05,0.0046598978340625765,-1.23901309967041,0.001812242902815342,0.008203370124101638
232,190054400,0.0001614,0.12164067268371583,0.0011973769962787628,0.003658447265625,1.0,37.91574464145179,763901.2168043248,-0.0002373489085584879,0.004975672066211701,-1.2480667114257813,0.0018443427979946136,0.007892212271690369
233,190873600,0.0001608,0.1219110107421875,0.0012161087989807128,0.00370361328125,1.0,37.87851502978252,761541.3965413234,-5.9961440274491903e-05,0.004853260144591332,-1.2566061973571778,0.0016215989366173745,0.007885131984949112
234,191692800,0.0001602,0.12146827697753906,0.0012600187957286834,0.00384521484375,1.0,37.815795554323216,757325.7151782353,-0.000163727265316993,0.005184942856431007,-1.2608495712280274,0.0018999818712472916,0.008894775807857514
235,192512000,0.0001596,0.12159772872924805,0.001203542798757553,0.003677978515625,1.0,37.83761433983184,752542.6655974563,-0.0001621406408958137,0.004590832069516182,-1.2664443969726562,0.0019827993586659432,0.010097534954547882
236,193331200,0.000159,0.1218788242340088,0.0011781173199415208,0.003575439453125,1.0,37.83758314855876,758234.593361657,-0.0001842414028942585,0.004708536341786385,-1.2750767707824706,0.0017704995349049567,0.008217773586511611
237,194150400,0.0001584,0.12172279357910157,0.001165541335940361,0.00356201171875,1.0,37.88304795310842,743283.7575752899,-0.00022962205111980437,0.004477411508560181,-1.2856199264526367,0.0020023850724101067,0.009979736059904099
238,194969600,0.0001578,0.12173768043518067,0.001151876002550125,0.0035791015625,1.0,37.796853372704625,758917.4723088138,-0.00015372229972854257,0.004545598477125168,-1.295937442779541,0.0019867530092597006,0.009687621891498566
239,195788800,0.0001572,0.12152183532714844,0.00119035005569458,0.003651123046875,1.0,37.82809970864358,766360.431592101,-0.00012144048232585192,0.004547348618507386,-1.2988943099975585,0.0017274757847189903,0.008591431379318237
240,196608000,0.00015659999999999998,0.12164972305297851,0.0012706437706947328,0.003818359375,1.0,37.905528890529816,761001.556041,-0.00015670368447899817,0.004708621650934219,-1.3037094116210937,0.0018058542162179946,0.0073992922902107235
241,197427200,0.000156,0.12194736480712891,0.0012619392573833465,0.003834228515625,1.0,37.81939691055407,760096.287575694,-0.00016362257301807403,0.005244200676679611,-1.3118309020996093,0.001660686731338501,0.0065356440842151645
242,198246400,0.00015539999999999998,0.1215915584564209,0.0012146519124507905,0.003663330078125,1.0,37.869969040247675,754106.4846248974,-0.0001749258255586028,0.00459631085395813,-1.3210480690002442,0.002054603397846222,0.011509034037590026
243,199065600,0.0001548,0.12166071891784667,0.0011833876371383667,0.003714599609375,1.0,37.79196304849884,758516.0499098421,-0.00014545260928571223,0.004531772807240486,-1.3313575744628907,0.0018428338691592217,0.009252076596021652
244,199884800,0.00015419999999999998,0.1219717788696289,0.001231834441423416,0.003868408203125,1.0,37.85609350457359,761658.0894306278,-0.00017063444247469305,0.004469367489218712,-1.339925479888916,0.0018230706453323364,0.008680783212184906
245,200704000,0.0001536,0.12183576583862304,0.0010203178226947784,0.0031591796875,1.0,37.7639585730725,756729.4237882174,-0.00018144759815186262,0.004164383932948113,-1.3480859756469727,0.0017036706209182738,0.00767224133014679
246,201523200,0.00015299999999999998,0.12173888206481934,0.0012303540110588074,0.003658447265625,1.0,37.7754225547243,761481.6820280593,-0.00014280370669439435,0.004628384858369828,-1.3583824157714843,0.0017001330852508545,0.008043944835662842
247,202342400,0.0001524,0.12216140747070313,0.0013052350282669067,0.00383544921875,1.0,37.88473433965748,755708.3239982198,-0.00017782284412533046,0.0045448169112205505,-1.3672550201416016,0.0017681494355201721,0.008307494968175889
248,203161600,0.00015179999999999998,0.12168943405151367,0.0013211333751678466,0.004061279296875,1.0,37.862264063442005,759166.9890966645,-0.00018962296890094875,0.004780245572328567,-1.3695820808410644,0.0018470678478479385,0.009000244736671447
249,203980800,0.0001512,0.1217433738708496,0.001170218139886856,0.00366455078125,1.0,37.84766165482889,761871.1403236887,-0.0002252411562949419,0.004422073811292648,-1.373488712310791,0.0017282098531723022,0.008327514678239823
250,204800000,0.00015059999999999997,0.12187417984008789,0.0011108403652906418,0.003441162109375,1.0,37.70489388149717,756227.7707682238,-0.00014570241328328847,0.004266149550676346,-1.3848093032836915,0.0016131915152072906,0.0066574722528457645
251,205619200,0.00015,0.12185174942016602,0.0011670628190040588,0.003514404296875,1.0,37.695584104618504,760881.8295844345,-0.00016820123419165612,0.004474528506398201,-1.3953279495239257,0.0018823590129613877,0.008888061344623565
252,206438400,0.0001494,0.12210042953491211,0.001248653009533882,0.003746337890625,1.0,37.74667403213184,756268.5768841356,-0.00024805611465126274,0.004587611183524132,-1.3996691703796387,0.0017351515591144562,0.008353392034769059
253,207257600,0.00014879999999999998,0.12190629959106446,0.001115974709391594,0.003431396484375,1.0,37.88060115606937,758325.4727620932,-0.00010006051743403078,0.004132081568241119,-1.4031861305236817,0.0018893323838710784,0.0097869873046875
254,208076800,0.0001482,0.12196475028991699,0.0012168043851852417,0.003779296875,1.0,37.81704226001198,763932.1563662793,-7.989035220816732e-05,0.004578686505556107,-1.410025405883789,0.0018949808552861213,0.010674560070037841
255,208896000,0.00014759999999999998,0.1216135311126709,0.0012595824897289275,0.00376708984375,1.0,37.85778353136992,761456.5055093046,-0.00021707939449697733,0.004322991520166397,-1.4193389892578125,0.0018276814371347427,0.008528685569763184
256,209715200,0.000147,0.12167837142944336,0.0010332503914833068,0.003206787109375,1.0,37.75740655283803,765771.9643895713,-0.00014641451416537167,0.004011562466621399,-1.4290465354919433,0.0017625637352466582,0.008746091276407242
257,210534400,0.00014639999999999998,0.12199773788452148,0.0011593320220708847,0.003580322265625,1.0,37.72857208511421,751705.2398273562,-7.165131974034012e-05,0.00436335876584053,-1.4402783393859864,0.0016112951561808586,0.006858152896165847
258,211353600,0.0001458,0.12177730560302734,0.0013092550635337829,0.003953857421875,1.0,37.70387789920229,756709.0058843256,-0.00020601516589522362,0.004532374441623688,-1.450462245941162,0.0018037434667348862,0.00819714367389679
259,212172800,0.00014519999999999998,0.12188713073730469,0.0012098956108093262,0.0037109375,1.0,37.70364748631618,767600.643631918,-0.00016970329452306032,0.004584391042590142,-1.4602428436279298,0.0018695995211601257,0.007939331233501434
260,212992000,0.0001446,0.12183842658996583,0.0012470842897891999,0.00384033203125,1.0,37.86138339189939,753259.6447515691,-0.00018779992824420334,0.004361993446946144,-1.4683697700500489,0.0015659810975193976,0.00679943785071373
261,213811200,0.00014399999999999998,0.12176382064819335,0.0010614557564258575,0.003345947265625,1.0,37.91518600777346,760914.2784143215,-0.0001876781228929758,0.004018175974488258,-1.4735904693603517,0.0017233295366168022,0.0076008282601833345
262,214630400,0.0001434,0.12185111045837402,0.0011848369240760803,0.003607177734375,1.0,37.70777011494253,752439.4418077794,-9.534340351819992e-05,0.0042140096426010135,-1.4807232856750487,0.0017293991521000862,0.008382201939821244
263,215449600,0.00014279999999999997,0.1221806526184082,0.0012656477093696593,0.003802490234375,1.0,37.84155580192166,757240.7056127833,-0.00014819132629781962,0.004461058974266052,-1.4887104988098145,0.001877267099916935,0.008873412758111954
264,216268800,0.0001422,0.12209763526916503,0.0011883947253227235,0.00364013671875,1.0,37.80609699769053,761603.6544342323,-0.00012394144432619213,0.0041889488697052,-1.4945951461791993,0.0019255558028817177,0.00871557667851448
265,217088000,0.00014159999999999997,0.12193099975585937,0.0011562611162662505,0.00350341796875,1.0,37.69013760412352,756319.7309455577,-0.0002024271059781313,0.004168210178613662,-1.5045655250549317,0.0018469899892807006,0.009285888820886611
266,217907200,0.00014099999999999998,0.12163823127746581,0.0011882023513317109,0.00362060546875,1.0,37.64090303002437,759687.9095682534,-0.00013733169762417675,0.004216523468494415,-1.5123774528503418,0.0017287099733948707,0.0066489242017269135
267,218726400,0.00014039999999999997,0.12179159164428711,0.0012244302779436111,0.003746337890625,1.0,37.80681451426991,755274.4233844668,-0.00017254282720386983,0.004340602084994316,-1.517372989654541,0.0016921205446124078,0.007964232563972473
268,219545600,0.00013979999999999998,0.12179779052734375,0.00116779625415802,0.00369384765625,1.0,37.81002126282703,758559.7146263337,-0.00015147394733503461,0.003967621922492981,-1.5235939025878906,0.0019342407584190368,0.009318479895591735
269,220364800,0.00013919999999999997,0.1220806884765625,0.0011798321455717088,0.003529052734375,1.0,37.725339470655925,760987.4740611027,-0.0001992299919947982,0.004177836701273918,-1.5321884155273438,0.0018463525921106339,0.007544189691543579
270,221184000,0.00013859999999999998,0.1220428466796875,0.0011520478129386901,0.00357177734375,1.0,37.79808621244882,757147.1266374157,-0.00015871316427364945,0.00405559353530407,-1.5424033164978028,0.0015877341851592065,0.006771118938922882
271,222003200,0.00013799999999999997,0.12178096771240235,0.0011925048381090165,0.003658447265625,1.0,37.704210380366966,759978.4426659967,-0.00016092038713395597,0.004212293028831482,-1.5493523597717285,0.0019410384818911552,0.010023680329322816
272,222822400,0.00013739999999999998,0.12205554008483886,0.0010867950320243836,0.00335205078125,1.0,37.76951450043801,756538.8278943698,-0.00012334997300058603,0.0038857672363519667,-1.5575074195861816,0.0018456202000379563,0.00798681452870369
273,223641600,0.00013679999999999996,0.12176896095275878,0.0012362201511859894,0.00377685546875,1.0,37.90378658282861,760395.2931226896,-0.00021271056029945612,0.004049544408917427,-1.5687431335449218,0.0018768206238746644,0.008994263410568238
274,224460800,0.00013619999999999998,0.12187285423278808,0.0011364583671092986,0.003526611328125,0.9999536178107606,37.98135435992579,766648.9742271774,-9.52945789322257e-05,0.00400971882045269,-1.577331829071045,0.0018390467390418052,0.009120117872953415
275,225280000,0.00013559999999999996,0.12190396308898926,0.001145244762301445,0.003555908203125,1.0,37.89788374457074,760209.3141446081,-0.00013369478983804584,0.003996327519416809,-1.5847753524780273,0.001633625291287899,0.00680236667394638
276,226099200,0.00013499999999999997,0.12202291488647461,0.0011773773282766342,0.0036279296875,1.0,37.763008710881685,764862.6385212534,-0.00012307055294513702,0.0039711929857730865,-1.5926251411437988,0.0017610490322113037,0.008076661080121995
277,226918400,0.0001344,0.1220579719543457,0.0012268999218940735,0.003739013671875,0.9999539467624574,37.721423966104815,748388.8729025975,-0.0001605747267603874,0.004002561420202255,-1.5962356567382812,0.0017182277515530586,0.0076313473284244536
278,227737600,0.00013379999999999997,0.12163354873657227,0.0012616333365440368,0.003809814453125,1.0,37.67944700460829,758106.349383071,-0.00016755424439907074,0.00423731654882431,-1.5995378494262695,0.001843741349875927,0.00913122370839119
279,228556800,0.00013319999999999999,0.12143606185913086,0.0013198338449001313,0.003974609375,1.0,37.79503735817729,758080.4617694705,-0.0001758093130774796,0.004171879217028618,-1.607244873046875,0.001815064623951912,0.008685669302940369
280,229376000,0.00013259999999999997,0.12204797744750977,0.0011575494706630707,0.003587646484375,0.9999539000553199,37.70131845841785,756434.0992348538,-0.0002783273346722126,0.0039346922188997265,-1.615193748474121,0.001896391436457634,0.010203246027231216
281,230195200,0.00013199999999999998,0.12209428787231445,0.001233605444431305,0.003773193359375,0.9999537572254336,37.94691329479769,755666.6111881713,-0.0002326766261830926,0.004264508187770843,-1.6211544036865235,0.0020509583875536917,0.01152026504278183
282,231014400,0.00013139999999999997,0.12185527801513672,0.001261955052614212,0.003841552734375,0.9999537850078566,37.77151307884278,748679.6636009143,-0.0001370968180708587,0.004143648222088814,-1.6283628463745117,0.0017078468576073647,0.007597289234399796
283,231833600,0.0001308,0.12168359756469727,0.0012101663649082184,0.0036474609375,1.0,37.81463032147963,756963.0526420849,-0.00018214727751910686,0.0044481057673692705,-1.635706329345703,0.0018420854583382606,0.008728639036417008
284,232652800,0.0001302,0.12164461135864257,0.0011044929921627045,0.0035009765625,0.9999079232079554,37.805533815201876,752380.701269759,-0.00019276391249150037,0.003895627334713936,-1.6445915222167968,0.0016820663586258888,0.007865111529827117
285,233472000,0.0001296,0.12188922882080078,0.0012126681953668595,0.003760986328125,1.0,37.952473596442466,755282.6228054072,-0.00018939319998025894,0.004153735935688019,-1.6541553497314454,0.002071762830018997,0.010246214270591737
286,234291200,0.000129,0.12188644409179687,0.0011663098633289337,0.00356201171875,1.0,37.869253538063084,754958.419065967,-0.00016416936414316298,0.004072605073451996,-1.6621328353881837,0.0018498007208108901,0.008753295242786407
287,235110400,0.0001284,0.12176620483398437,0.001293802112340927,0.003924560546875,0.9999537272685206,37.8797371708852,754586.7031725436,-0.00015879778657108546,0.004057685285806656,-1.6686994552612304,0.001724458485841751,0.0073891617357730865
288,235929600,0.0001278,0.12190866470336914,0.0011816763877868653,0.003580322265625,1.0,37.76162603124856,754741.0904358643,-0.00015877552796155213,0.0038192842155694963,-1.6732501983642578,0.0019872171804308893,0.010666138678789138
289,236748800,0.0001272,0.12174678802490234,0.0012165165692567825,0.003780517578125,1.0,37.8930501039021,753847.3099546727,-0.00021408358588814735,0.0039810601621866224,-1.677963638305664,0.0018232500180602074,0.008814574033021928
290,237568000,0.00012660000000000001,0.12181362152099609,0.001093587577342987,0.003504638671875,1.0,37.77478557594762,747721.8231642717,-0.00027563301846385003,0.003804263845086098,-1.6833738327026366,0.0016396677121520043,0.007090453803539276
291,238387200,0.000126,0.12205263137817383,0.0012788277864456176,0.0038525390625,1.0,37.71199963106438,754575.3725684972,-0.0001987286377698183,0.004182491078972816,-1.6909391403198242,0.0017237020656466484,0.00734838917851448
292,239206400,0.0001254,0.12206916809082032,0.001263139843940735,0.003778076171875,1.0,37.80741252302026,757975.5302448522,-0.00015633790753781794,0.003910278528928756,-1.697873878479004,0.002041570283472538,0.01037304699420929
293,240025600,0.0001248,0.12179166793823243,0.0011534485965967178,0.00347900390625,1.0,37.73199152542373,763698.4495759212,-0.0001849428634159267,0.003852655366063118,-1.7053932189941405,0.0017928874120116233,0.008595214784145355
294,240844800,0.0001242,0.12184700012207031,0.0012302830070257187,0.0037548828125,1.0,37.71633264224833,758858.416039005,-0.00017599612474441528,0.004090093821287155,-1.7147167205810547,0.0017789559438824653,0.008020628243684769
295,241664000,0.0001236,0.12201555252075195,0.0011759353429079055,0.003590087890625,1.0,37.693646408839776,763501.0991344451,-0.00015123398043215275,0.0039075400680303575,-1.7225753784179687,0.00188205037266016,0.009199100732803344
296,242483200,0.000123,0.12166276931762696,0.001200704425573349,0.003687744140625,1.0,37.731876724931006,758875.2208388572,-0.00014465306885540484,0.003907927870750427,-1.732326126098633,0.0017160305753350258,0.0072545170783996586
297,243302400,0.0001224,0.12183605194091797,0.0010737945139408112,0.0033740234375,1.0,37.724844577481,752450.4072778038,-0.00019019870087504386,0.003688916191458702,-1.7412668228149415,0.0019754847511649133,0.009828857332468032
298,244121600,0.00012179999999999999,0.1219821548461914,0.0010435409843921662,0.003323974609375,1.0,37.6685070163331,758825.1176555726,-0.00023972666822373866,0.0036314498633146287,-1.746608352661133,0.001990208216011524,0.010682374238967896
299,244940800,0.00012119999999999999,0.12182161331176758,0.0012264388799667358,0.00370361328125,1.0,37.768716577540104,755393.2029148093,-0.000176517094951123,0.00380612351000309,-1.751152801513672,0.0019479263573884964,0.010143675655126572
300,245760000,0.00012059999999999999,0.12200210571289062,0.0011657136678695679,0.003638916015625,1.0,37.84970857618651,759357.9218154304,-0.00016734027303755283,0.0036979559808969498,-1.7555503845214844,0.0018504541367292404,0.008355102688074111
301,246579200,0.00011999999999999999,0.12207611083984375,0.0010752619802951813,0.003297119140625,1.0,37.608775304570855,754913.2882450649,-0.00014493430498987436,0.003532150760293007,-1.7610124588012694,0.001813705638051033,0.008104737102985381
302,247398400,0.0001194,0.1220329189300537,0.0012998023629188537,0.003907470703125,1.0,37.733656062701705,753916.836310971,-0.0002157746348530054,0.0041953656822443005,-1.7664119720458984,0.0018110670149326324,0.008683594316244126
303,248217600,0.0001188,0.12216361999511718,0.0010791558772325516,0.003343505859375,1.0,37.66404525386314,755632.2809139511,-0.00021083776373416186,0.0034846711903810503,-1.7709447860717773,0.0017822444438934325,0.008393308520317078
304,249036800,0.0001182,0.12184307098388672,0.0011550849676132202,0.003511962890625,1.0,37.73113185852918,756254.1661048161,-0.00013592112809419633,0.00391242690384388,-1.7742786407470703,0.0016890715807676316,0.007352295517921448
305,249856000,0.0001176,0.12192072868347167,0.0011490051448345183,0.00353271484375,1.0,37.70015192670687,755983.043085866,-0.00014676329446956516,0.003728879615664482,-1.7774383544921875,0.0014886755496263504,0.0053620595484972
306,250675200,0.000117,0.12199908256530761,0.0011355885863304138,0.0035986328125,1.0,37.75978040228824,753868.5254248189,-0.00018926869379356503,0.0036237623542547228,-1.782015609741211,0.0016759062185883523,0.0071440435945987705
307,251494400,0.0001164,0.12165107727050781,0.0011393450200557708,0.0035107421875,1.0,37.84489380408125,756989.2424937277,-0.00014128731563687325,0.003752600774168968,-1.7891908645629884,0.0020107129588723184,0.011114382743835449
308,252313600,0.0001158,0.12191750526428223,0.0011273353546857835,0.003455810546875,1.0,37.715198015253144,754664.7224413118,-0.00015603352803736926,0.0035472005605697633,-1.796758270263672,0.0016744764521718024,0.007171874493360519
309,253132800,0.0001152,0.1219112777709961,0.0012238024175167085,0.00380859375,1.0,37.75348600978853,753228.6759252591,-0.00013075212482362985,0.0037375837564468384,-1.8025690078735352,0.0016229480504989624,0.006542480736970902
310,253952000,0.0001146,0.12222707748413086,0.001180599480867386,0.003507080078125,1.0,37.66968097314666,760150.4320852426,-0.00014547228347510098,0.0038162246346473694,-1.8080410003662108,0.0016347642987966538,0.007230346649885177
311,254771200,0.00011399999999999999,0.12216010093688964,0.0012164514511823655,0.003690185546875,1.0,37.7469829571626,759954.8253457218,-0.00011560074053704739,0.0037843752652406693,-1.8155412673950195,0.001879907213151455,0.008721680194139481
312,255590400,0.00011339999999999999,0.12173495292663575,0.0011536257714033127,0.003502197265625,1.0,37.6641551042911,760667.7266657086,-0.00020118250977247954,0.003649226203560829,-1.8251399993896484,0.0018555734306573868,0.009096314758062362
313,256409600,0.00011279999999999999,0.12175848007202149,0.0011815883219242096,0.003580322265625,1.0,37.71104240690323,756661.6511544618,-0.00022474739234894513,0.0036479201167821883,-1.8323751449584962,0.0019102208316326141,0.009819702059030534
314,257228800,0.00011219999999999999,0.12184791564941407,0.0011461241543292999,0.003572998046875,1.0,37.67562724014337,758027.9740847704,-0.00025239703245460987,0.0037858303636312484,-1.8390130996704102,0.00169930811971426,0.007753416895866394
315,258048000,0.00011159999999999999,0.12201663970947266,0.0012759575247764587,0.00384033203125,1.0,37.558060672715605,766321.3150023735,-0.00019226016011089086,0.0036876387894153595,-1.8466762542724608,0.0017274443060159683,0.007556029409170151
316,258867200,0.00011099999999999999,0.1218398666381836,0.0012126284837722778,0.0037255859375,1.0,37.78971639382061,752607.9752879968,-7.945661200210452e-05,0.0036983948200941088,-1.8534538269042968,0.002001468650996685,0.009404543042182922
317,259686400,0.00011039999999999999,0.12191031455993652,0.0012346429377794266,0.0037744140625,1.0,37.73657973690284,751172.9127218794,-0.00010154858464375138,0.003849804773926735,-1.858957862854004,0.001607291027903557,0.006251341849565506
318,260505600,0.00010979999999999999,0.12201031684875488,0.001136855036020279,0.003570556640625,0.9999539382772916,37.791110087517275,756075.3569173933,-0.00018031286308541893,0.003444578871130943,-1.8626564025878907,0.001724318414926529,0.007975587248802185
319,261324800,0.00010919999999999998,0.12189040184020997,0.001218283623456955,0.00374267578125,1.0,37.884675925925926,754588.4352807272,-0.00015886558685451746,0.0036468803882598877,-1.865554428100586,0.0017014523968100549,0.007697876542806625
320,262144000,0.00010859999999999998,0.12212448120117188,0.0012846601009368897,0.003900146484375,1.0,37.77561560453749,754284.7628994937,-0.00017830918077379465,0.003853706642985344,-1.8675203323364258,0.0017266038805246354,0.008019652962684632
321,262963200,0.00010799999999999998,0.12196146965026855,0.0012341389805078506,0.0037255859375,1.0,37.798966932620026,759914.8747286752,-0.0002418412594124675,0.003825707733631134,-1.8693429946899414,0.001728014275431633,0.007365845143795013
322,263782400,0.00010739999999999998,0.12206684112548828,0.0011204996705055238,0.003458251953125,1.0,37.83765694239291,758924.7457398082,-0.00016025714576244353,0.003625582903623581,-1.872704315185547,0.001761261373758316,0.008857179433107376
323,264601600,0.00010679999999999998,0.12220556259155274,0.0012756547331809998,0.003856201171875,1.0,37.71118169681904,756734.8153754832,-0.00014065825380384921,0.0037918571382761002,-1.874948501586914,0.0018697494640946388,0.009113649278879166
324,265420800,0.00010619999999999998,0.12195796966552734,0.0013026799261569976,0.004031982421875,1.0,37.7824283211948,764176.4519393806,-0.00022427989169955255,0.0038997769355773927,-1.8774127960205078,0.0016434699296951293,0.00682690367102623
325,266240000,0.00010559999999999998,0.12198655128479004,0.0012508010864257812,0.003812255859375,1.0,37.79926131117267,758512.8255703639,-0.00018338807858526708,0.0035552822053432466,-1.8837455749511718,0.0016987817361950874,0.007645995914936065
326,267059200,0.00010499999999999999,0.12208718299865723,0.0011934828013181686,0.003681640625,1.0,37.738531052607314,758390.4720249934,-0.00021313349716365338,0.0035413838922977448,-1.8922027587890624,0.001795867457985878,0.007923706620931625
327,267878400,0.00010439999999999999,0.12207006454467774,0.0012782976031303407,0.0038623046875,1.0,37.77399566440663,765625.4717941249,-0.00014802707592025398,0.004008091613650322,-1.9007860183715821,0.0017870638519525528,0.007699582725763321
328,268697600,0.00010379999999999999,0.12201879501342773,0.0012844946980476379,0.003980712890625,1.0,37.778859462951004,758850.7517313691,-0.00018906471086665988,0.003737068176269531,-1.9082481384277343,0.001441132929176092,0.005123046413064003
329,269516800,0.00010319999999999999,0.1219856834411621,0.001231006309390068,0.003714599609375,0.9999539531242805,37.78100105907814,759278.7894228095,-0.00021114912815392017,0.003683983534574509,-1.9162921905517578,0.0017127737402915955,0.007613526284694671
330,270336000,0.00010259999999999999,0.12215924263000488,0.0012291928380727768,0.003729248046875,1.0,37.80889339914203,763168.645596372,-9.701369563117624e-05,0.0036391403526067735,-1.9225336074829102,0.001605663262307644,0.006678711622953415
331,271155200,0.00010199999999999999,0.12225456237792968,0.0012341455370187759,0.00383056640625,1.0,37.72936307197057,761244.9243176922,-0.00022347753401845693,0.0034683190286159517,-1.9246904373168945,0.001681951992213726,0.007230954617261887
332,271974400,0.00010139999999999998,0.12183411598205567,0.0011294010281562806,0.003487548828125,1.0,37.672826137044375,765566.3221193728,-0.0001878008246421814,0.0036124449223279955,-1.9276540756225586,0.001599058322608471,0.005993286147713661
333,272793600,0.00010079999999999998,0.12213963508605957,0.0011653801798820495,0.003548583984375,1.0,37.74104759274602,760328.2878112788,-0.00010598826920613647,0.0035743877291679383,-1.9375114440917969,0.0016946598887443542,0.006828732788562775
334,273612800,0.00010019999999999998,0.12206110000610351,0.0011394153535366058,0.003553466796875,1.0,37.76507804562667,764287.074363091,-0.00013492633588612079,0.0034109488129615783,-1.9448629379272462,0.0016723453998565673,0.006771606206893921
335,274432000,9.959999999999998e-05,0.12217136383056641,0.0010963014513254165,0.003363037109375,1.0,37.48982485023094,756405.7505250829,-0.00014509266475215554,0.003686818107962608,-1.951224136352539,0.0018036741763353347,0.007608886808156967
336,275251200,9.899999999999998e-05,0.12234224319458008,0.0012085278332233428,0.0037109375,1.0,37.65515975027543,754922.765441566,-0.00013576392084360122,0.003442337363958359,-1.955801010131836,0.0017346240580081939,0.007600220292806626
337,276070400,9.839999999999998e-05,0.1221695899963379,0.001197088584303856,0.003687744140625,1.0,37.83464130735851,747080.375546547,-0.00015426577301695942,0.003532394766807556,-1.9578859329223632,0.0017800755798816682,0.008129028230905532
338,276889600,9.779999999999998e-05,0.12194832801818847,0.001224173903465271,0.003692626953125,1.0,37.800786490862826,753663.6322514612,-0.00017633171519264578,0.003458963707089424,-1.961638832092285,0.00174123365432024,0.008238158375024795
339,277708800,9.719999999999998e-05,0.12208536148071289,0.0012085674703121185,0.003743896484375,1.0,37.6687324978194,761208.8561121998,-0.00020885993726551532,0.0033192642033100126,-1.9662630081176757,0.0015886249020695686,0.006367308646440506
340,278528000,9.659999999999998e-05,0.12200132369995118,0.001164422035217285,0.0037158203125,1.0,37.74234234234234,756047.1767553476,-0.0002448402578011155,0.003537977486848831,-1.969245147705078,0.0016887122765183449,0.006937621533870697
341,279347200,9.599999999999998e-05,0.12198824882507324,0.0012802575528621674,0.003782958984375,1.0,37.78001841620626,758054.5953594234,-4.666998866014183e-05,0.0038714177906513216,-1.9726951599121094,0.0015998711809515954,0.006929078698158264
342,280166400,9.539999999999997e-05,0.12214374542236328,0.001219598799943924,0.003712158203125,1.0,37.78831007323477,758217.6880036199,-0.00030744499526917933,0.003672148659825325,-1.9807899475097657,0.0018793975934386254,0.008879882097244263
343,280985600,9.479999999999997e-05,0.12180408477783203,0.00111739382147789,0.003475341796875,1.0,37.762019008950816,758966.9724370409,-0.00014075469225645066,0.0033188048750162126,-1.9893836975097656,0.0016196023672819138,0.007806640863418579
344,281804800,9.419999999999997e-05,0.12229154586791992,0.0011609871685504913,0.00357177734375,1.0,37.762047636632204,760755.5420420435,-0.00017590263159945608,0.0036728426814079283,-1.9945953369140625,0.0015964269638061523,0.0074145510792732235
345,282624000,9.360000000000001e-05,0.12207818984985351,0.001158115342259407,0.003541259765625,1.0,37.74978127734033,757603.1339898034,-0.00016755422111600638,0.0033224310725927355,-1.9990612030029298,0.0015794115141034126,0.006138184666633606
346,283443200,9.300000000000001e-05,0.12222065925598144,0.0011189717054367065,0.00347412109375,1.0,37.760972689172384,756944.2056432188,-0.00011638493742793798,0.003361935913562775,-2.0039987564086914,0.0015876736491918565,0.006453490257263184
347,284262400,9.240000000000001e-05,0.12178569793701172,0.0011569814383983613,0.003521728515625,1.0,37.70719248999126,765873.7438354699,-0.00019869562238454818,0.0033961795270442963,-2.0083106994628905,0.001555697713047266,0.006496459990739822
348,285081600,9.180000000000001e-05,0.12189400672912598,0.0011203488707542419,0.00332275390625,1.0,37.72522667648548,759339.7923012677,-0.00023667453788220883,0.003332687169313431,-2.0145408630371096,0.0018559696152806282,0.00767858698964119
349,285900800,9.120000000000001e-05,0.12205910682678223,0.0011995874345302581,0.0036083984375,1.0,37.7343396574805,762980.9901807926,-0.00028159143403172493,0.003337997943162918,-2.021382522583008,0.0018348449841141701,0.007604125887155533
350,286720000,9.06e-05,0.12211845397949218,0.0011084607988595962,0.003404541015625,1.0,37.78571099543968,765046.872494367,-0.00013606015127152205,0.0032503608614206313,-2.0284753799438477,0.0019503045827150346,0.009511352330446244
351,287539200,9e-05,0.12224266052246094,0.0012049105018377305,0.003719482421875,1.0,37.682376201204654,761967.2875836854,-0.00015175952576100825,0.0033008355647325517,-2.0343954086303713,0.0016901129856705666,0.007435180246829987
352,288358400,8.94e-05,0.12224609375,0.0011120947450399398,0.003377685546875,1.0,37.66223734424571,765875.8732424673,-0.00013251216150820256,0.0032751642167568205,-2.038862419128418,0.0016256943345069885,0.006901245564222336
353,289177600,8.88e-05,0.12178671836853028,0.0012502655386924743,0.003865966796875,1.0,37.66617525108265,759987.2156751874,-0.00017346858512610198,0.003533099219202995,-2.0441884994506836,0.0017031284049153328,0.007372558116912842
354,289996800,8.82e-05,0.122191162109375,0.0011386492103338242,0.0035693359375,1.0,37.76605441237398,757435.9166979583,-0.00030575988348573445,0.0032974783331155776,-2.0490962982177736,0.0017745520919561387,0.007154662162065506
355,290816000,8.76e-05,0.121909761428833,0.0011277743428945541,0.0035595703125,1.0,37.598537796578995,763006.834165062,-0.00012511250097304582,0.003359713405370712,-2.053971862792969,0.001756392791867256,0.008199218660593033
356,291635200,8.7e-05,0.1224167823791504,0.0011477057635784149,0.00346923828125,1.0,37.77796680307141,755250.1838224389,-0.0001421542139723897,0.0033479154109954832,-2.059087944030762,0.0015944313257932664,0.006534545123577118
357,292454400,8.64e-05,0.12195594787597656,0.001167769208550453,0.00359130859375,1.0,37.64308711250115,750539.9198395793,-0.00019595189951360226,0.0034420154988765717,-2.0665769577026367,0.0017926983535289764,0.008043090254068375
358,293273600,8.58e-05,0.1221477222442627,0.0012333670258522034,0.00365478515625,1.0,37.72919929973279,755439.9767981552,-9.71282715909183e-05,0.0033317971974611282,-2.071262550354004,0.0014124966226518154,0.005250244215130806
359,294092800,8.52e-05,0.12207691192626953,0.001158437728881836,0.003619384765625,1.0,37.654206465833944,759344.7749019945,-0.00018993205158039926,0.003352174535393715,-2.075966644287109,0.0017197534441947937,0.00750110000371933
360,294912000,8.46e-05,0.12197385787963867,0.0012630921602249144,0.003779296875,1.0,37.630342667649224,758882.1557854724,-0.00014032074250280857,0.003644295036792755,-2.082419776916504,0.0016068678349256515,0.007041503489017486
361,295731200,8.4e-05,0.12199903488159179,0.0012452604621648788,0.003701171875,1.0,37.84156862745098,758119.978299726,-0.00015784025890752673,0.0033540714532136915,-2.088187599182129,0.0016503326594829559,0.0070933826267719265
362,296550400,8.34e-05,0.12191157341003418,0.001210738644003868,0.00355224609375,1.0,37.785710989061705,756036.2309700907,-0.00020664904732257128,0.0035449609160423277,-2.0915410995483397,0.0016389697790145873,0.007341553270816803
363,297369600,8.28e-05,0.12217718124389648,0.001208304762840271,0.003729248046875,0.9999537892791127,37.82153419593346,755372.3340526975,-0.0003469494637101889,0.0035184670239686968,-2.093408966064453,0.001578349806368351,0.006673585623502731
364,298188800,8.22e-05,0.1221053409576416,0.0012395296990871428,0.003729248046875,1.0,37.64609299544681,758798.692285964,-0.0002480615861713886,0.0034919362515211105,-2.0988109588623045,0.0016761397942900657,0.007271606475114822
365,299008000,8.16e-05,0.1222087287902832,0.001177775263786316,0.003563232421875,1.0,37.81504383940932,756826.4655564892,-0.00017865264089778066,0.0034524258226156235,-2.103494071960449,0.0016208302229642868,0.005987914651632309
366,299827200,8.1e-05,0.12214315414428711,0.0013192529976367951,0.00400146484375,0.9999539616039778,37.75659500023019,761836.5452124826,-0.0002993453526869416,0.0034253962337970735,-2.1071308135986326,0.0017270104959607123,0.007607300579547882
367,300646400,8.04e-05,0.12178864479064941,0.0011204160749912263,0.00349609375,0.9999537465309898,37.834782608695654,764127.2928975567,-0.00011801066575571895,0.003412919119000435,-2.1109813690185546,0.001593484915792942,0.005941283702850342
368,301465600,7.98e-05,0.12207258224487305,0.0011662134528160094,0.0034912109375,1.0,37.720623390952554,759204.3302466564,-0.00013610919704660774,0.003369581326842308,-2.1128162384033202,0.0016446735709905625,0.007549560815095902
369,302284800,7.92e-05,0.12208372116088867,0.00122363343834877,0.003701171875,1.0,37.71384373845586,763941.0185727018,-0.00021008835174143314,0.0033564530313014984,-2.114742469787598,0.0015185645781457425,0.005661864578723907
370,303104000,7.86e-05,0.12195232391357422,0.0011803586781024933,0.00359130859375,0.9999538468638944,37.75340379378779,766715.3954030258,-0.00018156298901885747,0.003378096967935562,-2.118072509765625,0.0017198471352458,0.006786499172449112
371,303923200,7.8e-05,0.12195862770080566,0.0011665762960910797,0.003631591796875,0.9999539361555115,37.763646413929706,761332.7654463189,-0.00016096058534458279,0.0033698700368404388,-2.123368835449219,0.001693270169198513,0.006264892965555191
372,304742400,7.74e-05,0.12210046768188476,0.0011871767044067383,0.003592529296875,0.9999077916090364,37.79239280774551,762861.8194423679,-0.0002214138861745596,0.003296918421983719,-2.127223587036133,0.001549330074340105,0.006617552787065506
373,305561600,7.68e-05,0.12191659927368165,0.0011647437512874604,0.00358642578125,0.9999537443915074,37.85813404875341,758745.7178060929,-0.00024396111257374287,0.0033302754163742065,-2.1305313110351562,0.0015530241653323174,0.00591125451028347
374,306380800,7.62e-05,0.12191311836242676,0.0011897416412830354,0.00365478515625,0.9998616172332672,37.83477097652106,757323.4524361262,-0.00024038273841142654,0.0032180622220039368,-2.134866142272949,0.0017510173842310906,0.007471801340579986
375,307200000,7.56e-05,0.12199898719787598,0.0011769429594278335,0.00357666015625,0.9999538936788234,37.808658767116974,761209.796967034,-0.00018010365311056377,0.0034898892045021057,-2.141676330566406,0.0014587434008717537,0.005096801370382309
376,308019200,7.5e-05,0.12204604148864746,0.001239052414894104,0.003753662109375,0.9999540060711986,37.71253794499126,755576.3789538357,-0.00017856773920357227,0.003318427503108978,-2.1479265213012697,0.0017228009179234504,0.006920166313648224
377,308838400,7.439999999999999e-05,0.1219553565979004,0.0011348405480384827,0.003514404296875,1.0,37.71927554980595,750415.7742576492,-0.00014403071254491805,0.0033918462693691255,-2.1527618408203124,0.0015897126868367195,0.005681641399860382
378,309657600,7.379999999999999e-05,0.12181471824645997,0.00124006025493145,0.003800048828125,0.9999539976078756,37.6563621308308,753571.997236543,-0.0001644209842197597,0.0032712966203689575,-2.1586130142211912,0.0015494085848331452,0.0053950190544128414
379,310476800,7.319999999999999e-05,0.12199312210083008,0.0011932729184627533,0.003594970703125,0.9999538511237251,37.82994139092713,758909.4953002759,-0.00022228716406971216,0.0031936444342136384,-2.163021469116211,0.001564774103462696,0.00626245066523552
380,311296000,7.259999999999999e-05,0.12197384834289551,0.001197529286146164,0.003634033203125,0.9999075401044797,37.869770237159635,759074.1115660216,-0.0002429909072816372,0.0033691618591547012,-2.1672414779663085,0.0017386747524142266,0.007875731587409973
381,312115200,7.199999999999999e-05,0.12202812194824218,0.0011233530938625335,0.003468017578125,0.9999538362108762,37.8049579909519,756309.9624262288,-0.00019603190012276172,0.0031478174030780794,-2.1724525451660157,0.0017346832901239395,0.00599682629108429
382,312934400,7.139999999999999e-05,0.12210513114929199,0.0011578726768493653,0.0035205078125,0.9998618911702422,37.84577847343707,756831.2949204867,-0.0002186388010159135,0.0032003428786993027,-2.17525577545166,0.001543407328426838,0.005840454250574112
383,313753600,7.079999999999999e-05,0.1220101261138916,0.0013068714737892151,0.003927001953125,0.9999540293292879,37.63467107985105,755609.2654384755,-0.00029571233317255975,0.003455241024494171,-2.180451583862305,0.0016417445614933968,0.00614330992102623
384,314572800,7.019999999999999e-05,0.12206059455871582,0.0012202911078929902,0.00378173828125,0.9999538979300171,37.68816559863538,759576.92998659,-0.00014475199859589338,0.0033307909965515138,-2.1846855163574217,0.0013196800835430622,0.0036918938159942625
385,315392000,6.959999999999998e-05,0.1218682861328125,0.0012205986678600312,0.003739013671875,1.0,37.728418921406224,763933.5766873474,-0.0002593818586319685,0.00315035879611969,-2.1871692657470705,0.0017855940386652946,0.006948241591453552
386,316211200,6.899999999999998e-05,0.12233190536499024,0.001185625195503235,0.00366943359375,0.9999538681551875,37.76481985514601,759257.6727164962,-0.00012916100677102805,0.0032030448317527773,-2.192133331298828,0.0015752390027046204,0.0052795402705669405
387,317030400,6.839999999999998e-05,0.12185465812683105,0.0011967747658491136,0.003607177734375,0.9998615086326286,37.87374203674638,765075.9060624104,-0.00024215085431933403,0.0032435905188322066,-2.1971275329589846,0.0016034314408898353,0.006717284023761749
388,317849600,6.779999999999998e-05,0.12190516471862793,0.0012516909837722778,0.00386474609375,1.0,37.70746172589766,759624.0535274742,-0.00013962947996333243,0.003252577781677246,-2.2022375106811523,0.0017443984746932984,0.006881470233201981
389,318668800,6.72e-05,0.12201238632202148,0.0012505459785461426,0.003726806640625,0.9999078553328726,37.768532596175994,762634.4722369451,-0.0001835392089560628,0.003663910925388336,-2.205434799194336,0.001737392507493496,0.006363769620656967
390,319488000,6.659999999999999e-05,0.12252092361450195,0.0011269675195217132,0.00352783203125,1.0,37.61498945050913,765910.2926571184,-0.00010878726607188582,0.003185547888278961,-2.2071962356567383,0.0014244260266423226,0.005043578520417214
391,320307200,6.599999999999999e-05,0.12211712837219238,0.00111508846282959,0.0034375,0.9999540968556346,37.65375258205187,753143.5587576258,-0.0002941495971754193,0.003201843798160553,-2.2115301132202148,0.0016580279916524887,0.006199828907847404
392,321126400,6.539999999999999e-05,0.12217451095581054,0.0011662976443767548,0.00361083984375,0.9999536994166126,37.80901009352718,763242.2923436643,-0.0002089685993269086,0.003199169784784317,-2.2175899505615235,0.0014665570110082627,0.0061921376734972
393,321945600,6.479999999999999e-05,0.12223929405212403,0.001205490157008171,0.003663330078125,1.0,37.75351172108875,753476.8492969087,-0.00015593612333759667,0.003147740289568901,-2.2221197128295898,0.0013902426697313785,0.0049372553825378414
394,322764800,6.419999999999999e-05,0.12189447402954101,0.0011901390552520753,0.003621826171875,1.0,37.64431969815488,757624.0409756991,-0.00018224806990474463,0.0032465677708387376,-2.224629592895508,0.0014874382875859737,0.0060130607336759566
395,323584000,6.359999999999999e-05,0.12220727920532226,0.001195889711380005,0.003702392578125,0.9999538553827696,37.846246135388306,761277.3347794813,-0.0003548741340637207,0.0033633399754762648,-2.2280630111694335,0.00197982732206583,0.007907348871231078
396,324403200,6.299999999999999e-05,0.1222077751159668,0.0011814973503351213,0.00359619140625,0.9999540441176471,37.70188419117647,753617.9177680928,-0.0001833316870033741,0.0032408948987722396,-2.2298166275024416,0.001386904250830412,0.0044163823127746586
397,325222400,6.239999999999999e-05,0.12203929901123046,0.0011116848886013032,0.0034619140625,0.9999537850078566,37.80072095387744,747240.0433008708,-0.00021035138051956893,0.0030553119257092478,-2.2322988510131836,0.0017075058072805404,0.00705285593867302
398,326041600,6.179999999999998e-05,0.12214023590087891,0.0010558275878429413,0.003345947265625,1.0,37.738189520213645,746477.2330770721,-0.00027381032705307005,0.003142760694026947,-2.2369503021240233,0.0017452547326683998,0.006266236305236816
399,326860800,6.119999999999998e-05,0.12206342697143555,0.0012694525718688965,0.003857421875,0.9999539276664363,37.73950702603087,759028.2129175562,-0.00019439038587734103,0.003266362100839615,-2.2416000366210938,0.0014715710654854774,0.005086059495806694
400,327680000,6.059999999999998e-05,0.12217954635620117,0.001174619495868683,0.003612060546875,1.0,37.648674720933435,755805.5992258618,-0.00022690375335514544,0.0032395072281360625,-2.244539260864258,0.0014207031577825545,0.004630737006664276
401,328499200,5.999999999999998e-05,0.12198122024536133,0.001114765554666519,0.003385009765625,0.9999540398933725,37.60138799522015,757415.7477815717,-0.0002517787739634514,0.0030374208465218542,-2.2478561401367188,0.0016357844695448875,0.006354247778654098
402,329318400,5.939999999999998e-05,0.12223903656005859,0.001116824820637703,0.003431396484375,0.999954037780944,37.70432504481316,753710.6082605984,-0.00021793171763420104,0.0029780322685837744,-2.2522998809814454,0.0015924142673611641,0.006272705644369126
403,330137600,5.879999999999998e-05,0.12227798461914062,0.0011551489681005478,0.00353515625,1.0,37.770359129994944,756083.732964588,-0.0001564892358146608,0.003175203502178192,-2.2556896209716797,0.0013520365580916404,0.00441882275044918
404,330956800,5.819999999999998e-05,0.12222791671752929,0.0011748668551445007,0.003585205078125,1.0,37.69291411184362,762786.7084860838,-0.00029681313317269086,0.0030557582154870032,-2.2593027114868165,0.0014945844188332558,0.005977783352136612
405,331776000,5.759999999999998e-05,0.1222479248046875,0.0011754265427589416,0.003692626953125,1.0,37.7451197053407,760629.0254238553,-0.0002115201437845826,0.0030577290803194047,-2.261737060546875,0.0017157377675175666,0.0063612058758735655
406,332595200,5.6999999999999976e-05,0.12228248596191406,0.0012777633965015411,0.003905029296875,1.0,37.65413223140496,763222.9669684096,-0.00022450541146099568,0.0034060392528772352,-2.2645410537719726,0.0016769852489233017,0.005552855879068374
407,333414400,5.639999999999998e-05,0.12216974258422851,0.001105845421552658,0.003421630859375,1.0,37.780670174466906,766020.3322966198,-0.00016816265415400266,0.0030219634994864465,-2.268818473815918,0.0016231782734394073,0.004911009967327118
408,334233600,5.5800000000000015e-05,0.12199092864990234,0.001313677430152893,0.003956298828125,1.0,37.74141749723145,760609.8137409076,-0.00017193083185702563,0.003234205022454262,-2.2714168548583986,0.001383030042052269,0.00453173816204071
409,335052800,5.5200000000000014e-05,0.12220647811889648,0.0011529210209846497,0.00352294921875,1.0,37.56392976665291,763245.6586765995,-0.00016538278432562948,0.002943301014602184,-2.273207664489746,0.001461199764162302,0.0054064936935901645
410,335872000,5.460000000000001e-05,0.12237865447998048,0.001229008212685585,0.003707275390625,1.0,37.739270435622615,750880.1513099015,-0.0002602411899715662,0.003191225230693817,-2.2771650314331056,0.0016489008441567421,0.0055079333484172825
411,336691200,5.400000000000001e-05,0.12212026596069336,0.0011808271706104279,0.003564453125,1.0,37.74973488865324,753837.1742826683,-0.00027941749431192875,0.0030648590996861457,-2.2819421768188475,0.0017192831262946128,0.0062617197632789615
412,337510400,5.340000000000001e-05,0.12194337844848632,0.0010873396694660187,0.00343505859375,1.0,37.646058875017275,752634.2850056848,-0.00027026806492358446,0.0027954356744885446,-2.284815216064453,0.0017017541453242303,0.007536010444164276
413,338329600,5.280000000000001e-05,0.12217082023620605,0.0010819439589977264,0.003350830078125,1.0,37.72385898791194,752351.1085698727,-0.00017429775325581432,0.0028696347028017042,-2.2870901107788084,0.0017810162156820298,0.007363403588533402
414,339148800,5.220000000000001e-05,0.12215030670166016,0.0011736845225095748,0.00359375,1.0,37.80749354005168,755519.2818122715,-0.00019682366400957106,0.0030869923532009123,-2.2891931533813477,0.0014634133316576482,0.004804932326078415
415,339968000,5.160000000000001e-05,0.1221493911743164,0.001237143650650978,0.00372314453125,1.0,37.80441203618239,750673.6121662188,-0.00014840768417343498,0.0031195182353258135,-2.2925304412841796,0.0016531899571418762,0.006010010465979576
416,340787200,5.1000000000000006e-05,0.12198899269104004,0.0011397812515497208,0.003558349609375,1.0,37.788522701083195,755152.5030348669,-0.0002145193051546812,0.0029745388776063917,-2.294353485107422,0.0014380338601768018,0.00496508702635765
417,341606400,5.0400000000000005e-05,0.12223075866699219,0.00119711272418499,0.0036669921875,1.0,37.743696314768634,742731.2763812933,-0.000265828613191843,0.003024888411164284,-2.296177291870117,0.0018082423135638236,0.006823121011257172
418,342425600,4.9800000000000004e-05,0.12222695350646973,0.0011228013038635254,0.003468017578125,1.0,37.64161240025681,749881.551528693,-0.0001644098199903965,0.003002134896814823,-2.2995607376098635,0.001472947932779789,0.0054158933460712435
419,343244800,4.92e-05,0.12201852798461914,0.0011115419864654542,0.003443603515625,1.0,37.734791839748915,748512.2193896,-0.0001594441244378686,0.003123315796256065,-2.3015983581542967,0.0013745179399847983,0.004436524957418442
420,344064000,4.86e-05,0.12199426651000976,0.0012102004885673522,0.00368896484375,1.0,37.70103092783505,753052.5743032909,-0.0002575080608949065,0.003333231434226036,-2.303788185119629,0.0014433016069233418,0.004508056491613388
421,344883200,4.800000000000001e-05,0.12244093894958497,0.0011516480892896652,0.00354736328125,1.0,37.81877306273063,746496.6047539749,-0.00026464879047125576,0.0029628906399011613,-2.307346725463867,0.0016920948401093483,0.006436401605606079
422,345702400,4.740000000000001e-05,0.12195128440856934,0.0012003332376480103,0.00357177734375,1.0,37.84773966903948,750816.9346407835,-0.00021299861837178468,0.003135618194937706,-2.3100341796875,0.0013842745684087276,0.003994262218475342
423,346521600,4.6800000000000006e-05,0.1220159912109375,0.0011694345623254776,0.003564453125,1.0,37.65905120897306,760235.7130159271,-0.00017175849061459302,0.003050331398844719,-2.3119855880737306,0.0012823015451431275,0.004202514514327049
424,347340800,4.6200000000000005e-05,0.12235024452209473,0.0011715196073055268,0.003525390625,1.0,37.76589275843007,761182.6804309695,-0.0002638896927237511,0.002982866205275059,-2.313749313354492,0.0017280818894505501,0.005544555559754372
425,348160000,4.5600000000000004e-05,0.12230737686157227,0.0010458661615848541,0.0032763671875,1.0,37.70323293727549,765219.7961859758,-0.0001727432245388627,0.0028383804485201834,-2.3169275283813477,0.0013515121303498746,0.004018188640475273
426,348979200,4.5e-05,0.12229372024536132,0.001153341680765152,0.003536376953125,1.0,37.76099585062241,760238.6668521395,-0.0002586785238236189,0.003130773454904556,-2.3212570190429687,0.0016293570399284363,0.005403074622154236
427,349798400,4.44e-05,0.1222449779510498,0.0011876922845840453,0.003638916015625,1.0,37.58215725806452,761659.7520931141,-0.00022542942315340042,0.0031340956687927247,-2.3254377365112306,0.0015508080832660198,0.004597656056284904
428,350617600,4.38e-05,0.12213517189025878,0.0011866831779479981,0.003680419921875,1.0,37.683764619209875,766861.5389097616,-0.0001560256234370172,0.0029632093384861944,-2.3287572860717773,0.0014186999760568142,0.0035718996077775955
429,351436800,4.32e-05,0.12202073097229003,0.0011388742178678512,0.0034814453125,1.0,37.7780492302019,752925.421665887,-0.00023387002293020486,0.0031340170651674272,-2.3305673599243164,0.0015122875571250915,0.005010498315095901
430,352256000,4.26e-05,0.12212647438049316,0.0011497953534126283,0.003443603515625,1.0,37.65954710394561,761483.5430052365,-0.00024957817513495686,0.002983751520514488,-2.3330080032348635,0.0014339915476739406,0.004682251438498497
431,353075200,4.2e-05,0.12223688125610352,0.0011472389847040176,0.003526611328125,1.0,37.63274681857858,755945.8646471127,-0.00018744930857792497,0.003222624957561493,-2.336081314086914,0.0013495586812496186,0.003858398273587227
432,353894400,4.14e-05,0.12206585884094238,0.0012441524863243104,0.0038427734375,1.0,37.70659538185002,757275.308674734,-0.00027950238436460497,0.0031758010387420653,-2.3384820938110353,0.0016011079773306847,0.00543811097741127
433,354713600,4.08e-05,0.12221912384033203,0.0012533073127269745,0.0037451171875,1.0,37.742348820059,763042.8533689907,-0.00024859439581632615,0.003249296173453331,-2.340889549255371,0.0014306879602372646,0.004611816257238388
434,355532800,4.02e-05,0.1222452163696289,0.001206049695611,0.003681640625,1.0,37.782732753463115,757867.7711484078,-0.00023828749544918537,0.0030695153400301933,-2.3429365158081055,0.00152131337672472,0.00520642027258873
435,356352000,3.96e-05,0.1220382308959961,0.00120713010430336,0.003690185546875,1.0,37.546201892164966,761631.853663342,-0.00020543131977319718,0.0032944809645414352,-2.345310020446777,0.0014295660890638827,0.00469665378332138
436,357171200,3.9e-05,0.12222930908203125,0.001171954944729805,0.003489990234375,1.0,37.79182583881806,760487.2085261637,-0.0002442855155095458,0.003069518692791462,-2.3492710113525392,0.0013822986744344234,0.004396850988268852
437,357990400,3.84e-05,0.12215547561645508,0.0011555903404951095,0.00353759765625,1.0,37.77709564254062,748756.0363447929,-0.00021635356824845076,0.0029302071779966354,-2.3530208587646486,0.0015206722542643546,0.005578247085213661
438,358809600,3.78e-05,0.12210536003112793,0.001097705513238907,0.00341064453125,1.0,37.72072030580758,758065.8464567707,-0.00016263177385553718,0.002925774268805981,-2.355240821838379,0.001368618756532669,0.0036042485386133193
439,359628800,3.7199999999999996e-05,0.12229323387145996,0.0011646515130996704,0.0036328125,1.0,37.70385217952263,757707.8258485703,-0.00012913933023810386,0.0029372496530413626,-2.356380844116211,0.001184974890202284,0.0025483395904302595
440,360448000,3.6599999999999995e-05,0.12243753433227539,0.001192922741174698,0.00359619140625,1.0,37.748999770062085,762807.437833965,-0.00023986303713172675,0.0029540611431002617,-2.3578159332275392,0.001432337798178196,0.004051392897963524
441,361267200,3.5999999999999994e-05,0.1218809413909912,0.0012658223509788512,0.0038623046875,1.0,37.72124711316397,760686.3569459701,-0.0001648722100071609,0.0031949605792760847,-2.359964370727539,0.0012859202921390533,0.0028682857751846313
442,362086400,3.539999999999999e-05,0.12197702407836913,0.0011819697171449662,0.003681640625,1.0,37.6347247706422,755164.3469466268,-0.00022671751212328673,0.0031294967979192735,-2.3608625411987303,0.0012354094535112381,0.0031962886452674864
443,362905600,3.479999999999999e-05,0.12228538513183594,0.0012241684645414351,0.0037109375,1.0,37.71219915487782,767118.8413291815,-0.0002471562474966049,0.0031225603073835374,-2.3626447677612306,0.0014636403881013393,0.004447510093450546
444,363724800,3.419999999999999e-05,0.12206550598144532,0.0011814546585083008,0.0036376953125,1.0,37.733447067502766,760502.9728452761,-0.00023295388091355563,0.0029301298782229424,-2.3654052734375,0.0013271053321659565,0.0038156736642122268
445,364544000,3.36e-05,0.12184437751770019,0.0010994017124176026,0.003349609375,1.0,37.61915469689321,762791.3181995334,-0.00037170639261603356,0.002914651669561863,-2.3666208267211912,0.0014015768654644489,0.005654419213533402
446,365363200,3.2999999999999996e-05,0.12203603744506836,0.001058887243270874,0.0033203125,1.0,37.74182825484765,766162.8916896242,-0.00020029039587825536,0.0027861762791872025,-2.367894172668457,0.001364760473370552,0.003627441078424454
447,366182400,3.2399999999999995e-05,0.12224971771240234,0.0011076825112104416,0.003392333984375,1.0,37.748270454755094,761725.6451425134,-0.0001741854241117835,0.0029194507747888564,-2.3707439422607424,0.0016851287335157394,0.004207275435328483
448,367001600,3.1799999999999994e-05,0.12229034423828125,0.001146455779671669,0.003472900390625,1.0,37.7307922478479,758812.1803289639,-0.0002577405655756593,0.0029606297612190247,-2.3734157562255858,0.0015360858291387559,0.004045410081744194
449,367820800,3.119999999999999e-05,0.12217072486877441,0.0011102932691574097,0.003458251953125,1.0,37.74927476170742,755495.4976280704,-0.00020518617238849402,0.002969282679259777,-2.3753341674804687,0.0013573773205280304,0.0030086670070886613
450,368640000,3.059999999999999e-05,0.12252382278442382,0.0012319661676883698,0.00382568359375,1.0,37.70340699815838,759647.5348287786,-0.00019329478964209558,0.0029656203463673592,-2.3775121688842775,0.0011807759292423725,0.0029592286795377732
451,369459200,2.999999999999999e-05,0.12215938568115234,0.0011035417020320891,0.0033447265625,1.0,37.628273454010845,753985.148647573,-0.0001486031454987824,0.0029750579968094827,-2.3795391082763673,0.001300303265452385,0.002838989533483982
452,370278400,2.939999999999999e-05,0.12212390899658203,0.0011839959025382995,0.003563232421875,1.0,37.75734278611546,749722.0457674813,-0.00018668610136955975,0.002985644154250622,-2.3812944412231447,0.0014481408521533012,0.003371703624725342
453,371097600,2.879999999999999e-05,0.12233849525451661,0.0011799129843711852,0.00357421875,1.0,37.67971873707432,759176.4602053433,-0.0002744249068200588,0.0030831973999738693,-2.3825614929199217,0.0014726799912750722,0.004368774220347404
454,371916800,2.819999999999999e-05,0.12220079421997071,0.0011466319859027862,0.00354736328125,1.0,37.62310771637602,756472.8150384309,-0.00023487014696002006,0.0030796658247709274,-2.384693145751953,0.0012926271185278893,0.003960326686501503
455,372736000,2.759999999999999e-05,0.12222620010375977,0.0012254685908555983,0.003740234375,1.0,37.7906087277084,760916.9923311718,-0.00020830822177231312,0.003096447512507439,-2.3869611740112306,0.0013758920133113862,0.0033903803676366808
456,373555200,2.699999999999999e-05,0.12224722862243652,0.0011673900485038757,0.0035546875,1.0,37.65890083632019,754328.1814774574,-0.0002910819835960865,0.0029849989339709284,-2.389253044128418,0.0016074609011411667,0.005192504823207855
457,374374400,2.6399999999999988e-05,0.12222490310668946,0.0011368581652641296,0.003505859375,1.0,37.6306285609263,747993.9453403018,-0.0002719240495935082,0.0030034797266125677,-2.3923198699951174,0.0014403252862393856,0.004416138306260109
458,375193600,2.5799999999999987e-05,0.12241253852844239,0.0012097600847482681,0.003656005859375,1.0,37.57318190144715,757232.2564874141,-0.00028779085259884597,0.0030259903520345687,-2.3955678939819336,0.001610029675066471,0.005061279609799385
459,376012800,2.5199999999999986e-05,0.12202211380004883,0.0011495618522167205,0.003590087890625,1.0,37.80119284294235,757407.9412260822,-0.0002823813818395138,0.0028739064931869508,-2.3974706649780275,0.0014278806746006012,0.004631958156824112
460,376832000,2.4599999999999985e-05,0.12215693473815918,0.0011337892711162567,0.003603515625,1.0,37.74733063328424,765014.9082569629,-0.0002589439041912556,0.002967686764895916,-2.3993383407592774,0.0016064677387475968,0.0040474854409694675
461,377651200,2.3999999999999987e-05,0.12212065696716308,0.0011877791583538055,0.003712158203125,1.0,37.62113603906574,758908.9560958421,-0.00016043111681938172,0.003521239012479782,-2.4004133224487303,0.0013602749444544316,0.0028280030936002733
462,378470400,2.3399999999999986e-05,0.12232244491577149,0.0010895444452762603,0.003349609375,1.0,37.67808596620132,758374.9097497707,-0.00015575179131701588,0.0027854690328240395,-2.401370811462402,0.0011912132613360882,0.002666137367486954
463,379289600,2.2799999999999985e-05,0.12213983535766601,0.0012056106328964234,0.00376708984375,1.0,37.65105698529412,767207.811833694,-0.0002477116882801056,0.003100407496094704,-2.403466987609863,0.0015388403087854385,0.0034632567316293717
464,380108800,2.2199999999999984e-05,0.12200289726257324,0.0011358285695314406,0.003548583984375,1.0,37.69753086419753,760107.3816182058,-0.0002575383521616459,0.002878175489604473,-2.4052133560180664,0.0012693431228399277,0.003710205480456352
465,380928000,2.1599999999999983e-05,0.12236232757568359,0.0011805234849452972,0.00362548828125,1.0,37.770731707317076,765559.088401609,-0.0002387885469943285,0.003092343546450138,-2.4059169769287108,0.0014351701363921165,0.003913086280226708
466,381747200,2.0999999999999982e-05,0.1221382713317871,0.0012141838669776917,0.00377685546875,1.0,37.73889580738896,761131.0380294203,-0.0002620034851133823,0.0030756436288356783,-2.406422805786133,0.001371703390032053,0.00410461388528347
467,382566400,2.0399999999999984e-05,0.12229230880737305,0.0011518777906894685,0.00353759765625,1.0,37.72715140358951,761522.6768869744,-0.00020326378289610149,0.003089319169521332,-2.407810592651367,0.0012512735091149807,0.0031107177957892416
468,383385600,1.9799999999999983e-05,0.1223139476776123,0.0011527025699615478,0.003612060546875,1.0,37.62589630446773,765672.809312329,-0.00019662424456328153,0.0029329270124435424,-2.408847427368164,0.0011828835122287273,0.0025014646351337435
469,384204800,1.9199999999999982e-05,0.12221057891845703,0.0011728636175394058,0.0035693359375,1.0,37.84193042354895,760692.580015492,-0.0002104126149788499,0.0030758343636989594,-2.4093326568603515,0.0012487107887864113,0.0025947261601686478
470,385024000,1.8600000000000015e-05,0.12196165084838867,0.0011945509165525437,0.003734130859375,1.0,37.736450927892164,762565.2986707978,-0.00024161916226148606,0.0031245822086930276,-2.410200500488281,0.001622576080262661,0.00413818396627903
471,385843200,1.8000000000000014e-05,0.12207836151123047,0.0010858474671840669,0.00330322265625,1.0,37.73181650359978,766296.026570288,-0.00019619448576122523,0.0027513330802321433,-2.4113786697387694,0.001221097819507122,0.0029259031638503076
472,386662400,1.7400000000000013e-05,0.1221416187286377,0.001120964139699936,0.00347412109375,1.0,37.688926652275754,760386.4628693725,-0.00015325704589486122,0.0029535491019487383,-2.4128246307373047,0.0013521636836230754,0.002637450583279133
473,387481600,1.6800000000000012e-05,0.12198740005493164,0.0011383289098739625,0.003502197265625,1.0,37.74817031070196,763740.6524758501,-0.0002263665897771716,0.0030129764229059218,-2.4139131546020507,0.001515830773860216,0.004053222388029099
474,388300800,1.6200000000000014e-05,0.12181100845336915,0.0012143103778362275,0.003665771484375,1.0,37.69294682422452,765016.4663428614,-0.0002259778557345271,0.0031123243272304533,-2.4144464492797852,0.0013006480410695076,0.002630370669066906
475,389120000,1.5600000000000013e-05,0.12213371276855468,0.0011568649113178253,0.00359375,1.0,37.83710616280144,757890.0810486996,-0.00022756350226700307,0.002979368343949318,-2.4158153533935547,0.001076543051749468,0.002459350973367691
476,389939200,1.5000000000000012e-05,0.12191596031188964,0.001136811524629593,0.00349853515625,1.0,37.76512110726644,760855.208455454,-0.0001914213877171278,0.002835132367908955,-2.4173473358154296,0.001047060638666153,0.002846435084939003
477,390758400,1.4400000000000011e-05,0.12200186729431152,0.0011077526211738587,0.00334716796875,0.9999078510873571,37.69595466273498,746353.2800802055,-0.00024580988101661203,0.0028704708442091943,-2.4181068420410154,0.0012182864360511304,0.0031777337193489076
478,391577600,1.3800000000000012e-05,0.12200104713439941,0.0011622458696365356,0.003575439453125,0.9999077788536912,37.93152579886568,755513.7326464184,-0.0001621499890461564,0.002811954915523529,-2.4190906524658202,0.00094764344394207,0.0018841553479433059
479,392396800,1.320000000000001e-05,0.12203720092773437,0.0011913418769836427,0.003656005859375,0.9999539467624574,37.78847747996684,753951.6808786137,-0.0001986023969948292,0.002971402555704117,-2.4203710556030273,0.0011870301328599452,0.0025618890300393104
480,393216000,1.260000000000001e-05,0.12200142860412598,0.0012230336666107177,0.003765869140625,1.0,37.69387379087978,762897.1292081107,-0.0002135816030204296,0.003010504133999348,-2.4213584899902343,0.001565210334956646,0.0032999273389577866
481,394035200,1.2000000000000009e-05,0.12217706680297852,0.0011650803685188294,0.003671875,1.0,37.72397940419272,767126.5205209439,-0.00016709164483472705,0.0028436463326215744,-2.4220468521118166,0.0012900536879897118,0.002315551228821278
482,394854400,1.140000000000001e-05,0.1221362018585205,0.001152043268084526,0.00352294921875,0.9999537486702743,37.803015586698116,755775.5696118453,-0.00014644827460870148,0.00302518829703331,-2.4228326797485353,0.0013067156076431274,0.001830444298684597
483,395673600,1.0800000000000008e-05,0.12215260505676269,0.0011372578889131547,0.0035791015625,0.9999540757749713,37.719494833524685,764886.8811350263,-0.00027337167412042616,0.0031487807631492616,-2.4234432220458983,0.0015466309152543545,0.0036643072962760925
484,396492800,1.0200000000000007e-05,0.12201490402221679,0.0011225455999374389,0.00352783203125,1.0,37.76973501985043,765711.3757987818,-0.0001823810627683997,0.0029391856864094735,-2.424176025390625,0.0013473411090672016,0.002918578311800957
485,397312000,9.600000000000008e-06,0.12230232238769531,0.0012123289704322816,0.00371337890625,1.0,37.70895213573038,755836.0995007659,-0.00014867770951241255,0.002914752811193466,-2.424656105041504,0.0011139935813844204,0.002003905922174454
486,398131200,9.000000000000007e-06,0.12243669509887695,0.0013002054393291473,0.003880615234375,1.0,37.58257913355079,761711.6723980982,-0.0002075902419164777,0.0031336408108472826,-2.4250001907348633,0.0012594250030815602,0.0027376707643270493
487,398950400,8.400000000000006e-06,0.12181586265563965,0.0011407282203435899,0.0035107421875,0.9999540229885058,37.69977011494253,755452.526237386,-0.00017235081177204847,0.0028245920315384866,-2.425378608703613,0.0010555323213338851,0.001956543140113354
488,399769600,7.800000000000007e-06,0.12230376243591308,0.0011941039562225343,0.003643798828125,1.0,37.72210700953961,761977.4544450438,-0.00018337544752284886,0.0029965391382575034,-2.4256092071533204,0.0011074343696236611,0.0021086419001221657
489,400588800,7.200000000000006e-06,0.1221413803100586,0.0012520685791969298,0.003790283203125,1.0,37.75239234449761,759376.7302268534,-0.00017666398780420424,0.0030637044459581376,-2.425887870788574,0.0012287195771932603,0.0023134762421250345
490,401408000,6.600000000000005e-06,0.12200456619262695,0.0011384662985801696,0.00352294921875,1.0,37.6826048830018,756809.2486794186,-0.00020008902065455915,0.00300966314971447,-2.426090431213379,0.0012833263725042343,0.0022709958255290987
491,402227200,6.000000000000004e-06,0.12209108352661133,0.0011937525868415833,0.003668212890625,1.0,37.74884983437615,761231.8837618649,-0.0001417091232724488,0.002993207983672619,-2.426385688781738,0.0009251519106328488,0.0017625732347369195
492,403046400,5.400000000000004e-06,0.12187117576599121,0.0011824896931648253,0.003636474609375,1.0,37.70886134492646,755780.4513235376,-0.00010908374097198247,0.003033594600856304,-2.4265703201293944,0.0007103086449205875,0.0009134520776569843
493,403865600,4.800000000000004e-06,0.12203725814819336,0.0011830887198448182,0.003634033203125,0.9999539573645195,37.74713384594134,759249.0277892904,-0.0001377003383822739,0.0030790766701102256,-2.4267066955566405,0.000856742262840271,0.00138317858800292
494,404684800,4.200000000000003e-06,0.1220492172241211,0.001210474818944931,0.00371337890625,0.9999538084899995,37.882488798558825,761385.392497567,-0.0002018904546275735,0.002840934135019779,-2.42681770324707,0.0008588978089392185,0.0017152097076177596
495,405504000,3.600000000000003e-06,0.12193435668945313,0.0011001158505678176,0.00332763671875,0.9999539488832604,37.71918029012203,755714.536979851,-6.32171577308327e-05,0.002698288671672344,-2.426768112182617,0.00036973364185541866,0.00019543457310646772
496,406323200,3.000000000000002e-06,0.1216871452331543,0.001042482629418373,0.003255615234375,1.0,37.809031304829624,760921.9334472971,-8.08816752396524e-05,0.0028818601742386816,-2.4266426086425783,0.000481888884678483,0.0006257323082536459
497,407142400,2.400000000000002e-06,0.12181402206420898,0.0011656373739242555,0.00363037109375,0.9999076724217524,37.878219924291386,755713.048529927,-0.00020280606113374234,0.0030335649847984315,-2.426678276062012,0.0006326704286038875,0.0012343749403953552
498,407961600,1.8000000000000014e-06,0.12159749031066895,0.0011928746104240418,0.003663330078125,0.9999539997239983,37.73071438428631,750816.3820403911,-6.662533269263804e-05,0.0029171351343393326,-2.426706886291504,0.0002832402242347598,6.628417759202421e-05
499,408780800,1.200000000000001e-06,0.12193306922912597,0.0011140328645706176,0.00344482421875,1.0,37.735565819861435,752066.1495348156,-0.00011298614554107189,0.0029591094702482224,-2.426654052734375,0.00038246437907218933,0.0004672851413488388
500,409600000,6.000000000000005e-07,0.12197996139526367,0.0012045165896415711,0.00365234375,0.9998620562810373,37.78430200478205,762331.2469954654,-2.3923857952468097e-05,0.003020290844142437,-2.426664924621582,4.034900630358607e-05,0.0
