update,env_steps,lr,reward_per_step,cost_per_step,violation_rate,success_rate,mean_episode_length,steps_per_sec,policy_loss,value_loss,entropy,approx_kl,clip_frac
1,819200,0.0003,-0.0007769942283630371,0.0,0.0,1.0,79.69148936170212,888320.2628818466,-0.009912930428981781,0.008429912477731704,1.8337352752685547,0.007877764850854873,0.10728927850723266
2,1638400,0.00029939999999999996,0.0024517899751663207,0.0,0.0,1.0,289.928,881152.2458434767,-0.01977705806493759,0.008457335084676743,1.8174381256103516,0.012489588558673858,0.18845372200012206
3,2457600,0.0002988,0.011122941970825195,0.0,0.0,1.0,509.14859437751005,877946.6556238461,-0.01769896298646927,0.008218806982040406,1.7858268737792968,0.011341969668865203,0.16797096729278566
4,3276800,0.0002982,0.012722187042236328,0.0,0.0,1.0,649.3955849889625,887422.878970299,-0.010110869258642196,0.01892637610435486,1.7494461059570312,0.007933767884969712,0.10595691204071045
5,4096000,0.00029759999999999997,0.018808058500289916,0.0,0.0,0.8833463237204469,513.7955313068329,882009.8872737029,-0.009702014923095702,0.021918521821498872,1.7168132781982421,0.007269008457660675,0.09169652462005615
6,4915200,0.00029699999999999996,0.026722183227539064,0.0,0.0,0.9989193862113681,185.23881564728765,881637.3546686783,-0.009930064529180526,0.0229721337556839,1.6833396911621095,0.006853022426366806,0.08536633849143982
7,5734400,0.0002964,0.032970423698425295,0.0,0.0,1.0,153.69312875250168,877922.2492953779,-0.008810010552406312,0.021836163103580476,1.6489904403686524,0.00588391050696373,0.06777197122573853
8,6553600,0.0002958,0.03966219425201416,0.0,0.0,1.0,123.04777203520045,870148.0368661581,-0.007936719059944152,0.02065705806016922,1.6125783920288086,0.0054315771907567974,0.06048901081085205
9,7372800,0.00029519999999999997,0.04557191848754883,0.0,0.0,1.0,103.7343882111366,862110.4320958132,-0.007162053883075714,0.018779850006103514,1.5732636451721191,0.005238303914666176,0.05738170742988587
10,8192000,0.00029459999999999995,0.051843085289001466,0.0,0.0,1.0,90.87607335948266,883058.9073791765,-0.006271664053201675,0.01670747101306915,1.5326857566833496,0.005043594166636467,0.05404224395751953
11,9011200,0.000294,0.05779610633850098,0.0,0.0,1.0,79.81255964878794,874912.1958924718,-0.005804098024964332,0.013138070702552795,1.4917683601379395,0.005005910620093345,0.05239123702049255
12,9830400,0.0002934,0.06378138542175293,0.0,0.0,1.0,72.4273150543197,873462.6820015109,-0.005653756484389305,0.010029105097055435,1.4527829170227051,0.005205053463578224,0.05609082579612732
13,10649600,0.00029279999999999996,0.06905191421508788,0.0,0.0,1.0,66.49107785868608,872966.8106798973,-0.00609576627612114,0.007462402433156967,1.4149544715881348,0.00580788217484951,0.06815393567085266
14,11468800,0.00029219999999999995,0.07475607872009277,0.0,0.0,1.0,61.35418969710369,870373.8775024452,-0.006429298222064972,0.005903074145317077,1.3779959678649902,0.006188759952783585,0.07570592761039734
15,12288000,0.0002916,0.08059924125671386,0.0,0.0,1.0,56.95269806398462,875277.3966161957,-0.0067601710557937626,0.0048231884837150575,1.3395392417907714,0.006483528763055801,0.07950659394264221
16,13107200,0.00029099999999999997,0.08570499420166015,0.0,0.0,1.0,53.43691452936236,880953.9751720466,-0.006999508291482925,0.004209746420383453,1.3001593589782714,0.006758999079465866,0.08312426209449768
17,13926400,0.00029039999999999996,0.09069031715393067,0.0,0.0,1.0,50.731370745170196,880066.0076350992,-0.007191895693540573,0.0036939520388841627,1.2606587409973145,0.006926458328962326,0.08621667623519898
18,14745600,0.00028979999999999994,0.09526289939880371,0.0,0.0,1.0,48.05002332089552,866906.4927742644,-0.007050538063049316,0.003233547881245613,1.2203313827514648,0.007069338858127594,0.08724390268325806
19,15564800,0.0002892,0.0996958351135254,0.0,0.0,1.0,45.96948527357067,870611.5156647856,-0.006656800955533981,0.0029197918251156808,1.1796724319458007,0.007049533724784851,0.08698692917823792
20,16384000,0.00028859999999999997,0.1034444236755371,0.0,0.0,1.0,44.29296896013771,877227.4192429747,-0.00661318376660347,0.0026511669158935545,1.1403467178344726,0.006993977725505829,0.08533398509025573
21,17203200,0.00028799999999999995,0.10670117378234863,0.0,0.0,1.0,43.07877267262558,880575.7627391184,-0.0059721596539020535,0.0023672709241509436,1.1033974647521974,0.006541993468999863,0.0772548794746399
22,18022400,0.00028739999999999994,0.10967815399169922,0.0,0.0,1.0,41.826164600234705,875568.3655289013,-0.0057640764862298965,0.0021730143576860427,1.0665499687194824,0.006386971473693848,0.07411218285560608
23,18841600,0.0002868,0.11221797943115235,0.0,0.0,1.0,40.923655004230326,881574.671569978,-0.005523154512047768,0.0019906144589185715,1.029991340637207,0.0062769390642642975,0.07155858874320983
24,19660800,0.00028619999999999996,0.1149059772491455,0.0,0.0,1.0,39.97126436781609,881178.7754654435,-0.0052252568304538725,0.0017830271273851395,0.9922984123229981,0.006125184521079063,0.0683282494544983
25,20480000,0.00028559999999999995,0.11656352996826172,0.0,0.0,1.0,39.26626511783546,884970.0645826083,-0.004586578905582428,0.0016918657347559929,0.9554779052734375,0.005613308399915695,0.059205806255340575
26,21299200,0.000285,0.11829053878784179,0.0,0.0,1.0,38.70327698555104,885062.0929966156,-0.00406767874956131,0.0015865616500377656,0.9231245994567872,0.005338772386312485,0.054015493392944335
27,22118400,0.0002844,0.11939153671264649,0.0,0.0,1.0,38.45851343732381,879928.9975842378,-0.004003562405705452,0.0015476351603865624,0.8913735389709473,0.005222849547863007,0.05205102562904358
28,22937600,0.00028379999999999996,0.12045276641845704,0.0,0.0,1.0,38.095708652284856,887857.0487211453,-0.0036306373775005342,0.0014743375591933726,0.8589084625244141,0.004951497912406922,0.04697655737400055
29,23756800,0.00028319999999999994,0.12162482261657714,0.0,0.0,1.0,37.69200752880687,880257.5527110513,-0.0032175593078136444,0.001424845028668642,0.8283248901367187,0.004640068858861923,0.04194861352443695
30,24576000,0.0002826,0.12260627746582031,0.0,0.0,1.0,37.528815270257866,878030.9848924573,-0.0030995510518550874,0.0013499563559889794,0.7988996982574463,0.004468854889273644,0.03858458995819092
31,25395200,0.00028199999999999997,0.12311919212341309,0.0,0.0,1.0,37.1999818239651,870492.8363991246,-0.002703959122300148,0.0013808025978505611,0.7698573589324951,0.004171716421842575,0.03381335139274597
32,26214400,0.00028139999999999996,0.12399157524108886,0.0,0.0,1.0,36.99101620694325,870236.6819372685,-0.0023649947717785834,0.0013379824347794056,0.7424018383026123,0.003952019661664963,0.030489990115165712
33,27033600,0.00028079999999999994,0.12429141998291016,0.0,0.0,1.0,36.8491899189919,862363.3663821939,-0.0022323042154312133,0.0013190005905926228,0.7168546676635742,0.0037484783679246902,0.02804015874862671
34,27852800,0.0002802,0.1251451587677002,0.0,0.0,1.0,36.78053263988522,869858.2581262902,-0.0020413383841514587,0.0012478374876081944,0.6916853904724121,0.003727175295352936,0.026587280631065368
35,28672000,0.00027959999999999997,0.12609549522399902,0.0,0.0,1.0,36.427677422218274,877549.1842099958,-0.001921050064265728,0.0012084643356502056,0.6684325218200684,0.003541235625743866,0.023413819074630738
36,29491200,0.00027899999999999995,0.12639921188354492,0.0,0.0,1.0,36.35949917861741,872301.05364726,-0.0018252195790410043,0.0011765348725020885,0.6471030235290527,0.003427738696336746,0.022045412659645082
37,30310400,0.0002784,0.12708934783935547,0.0,0.0,1.0,36.20525966850829,872313.7558456688,-0.0018087605014443398,0.0011633116751909255,0.623352336883545,0.0032077252864837645,0.02087683081626892
38,31129600,0.0002778,0.12766180992126464,0.0,0.0,1.0,36.049686169512356,885579.1502339848,-0.0014470049180090427,0.0011167217977344989,0.6005383014678956,0.0030264513567090034,0.01798376590013504
39,31948800,0.0002772,0.12792484283447267,0.0,0.0,1.0,35.91458497677272,880820.5590893495,-0.0014052724465727807,0.001089346595108509,0.577351188659668,0.0029070356860756872,0.0165501669049263
40,32768000,0.0002766,0.12816070556640624,0.0,0.0,1.0,35.8544921447639,880003.9067526357,-0.0013781419023871423,0.0010754342190921306,0.5558460712432861,0.0028071507811546327,0.01535058468580246
41,33587200,0.000276,0.12878175735473632,0.0,0.0,1.0,35.72627355198883,884889.9553692196,-0.0012622554786503315,0.0010605361312627792,0.5352312564849854,0.00272760484367609,0.014771974086761475
42,34406400,0.00027539999999999997,0.12940862655639648,0.0,0.0,1.0,35.58762483716891,876622.4664825541,-0.0010457621887326241,0.0010074344463646412,0.5161241054534912,0.0028183823451399803,0.014645875990390777
43,35225600,0.0002748,0.12947291374206543,0.0,0.0,1.0,35.57031556039173,875457.9186341916,-0.0011301991529762746,0.0010196087881922723,0.4963425636291504,0.002434893324971199,0.011783570051193237
44,36044800,0.0002742,0.12964832305908203,0.0,0.0,1.0,35.4564841249243,874268.7261392298,-0.001040464360266924,0.000972382165491581,0.47666363716125487,0.0023811589926481247,0.010741332173347473
45,36864000,0.0002736,0.13004500389099122,0.0,0.0,1.0,35.3855820959759,881384.7990153284,-0.000974014401435852,0.0009609195403754711,0.4582200050354004,0.0024204952642321587,0.011292356252670287
46,37683200,0.00027299999999999997,0.1302846908569336,0.0,0.0,1.0,35.3026395238506,882378.7763966328,-0.000950255710631609,0.0009127698838710784,0.4394723892211914,0.0021310577169060705,0.01004296839237213
47,38502400,0.0002724,0.13033788681030273,0.0,0.0,1.0,35.204200850478934,884603.6485858466,-0.0008041928522288799,0.0009289566427469253,0.41927394866943357,0.002348628081381321,0.011381468176841736
48,39321600,0.0002718,0.13060436248779297,0.0,0.0,1.0,35.19018378564067,877316.033640164,-0.0008683431893587113,0.0009155002422630787,0.4002945899963379,0.0019932473078370094,0.008656493574380874
49,40140800,0.0002712,0.13112034797668456,0.0,0.0,1.0,35.09581836839405,878388.3735643328,-0.0007820009253919124,0.0008880449458956718,0.3818870782852173,0.0022031772881746293,0.009166991710662842
50,40960000,0.00027059999999999996,0.13115007400512696,0.0,0.0,1.0,35.002652860382526,872479.2350503152,-0.0008495623245835304,0.0008702019229531288,0.36243932247161864,0.002279588207602501,0.01035778596997261
51,41779200,0.00027,0.1312103271484375,0.0,0.0,1.0,35.06590441932168,880472.5714588033,-0.0006807074416428805,0.0008674001321196557,0.344061279296875,0.0020849291235208512,0.00877343788743019
52,42598400,0.0002694,0.1314590358734131,0.0,0.0,1.0,35.03920981741994,878854.648848922,-0.0006866304669529199,0.0008530794642865658,0.32560954093933103,0.0018419835716485978,0.007156737148761749
53,43417600,0.0002688,0.13156389236450194,0.0,0.0,1.0,34.87209748199906,881894.9043940962,-0.0006743450183421373,0.0008222011849284172,0.3067707777023315,0.0018575169146060944,0.008003173023462295
54,44236800,0.00026819999999999996,0.13170639038085938,0.0,0.0,1.0,34.90026403202453,864622.9975839508,-0.0005856684874743223,0.0008104423992335797,0.2880657434463501,0.0018126174807548523,0.006905516982078553
55,45056000,0.0002676,0.1319143009185791,0.0,0.0,1.0,34.960882177288624,860022.129443384,-0.0006641378160566092,0.0008019257336854934,0.26985328197479247,0.0018001947551965713,0.0069274894893169405
56,45875200,0.000267,0.13209764480590822,0.0,0.0,1.0,34.80524058266446,878007.9005379811,-0.00038747591897845266,0.000769032072275877,0.25479371547698976,0.0017282698303461076,0.006137816980481148
57,46694400,0.00026639999999999997,0.13222707748413087,0.0,0.0,1.0,34.8598970081287,875186.5248004645,-0.0005696003790944815,0.0007577249314635992,0.23794522285461425,0.0018494680523872375,0.006628904491662979
58,47513600,0.00026579999999999996,0.13248018264770509,0.0,0.0,1.0,34.830724736304866,870871.6617779536,-0.0005841611418873072,0.0007455297280102968,0.21896297931671144,0.001943080872297287,0.007902100682258606
59,48332800,0.0002652,0.1324424648284912,0.0,0.0,1.0,34.87501063196394,882718.8364461344,-0.00041801915504038336,0.000747697101905942,0.2003948926925659,0.0019762177020311356,0.009771728515625
60,49152000,0.0002646,0.1324773597717285,0.0,0.0,1.0,34.65857378924622,863558.7103916716,-0.00041668997146189214,0.0007149883080273866,0.18383438587188722,0.0018556995317339897,0.006934326887130737
61,49971200,0.00026399999999999997,0.13261455535888672,0.0,0.0,1.0,34.8212890625,868969.2656171644,-0.0004972231108695269,0.0007137671578675509,0.16750510931015014,0.00198542270809412,0.007071531563997269
62,50790400,0.00026339999999999995,0.13272770881652832,0.0,0.0,1.0,34.727916242794166,872279.3024187447,-0.00048018703237175944,0.0006966388784348965,0.15222785472869874,0.0016370899975299835,0.005552367866039276
63,51609600,0.0002628,0.13277503967285156,0.0,0.0,1.0,34.69623416783158,882330.0992106484,-0.0005735066253691912,0.0006774312350898981,0.13500901460647582,0.0016376713290810585,0.006112060695886612
64,52428800,0.0002622,0.13295084953308106,0.0,0.0,1.0,34.657766682181695,879652.0288990607,-0.00045505184680223466,0.0006647436879575252,0.11529417037963867,0.0020179282873868942,0.009192626178264617
65,53248000,0.00026159999999999996,0.132899227142334,0.0,0.0,1.0,34.517370615235606,880477.2066531808,-0.00038146027363836763,0.0006566046737134457,0.09946671724319459,0.0018760211765766143,0.00806249976158142
66,54067200,0.000261,0.13326559066772461,0.0,0.0,1.0,34.61465911013365,885555.94611038,-0.00037058854941278695,0.0006260766647756099,0.08585579395294189,0.0018078461289405823,0.00847143456339836
67,54886400,0.0002604,0.13308433532714845,0.0,0.0,1.0,34.69774919614148,881349.5032388458,-0.0004528484772890806,0.0006200472358614207,0.07275442481040954,0.0017988163977861404,0.007284301519393921
68,55705600,0.00025979999999999997,0.13323334693908692,0.0,0.0,1.0,34.68206625206244,887827.619747585,-0.0003836333751678467,0.0006030799821019172,0.05669945478439331,0.0020166173577308654,0.010381468385457993
69,56524800,0.00025919999999999996,0.13324224472045898,0.0,0.0,1.0,34.58401587435616,883652.6666317874,-0.00041832346469163897,0.0005978854838758707,0.04218905568122864,0.0016850218176841735,0.006285890191793442
70,57344000,0.0002586,0.13326135635375977,0.0,0.0,1.0,34.44922351752872,880866.7968296161,-0.0004749327898025513,0.0005918104201555252,0.03074096143245697,0.0020209712907671928,0.00789477601647377
71,58163200,0.000258,0.13342199325561524,0.0,0.0,1.0,34.47073652367548,888801.2143868937,-0.0003478777129203081,0.0005725233815610409,0.017222678661346434,0.001744396425783634,0.007188841700553894
72,58982400,0.00025739999999999997,0.1333127212524414,0.0,0.0,1.0,34.56091584994931,869318.6877053403,-0.0003592946333810687,0.0005748430732637644,-0.0008543998003005982,0.001816922426223755,0.00811755284667015
73,59801600,0.00025679999999999995,0.1333829402923584,0.0,0.0,1.0,34.55715491768679,867671.5792391934,-0.00037521841004490853,0.0005596733652055263,-0.01676368564367294,0.001982470229268074,0.009501219540834428
74,60620800,0.0002562,0.13356203079223633,0.0,0.0,1.0,34.57300810263336,868067.3543270194,-0.0004154008347541094,0.0005416643340140581,-0.033871158957481384,0.0018218936398625373,0.006896483898162842
75,61440000,0.0002556,0.1335993766784668,0.0,0.0,1.0,34.58097653772987,870015.5543538958,-0.0002790633589029312,0.0005365937482565642,-0.049205049872398376,0.001719784550368786,0.008387450873851777
76,62259200,0.00025499999999999996,0.1335000514984131,0.0,0.0,1.0,34.27778473352531,864874.5746348642,-0.000393986189737916,0.0005257353652268649,-0.05783810615539551,0.001783103123307228,0.007303711026906967
77,63078400,0.00025439999999999995,0.13366881370544434,0.0,0.0,1.0,34.44819034007314,859131.6965523099,-0.0001919540809467435,0.000518173910677433,-0.06717296838760375,0.001675242744386196,0.007240599393844605
78,63897600,0.0002538,0.13360996246337892,0.0,0.0,1.0,34.457229371688115,853196.137671012,-0.00035950730089098217,0.0005096007138490677,-0.08101035356521606,0.0018381081521511079,0.007323608547449112
79,64716800,0.0002532,0.13384260177612306,0.0,0.0,1.0,34.394813164642095,862900.2262810022,-0.00013691678177565336,0.0005047081038355827,-0.09380416870117188,0.001892869547009468,0.009988159686326981
80,65536000,0.00025259999999999996,0.13375003814697264,0.0,0.0,1.0,34.27875976766537,864951.5829415037,-0.00027376336511224507,0.000493582570925355,-0.10732367038726806,0.0019202575087547303,0.007477904856204987
81,66355200,0.00025199999999999995,0.13364890098571777,0.0,0.0,1.0,34.342966194111234,862745.9791552762,-0.0002493544714525342,0.0004924888722598553,-0.12214139699935914,0.001933368481695652,0.008341065049171448
82,67174400,0.0002514,0.13377946853637696,0.0,0.0,1.0,34.346529670790524,852993.6445557202,-0.0003291195724159479,0.00048698564060032366,-0.13666043281555176,0.001931888610124588,0.008076293766498566
83,67993600,0.00025079999999999997,0.13383759498596193,0.0,0.0,1.0,34.390376129438955,867478.2889110957,-0.00036793299950659274,0.0004773132037371397,-0.14877941608428955,0.001831367053091526,0.00744958445429802
84,68812800,0.00025019999999999996,0.13394295692443847,0.0,0.0,1.0,34.387179272178436,862134.0208469717,-0.0004040588159114122,0.00046745873987674713,-0.16319539546966552,0.0016805801540613174,0.005763184651732445
85,69632000,0.00024959999999999994,0.13373445510864257,0.0,0.0,1.0,34.32336660236518,850687.2917843771,-0.0003500225720927119,0.0004742455203086138,-0.18038601875305177,0.0017687492072582245,0.00594189427793026
86,70451200,0.000249,0.13396711349487306,0.0,0.0,1.0,34.429568287864136,862339.8504656897,-0.00029564141295850276,0.0004630072042346001,-0.19673831462860109,0.0017570031806826592,0.0058531504124403
87,71270400,0.0002484,0.13417524337768555,0.0,0.0,1.0,34.39557359216802,869391.69052547,-0.00015960989985615016,0.0004551039543002844,-0.20825684070587158,0.002085230499505997,0.01054077073931694
88,72089600,0.0002478,0.13392383575439454,0.0,0.0,1.0,34.35803248337962,865442.5807460574,-0.0002722598612308502,0.0004503227770328522,-0.2152106285095215,0.0018245160579681396,0.00794396921992302
89,72908800,0.0002472,0.1342279815673828,0.0,0.0,1.0,34.36841884465327,870415.8417142772,-0.0001591894426383078,0.0004408576525747776,-0.2232728958129883,0.0016206175088882447,0.005179931595921517
90,73728000,0.0002466,0.13419321060180664,0.0,0.0,1.0,34.40360534498697,876676.5720835563,-0.00028282287530601025,0.00043707825243473054,-0.2311776399612427,0.0017841605469584465,0.007000488042831421
91,74547200,0.000246,0.13414165496826172,0.0,0.0,1.0,34.40329615029774,871884.6678091232,-0.0003212651237845421,0.00042979596182703974,-0.24240756034851074,0.001757807657122612,0.006672119349241256
92,75366400,0.0002454,0.13419771194458008,0.0,0.0,1.0,34.34517766497462,875661.2841525577,-0.00025276613887399436,0.0004393939394503832,-0.25728003978729247,0.0018399855121970176,0.007945556193590164
93,76185600,0.0002448,0.13410504341125487,0.0,0.0,1.0,34.26435386675594,882783.238787259,-0.00016051869606599213,0.00044042477384209633,-0.27149527072906493,0.0017513057217001915,0.007445190846920013
94,77004800,0.00024419999999999997,0.13419132232666015,0.0,0.0,1.0,34.330068232240784,875114.7870592207,-8.691711118444801e-05,0.0004289369564503431,-0.28483502864837645,0.002318425662815571,0.014509521424770355
95,77824000,0.00024359999999999999,0.13409461975097656,0.0,0.0,1.0,34.38109423512629,867452.491636159,-0.0002663821680471301,0.0004234836436808109,-0.2997349739074707,0.0016960134729743005,0.0057490233331918715
96,78643200,0.000243,0.13422748565673828,0.0,0.0,1.0,34.33884816753927,874014.4219164319,-0.0001938589382916689,0.0004151899367570877,-0.3126710891723633,0.0018952541053295136,0.007420898228883743
97,79462400,0.00024239999999999998,0.13423086166381837,0.0,0.0,1.0,34.26331472699039,874621.3704367771,-0.00021075049880892038,0.00040886118076741693,-0.3245006322860718,0.0016771215945482255,0.006580688059329987
98,80281600,0.0002418,0.13416478157043457,0.0,0.0,1.0,34.2026228143214,861987.2433835238,-0.00017888799775391817,0.00041034640744328497,-0.33574490547180175,0.0015648357570171357,0.005845091864466667
99,81100800,0.00024119999999999998,0.13413821220397948,0.0,0.0,1.0,34.210095611874245,863586.4869414532,-0.0002291381359100342,0.00040428643114864826,-0.3460290193557739,0.0019122187048196792,0.008506713062524795
100,81920000,0.0002406,0.13433143615722656,0.0,0.0,1.0,34.3493389296957,864955.5600760325,-0.0002307215705513954,0.0003983206581324339,-0.3566840648651123,0.0017725937068462372,0.007554932683706284
101,82739200,0.00023999999999999998,0.1344688892364502,0.0,0.0,1.0,34.37043726635023,863975.5493152055,-0.00014766561798751354,0.0003930798266083002,-0.36722240447998045,0.001758405938744545,0.00622875913977623
102,83558400,0.0002394,0.1343269443511963,0.0,0.0,1.0,34.202101050525265,856461.1715779541,-0.00022962545044720174,0.00038730448577553036,-0.37616744041442873,0.0017125815153121947,0.006324706226587295
103,84377600,0.0002388,0.134273042678833,0.0,0.0,1.0,34.26699272636067,864263.5473551039,-0.0001746540190652013,0.0003979417961090803,-0.38577420711517335,0.002244449034333229,0.012356198579072952
104,85196800,0.0002382,0.13440853118896484,0.0,0.0,1.0,34.33277388494944,881756.9411699635,-0.0002743157558143139,0.00038434623274952173,-0.39530277252197266,0.0017368800938129425,0.006380859762430191
105,86016000,0.0002376,0.13430763244628907,0.0,0.0,1.0,34.16529166666667,875832.1257543169,-0.00024442237336188557,0.00038661237340420485,-0.4041938304901123,0.0017014149576425552,0.006523315608501434
106,86835200,0.000237,0.13449253082275392,0.0,0.0,1.0,34.27174140602102,871096.5749675281,-0.00010349350050091744,0.0003908742684870958,-0.41539177894592283,0.00208135936409235,0.01030285507440567
107,87654400,0.0002364,0.13452133178710937,0.0,0.0,1.0,34.25971259085972,869188.4847881212,-7.723176968283951e-05,0.00037712715566158296,-0.424000883102417,0.0018990533426404,0.009937865287065506
108,88473600,0.00023579999999999999,0.13434070587158203,0.0,0.0,1.0,34.335456030834976,867880.7395584777,-0.00022491947747766973,0.0003659926820546389,-0.43531365394592286,0.0018487421795725823,0.007769042998552323
109,89292800,0.0002352,0.13454126358032226,0.0,0.0,1.0,34.2543430030558,874114.313922005,-0.00027451778296381233,0.0003649297170341015,-0.44881696701049806,0.001702549494802952,0.006239990890026093
110,90112000,0.00023459999999999998,0.13429344177246094,0.0,0.0,1.0,34.11387336280971,874933.8860786746,-0.00021821598056703806,0.00036398577503859997,-0.46280546188354493,0.0017937742173671722,0.007862181961536407
111,90931200,0.000234,0.13462072372436523,0.0,0.0,1.0,34.26675855155995,876271.3666128691,-0.00010138573125004769,0.00036325256805866955,-0.47368698120117186,0.0018520602956414224,0.008689453452825546
112,91750400,0.00023339999999999998,0.13448737144470216,0.0,0.0,1.0,34.262983887842644,860302.8655756265,-0.00024552785325795414,0.00035440840292721987,-0.48541855812072754,0.0021188238635659216,0.010041256994009018
113,92569600,0.0002328,0.13461164474487305,0.0,0.0,1.0,34.26582964878619,872034.3952849399,-5.28065487742424e-05,0.00037424471229314805,-0.49806504249572753,0.0020158909261226653,0.010573120415210724
114,93388800,0.00023219999999999998,0.1344169044494629,0.0,0.0,1.0,34.1357163736585,883313.1224746484,-0.0001361308735795319,0.0003533106995746493,-0.508845853805542,0.0015883684158325196,0.005930907279253006
115,94208000,0.0002316,0.1346912956237793,0.0,0.0,1.0,34.288645118070676,872304.6464456137,-0.0001089070923626423,0.0003452785545960069,-0.520636510848999,0.0017391357570886612,0.006975829601287842
116,95027200,0.00023099999999999998,0.13453348159790038,0.0,0.0,1.0,34.15578622644656,870575.8812812462,-0.00010179090313613414,0.0003490696894004941,-0.5309101104736328,0.0018281184136867523,0.007675781846046448
117,95846400,0.0002304,0.13457040786743163,0.0,0.0,1.0,34.20609857978279,881513.4344878828,-0.0001383153721690178,0.00037053797859698534,-0.5359928607940674,0.001749500446021557,0.007510374486446381
118,96665600,0.00022979999999999997,0.1347460174560547,0.0,0.0,1.0,34.27832080200501,877254.900298301,-0.000201064208522439,0.00034500996116548777,-0.5436883449554444,0.0015941420570015907,0.006092529743909836
119,97484800,0.0002292,0.13466126441955567,0.0,0.0,1.0,34.17316379454576,865497.8909571969,-0.00015691457083448767,0.00034094618167728185,-0.553278112411499,0.0016994662582874298,0.00639050155878067
120,98304000,0.00022859999999999997,0.134677038192749,0.0,0.0,1.0,34.250563486100674,875571.4314205536,-0.00017164999153465032,0.00033860979601740837,-0.5647146701812744,0.0015882404521107673,0.0058430168777704235
121,99123200,0.00022799999999999999,0.13467867851257323,0.0,0.0,1.0,34.1518623448046,876088.720423825,-3.584624500945211e-05,0.0003339943243190646,-0.5769588470458984,0.0018461618572473526,0.00831884816288948
122,99942400,0.00022739999999999997,0.13447285652160645,0.0,0.0,1.0,34.21989287806511,873265.6275881744,-0.0002653825096786022,0.00034295131918042897,-0.5868440628051758,0.0019149629399180413,0.007783445715904236
123,100761600,0.00022679999999999998,0.13459840774536133,0.0,0.0,1.0,34.24163568773234,876418.4246549354,-0.00018565567443147303,0.00033679436892271043,-0.5952315330505371,0.0018924666568636895,0.00891723707318306
124,101580800,0.00022619999999999997,0.13466169357299804,0.0,0.0,1.0,34.072373346643374,868034.9748630311,-0.00019302457803860307,0.0003335718996822834,-0.6056894779205322,0.0021271830424666404,0.009409788250923156
125,102400000,0.00022559999999999998,0.13474777221679687,0.0,0.0,1.0,34.14413100545856,865399.6913367113,-8.275718428194523e-05,0.000330693437717855,-0.6154890060424805,0.0019412696361541747,0.009736692905426026
126,103219200,0.000225,0.1345539379119873,0.0,0.0,1.0,34.12366711096301,871771.3371124652,-0.00010727157350629569,0.00033299531787633896,-0.6253184318542481,0.0018457427620887756,0.00782177671790123
127,104038400,0.00022439999999999998,0.13473888397216796,0.0,0.0,1.0,34.240726058835804,881250.2876345323,-0.00018662570510059596,0.0003267678199335933,-0.6378726959228516,0.0017158027738332748,0.006262573599815369
128,104857600,0.0002238,0.134595947265625,0.0,0.0,1.0,34.203683549602346,876057.0767178237,-0.00018783542327582836,0.00032740887254476545,-0.6512073993682861,0.0017217623069882392,0.0069854736328125
129,105676800,0.00022319999999999998,0.13489620208740236,0.0,0.0,1.0,34.27174231332357,872463.7438916628,-2.131168148480356e-05,0.0003281075740233064,-0.6634626865386963,0.0021532388404011727,0.012416747212409974
130,106496000,0.0002226,0.13486083984375,0.0,0.0,1.0,34.291184216026416,880274.5153288085,-0.000107158487662673,0.0003294125199317932,-0.6757891178131104,0.0019070645794272423,0.008479124307632447
131,107315200,0.00022199999999999998,0.1347303581237793,0.0,0.0,1.0,34.196895731630995,883524.8062937423,-0.0001893410226330161,0.00032618679106235506,-0.684091329574585,0.0017079956829547881,0.006279052793979644
132,108134400,0.0002214,0.1348823833465576,0.0,0.0,1.0,34.2428804416008,880608.6109283734,-0.00021158047020435332,0.0003219089237973094,-0.6921710968017578,0.0018107013776898385,0.00787072703242302
133,108953600,0.00022079999999999997,0.13460771560668947,0.0,0.0,1.0,34.11218576729062,888385.2238723867,-6.127525120973587e-05,0.0003224588930606842,-0.7038283824920655,0.0018783509731292725,0.00884411558508873
134,109772800,0.00022019999999999999,0.13473130226135255,0.0,0.0,1.0,34.211911125960576,882353.8484251341,-8.107649045996368e-05,0.0003327522426843643,-0.7122703552246094,0.0019097253680229187,0.008958496153354645
135,110592000,0.00021959999999999997,0.13475189208984376,0.0,0.0,1.0,34.106730369754885,881783.3920809792,-7.269715424627066e-05,0.00031972588039934634,-0.7191773414611816,0.0017246315255761147,0.006986207515001297
136,111411200,0.00021899999999999998,0.1347360420227051,0.0,0.0,1.0,34.21464678113381,886565.5888407718,-6.143248174339533e-05,0.0003181654494255781,-0.7308163166046142,0.0019251925870776177,0.008143676072359085
137,112230400,0.00021839999999999997,0.13478962898254396,0.0,0.0,1.0,34.20793737179219,875239.1199514165,-0.00012410300550982356,0.0003149572294205427,-0.7427804470062256,0.002104255557060242,0.010692261159420013
138,113049600,0.00021779999999999998,0.13482726097106934,0.0,0.0,1.0,34.18368539701094,883167.6959260238,-0.00019261352717876435,0.0003155764890834689,-0.7519516944885254,0.001733250916004181,0.007626587897539139
139,113868800,0.00021719999999999997,0.1347917938232422,0.0,0.0,1.0,34.078006230529596,878749.9574789446,-0.0001626733224838972,0.00031726495362818243,-0.7621472835540771,0.001784486137330532,0.007567016780376435
140,114688000,0.00021659999999999998,0.13481337547302247,0.0,0.0,1.0,34.11613010564845,874378.775381498,8.788899867795408e-05,0.00043662847019732,-0.7725888729095459,0.0022937804460525513,0.014677000045776368
141,115507200,0.00021599999999999996,0.13487167358398439,0.0,0.0,1.0,34.24309716344744,877330.6523327043,-1.445312227588147e-06,0.0006166258826851845,-0.7813044548034668,0.0019468864426016807,0.009981322288513183
142,116326400,0.00021539999999999998,0.13488409042358399,0.0,0.0,1.0,34.19732064604983,875038.5290576034,7.148602744564415e-05,0.0003188094589859247,-0.7909212112426758,0.0024318987503647803,0.015205688774585724
143,117145600,0.00021479999999999996,0.13491737365722656,0.0,0.0,1.0,34.140757089909634,872358.0734846517,-0.00017924943240359424,0.00030855853110551835,-0.801657772064209,0.001658075489103794,0.006598020344972611
144,117964800,0.00021419999999999998,0.13498516082763673,0.0,0.0,1.0,34.098522987310176,874386.3301363997,-0.00016270172782242298,0.0003100032219663262,-0.8106685638427734,0.0016319343820214271,0.006889037042856217
145,118784000,0.00021359999999999996,0.13491783142089844,0.0,0.0,1.0,34.11338359645104,879885.9759867757,-0.000166141614317894,0.00031214160844683647,-0.8231589317321777,0.001987297460436821,0.009592527896165848
146,119603200,0.00021299999999999997,0.13491314888000489,0.0,0.0,1.0,34.14086209771553,875183.4047854008,3.351733321323991e-05,0.00030700901988893746,-0.8349806785583496,0.0024590328335762023,0.016264769434928893
147,120422400,0.00021239999999999996,0.13501094818115233,0.0,0.0,1.0,34.202169378389655,874005.1762238244,-0.00010654650395736098,0.0003101976588368416,-0.8402211189270019,0.001912090927362442,0.009586792439222336
148,121241600,0.00021179999999999997,0.13486778259277343,0.0,0.0,1.0,34.081776187107245,870411.6753214563,1.1352123692631721e-06,0.0003124204929918051,-0.848787498474121,0.0021707314997911455,0.012423218041658402
149,122060800,0.00021119999999999996,0.1350322723388672,0.0,0.0,1.0,34.08086949279587,875984.3927381828,-6.270793383009732e-05,0.00030582223553210497,-0.855379295349121,0.001837143674492836,0.007507325708866119
150,122880000,0.00021059999999999997,0.13508743286132813,0.0,0.0,1.0,34.04594504855981,870275.6095797601,-0.00014750289265066385,0.0003053533146157861,-0.8647915840148925,0.0017910422757267952,0.007343262434005737
151,123699200,0.00020999999999999998,0.13488862037658692,0.0,0.0,1.0,34.083225833298656,873707.6718493094,-0.00019440485630184412,0.0003071353305131197,-0.8736714363098145,0.001853308081626892,0.008097045868635178
152,124518400,0.00020939999999999997,0.1349000358581543,0.0,0.0,1.0,34.054491715927064,878303.2920138258,-5.184315959922969e-05,0.00030637721065431835,-0.8836464881896973,0.002117367833852768,0.0096954345703125
153,125337600,0.00020879999999999998,0.13488155364990234,0.0,0.0,1.0,34.160409556313994,875277.9725433876,8.733366848900915e-06,0.000310091651044786,-0.8925675392150879,0.002027042768895626,0.01063866913318634
154,126156800,0.00020819999999999996,0.13495755195617676,0.0,0.0,1.0,34.15112352524284,875557.7009862558,3.324314893689006e-05,0.00030656727030873296,-0.899412727355957,0.002304118312895298,0.015593871474266052
155,126976000,0.00020759999999999998,0.13515490531921387,0.0,0.0,1.0,34.248350730688934,879986.5531161107,-5.474782665260136e-05,0.00030522006563842296,-0.9081919670104981,0.0019313288852572442,0.008448974788188934
156,127795200,0.00020699999999999996,0.13492656707763673,0.0,0.0,1.0,34.072687867294626,880676.9482061258,-3.824023879133165e-05,0.000302985031157732,-0.9189769744873046,0.0021215461194515227,0.012806518375873566
157,128614400,0.00020639999999999998,0.13498645782470703,0.0,0.0,1.0,34.09761271003161,887470.8010137624,-4.184527788311243e-05,0.00030523301102221013,-0.9287593841552735,0.002066645957529545,0.011064449697732926
158,129433600,0.00020579999999999996,0.1348715019226074,0.0,0.0,1.0,34.10900987212063,878507.7027579729,-0.0001375393127091229,0.00030704524833709,-0.9374222755432129,0.0018810531124472617,0.0085332028567791
159,130252800,0.00020519999999999997,0.13494402885437012,0.0,0.0,1.0,34.162058467826014,865707.7828754076,-5.343367229215801e-05,0.00030880088452249764,-0.9448693275451661,0.0018098056316375732,0.009657227247953416
160,131072000,0.00020459999999999996,0.13512784957885743,0.0,0.0,1.0,34.112969140950796,884074.6496727044,0.0002706221537664533,0.0003082779236137867,-0.9547785758972168,0.002500917576253414,0.018126586079597475
161,131891200,0.00020399999999999997,0.1350422668457031,0.0,0.0,1.0,34.077389858686615,878329.1622795763,-2.2539310157299043e-05,0.0003044210374355316,-0.9642081260681152,0.0019705072045326233,0.010460815578699111
162,132710400,0.00020339999999999996,0.13501319885253907,0.0,0.0,1.0,34.0757500207762,869675.4870205129,2.7147968648932874e-05,0.0003068838268518448,-0.9712940216064453,0.0019526615738868713,0.0118985578417778
163,133529600,0.00020279999999999997,0.1350209617614746,0.0,0.0,1.0,34.20114366808582,874695.3742571879,-0.00010881377384066581,0.0003047747304663062,-0.9813708305358887,0.0018904618918895721,0.00874633938074112
164,134348800,0.00020219999999999995,0.1349788475036621,0.0,0.0,1.0,34.192322167858485,877868.7312574207,-7.678621914237737e-05,0.0003070439212024212,-0.991872501373291,0.002404481917619705,0.015855590999126434
165,135168000,0.00020159999999999997,0.13517748832702636,0.0,0.0,1.0,34.08797739267755,873756.1658496875,2.0724639762192963e-05,0.00030442646238952874,-0.9991214752197266,0.0019935037940740584,0.00956420823931694
166,135987200,0.00020099999999999995,0.1350830936431885,0.0,0.0,1.0,34.12009006755066,870357.1760997438,2.493016072548926e-05,0.0003007404040545225,-1.0058950424194335,0.002118002623319626,0.010947145521640778
167,136806400,0.00020039999999999997,0.13520116806030275,0.0,0.0,1.0,34.10841619170446,869595.1937572635,-9.476927807554603e-05,0.000298210303299129,-1.0158041000366211,0.0019309328868985175,0.009276609122753143
168,137625600,0.00019979999999999995,0.13491392135620117,0.0,0.0,1.0,34.05585825396165,866507.0209093925,-7.311648805625736e-05,0.0003037671558558941,-1.026382827758789,0.001699868217110634,0.007611938565969467
169,138444800,0.00019919999999999996,0.13503979682922362,0.0,0.0,1.0,34.02228955669932,870966.4760805933,-9.907674975693226e-05,0.00030280565842986105,-1.0388290405273437,0.0017806962132453918,0.0076744377613067625
170,139264000,0.00019859999999999995,0.13506777763366698,0.0,0.0,1.0,34.17751232144349,880529.450213096,-2.2329745115712284e-05,0.0003030977677553892,-1.0487226486206054,0.0022022588178515433,0.011879636347293854
171,140083200,0.00019799999999999996,0.13505420684814454,0.0,0.0,1.0,34.09978777412509,865711.6866629804,-7.62073090299964e-05,0.0002989800879731774,-1.0559051513671875,0.0019136352464556694,0.009236206114292145
172,140902400,0.00019739999999999995,0.1352153205871582,0.0,0.0,1.0,34.118995133718755,870698.619134949,-4.3307349551469086e-05,0.0003017006441950798,-1.0647849082946776,0.001985449716448784,0.009555661678314209
173,141721600,0.00019679999999999999,0.1349737548828125,0.0,0.0,1.0,34.12304036024016,886322.3192102693,1.3354368275031447e-05,0.0003287611529231071,-1.0721336364746095,0.0019780738279223443,0.010133666545152664
174,142540800,0.0001962,0.1351518440246582,0.0,0.0,1.0,34.00937992861293,879283.0253496589,-7.770374068059028e-05,0.00029474422335624696,-1.0819665908813476,0.0017589276656508445,0.007184569537639618
175,143360000,0.00019559999999999998,0.13513837814331053,0.0,0.0,1.0,34.123953866011576,879321.4732634656,-4.230125341564417e-07,0.0002932362724095583,-1.0919034957885743,0.0022401360794901846,0.012241208553314209
176,144179200,0.000195,0.13517049789428712,0.0,0.0,1.0,34.032041172076035,874679.8027806043,-0.00010090956930071115,0.00029676896519958973,-1.1019943237304688,0.0019931817427277566,0.009479616582393647
177,144998400,0.00019439999999999998,0.13508056640625,0.0,0.0,1.0,34.069618142404536,877867.0893898646,-7.046133978292347e-05,0.00029417409095913174,-1.1129385948181152,0.0018300157040357589,0.008197876811027526
178,145817600,0.0001938,0.135089750289917,0.0,0.0,1.0,34.043647992026244,867803.5148908619,-5.944240838289261e-05,0.00030070680659264324,-1.1212387084960938,0.001932179369032383,0.00946643128991127
179,146636800,0.00019319999999999998,0.1350691318511963,0.0,0.0,1.0,34.04317954696869,879975.1105141661,3.748905728571117e-05,0.0002946652704849839,-1.1295490264892578,0.002121162973344326,0.011281371861696244
180,147456000,0.0001926,0.13525184631347656,0.0,0.0,1.0,34.13581325677194,869676.5854852049,-4.629623144865036e-05,0.0002956390148028731,-1.1370338439941405,0.0018989691510796548,0.009250731766223907
181,148275200,0.00019199999999999998,0.13533432006835938,0.0,0.0,1.0,34.159951718971115,867036.4709497744,5.849306471645832e-05,0.00029754580464214087,-1.1420111656188965,0.002066371589899063,0.011940428614616394
182,149094400,0.0001914,0.13504947662353517,0.0,0.0,1.0,34.13249342956072,858650.3988076426,0.00019645919091999532,0.0002940000733360648,-1.1493824958801269,0.002494714595377445,0.017164546251296996
183,149913600,0.00019079999999999998,0.13519332885742188,0.0,0.0,1.0,34.13035335247846,879143.7079328647,0.00012163894716650247,0.00029874807223677634,-1.159421443939209,0.002380935661494732,0.015954954922199248
184,150732800,0.0001902,0.13519572257995605,0.0,0.0,1.0,34.03994181213633,873922.9944461979,6.365950684994459e-06,0.00032206685282289984,-1.167500114440918,0.002013590559363365,0.010387205332517625
185,151552000,0.00018959999999999997,0.13518022537231444,0.0,0.0,1.0,34.045537643343856,870704.6085832567,-0.00019150784937664865,0.0002953299321234226,-1.1770198822021485,0.0018435969948768615,0.008060912042856217
186,152371200,0.00018899999999999999,0.1351774787902832,0.0,0.0,1.0,34.11251459062865,874568.1971165391,0.00012529973173514009,0.0002974581206217408,-1.1857775688171386,0.002336263470351696,0.015428465604782105
187,153190400,0.00018839999999999997,0.13515380859375,0.0,0.0,1.0,34.04903590425532,870496.5833827398,0.00011287817033007741,0.00029760235920548437,-1.1954198837280274,0.002660219743847847,0.01992138922214508
188,154009600,0.00018779999999999998,0.13509833335876464,0.0,0.0,1.0,33.96632898779374,857809.707772123,0.0001211605267599225,0.00029364724177867175,-1.2058474540710449,0.002223961055278778,0.015230834484100342
189,154828800,0.0001872,0.1352170181274414,0.0,0.0,1.0,34.14563187729243,867070.5351671138,-0.0001066586934030056,0.0002904758555814624,-1.2145064353942872,0.0020154837518930437,0.010230223834514617
190,155648000,0.00018659999999999998,0.13520149230957032,0.0,0.0,1.0,33.98595342670092,867173.9711087918,-3.060445887967944e-05,0.00029112568590790034,-1.2254753112792969,0.0021692248061299323,0.012266112118959427
191,156467200,0.000186,0.1352132034301758,0.0,0.0,1.0,34.01944571404828,874988.9227765838,2.745542151387781e-05,0.00029232932720333336,-1.2351067543029786,0.0019856721162796022,0.010233395546674729
192,157286400,0.00018539999999999998,0.13511122703552247,0.0,0.0,1.0,33.92359587765407,871667.630833049,0.00027496214024722574,0.00028993613086640834,-1.2426385879516602,0.0026091525331139566,0.01983361691236496
193,158105600,0.0001848,0.13520570755004882,0.0,0.0,1.0,34.10413890739507,879684.9502882576,0.00010362990433350205,0.00029358025640249254,-1.2522704124450683,0.0022048158571124077,0.013276119530200959
194,158924800,0.00018419999999999998,0.13515278816223145,0.0,0.0,1.0,34.099750415973375,865403.4671863854,-3.862788435071707e-05,0.00029079464729875326,-1.261624813079834,0.0018129853531718254,0.009179930388927459
195,159744000,0.0001836,0.1353570556640625,0.0,0.0,1.0,34.037637978255454,868330.0140158492,1.9249663455411792e-05,0.00028973829466849566,-1.2707749366760255,0.0022503534331917764,0.01348278671503067
196,160563200,0.00018299999999999998,0.13517635345458984,0.0,0.0,1.0,33.98633664188712,881560.3493265307,-4.4169233296997847e-05,0.000286260386928916,-1.280558204650879,0.001924772746860981,0.008989380300045013
197,161382400,0.0001824,0.1351762580871582,0.0,0.0,1.0,33.989832337317395,885114.3975665454,7.469321717508137e-05,0.00028826403431594374,-1.2927122116088867,0.0021880291402339934,0.012482788413763046
198,162201600,0.00018179999999999997,0.13527147293090822,0.0,0.0,1.0,34.03082931693535,880122.2297552319,-2.1160041796974838e-05,0.0002886494854465127,-1.3022065162658691,0.0019137687981128693,0.010252439975738525
199,163020800,0.00018119999999999999,0.1353759002685547,0.0,0.0,1.0,34.17937387969486,889480.0727275246,6.266819545999169e-05,0.0003273738780990243,-1.3108627319335937,0.0022934073582291602,0.014632201194763184
200,163840000,0.00018059999999999997,0.13522940635681152,0.0,0.0,1.0,34.027559219016695,872390.7297723369,-8.186104241758585e-05,0.00028716069646179677,-1.3192149162292481,0.0018071578815579414,0.007383421063423157
201,164659200,0.00017999999999999998,0.13526973724365235,0.0,0.0,1.0,34.01332669074605,878853.5674693108,0.000125971925444901,0.0002847135532647371,-1.329906177520752,0.0023059964179992674,0.013664914667606354
202,165478400,0.00017939999999999997,0.13534473419189452,0.0,0.0,1.0,34.010067531176205,880399.6704601595,-5.307633546181023e-05,0.0002872507087886333,-1.3379915237426758,0.0019053163006901741,0.009544676542282105
203,166297600,0.00017879999999999998,0.13534088134765626,0.0,0.0,1.0,34.04227459783015,881339.9416515293,3.72886483091861e-05,0.00028777115512639283,-1.3441505432128906,0.0023063745349645613,0.015469235181808472
204,167116800,0.00017819999999999997,0.13523646354675292,0.0,0.0,1.0,33.98487304159914,877386.5688149866,0.0007785172201693058,0.00029512192122638226,-1.3501561164855957,0.0033792011439800263,0.033651736378669736
205,167936000,0.0001776,0.1353150749206543,0.0,0.0,1.0,34.02689669507379,886494.7414509444,0.0003632619511336088,0.0003517045173794031,-1.3573457717895507,0.0028014225885272027,0.023042237758636473
206,168755200,0.00017700000000000002,0.1352631950378418,0.0,0.0,1.0,34.05998588567396,881023.6581758268,-4.6423819730989636e-05,0.0003161193802952766,-1.3635122299194335,0.0021156128495931625,0.011450927704572678
207,169574400,0.0001764,0.13534860610961913,0.0,0.0,1.0,34.162156518834045,877984.5891047079,1.01668483694084e-06,0.00028804733883589504,-1.3708086967468263,0.0019767289981245995,0.009452882409095763
208,170393600,0.00017580000000000002,0.13523107528686523,0.0,0.0,1.0,34.028158484924,885524.559344419,-4.965228145010769e-05,0.0002891757758334279,-1.3799006462097168,0.0020472481846809387,0.010288818925619125
209,171212800,0.0001752,0.13530246734619142,0.0,0.0,1.0,34.112451637059536,876213.7186447526,2.07063858397305e-05,0.00028718316461890937,-1.3910687446594239,0.0020008455961942674,0.010530152171850205
210,172032000,0.00017460000000000002,0.1351075267791748,0.0,0.0,1.0,34.12164691203993,876086.7686798712,-4.865229711867869e-05,0.0002863330766558647,-1.401108169555664,0.0018191272392868996,0.008203125
211,172851200,0.000174,0.13520299911499023,0.0,0.0,1.0,33.99006773885218,880070.553358309,3.654677711892873e-05,0.0002848332980647683,-1.4073711395263673,0.0019846152514219283,0.011425048112869263
212,173670400,0.0001734,0.13521833419799806,0.0,0.0,1.0,34.03616711702349,878523.5088801007,-6.222333759069443e-05,0.00028967694379389286,-1.4111601829528808,0.0017134156078100204,0.00819396898150444
213,174489600,0.0001728,0.13531883239746093,0.0,0.0,1.0,34.081005818786366,876059.8563546737,-4.242236609570682e-05,0.00028270701877772806,-1.4204536437988282,0.002051208354532719,0.010932983458042144
214,175308800,0.0001722,0.13531410217285156,0.0,0.0,1.0,33.96148424543947,884890.6283626782,4.728709172923118e-05,0.0002841370878741145,-1.4290246963500977,0.00226843748241663,0.013903443515300751
215,176128000,0.0001716,0.13517078399658203,0.0,0.0,1.0,34.00004150755437,879868.3101550958,8.274174761027097e-05,0.00028410686645656823,-1.4375289916992187,0.002193248085677624,0.012952637672424317
216,176947200,0.000171,0.13524389266967773,0.0,0.0,1.0,34.061192294918634,880183.3095852754,1.0429293615743518e-05,0.0002847348107025027,-1.446988868713379,0.0022103359922766687,0.013320189714431763
217,177766400,0.0001704,0.13522287368774413,0.0,0.0,1.0,34.041701313820056,879573.2073949814,5.567122716456652e-05,0.0002801892580464482,-1.4533461570739745,0.0022781049832701684,0.014805051684379577
218,178585600,0.0001698,0.13525590896606446,0.0,0.0,1.0,34.03088498150227,866765.6107881984,0.00032262830063700676,0.00028352553490549324,-1.4598108291625977,0.002777714096009731,0.02252795696258545
219,179404800,0.0001692,0.1352960205078125,0.0,0.0,1.0,34.050709264112484,879247.8948472302,0.00010652730707079172,0.00030811375472694635,-1.4682513236999513,0.0022210735827684403,0.013243530690670014
220,180224000,0.0001686,0.13533536911010743,0.0,0.0,1.0,34.040703705240446,887390.7948302531,0.00016855454305186868,0.000327077298425138,-1.4769585609436036,0.0024712903425097464,0.01713012605905533
221,181043200,0.000168,0.1351725387573242,0.0,0.0,1.0,33.929791114058354,882218.4035997039,4.2370439041405915e-05,0.00028508626855909823,-1.4856298446655274,0.001954646036028862,0.009998901933431625
222,181862400,0.0001674,0.1352170944213867,0.0,0.0,1.0,34.02523135660041,874201.3779762584,1.899475755635649e-05,0.000280626630410552,-1.4958325386047364,0.0020105676725506783,0.009806030243635178
223,182681600,0.0001668,0.13534932136535643,0.0,0.0,1.0,34.136549536766545,878472.2628479041,5.031956825405359e-05,0.0002934415824711323,-1.5062911987304688,0.0019152341410517693,0.010218260437250137
224,183500800,0.0001662,0.13534767150878907,0.0,0.0,1.0,34.02765454620838,870152.4133522988,2.7769961161538958e-05,0.0002861265791580081,-1.5173604011535644,0.002221072278916836,0.012505003809928894
225,184320000,0.0001656,0.13527438163757324,0.0,0.0,1.0,34.00946215139442,873752.6776048052,-1.5178922330960631e-05,0.0002808221150189638,-1.5256467819213868,0.002198020741343498,0.013497434556484222
226,185139200,0.000165,0.13527727127075195,0.0,0.0,1.0,33.91684293476007,878990.1907538837,0.00011884961277246475,0.0002825634554028511,-1.5335810661315918,0.0023516599088907243,0.014741943776607513
227,185958400,0.0001644,0.1353324508666992,0.0,0.0,1.0,34.016583541147135,877411.177738646,-9.175488958135247e-05,0.000279405596666038,-1.5434948921203613,0.0018694758415222167,0.008252564817667007
228,186777600,0.0001638,0.13553716659545897,0.0,0.0,1.0,33.98018981308798,872381.0743294276,2.0319106988608836e-05,0.0003008701140061021,-1.5524922370910645,0.0019332338124513626,0.009577390551567078
229,187596800,0.0001632,0.13524391174316405,0.0,0.0,1.0,34.042101325796935,879540.3559318389,0.0003049195511266589,0.00028578878846019506,-1.5588177680969237,0.002732281945645809,0.021763184666633607
230,188416000,0.0001626,0.13538087844848634,0.0,0.0,1.0,33.998797029908324,878318.5038287699,0.00027834270149469377,0.00030870935879647734,-1.5632183074951171,0.0024735160171985627,0.01784949004650116
231,189235200,0.000162,0.13519034385681153,0.0,0.0,1.0,33.94751496010638,873961.859442771,0.00016713313525542616,0.00047410051338374614,-1.5689258575439453,0.0020855719223618506,0.012621213495731354
232,190054400,0.0001614,0.13542360305786133,0.0,0.0,1.0,34.1218853820598,882501.3285715084,0.00024204023648053408,0.00035290783271193507,-1.5751439094543458,0.0026840701699256896,0.01925720423460007
233,190873600,0.0001608,0.1352527332305908,0.0,0.0,1.0,33.95488285299606,878219.6268041768,0.00028013493865728376,0.00040322430431842803,-1.5837722778320313,0.00257839635014534,0.019040162861347198
234,191692800,0.0001602,0.1351654052734375,0.0,0.0,1.0,33.94982806479678,874912.173701348,0.00030793137848377227,0.0006506824865937233,-1.5906098365783692,0.00266426932066679,0.02061438262462616
235,192512000,0.0001596,0.13527055740356445,0.0,0.0,1.0,33.94416601085201,882894.1915072921,0.0005852682050317525,0.00037995942402631045,-1.595960807800293,0.003049187175929546,0.027199220657348634
236,193331200,0.000159,0.13538339614868164,0.0,0.0,1.0,34.079779917469054,877871.203488738,5.5948918452486394e-05,0.00027514006942510607,-1.6021457672119142,0.0019419636577367783,0.009066283702850342
237,194150400,0.0001584,0.13526958465576172,0.0,0.0,1.0,34.021012931034484,875446.5965510828,0.0001975919120013714,0.0002789298305287957,-1.6106285095214843,0.002480584941804409,0.01736217588186264
238,194969600,0.0001578,0.1354077911376953,0.0,0.0,1.0,34.11935886761032,885143.7233193414,0.00010011566337198019,0.0002797823864966631,-1.6173322677612305,0.0022346192970871927,0.01414172500371933
239,195788800,0.0001572,0.1352362823486328,0.0,0.0,1.0,33.96150012459507,878434.2479587672,9.26444074138999e-05,0.0002783926436677575,-1.6241886138916015,0.0022073227912187575,0.01291564702987671
240,196608000,0.00015659999999999998,0.1351236343383789,0.0,0.0,1.0,33.96516504048163,872874.406245509,-3.4418946597725155e-06,0.00027818207163363693,-1.6348651885986327,0.0020460143685340883,0.011046262830495835
241,197427200,0.000156,0.1354055881500244,0.0,0.0,1.0,34.09368372905318,872869.4118163348,0.00024313472677022218,0.0002763412659987807,-1.6443378448486328,0.0024307040497660638,0.01822228878736496
242,198246400,0.00015539999999999998,0.13551658630371094,0.0,0.0,1.0,34.14913631633715,881976.6295833967,0.00022096838802099228,0.00027992925606667995,-1.651617431640625,0.0025905348360538484,0.017936526238918303
243,199065600,0.0001548,0.1353678035736084,0.0,0.0,1.0,34.161570230695425,878757.5693027155,2.235194551758468e-05,0.0002800590358674526,-1.658049964904785,0.002125365659594536,0.013251587748527527
244,199884800,0.00015419999999999998,0.13514636039733888,0.0,0.0,1.0,33.85015492666805,887693.0154175728,0.0001062998897396028,0.0002792720450088382,-1.6646047592163087,0.002390754409134388,0.015147946774959564
245,200704000,0.0001536,0.1353267765045166,0.0,0.0,1.0,33.981759389768676,881872.0019073819,1.9482428615447134e-05,0.0002777684712782502,-1.6724588394165039,0.002138233557343483,0.010853638499975204
246,201523200,0.00015299999999999998,0.13528234481811524,0.0,0.0,1.0,33.969250560212465,870400.8912050908,-4.313206009101123e-05,0.00027767701540142297,-1.6803621292114257,0.00215002316981554,0.012025999277830124
247,202342400,0.0001524,0.13538883209228517,0.0,0.0,1.0,34.033419236844296,880892.9916811875,1.7409241991117597e-05,0.0002774955937638879,-1.6860334396362304,0.0017641013488173484,0.007187499850988388
248,203161600,0.00015179999999999998,0.135428524017334,0.0,0.0,1.0,34.03370507027072,875161.5413575664,9.401034330949187e-05,0.00027763601392507555,-1.6929885864257812,0.002351851761341095,0.01468469500541687
249,203980800,0.0001512,0.13535472869873047,0.0,0.0,1.0,34.03424143964009,871732.661508484,0.00029725427739322183,0.00027686830144375564,-1.7006731033325195,0.0027210548520088195,0.021049076318740846
250,204800000,0.00015059999999999997,0.13532304763793945,0.0,0.0,1.0,34.134940461320674,873576.7819364895,-2.540998684708029e-06,0.0002783938543871045,-1.7077318191528321,0.002035140246152878,0.010163574665784835
251,205619200,0.00015,0.13536958694458007,0.0,0.0,1.0,34.05515148996301,876534.4469915886,0.0001483787433244288,0.0002762997290119529,-1.7151430130004883,0.0022797735407948496,0.014862790703773499
252,206438400,0.0001494,0.13548219680786133,0.0,0.0,1.0,34.04388480239372,874042.8482457517,0.00022642791736871004,0.000280087604187429,-1.7222185134887695,0.002233147993683815,0.015086059272289277
253,207257600,0.00014879999999999998,0.13537675857543946,0.0,0.0,1.0,34.014209148697496,876660.0706832946,8.162152953445911e-05,0.0002764594042673707,-1.7300785064697266,0.002399695850908756,0.016817142069339753
254,208076800,0.0001482,0.1354975700378418,0.0,0.0,1.0,34.0053906120418,877137.1300331197,0.0003758246544748545,0.00027435363736003635,-1.7366479873657226,0.0024749409407377244,0.018521972000598907
255,208896000,0.00014759999999999998,0.13540740966796874,0.0,0.0,1.0,34.066411610595914,875952.0820538021,8.772716973908246e-05,0.0002791701350361109,-1.7417402267456055,0.002029065042734146,0.012392575293779374
256,209715200,0.000147,0.1353508472442627,0.0,0.0,1.0,33.92908095554081,874484.7005408782,8.157323463819921e-05,0.00027861620765179396,-1.749578857421875,0.0022575562819838525,0.014711546897888183
257,210534400,0.00014639999999999998,0.13540521621704102,0.0,0.0,1.0,34.03278008298755,876448.1280171077,0.00013055750168859958,0.00027794751804322004,-1.7586774826049805,0.002420952171087265,0.016617676615715025
258,211353600,0.0001458,0.1352972412109375,0.0,0.0,1.0,33.93948807157058,873075.7086912522,0.00015961192548274994,0.00029227666091173886,-1.7677057266235352,0.002375701442360878,0.015401853621006012
259,212172800,0.00014519999999999998,0.1353408432006836,0.0,0.0,1.0,34.005187152460785,878847.6010501556,0.00011572922812774777,0.0003462856635451317,-1.7737922668457031,0.002370482496917248,0.015566770732402802
260,212992000,0.0001446,0.1353237247467041,0.0,0.0,1.0,34.00423517688092,879516.3415212039,3.427150659263134e-05,0.0003230101894587278,-1.7797447204589845,0.0022191751748323442,0.012710325419902802
261,213811200,0.00014399999999999998,0.13541332244873047,0.0,0.0,1.0,34.03123310459555,871169.3534142375,0.0014598610810935496,0.0019528713077306748,-1.7836532592773438,0.004893225058913231,0.0559343159198761
262,214630400,0.0001434,0.13548501014709471,0.0,0.0,1.0,34.07738070474685,882772.5299928668,0.00023721023462712764,0.001645584963262081,-1.7883430480957032,0.00232578981667757,0.015149043500423431
263,215449600,0.00014279999999999997,0.13546586990356446,0.0,0.0,1.0,34.064166008233876,883057.6041936994,0.00012178767938166856,0.00034737708047032355,-1.7917356491088867,0.0020194875076413156,0.012147217988967896
264,216268800,0.0001422,0.13527276039123534,0.0,0.0,1.0,33.9747738776865,864445.1288351573,0.0005774112418293953,0.00030418708920478823,-1.7978450775146484,0.002948404848575592,0.026218867301940917
265,217088000,0.00014159999999999997,0.13545251846313477,0.0,0.0,1.0,34.01064799469672,878207.1257669992,0.0001738156657665968,0.0002835981082171202,-1.8051517486572266,0.0023514941334724427,0.01633080989122391
266,217907200,0.00014099999999999998,0.1352812957763672,0.0,0.0,1.0,34.07757293270631,876207.4799096552,4.390030808281154e-05,0.00028147913981229066,-1.813299560546875,0.0019993653520941736,0.010301637649536132
267,218726400,0.00014039999999999997,0.13540985107421874,0.0,0.0,1.0,33.95357128052066,878892.3317389067,0.00012159424368292093,0.0002759481780230999,-1.8196136474609375,0.002177256532013416,0.014449706673622132
268,219545600,0.00013979999999999998,0.13548730850219726,0.0,0.0,1.0,34.077355193075896,876736.6613986773,0.00040752640925347807,0.000275273690931499,-1.8256671905517579,0.003014305606484413,0.02606823742389679
269,220364800,0.00013919999999999997,0.1353863525390625,0.0,0.0,1.0,34.05392136467651,881976.1993471719,0.00021973741240799427,0.00027564074844121933,-1.8306396484375,0.0024798940867185593,0.01647290289402008
270,221184000,0.00013859999999999998,0.13557677268981932,0.0,0.0,1.0,34.17984502582903,871625.6052159823,2.0151256467215718e-05,0.0002718056784942746,-1.8357675552368165,0.002126113884150982,0.011876952648162842
271,222003200,0.00013799999999999997,0.1352621841430664,0.0,0.0,1.0,34.0698032364075,875725.0424043726,7.882609497755766e-05,0.00027609386015683415,-1.8428272247314452,0.0022036230191588404,0.013252320885658263
272,222822400,0.00013739999999999998,0.13528149604797363,0.0,0.0,1.0,34.020766706815635,881913.5288486074,0.00018551843240857124,0.00027894428931176665,-1.849123191833496,0.0023666258901357652,0.017234866321086884
273,223641600,0.00013679999999999996,0.13538267135620116,0.0,0.0,1.0,34.00344284055085,875795.5338688134,0.00016751792281866074,0.00027487976476550104,-1.8555654525756835,0.0023427821695804598,0.015173093974590301
274,224460800,0.00013619999999999998,0.13537574768066407,0.0,0.0,1.0,33.877282325177,876124.0223784999,0.0002754160203039646,0.00027461377903819083,-1.8623054504394532,0.002375801093876362,0.016748777031898497
275,225280000,0.00013559999999999996,0.13535314559936523,0.0,0.0,1.0,34.01022146507666,881548.8611212837,0.0008568149991333484,0.0003303824458271265,-1.868537139892578,0.0032881323248147966,0.03197167217731476
276,226099200,0.00013499999999999997,0.13550089836120605,0.0,0.0,1.0,34.09212987984867,877894.6604809958,0.00014479309320449829,0.00027174493297934534,-1.8763723373413086,0.002224835008382797,0.013587036728858947
277,226918400,0.0001344,0.13547401428222655,0.0,0.0,1.0,34.010535484673774,877352.3217080531,-5.54782513063401e-05,0.00027308270800858737,-1.8842458724975586,0.001921951398253441,0.009697998315095902
278,227737600,0.00013379999999999997,0.13532438278198242,0.0,0.0,1.0,33.89949083081508,882533.635448445,0.00011043722042813897,0.00027691891882568597,-1.8916418075561523,0.002412707731127739,0.015878906846046446
279,228556800,0.00013319999999999999,0.13525320053100587,0.0,0.0,1.0,34.02118996177497,877815.0283325963,1.3002924970351159e-05,0.00027632645796984436,-1.8983205795288085,0.002076149359345436,0.01226757988333702
280,229376000,0.00013259999999999997,0.1353604507446289,0.0,0.0,1.0,34.05135989353739,868103.8149545278,0.00012394016375765203,0.000273986579850316,-1.9043441772460938,0.002441498637199402,0.01625988632440567
281,230195200,0.00013199999999999998,0.13542333602905274,0.0,0.0,1.0,34.16948446739402,879546.1334373831,5.538724362850189e-05,0.0002731632441282272,-1.9100797653198243,0.002274865470826626,0.014421996474266053
282,231014400,0.00013139999999999997,0.1354355812072754,0.0,0.0,1.0,33.96110143485112,880446.354015365,8.72155069373548e-05,0.0002724232850596309,-1.916019821166992,0.0022587932646274565,0.013010376691818237
283,231833600,0.0001308,0.13541362762451173,0.0,0.0,1.0,34.00087165864187,881184.5809159656,3.348215250298381e-05,0.0002776626031845808,-1.9226972579956054,0.0018767377361655236,0.009974852204322815
284,232652800,0.0001302,0.13543429374694824,0.0,0.0,1.0,34.06590531561462,885273.3858054427,0.0001666150870732963,0.0002750894986093044,-1.9264116287231445,0.0023725442588329315,0.016460569202899934
285,233472000,0.0001296,0.13528982162475586,0.0,0.0,1.0,33.92770634591456,878682.1688581394,-2.359945065109059e-05,0.00027589118108153345,-1.9333269119262695,0.00193218681961298,0.010669432580471039
286,234291200,0.000129,0.1352985095977783,0.0,0.0,1.0,33.902409738323946,883456.6885148454,4.62161930045113e-05,0.00027265897952020166,-1.9433298110961914,0.002365043759346008,0.013959109783172607
287,235110400,0.0001284,0.13546133041381836,0.0,0.0,1.0,34.07389387890885,870604.3340527118,0.0006910997442901134,0.0002744227182120085,-1.9511377334594726,0.003025037981569767,0.027999880909919738
288,235929600,0.0001278,0.13533700942993165,0.0,0.0,1.0,34.03343452405706,875662.6442729417,0.00016565544065088033,0.00027403803542256353,-1.9578350067138672,0.002399022504687309,0.015314944088459015
289,236748800,0.0001272,0.13538254737854005,0.0,0.0,1.0,34.00808927238032,871812.6399348559,0.00019285967573523521,0.00027453191578388216,-1.9647974014282226,0.0023915236815810204,0.016240724921226503
290,237568000,0.00012660000000000001,0.13541484832763673,0.0,0.0,1.0,34.01568074338339,882788.0352259793,0.00032068898435682057,0.00027725056279450657,-1.9716320037841797,0.0026222700253129005,0.020210206508636475
291,238387200,0.000126,0.13533992767333985,0.0,0.0,1.0,34.034263378934675,876534.6878511012,0.00045822462998330594,0.000803458783775568,-1.977695846557617,0.002816864848136902,0.023314571380615233
292,239206400,0.0001254,0.1354523181915283,0.0,0.0,1.0,34.08231770725011,872901.2860651038,0.00052376389503479,0.00029866439290344716,-1.9842262268066406,0.0030832568183541296,0.028080812096595763
293,240025600,0.0001248,0.13547346115112305,0.0,0.0,1.0,34.04442595673877,876098.9469887827,2.968401531688869e-05,0.00028111389838159084,-1.9930112838745118,0.0022661061957478523,0.013406370580196381
294,240844800,0.0001242,0.1354708480834961,0.0,0.0,1.0,33.97292478646654,876162.7569926291,0.00033556600101292133,0.0004471486434340477,-2.0013965606689452,0.0027891192585229874,0.02172289937734604
295,241664000,0.0001236,0.13534547805786132,0.0,0.0,1.0,33.955114389920425,875740.0484263892,-0.00011743907816708088,0.0002785201882943511,-2.008264923095703,0.0017979497089982033,0.008579222857952118
296,242483200,0.000123,0.13540090560913087,0.0,0.0,1.0,33.979871609028784,882813.368286204,0.0002108735730871558,0.00027594948187470436,-2.0134149551391602,0.002521182782948017,0.0179081991314888
297,243302400,0.0001224,0.135235595703125,0.0,0.0,1.0,33.808224268197016,874665.0191975692,-5.012079491280019e-05,0.00027269800193607807,-2.021645927429199,0.0018203090876340866,0.008685179799795151
298,244121600,0.00012179999999999999,0.13547174453735353,0.0,0.0,1.0,33.94987157179551,873811.200743052,0.001297893188893795,0.00027755936607718466,-2.0292266845703124,0.0038718927651643755,0.041735097765922546
299,244940800,0.00012119999999999999,0.13547797203063966,0.0,0.0,1.0,34.053779553779556,883122.6775197434,0.00010193234775215387,0.00026729176752269266,-2.0355377197265625,0.00227496512234211,0.01369030624628067
300,245760000,0.00012059999999999999,0.13533897399902345,0.0,0.0,1.0,34.033176929784496,877332.4755196389,0.00039641824550926683,0.00027559357695281503,-2.043533706665039,0.0026627622544765474,0.02144799679517746
301,246579200,0.00011999999999999999,0.13544528007507325,0.0,0.0,1.0,33.9442693647371,876368.6607099227,-5.2144814981147646e-05,0.00027106590569019317,-2.048640251159668,0.002048013359308243,0.011839476972818374
302,247398400,0.0001194,0.1353879165649414,0.0,0.0,1.0,34.003235708952126,884604.4861698506,-2.6312925911042838e-06,0.00027123396284878254,-2.055364990234375,0.0024314217269420626,0.014842897653579712
303,248217600,0.0001188,0.13547610282897948,0.0,0.0,1.0,33.989708689517805,880151.9330504884,9.36415046453476e-05,0.00027189888060092927,-2.061839485168457,0.0020690253004431725,0.012817381322383881
304,249036800,0.0001182,0.13542691230773926,0.0,0.0,1.0,33.90331926165052,872946.0654027712,9.444018360227346e-05,0.00027147463988512753,-2.066609764099121,0.0024184178560972213,0.016708618402481078
305,249856000,0.0001176,0.1353547477722168,0.0,0.0,1.0,33.845396641574986,879969.7492697076,0.00012140941107645631,0.00026838695630431174,-2.0742197036743164,0.0022565007209777834,0.014833734929561615
306,250675200,0.000117,0.13541890144348145,0.0,0.0,1.0,34.01003774524037,879521.0222771112,4.921568906866014e-05,0.0002728985622525215,-2.081637382507324,0.0024015255272388457,0.01534423828125
307,251494400,0.0001164,0.13533971786499024,0.0,0.0,1.0,33.93715564025022,877637.4089376507,2.4804845452308656e-06,0.0002715775277465582,-2.0874290466308594,0.0019401011988520623,0.010581910610198975
308,252313600,0.0001158,0.13542901039123534,0.0,0.0,1.0,33.98156911581569,885639.1239434608,0.00045837792567908763,0.0002712826943024993,-2.0933696746826174,0.0029869161546230314,0.026387572288513184
309,253132800,0.0001152,0.1353254508972168,0.0,0.0,1.0,33.97250289879079,881539.4878051826,0.00024579656310379504,0.00027818840462714436,-2.0985576629638674,0.0022119732573628427,0.01610693633556366
310,253952000,0.0001146,0.1353707218170166,0.0,0.0,1.0,34.038304774579935,867490.2252147382,0.0006113300565630198,0.00034872381947934625,-2.1047439575195312,0.003004520945250988,0.027490851283073426
311,254771200,0.00011399999999999999,0.13538894653320313,0.0,0.0,1.0,33.998425523099236,872916.1952525671,0.00011016626376658678,0.0002971490379422903,-2.11121826171875,0.0021789347752928733,0.013451658189296722
312,255590400,0.00011339999999999999,0.1355849838256836,0.0,0.0,1.0,33.93828079755109,879414.4303587871,0.00024719859939068554,0.0002738759154453874,-2.115231513977051,0.002374017983675003,0.016577397286891938
313,256409600,0.00011279999999999999,0.13531755447387694,0.0,0.0,1.0,33.871879923708434,874202.1197376847,0.00037227377761155366,0.00027842298150062563,-2.1208206176757813,0.0031304981559514998,0.026959839463233947
314,257228800,0.00011219999999999999,0.1354135227203369,0.0,0.0,1.0,34.10691351847219,877066.5118666627,0.00012180674821138382,0.0002750226529315114,-2.125602912902832,0.002260483242571354,0.01499657928943634
315,258048000,0.00011159999999999999,0.13548233032226562,0.0,0.0,1.0,33.96885856079405,872834.5660895618,0.00012777538504451513,0.0002740686060860753,-2.129385566711426,0.0021869538351893423,0.013565188646316529
316,258867200,0.00011099999999999999,0.13547725677490235,0.0,0.0,1.0,34.07685262281432,863332.9773283573,0.00013251416385173798,0.0002727236365899444,-2.1351058959960936,0.002202066220343113,0.012735718488693237
317,259686400,0.00011039999999999999,0.13532086372375488,0.0,0.0,1.0,33.90215952341552,880071.9470226123,0.0004606844857335091,0.00027425345033407213,-2.1416498184204102,0.002866339311003685,0.023481446504592895
318,260505600,0.00010979999999999999,0.13539753913879393,0.0,0.0,1.0,34.00938226502823,879815.3785175101,1.3544762623496354e-05,0.00027189527172595264,-2.1504655838012696,0.002352449670433998,0.014509887993335724
319,261324800,0.00010919999999999998,0.13542865753173827,0.0,0.0,1.0,33.99484750270091,875025.06711355,0.00025667937006801367,0.00027022783178836106,-2.158061408996582,0.002398768439888954,0.017529296875
320,262144000,0.00010859999999999998,0.13557583808898926,0.0,0.0,1.0,34.05504625212594,882310.2920278987,3.3695407910272476e-05,0.00027205126825720073,-2.166497230529785,0.002116934023797512,0.012008789181709289
321,262963200,0.00010799999999999998,0.13552066802978516,0.0,0.0,1.0,34.05385704765078,878316.0724901927,0.00028702788986265657,0.00028261051047593353,-2.1729875564575196,0.0026132483035326004,0.020203612744808197
322,263782400,0.00010739999999999998,0.13550209999084473,0.0,0.0,1.0,34.04149705076016,875823.2137136902,0.00036149618681520225,0.000305249379016459,-2.1779685974121095,0.002738436870276928,0.02199292629957199
323,264601600,0.00010679999999999998,0.13551439285278322,0.0,0.0,1.0,33.93154712605599,884362.427031628,0.0006540459580719471,0.0007756197825074196,-2.182789611816406,0.0030766524374485015,0.02771764397621155
324,265420800,0.00010619999999999998,0.13552579879760743,0.0,0.0,1.0,34.05559020414952,879720.3567990618,0.0001234851311892271,0.0004618048667907715,-2.186686134338379,0.0022588856518268585,0.01563464105129242
325,266240000,0.00010559999999999998,0.13548662185668944,0.0,0.0,1.0,34.00544721194228,880602.1465774318,2.6187932235188782e-05,0.0003755116602405906,-2.1885391235351563,0.0019381595775485039,0.009281127899885177
326,267059200,0.00010499999999999999,0.13554563522338867,0.0,0.0,1.0,34.086761406133135,886049.5337638729,7.526946719735861e-05,0.00028520182240754366,-2.191959762573242,0.002174627035856247,0.014040039479732513
327,267878400,0.00010439999999999999,0.13542571067810058,0.0,0.0,1.0,34.006721712792,883086.6692463883,4.263341543264687e-05,0.0002746314043179154,-2.194778060913086,0.002151069603860378,0.013658812642097473
328,268697600,0.00010379999999999999,0.13533574104309082,0.0,0.0,1.0,33.9409984244133,879968.923740702,0.0005066944286227226,0.00027583385817706583,-2.197525215148926,0.002709144726395607,0.022532224655151367
329,269516800,0.00010319999999999999,0.13549375534057617,0.0,0.0,1.0,33.94843058599727,887514.0595723018,0.00010718589182943106,0.0002653138246387243,-2.2010412216186523,0.002475005201995373,0.016237546503543854
330,270336000,0.00010259999999999999,0.13534825325012206,0.0,0.0,1.0,33.98176304420073,881885.4162914305,0.00028159350622445343,0.00027293399907648566,-2.2054876327514648,0.0024703705683350565,0.01871240437030792
331,271155200,0.00010199999999999999,0.135543155670166,0.0,0.0,1.0,33.93930743452898,883790.0505066029,0.00039860503748059275,0.00027277099434286356,-2.210945701599121,0.002854972518980503,0.023802609741687776
332,271974400,0.00010139999999999998,0.1353616714477539,0.0,0.0,1.0,33.89282896649089,885040.5001667966,0.0001003328594379127,0.00028857095167040826,-2.2162214279174806,0.0023152131587266924,0.014115847647190094
333,272793600,0.00010079999999999998,0.13546579360961913,0.0,0.0,1.0,34.05315270527799,865678.2835466064,0.00048594577237963675,0.0002719628158956766,-2.2231609344482424,0.0029332142323255537,0.02510974109172821
334,273612800,0.00010019999999999998,0.13531784057617188,0.0,0.0,1.0,34.060573237793704,861654.936274493,0.00044364137575030326,0.0002801904454827309,-2.228707695007324,0.0028089860454201697,0.02406860589981079
335,274432000,9.959999999999998e-05,0.13547067642211913,0.0,0.0,1.0,33.99200265197033,882496.2625467562,0.0002612705808132887,0.0002704303013160825,-2.2347015380859374,0.00256365817040205,0.019701048731803894
336,275251200,9.899999999999998e-05,0.13541362762451173,0.0,0.0,1.0,33.94633073219326,877471.1130788806,6.105902721174062e-05,0.0002715990412980318,-2.240142250061035,0.0020987726747989655,0.012126465141773225
337,276070400,9.839999999999998e-05,0.13551072120666505,0.0,0.0,1.0,33.99252770974304,873323.4861268613,-3.971761907450855e-05,0.0002720822114497423,-2.2461275100708007,0.0020114872604608536,0.00939318686723709
338,276889600,9.779999999999998e-05,0.13544584274291993,0.0,0.0,1.0,33.997470873585144,882867.6433421014,0.00015770732425153257,0.0002688454929739237,-2.2525051116943358,0.0024808866903185843,0.01666271686553955
339,277708800,9.719999999999998e-05,0.1355464267730713,0.0,0.0,1.0,33.971035511540215,865376.8213198964,2.9742848710156977e-05,0.00026679225265979767,-2.256964111328125,0.0021054597571492197,0.011454103142023086
340,278528000,9.659999999999998e-05,0.13548654556274414,0.0,0.0,1.0,34.025220890197865,877476.725126305,-7.199233514256775e-05,0.0002712393878027797,-2.264522361755371,0.001949538290500641,0.009727783501148224
341,279347200,9.599999999999998e-05,0.13533883094787597,0.0,0.0,1.0,33.941110464633034,885717.9735337395,0.0001476578530855477,0.000270879827439785,-2.2704999923706053,0.002295899949967861,0.015135499835014343
342,280166400,9.539999999999997e-05,0.13553740501403808,0.0,0.0,1.0,34.039784500621636,879862.7147807692,0.00017876337515190243,0.0002712812274694443,-2.2764076232910155,0.0023069057613611223,0.01687670648097992
343,280985600,9.479999999999997e-05,0.13542381286621094,0.0,0.0,1.0,34.030970320109894,876402.0331716326,0.0001327987527474761,0.0002671226393431425,-2.285657501220703,0.002391144633293152,0.015896974503993987
344,281804800,9.419999999999997e-05,0.13543617248535156,0.0,0.0,1.0,33.943300037302606,885311.0900873031,0.00032240301370620725,0.00027527869679033756,-2.2928518295288085,0.002647382952272892,0.0196037620306015
345,282624000,9.360000000000001e-05,0.13560280799865723,0.0,0.0,1.0,34.04004985459078,881255.0098201837,-2.3108700406737626e-05,0.0002874945290386677,-2.2973384857177734,0.002036772854626179,0.009644166380167008
346,283443200,9.300000000000001e-05,0.13563180923461915,0.0,0.0,1.0,34.031742074868085,876348.5193619932,0.00038142199628055096,0.0002843151101842523,-2.302248954772949,0.00269224289804697,0.02358069121837616
347,284262400,9.240000000000001e-05,0.1353624153137207,0.0,0.0,1.0,33.9324525801375,882768.4728166166,-4.538416396826505e-06,0.00026722101029008627,-2.3074872970581053,0.0018961811438202858,0.009325072914361954
348,285081600,9.180000000000001e-05,0.13541767120361328,0.0,0.0,1.0,34.07732579881165,876817.1735048457,0.00021283484529703854,0.0002697164425626397,-2.3141447067260743,0.002508009411394596,0.017094478011131287
349,285900800,9.120000000000001e-05,0.13544536590576173,0.0,0.0,1.0,33.98364738109073,881264.1183913443,3.595859452616423e-05,0.00026824933011084797,-2.318639945983887,0.001848485693335533,0.009256834536790848
350,286720000,9.06e-05,0.13542547225952148,0.0,0.0,1.0,33.839485759166635,886336.5637234238,0.00011157244443893433,0.000270079355686903,-2.3232566833496096,0.0021720508113503454,0.011702637374401092
351,287539200,9e-05,0.1355522346496582,0.0,0.0,1.0,33.97280291426915,881561.7828331239,9.127342491410673e-05,0.00028804400935769083,-2.3278934478759767,0.0021733775734901427,0.014512449502944946
352,288358400,8.94e-05,0.1354677200317383,0.0,0.0,1.0,34.049112155362415,887108.0552208163,8.046115981414914e-05,0.0002677297918125987,-2.335824966430664,0.002307923696935177,0.013862670958042144
353,289177600,8.88e-05,0.13543609619140626,0.0,0.0,1.0,33.89604164945046,885316.2276877206,3.1462119659408926e-05,0.0002681520767509937,-2.3420997619628907,0.0021426912397146227,0.012554565072059631
354,289996800,8.82e-05,0.13529037475585937,0.0,0.0,1.0,33.98301001121588,872599.5468845611,4.590022726915777e-05,0.00028181716334074736,-2.344857406616211,0.0019485114142298698,0.011248411983251572
355,290816000,8.76e-05,0.13554261207580567,0.0,0.0,1.0,33.9393361786765,880687.832391471,0.00012745647691190243,0.0002710794098675251,-2.3484918594360353,0.0021109415218234064,0.013619628548622132
356,291635200,8.7e-05,0.13540397644042967,0.0,0.0,1.0,34.022502698663125,878865.6654181556,7.341460441239178e-05,0.00028491828124970197,-2.353559112548828,0.0020277366042137147,0.011367431282997132
357,292454400,8.64e-05,0.1355026149749756,0.0,0.0,1.0,34.06506264829538,863561.1747442618,6.690175505355e-05,0.0002687806263566017,-2.358646202087402,0.002004323899745941,0.011240109056234359
358,293273600,8.58e-05,0.13550807952880858,0.0,0.0,1.0,33.955682334945635,868285.0397333807,0.00020528063178062438,0.00028021116741001607,-2.3624343872070312,0.0023927440866827964,0.015734128654003143
359,294092800,8.52e-05,0.13539626121520995,0.0,0.0,1.0,34.03299492385787,880058.2747303676,0.0002008812502026558,0.0002688714303076267,-2.3663869857788087,0.002397994138300419,0.016748657822608946
360,294912000,8.46e-05,0.1353355121612549,0.0,0.0,1.0,34.01670614636579,873977.9459351236,0.00014766972744837404,0.00027283935341984036,-2.371527099609375,0.00237454604357481,0.01622948944568634
361,295731200,8.4e-05,0.13548425674438477,0.0,0.0,1.0,34.02538997676734,872893.9102727006,8.514006622135639e-05,0.000270372093655169,-2.3775350570678713,0.002277892641723156,0.01381213665008545
362,296550400,8.34e-05,0.1353798484802246,0.0,0.0,1.0,33.92473697291028,880217.4574453565,0.00010010835248976945,0.0002695324132218957,-2.384870147705078,0.0019640637561678886,0.011584105342626572
363,297369600,8.28e-05,0.13546514511108398,0.0,0.0,1.0,33.95550302728705,866642.8149342958,0.0005029766820371151,0.0002727630315348506,-2.390334129333496,0.002562934160232544,0.021915529668331147
364,298188800,8.22e-05,0.13531961441040039,0.0,0.0,1.0,34.00053968781136,871566.9348888845,0.0002115687821060419,0.00027563944458961485,-2.3946998596191404,0.0025104207918047903,0.01857190579175949
365,299008000,8.16e-05,0.13542556762695312,0.0,0.0,1.0,34.03439109486626,880590.3842588249,0.00013405128847807646,0.00044831885024905206,-2.396412658691406,0.002011197619140148,0.013358639180660247
366,299827200,8.1e-05,0.13546631813049317,0.0,0.0,1.0,34.033308414320125,876653.8301774211,8.83038155734539e-06,0.0012777339667081832,-2.3979942321777346,0.0019246039912104607,0.010377807915210724
367,300646400,8.04e-05,0.13548000335693358,0.0,0.0,1.0,33.97500622768413,864730.0483624019,7.616241928189992e-05,0.0002822201233357191,-2.3991634368896486,0.0020140767097473144,0.012158449739217758
368,301465600,7.98e-05,0.13539494514465333,0.0,0.0,1.0,34.01812525922853,878952.2138063743,0.0001754624769091606,0.00027277404442429545,-2.4000797271728516,0.0021538516506552697,0.013728636503219604
369,302284800,7.92e-05,0.13545278549194337,0.0,0.0,1.0,33.94224949214377,879455.9224695535,0.00019514220766723157,0.00027255755849182607,-2.40265007019043,0.0024314258247613908,0.016537474095821382
370,303104000,7.86e-05,0.1356241798400879,0.0,0.0,1.0,34.020601428808774,880522.901965578,0.00017599023412913085,0.0002687586238607764,-2.407596969604492,0.00227474644780159,0.015204347670078278
371,303923200,7.8e-05,0.13552217483520507,0.0,0.0,1.0,34.05142904619475,882079.4669751637,-3.532308910507709e-05,0.00026871387381106616,-2.4128610610961916,0.0018387701362371444,0.00788256973028183
372,304742400,7.74e-05,0.1355105972290039,0.0,0.0,1.0,34.01032766486935,883331.1562143281,6.553977727890015e-05,0.00026902027893811465,-2.417493438720703,0.0020795147866010666,0.010703124850988389
373,305561600,7.68e-05,0.13538198471069335,0.0,0.0,1.0,33.993316728933166,880394.3681470599,9.602284408174455e-05,0.00026818262413144114,-2.4198766708374024,0.0019205192103981972,0.010164061933755875
374,306380800,7.62e-05,0.13553690910339355,0.0,0.0,1.0,33.92453143141483,877331.5667691685,-9.40491008805111e-06,0.00026691663078963755,-2.424209785461426,0.0019520491361618042,0.010190918296575546
375,307200000,7.56e-05,0.13555252075195312,0.0,0.0,1.0,34.067503533128274,878374.4362257279,2.6911275926977397e-05,0.0002692739712074399,-2.428866958618164,0.002028956077992916,0.011463255435228348
376,308019200,7.5e-05,0.13538052558898925,0.0,0.0,1.0,33.94320016559718,869577.7726001408,8.449554443359374e-05,0.0002668106695637107,-2.4324724197387697,0.0020413976162672043,0.012296748906373977
377,308838400,7.439999999999999e-05,0.13557016372680664,0.0,0.0,1.0,34.06795550185409,880909.5242381206,5.536880344152451e-05,0.0002705876482650638,-2.436958885192871,0.0018590392544865608,0.008553710579872132
378,309657600,7.379999999999999e-05,0.1355171775817871,0.0,0.0,1.0,33.93916318337955,871915.9587342362,0.0001193554257042706,0.0002665915060788393,-2.441092300415039,0.002153049223124981,0.012627442181110383
379,310476800,7.319999999999999e-05,0.13554668426513672,0.0,0.0,1.0,33.87757380302654,867788.8275661307,4.433361464180052e-05,0.0002679637400433421,-2.4451507568359374,0.0021992892026901243,0.014017942547798156
380,311296000,7.259999999999999e-05,0.13555479049682617,0.0,0.0,1.0,33.94694520434386,859391.7001808768,0.00022713851649314165,0.0002712097018957138,-2.4482818603515626,0.0022956639528274535,0.01640307605266571
381,312115200,7.199999999999999e-05,0.13537192344665527,0.0,0.0,1.0,33.854407872973866,874236.9515782455,3.2804996590130034e-05,0.00026855927426368,-2.451943588256836,0.0024475930258631706,0.015241822600364685
382,312934400,7.139999999999999e-05,0.13557207107543945,0.0,0.0,1.0,34.07352146627322,870447.064336745,4.5727577526122334e-05,0.00026860772632062433,-2.4553190231323243,0.001908312551677227,0.010167479515075684
383,313753600,7.079999999999999e-05,0.13551485061645507,0.0,0.0,1.0,34.10346118645478,868360.9298672217,0.00033965124748647213,0.00030608067754656076,-2.4583606719970703,0.0026718733832240106,0.021062618494033812
384,314572800,7.019999999999999e-05,0.1354768180847168,0.0,0.0,1.0,33.904755981258035,875433.6502603103,-1.711462828097865e-05,0.00026693434920161964,-2.4634891510009767,0.002698109857738018,0.0173037126660347
385,315392000,6.959999999999998e-05,0.13534889221191407,0.0,0.0,1.0,33.889173236471706,871844.2207964323,-6.123781204223633e-05,0.0002680919831618667,-2.468062400817871,0.0016923112794756888,0.00813903585076332
386,316211200,6.899999999999998e-05,0.13549738883972168,0.0,0.0,1.0,34.017864561695056,864062.5473182485,7.198147941380739e-05,0.0002688949927687645,-2.4732587814331053,0.002038731798529625,0.01167248710989952
387,317030400,6.839999999999998e-05,0.1354314613342285,0.0,0.0,1.0,33.97231561034325,869236.9098349274,0.00026803682558238504,0.0002933264710009098,-2.4776378631591798,0.002446931041777134,0.017335568368434907
388,317849600,6.779999999999998e-05,0.13545671463012696,0.0,0.0,1.0,33.97612929962702,872931.7624742732,0.0002420961856842041,0.00028784945607185364,-2.481005096435547,0.0022643646225333214,0.015613527595996856
389,318668800,6.72e-05,0.1353709316253662,0.0,0.0,1.0,33.94867749034589,861144.4751082154,-2.9615010134875774e-05,0.000269298767670989,-2.485263633728027,0.0019657406955957413,0.011404172331094743
390,319488000,6.659999999999999e-05,0.1354833126068115,0.0,0.0,1.0,34.11483532497814,870785.2115992666,-5.517802783288062e-05,0.0002690355759114027,-2.4899391174316405,0.0020007897168397904,0.009833984822034837
391,320307200,6.599999999999999e-05,0.13564443588256836,0.0,0.0,1.0,33.999875621890546,884378.8953454108,1.9424170022830368e-05,0.0002655363641679287,-2.4934581756591796,0.001836562529206276,0.009319823980331422
392,321126400,6.539999999999999e-05,0.13547342300415038,0.0,0.0,1.0,34.00365797896662,883599.9945616382,0.00012742222752422095,0.0002684778766706586,-2.4947656631469726,0.0023363666608929635,0.015710325539112092
393,321945600,6.479999999999999e-05,0.13558050155639648,0.0,0.0,1.0,34.07287163285667,880500.3707972978,-0.0001247716252692044,0.0002666242886334658,-2.500654602050781,0.0016533534973859787,0.006336914747953415
394,322764800,6.419999999999999e-05,0.13556740760803224,0.0,0.0,1.0,34.027006845052895,881286.4752069421,6.037105049472302e-06,0.0002669234527274966,-2.5067779541015627,0.0020161934196949007,0.010327266901731491
395,323584000,6.359999999999999e-05,0.13551510810852052,0.0,0.0,1.0,34.03400341282724,875985.4341363867,0.0005108443088829518,0.00026665341574698686,-2.5107538223266603,0.002850228548049927,0.022593505680561066
396,324403200,6.299999999999999e-05,0.13553455352783203,0.0,0.0,1.0,34.095681449769316,880807.5296629558,-3.85508086765185e-05,0.0002679092576727271,-2.514102745056152,0.0018184565007686615,0.008714720606803894
397,325222400,6.239999999999999e-05,0.13538955688476562,0.0,0.0,1.0,33.94541837622778,886645.1906784746,0.00012748572044074535,0.0002684408100321889,-2.516542434692383,0.0021913038566708566,0.013702391088008881
398,326041600,6.179999999999998e-05,0.13561391830444336,0.0,0.0,1.0,33.944361587538324,870744.9654392012,-5.30182383954525e-05,0.00026549166068434715,-2.519972038269043,0.001700894348323345,0.007485230267047882
399,326860800,6.119999999999998e-05,0.13554855346679687,0.0,0.0,1.0,34.02105481727575,871481.4228869124,4.363857442513108e-05,0.0002675322815775871,-2.5234149932861327,0.0014859383925795555,0.005553221702575684
400,327680000,6.059999999999998e-05,0.13552014350891115,0.0,0.0,1.0,34.08121848564404,876228.6353664291,9.69075714237988e-05,0.00026627490296959877,-2.526572036743164,0.002172006852924824,0.013101439177989959
401,328499200,5.999999999999998e-05,0.13539995193481447,0.0,0.0,1.0,33.9308077257124,871245.146899502,4.9576582387089727e-05,0.00026816616300493477,-2.5298742294311523,0.0018977440893650054,0.010634886473417282
402,329318400,5.939999999999998e-05,0.135510196685791,0.0,0.0,1.0,33.93855257168867,867930.9977197688,0.00017614196985960007,0.00027007642202079294,-2.5334285736083983,0.002408057637512684,0.01614721566438675
403,330137600,5.879999999999998e-05,0.13551424980163573,0.0,0.0,1.0,33.93821434487328,862619.6984421302,-1.2329482706263661e-05,0.00026545790024101734,-2.5355707168579102,0.001708686538040638,0.007138793170452118
404,330956800,5.819999999999998e-05,0.1355564498901367,0.0,0.0,1.0,33.995888533576974,868044.933745269,-1.0875168663915247e-05,0.00026697763241827487,-2.5377376556396483,0.0016167785972356797,0.007155886292457581
405,331776000,5.759999999999998e-05,0.13547445297241212,0.0,0.0,1.0,34.00286271418496,869860.8267367928,-2.905538713093847e-05,0.0002676352625712752,-2.5416589736938477,0.0016500603407621384,0.0072917483747005464
406,332595200,5.6999999999999976e-05,0.13551557540893555,0.0,0.0,1.0,33.998544456458454,867377.8009026555,4.795985296368599e-06,0.00026881014928221704,-2.544799041748047,0.002120491489768028,0.01202441230416298
407,333414400,5.639999999999998e-05,0.13564215660095214,0.0,0.0,1.0,34.02630048196776,874466.2755130875,-4.7520973021164535e-05,0.0002666398882865906,-2.5483444213867186,0.0017691453918814658,0.0075095206499099735
408,334233600,5.5800000000000015e-05,0.13550374984741212,0.0,0.0,1.0,34.04527313544525,869617.5025575361,1.104686816688627e-06,0.00026657546404749153,-2.5525318145751954,0.001978597603738308,0.009231200814247132
409,335052800,5.5200000000000014e-05,0.1354149627685547,0.0,0.0,1.0,33.90060801588287,855036.346811972,-0.00011018700897693633,0.00026897138450294734,-2.5575090408325196,0.001971469074487686,0.00859314128756523
410,335872000,5.460000000000001e-05,0.13559480667114257,0.0,0.0,1.0,33.99622954215869,869869.238483229,0.00018961713649332524,0.000267266109585762,-2.5614748001098633,0.0020631743595004083,0.012672850489616394
411,336691200,5.400000000000001e-05,0.13548821449279785,0.0,0.0,1.0,34.00141248805617,874484.2795389954,-0.0001648182049393654,0.0002660976955667138,-2.5644893646240234,0.0018736664205789566,0.007553345710039139
412,337510400,5.340000000000001e-05,0.13546479225158692,0.0,0.0,1.0,33.963482446676075,873966.3961644251,1.5830507618375122e-05,0.00026765428483486173,-2.568035125732422,0.001749500259757042,0.006915528327226639
413,338329600,5.280000000000001e-05,0.135487060546875,0.0,0.0,1.0,33.925301404482745,877245.6066992722,-0.00010873256251215934,0.0002685226732864976,-2.57067756652832,0.001846630498766899,0.008373168110847474
414,339148800,5.220000000000001e-05,0.13545369148254394,0.0,0.0,1.0,33.96682542969559,877847.3458439941,3.126438823528588e-05,0.0002684637438505888,-2.5719297409057615,0.0018574612215161324,0.008530151098966599
415,339968000,5.160000000000001e-05,0.13560838699340821,0.0,0.0,1.0,33.976634352473276,882329.3654970888,-0.00011296502780169248,0.00026541214901953936,-2.5755456924438476,0.001593860611319542,0.006012328714132309
416,340787200,5.1000000000000006e-05,0.13546974182128907,0.0,0.0,1.0,33.878902045209905,878580.4169019158,0.0003625794081017375,0.00027669621631503104,-2.579464149475098,0.0021359615027904512,0.01594860851764679
417,341606400,5.0400000000000005e-05,0.13557737350463867,0.0,0.0,1.0,34.124682463665515,887356.1680308853,-3.183075750712305e-05,0.00026739630848169325,-2.5809106826782227,0.0014912130311131478,0.00564269982278347
418,342425600,4.9800000000000004e-05,0.13562725067138673,0.0,0.0,1.0,34.07046002828384,881792.451688374,-4.038008046336472e-05,0.0002648824360221624,-2.5821226119995115,0.0016771944239735604,0.006434204429388047
419,343244800,4.92e-05,0.13559080123901368,0.0,0.0,1.0,34.07989519214773,888398.0488818733,-5.071901250630617e-05,0.0002659631660208106,-2.5842311859130858,0.0019907377660274505,0.010289184004068374
420,344064000,4.86e-05,0.13555564880371093,0.0,0.0,1.0,33.99576991664247,879538.9054659996,1.95354237803258e-05,0.00026885741390287877,-2.586573028564453,0.0019494803622364999,0.011041627079248429
421,344883200,4.800000000000001e-05,0.13557228088378906,0.0,0.0,1.0,33.95665339306454,875382.2311170971,9.981358889490365e-05,0.0002663110150024295,-2.5888439178466798,0.0019854722544550897,0.011261598020792008
422,345702400,4.740000000000001e-05,0.13525819778442383,0.0,0.0,1.0,33.91525283456095,881765.9781356413,-7.73073872551322e-05,0.00026860574726015327,-2.5909910202026367,0.0013181752525269984,0.004356444254517556
423,346521600,4.6800000000000006e-05,0.13566021919250487,0.0,0.0,1.0,34.06794178794179,867128.2114495946,-7.648674654774368e-05,0.0002702867379412055,-2.5942266464233397,0.0018085254356265067,0.007300171256065369
424,347340800,4.6200000000000005e-05,0.1356243896484375,0.0,0.0,1.0,34.108806131800385,875927.2114553113,0.0002834040904417634,0.00027045272290706637,-2.597610282897949,0.002429385110735893,0.018678100407123567
425,348160000,4.5600000000000004e-05,0.13556550979614257,0.0,0.0,1.0,34.03002616387724,879240.09018346,2.5459635071456433e-05,0.0002666094806045294,-2.599678611755371,0.0016534028574824334,0.007237426936626434
426,348979200,4.5e-05,0.13549394607543946,0.0,0.0,1.0,33.96664733178654,867574.8262936068,1.5642342623323203e-05,0.0002652001800015569,-2.6011940002441407,0.0016697958111763001,0.008428467065095901
427,349798400,4.44e-05,0.13551605224609375,0.0,0.0,1.0,33.9501370090509,868505.0028462443,-7.987996214069426e-05,0.0002668585162609816,-2.6033864974975587,0.0017892278730869294,0.006950926780700683
428,350617600,4.38e-05,0.13564651489257812,0.0,0.0,1.0,34.02096218504836,874878.0838077797,-7.132865721359849e-05,0.0002689889399334788,-2.607044792175293,0.0015243654139339923,0.006459105759859085
429,351436800,4.32e-05,0.1355596923828125,0.0,0.0,1.0,33.996722127712545,881622.5739879193,1.2172115384601057e-05,0.0002647058106958866,-2.6120201110839845,0.0016895083710551262,0.006604736298322677
430,352256000,4.26e-05,0.1356516647338867,0.0,0.0,1.0,34.05748607531798,876506.2747663544,-8.219843730330467e-05,0.000267619569785893,-2.615516471862793,0.0015189665369689464,0.005197387933731079
431,353075200,4.2e-05,0.135606689453125,0.0,0.0,1.0,34.105092091007585,874317.0256362052,-0.00011030678870156407,0.00026776024606078863,-2.618094825744629,0.0016064137220382691,0.006154418364167214
432,353894400,4.14e-05,0.13537654876708985,0.0,0.0,1.0,33.94455732946299,874274.2180045651,1.0607333388179541e-05,0.00026835459284484385,-2.620681953430176,0.0019075091928243636,0.010152708739042282
433,354713600,4.08e-05,0.13559114456176757,0.0,0.0,1.0,34.032320969214176,876754.344146665,-0.0001028499798849225,0.0002676130970939994,-2.6227392196655273,0.00155482217669487,0.0050178226083517075
434,355532800,4.02e-05,0.13558364868164063,0.0,0.0,1.0,33.992448446122566,878338.4920074702,6.338281673379242e-05,0.0002684554550796747,-2.625680351257324,0.001679878681898117,0.007097534090280533
435,356352000,3.96e-05,0.13551862716674803,0.0,0.0,1.0,34.00813041855063,882001.6580711796,-4.570400924421847e-05,0.0002676076954230666,-2.6281593322753904,0.0016784407198429108,0.0065634757280349735
436,357171200,3.9e-05,0.13565263748168946,0.0,0.0,1.0,33.985355735324625,882929.8539522287,0.00010768849169835448,0.00026625751052051784,-2.6296104431152343,0.0019189858809113502,0.010421870648860932
437,357990400,3.84e-05,0.13551846504211426,0.0,0.0,1.0,34.01720984369804,880458.451569832,-0.00017697121948003768,0.0002660290338099003,-2.631608009338379,0.0016389496624469758,0.0048437494784593586
438,358809600,3.78e-05,0.13558679580688476,0.0,0.0,1.0,34.02112266112266,887423.7086957841,-0.00020384786184877158,0.00026359804905951023,-2.635137748718262,0.0015173682011663913,0.004428587853908539
439,359628800,3.7199999999999996e-05,0.135460205078125,0.0,0.0,1.0,34.04269784023546,882372.906738519,-7.125771371647715e-05,0.0002686732681468129,-2.6384130477905274,0.001396264787763357,0.0037749018520116806
440,360448000,3.6599999999999995e-05,0.1355168914794922,0.0,0.0,1.0,33.99452304883615,886657.264117416,-0.00011542877182364464,0.00026788448449224236,-2.640463638305664,0.0017020037397742272,0.006105102598667145
441,361267200,3.5999999999999994e-05,0.13568029403686524,0.0,0.0,1.0,33.98782969885774,881618.1723758846,-0.00012409033952280878,0.00026652889791876075,-2.642256164550781,0.001814144104719162,0.006663087010383606
442,362086400,3.539999999999999e-05,0.13542497634887696,0.0,0.0,1.0,33.885077399380805,877145.5772584013,-8.434033370576798e-05,0.0002660728059709072,-2.6443321228027346,0.0014068018645048141,0.005490967258810997
443,362905600,3.479999999999999e-05,0.13559947967529296,0.0,0.0,1.0,33.946512303415076,876400.7497783194,-0.00017833465244621038,0.00026724589988589285,-2.6472332000732424,0.001527272816747427,0.0049232177436351774
444,363724800,3.419999999999999e-05,0.13559545516967775,0.0,0.0,1.0,33.89866148888705,877205.0131062178,-4.3548987014219166e-05,0.000264153303578496,-2.648908996582031,0.0016456808894872665,0.006378173828125
445,364544000,3.36e-05,0.13544635772705077,0.0,0.0,1.0,33.96476649493103,872302.9928853125,-6.129626999609172e-05,0.0002666813088580966,-2.650528907775879,0.0015194104984402657,0.004983275383710861
446,365363200,3.2999999999999996e-05,0.13554794311523438,0.0,0.0,1.0,34.00062199369713,873495.9761957764,-9.962214389815926e-05,0.00026690021622925996,-2.652096176147461,0.0013147055171430111,0.004535767436027527
447,366182400,3.2399999999999995e-05,0.13549293518066408,0.0,0.0,1.0,33.93378417624362,877100.2521360846,-0.00010661967098712921,0.0002664186293259263,-2.654020881652832,0.0017200779169797898,0.006767700612545014
448,367001600,3.1799999999999994e-05,0.13560522079467774,0.0,0.0,1.0,33.96146515289633,872878.2586473277,-6.261020316742361e-05,0.00026296756695955994,-2.657194709777832,0.0017670832574367523,0.006529175490140915
449,367820800,3.119999999999999e-05,0.13551180839538574,0.0,0.0,1.0,33.9829995438902,856840.9922068365,-4.2974541429430246e-05,0.0002675534226000309,-2.6594738006591796,0.0019450491294264794,0.01066577062010765
450,368640000,3.059999999999999e-05,0.1354861831665039,0.0,0.0,1.0,33.90504020558733,867048.3950978006,-4.559749795589596e-05,0.00026301820762455466,-2.6610591888427733,0.0013935924507677555,0.005084595084190369
451,369459200,2.999999999999999e-05,0.13548370361328124,0.0,0.0,1.0,33.920520768753875,875582.1128575786,-0.00012031568912789226,0.00026725635398179294,-2.663351821899414,0.0016954956576228143,0.0065194092690944675
452,370278400,2.939999999999999e-05,0.13555173873901366,0.0,0.0,1.0,33.97523991525072,871205.4958837082,3.6186573561280964e-05,0.0002625894965603948,-2.664611053466797,0.0015013623982667924,0.006118651852011681
453,371097600,2.879999999999999e-05,0.13561391830444336,0.0,0.0,1.0,33.99112769485904,876467.0183034388,-0.0001462174579501152,0.0002637599129229784,-2.665879249572754,0.001628132164478302,0.006154296174645424
454,371916800,2.819999999999999e-05,0.13552906036376952,0.0,0.0,1.0,33.915029428831964,876401.5195082343,-0.00010566790588200093,0.00026408424600958823,-2.667796325683594,0.0011644902639091014,0.002961426228284836
455,372736000,2.759999999999999e-05,0.1355086898803711,0.0,0.0,1.0,34.02430526752385,869938.9350946273,-0.00012914659455418587,0.0002661527832970023,-2.6696338653564453,0.0013492160476744175,0.0033350829035043716
456,373555200,2.699999999999999e-05,0.13558629989624024,0.0,0.0,1.0,33.92826392913321,882311.9777721562,-0.00014088242314755917,0.00026207431219518187,-2.671040344238281,0.0015744073316454887,0.0038001704961061478
457,374374400,2.6399999999999988e-05,0.13546379089355468,0.0,0.0,1.0,33.99426481589228,885478.8947655895,-0.00019237081287428736,0.00026755561120808127,-2.6723760604858398,0.0016876121982932091,0.005109253153204918
458,375193600,2.5799999999999987e-05,0.13560876846313477,0.0,0.0,1.0,33.91196294917918,880530.0077309287,-0.0001111859455704689,0.0002649104921147227,-2.673606109619141,0.0014812573790550232,0.0054010007530450824
459,376012800,2.5199999999999986e-05,0.13554494857788085,0.0,0.0,1.0,34.01631856496284,870856.7796698611,-0.00012658459600061177,0.0002616453217342496,-2.673628234863281,0.0012720860540866852,0.0031732186675071717
460,376832000,2.4599999999999985e-05,0.1355201530456543,0.0,0.0,1.0,34.01297567061759,882013.0174577634,-0.00018351322505623103,0.00026497654616832735,-2.675038528442383,0.0015111223794519902,0.003809082135558128
461,377651200,2.3999999999999987e-05,0.13551599502563477,0.0,0.0,1.0,34.047850064270015,863671.113124112,-9.804337751120328e-05,0.0002634275471791625,-2.6769195556640626,0.0017844356596469879,0.005872803926467896
462,378470400,2.3399999999999986e-05,0.13550045013427733,0.0,0.0,1.0,34.03262947875967,869433.4382616588,-0.000127991393674165,0.00026928551960736513,-2.677536392211914,0.0017404163256287575,0.005858032777905464
463,379289600,2.2799999999999985e-05,0.13555238723754884,0.0,0.0,1.0,33.94093281418275,873464.3705359352,-7.465425878763198e-05,0.0002661034232005477,-2.6780860900878904,0.0012039246037602424,0.003104247897863388
464,380108800,2.2199999999999984e-05,0.13548009872436523,0.0,0.0,1.0,34.058691215062275,876827.9509124148,-0.0001319953822530806,0.00026443826500326394,-2.6792463302612304,0.0011318640783429146,0.0025222167372703553
465,380928000,2.1599999999999983e-05,0.1356275463104248,0.0,0.0,1.0,33.9709095423322,872304.1085944852,-0.00010843905620276928,0.00026435181498527525,-2.6795766830444334,0.001449484657496214,0.0036173094063997268
466,381747200,2.0999999999999982e-05,0.13546656608581542,0.0,0.0,1.0,33.86582037710883,881453.8344981419,-0.00022838125005364418,0.00026529834140092133,-2.6810844421386717,0.0016453184187412262,0.0035043951123952866
467,382566400,2.0399999999999984e-05,0.1355287551879883,0.0,0.0,1.0,33.969120942973355,877307.2180329094,-8.609221549704671e-05,0.00026595317758619784,-2.6831472396850584,0.0016581835225224495,0.0045053701847791675
468,383385600,1.9799999999999983e-05,0.13556281089782715,0.0,0.0,1.0,33.942472561606955,874931.555683718,-0.00011098399991169572,0.00026770189870148895,-2.684367370605469,0.0013227056711912154,0.0026169436052441595
469,384204800,1.9199999999999982e-05,0.1355479335784912,0.0,0.0,1.0,34.05160083160083,882839.999801865,-0.00010382537730038166,0.0002665684325620532,-2.685560607910156,0.001234206184744835,0.002725219167768955
470,385024000,1.8600000000000015e-05,0.1356005096435547,0.0,0.0,1.0,34.056054184326435,877313.1578676236,-0.00010191359324380755,0.00026642957236617805,-2.6863527297973633,0.001044240314513445,0.002329467795789242
471,385843200,1.8000000000000014e-05,0.1356342315673828,0.0,0.0,1.0,33.92051993211078,873928.5427487441,-8.721903432160616e-05,0.00026830316055566074,-2.6864429473876954,0.001149231381714344,0.002460082992911339
472,386662400,1.7400000000000013e-05,0.13553064346313476,0.0,0.0,1.0,33.88151971918232,881196.4407715104,-0.00011731040431186556,0.00026597585529088976,-2.6877546310424805,0.0014259297400712966,0.0029027098789811134
473,387481600,1.6800000000000012e-05,0.13552095413208007,0.0,0.0,1.0,34.00108166576528,863757.3222880175,-0.00015949474181979894,0.0002637361874803901,-2.6889814376831054,0.0014430773444473743,0.002496703714132309
474,388300800,1.6200000000000014e-05,0.13557523727416992,0.0,0.0,1.0,34.0134994807892,872490.9227442791,-7.987297140061855e-05,0.00026419106870889664,-2.689743423461914,0.0011061585508286953,0.001986083388328552
475,389120000,1.5600000000000013e-05,0.13563579559326172,0.0,0.0,1.0,34.098188315465805,881359.9878869593,-0.00026335185393691065,0.0002665709936991334,-2.6912513732910157,0.0018976949155330657,0.004551269859075546
476,389939200,1.5000000000000012e-05,0.13556352615356446,0.0,0.0,1.0,33.9968475194956,878783.1873658983,-0.00018485847394913434,0.00026346715167164804,-2.6927745819091795,0.001475046295672655,0.002660278230905533
477,390758400,1.4400000000000011e-05,0.1354512405395508,0.0,0.0,1.0,33.844274493592394,877285.0875901924,-0.0001379566267132759,0.00026503871195018294,-2.6940597534179687,0.00121523505076766,0.0025996098294854162
478,391577600,1.3800000000000012e-05,0.13559995651245116,0.0,0.0,1.0,33.92369228218519,870730.3749026887,-8.37221508845687e-05,0.00026558993849903347,-2.6951982498168947,0.0010533552616834641,0.002574828639626503
479,392396800,1.320000000000001e-05,0.1356005096435547,0.0,0.0,1.0,33.975285092266226,883209.6374173802,-0.00010778049472719431,0.0002654270268976688,-2.6956987380981445,0.0011592215858399868,0.0018992919474840164
480,393216000,1.260000000000001e-05,0.1355923080444336,0.0,0.0,1.0,34.016007298664675,863480.1297813402,-0.00013371224049478768,0.00026110608596354725,-2.695751190185547,0.0010728994384407997,0.0017148435115814209
481,394035200,1.2000000000000009e-05,0.13556072235107422,0.0,0.0,1.0,34.060333707818415,878306.0707946488,-0.00017758517060428858,0.0002631141571328044,-2.6965450286865233,0.0015347667038440704,0.002671264670789242
482,394854400,1.140000000000001e-05,0.13552211761474608,0.0,0.0,1.0,33.89629322841168,879918.0894561581,-0.00012251540319994093,0.00026486534625291824,-2.6970632553100584,0.0011776676401495934,0.0016550293192267417
483,395673600,1.0800000000000008e-05,0.13578972816467286,0.0,0.0,1.0,33.99324436339523,866912.0072374757,-0.000156006112229079,0.0002647665562108159,-2.6971500396728514,0.0014164550229907036,0.0017288818955421448
484,396492800,1.0200000000000007e-05,0.13555337905883788,0.0,0.0,1.0,33.97970556433503,876472.6541949611,-0.00020464113913476467,0.0002643482061102986,-2.6979650497436523,0.001461082324385643,0.002673949860036373
485,397312000,9.600000000000008e-06,0.13566131591796876,0.0,0.0,1.0,33.982061479824345,869199.6926029137,-0.00010581377428025008,0.0002668640110641718,-2.6989294052124024,0.0014812985435128212,0.002496581897139549
486,398131200,9.000000000000007e-06,0.13552223205566405,0.0,0.0,1.0,33.88765161236908,869658.0744686582,-0.00015066590858623386,0.0002648406196385622,-2.6992523193359377,0.0011294876225292684,0.0022896729409694672
487,398950400,8.400000000000006e-06,0.13549192428588866,0.0,0.0,1.0,33.922221763028475,861259.0707845152,-8.968284237198532e-05,0.00026312058325856925,-2.6994285583496094,0.0012561228126287461,0.001225707959383726
488,399769600,7.800000000000007e-06,0.13571711540222167,0.0,0.0,1.0,33.97161001120657,853587.5086207084,-0.00016014897264540195,0.0002613599877804518,-2.699839973449707,0.0012869421392679215,0.002028320170938969
489,400588800,7.200000000000006e-06,0.1353635597229004,0.0,0.0,1.0,33.96231259835998,860861.8998446031,-0.00012961233733221889,0.0002665031934157014,-2.7001089096069335,0.0009616655297577381,0.0014345701783895493
490,401408000,6.600000000000005e-06,0.13562103271484374,0.0,0.0,1.0,33.98876031686782,864832.545040447,-7.070715073496104e-05,0.0002647635759785771,-2.6999704360961916,0.001007941924035549,0.0011174315586686134
491,402227200,6.000000000000004e-06,0.1355207633972168,0.0,0.0,1.0,34.07246980424823,858117.437150903,-0.00012913047103211284,0.0002629187423735857,-2.7001874923706053,0.001111354772001505,0.0011817624792456627
492,403046400,5.400000000000004e-06,0.13553314208984374,0.0,0.0,1.0,33.920755968169765,851861.4410369322,-0.00010291120270267129,0.0002654650947079062,-2.700514793395996,0.0013857155106961727,0.001675659231841564
493,403865600,4.800000000000004e-06,0.13566341400146484,0.0,0.0,1.0,34.02216687422167,868286.0181216305,-0.00016536726616322994,0.00026491726748645306,-2.7008197784423826,0.001227687019854784,0.001335571426898241
494,404684800,4.200000000000003e-06,0.13564257621765136,0.0,0.0,1.0,34.02666611371459,861025.3933621333,-0.0001893716864287853,0.0002658076584339142,-2.701210784912109,0.001243038196116686,0.0015531005337834358
495,405504000,3.600000000000003e-06,0.1355396842956543,0.0,0.0,1.0,33.97377810970044,855298.1990839387,-0.0001684612361714244,0.00026240742299705745,-2.701278877258301,0.0009194161742925644,0.0015902100130915642
496,406323200,3.000000000000002e-06,0.1353460121154785,0.0,0.0,1.0,33.93680066307501,848777.2879324516,-0.00013765431940555574,0.0002667119959369302,-2.7012750625610353,0.0011691604740917683,0.0010861816816031932
497,407142400,2.400000000000002e-06,0.13551300048828124,0.0,0.0,1.0,33.899888351321174,867923.7243097646,-0.0001615452696569264,0.0002640426624566317,-2.7012699127197264,0.000881582498550415,0.001576538011431694
498,407961600,1.8000000000000014e-06,0.13535736083984376,0.0,0.0,1.0,33.925205343068114,868503.3934593695,-0.0001462913816794753,0.0002670756308361888,-2.7013008117675783,0.001103870663791895,0.001128417905420065
499,408780800,1.200000000000001e-06,0.13562459945678712,0.0,0.0,1.0,33.96485702445089,869163.9716531809,-0.00016645099967718124,0.000262073939666152,-2.701389694213867,0.0007847035303711891,0.0007259521633386612
500,409600000,6.000000000000005e-07,0.1355181884765625,0.0,0.0,1.0,33.9925790804693,875866.6787951742,-4.318262217566371e-05,0.00026414436288177965,-2.7014541625976562,0.0002171131083741784,1.928710989886895e-05
