update,env_steps,lr,reward_per_step,cost_per_step,violation_rate,success_rate,mean_episode_length,steps_per_sec,policy_loss,value_loss,entropy,approx_kl,clip_frac
1,819200,0.0003,-0.0041552260518074036,0.0,0.0,1.0,93.52362204724409,634412.2392795084,-0.0089970663189888,0.034527158737182616,1.8390310287475586,0.009143934398889542,0.12704259157180786
2,1638400,0.00029939999999999996,0.010457446575164795,0.0,0.0,1.0,312.0359712230216,887616.1941068779,-0.014631640911102296,0.03444020450115204,1.8318878173828126,0.011523688584566117,0.1686004638671875
3,2457600,0.0002988,0.009032222628593444,0.0,0.0,1.0,450.42745098039217,881437.5701125548,-0.016996598243713378,0.03032938838005066,1.8132410049438477,0.011965718865394593,0.1753050446510315
4,3276800,0.0002982,0.008010364770889282,0.0,0.0,1.0,568.630303030303,882463.419684243,-0.014560499787330627,0.024936263263225556,1.7870641708374024,0.009196243435144424,0.1270269989967346
5,4096000,0.00029759999999999997,0.01082589864730835,0.0,0.0,0.5676657584014533,797.7496215561611,889866.1668421391,-0.007507245987653732,0.024205139279365538,1.7515377044677733,0.004633532837033272,0.0498948872089386
6,4915200,0.00029699999999999996,0.016121253967285157,0.0,0.0,0.9714285714285714,265.08795518207285,885471.4780367301,-0.008855265378952027,0.026881036162376405,1.719160270690918,0.006758944690227508,0.087300044298172
7,5734400,0.0002964,0.009193788170814515,0.0,0.0,0.984838497033619,279.9762689518787,895525.5004478032,-0.010293426364660263,0.01701321601867676,1.6968561172485352,0.008136346936225891,0.11167099475860595
8,6553600,0.0002958,0.010343672037124633,0.0,0.0,0.9796355841371919,326.0225080385852,886000.1812295413,-0.009505540132522583,0.015351910889148713,1.677377700805664,0.007691916078329086,0.1031522274017334
9,7372800,0.00029519999999999997,0.016728712320327757,0.0,0.0,0.9710927573062261,339.0972045743329,875663.5099053559,-0.008016614615917206,0.01738254576921463,1.65899715423584,0.006477759778499603,0.07968395352363586
10,8192000,0.00029459999999999995,0.0290448260307312,0.0,0.0,0.9613005831418978,263.0970136066443,878738.6808884762,-0.007013336569070816,0.019263452291488646,1.6393701553344726,0.0054021976888179776,0.058936649560928346
11,9011200,0.000294,0.04376059532165527,0.0,0.0,0.9938514510575505,136.56148548942448,881196.0000405991,-0.007493996620178222,0.017574599385261534,1.6113594055175782,0.00581451915204525,0.06586242318153382
12,9830400,0.0002934,0.056268048286437986,0.0,0.0,0.999611575063119,89.66090503010294,876299.1889430686,-0.0077077895402908325,0.013583150506019593,1.575246238708496,0.006318441033363343,0.07548425197601319
13,10649600,0.00029279999999999996,0.06474101066589355,0.0,0.0,0.9999144714334588,72.45005131713992,876608.3488126379,-0.008249418437480926,0.010476077347993851,1.5326272964477539,0.007186008989810944,0.09036523699760438
14,11468800,0.00029219999999999995,0.07116724491119385,0.0,0.0,1.0,65.13768453768454,864128.0833771119,-0.008042974025011062,0.008485403656959534,1.4870972633361816,0.007547049969434738,0.09618018865585327
15,12288000,0.0002916,0.07786147594451905,0.0,0.0,1.0,59.50135289091427,862785.8332769636,-0.007482755929231644,0.007025404274463654,1.4411999702453613,0.00712849348783493,0.08897021412849426
16,13107200,0.00029099999999999997,0.08408832550048828,0.0,0.0,1.0,54.812574218234595,878839.6406090339,-0.007151468843221665,0.005895596742630005,1.398183822631836,0.007088212668895722,0.0892012894153595
17,13926400,0.00029039999999999996,0.08896700859069824,0.0,0.0,1.0,51.72322600812754,878565.4285569021,-0.006768621504306793,0.005019105970859528,1.356450653076172,0.006935709714889526,0.08608434200286866
18,14745600,0.00028979999999999994,0.0940007781982422,0.0,0.0,1.0,48.810711535043545,878065.8242853346,-0.0064883291721344,0.004294018074870109,1.315397071838379,0.006751436740159988,0.0823172688484192
19,15564800,0.0002892,0.09846112251281738,0.0,0.0,1.0,46.54655094679892,877924.1958633707,-0.006395064294338226,0.003604097291827202,1.2731186866760253,0.006589607149362564,0.07788854837417603
20,16384000,0.00028859999999999997,0.10238084793090821,0.0,0.0,1.0,44.678000108453986,882597.4867155965,-0.006159216910600662,0.0030758336186409,1.2309863090515136,0.0064744226634502414,0.074313223361969
21,17203200,0.00028799999999999995,0.10654380798339844,0.0,0.0,1.0,43.05286043587594,873604.0822391817,-0.005835248902440071,0.0026947058737277984,1.1885128021240234,0.006304290145635605,0.07038671970367431
22,18022400,0.00028739999999999994,0.10961061477661133,0.0,0.0,1.0,41.80087327376117,883334.547269442,-0.005577031150460243,0.002340220846235752,1.146236515045166,0.006239407882094383,0.06882579922676087
23,18841600,0.0002868,0.11272855758666993,0.0,0.0,1.0,40.74045990682922,882864.0409840746,-0.0052140973508358005,0.002073654718697071,1.1048040390014648,0.005972548946738243,0.06327368021011352
24,19660800,0.00028619999999999996,0.11523229598999024,0.0,0.0,1.0,39.77308309427724,881451.2289850768,-0.004692527651786804,0.0018739495426416397,1.0646095275878906,0.005601400882005692,0.056904304027557376
25,20480000,0.00028559999999999995,0.11747512817382813,0.0,0.0,1.0,39.10665589814243,888017.0924529997,-0.0044472023844718935,0.0017006684094667435,1.025983715057373,0.005442548543214798,0.05421374440193176
26,21299200,0.000285,0.11933430671691894,0.0,0.0,1.0,38.542391967343875,885438.3906263233,-0.0039859388023614885,0.0015757594257593155,0.9898614883422852,0.005170080438256263,0.04855638444423675
27,22118400,0.0002844,0.12068862915039062,0.0,0.0,1.0,38.08310867342196,881206.3168348314,-0.0035509273409843447,0.0014563051052391529,0.9559834480285645,0.004775457456707955,0.04188793897628784
28,22937600,0.00028379999999999996,0.12208580017089844,0.0,0.0,1.0,37.78924572639727,892162.7009918626,-0.0033395040780305864,0.0013867737725377083,0.9229890823364257,0.004589938744902611,0.038901370763778684
29,23756800,0.00028319999999999994,0.12346616744995118,0.0,0.0,1.0,37.274560566834715,887641.7156820544,-0.0029874755069613456,0.0013234904035925865,0.8913309097290039,0.004354562610387802,0.03457983136177063
30,24576000,0.0002826,0.124428071975708,0.0,0.0,1.0,36.898078567250145,890456.2039111156,-0.002905299887061119,0.001252559944987297,0.8607501983642578,0.004259734600782395,0.0327595204114914
31,25395200,0.00028199999999999997,0.12472908020019531,0.0,0.0,1.0,36.71133557800224,887813.7759875474,-0.0024957884103059768,0.001202202495187521,0.8317207336425781,0.0037027250975370405,0.026271969079971313
32,26214400,0.00028139999999999996,0.12638336181640625,0.0,0.0,1.0,36.47279107991648,873853.9602221433,-0.0024090448394417764,0.0011148322373628616,0.803933048248291,0.0037284743040800093,0.02628161609172821
33,27033600,0.00028079999999999994,0.1269669532775879,0.0,0.0,1.0,36.181918363748565,874634.2898873446,-0.0022049997001886367,0.001079641655087471,0.7766282081604003,0.0034724410623312,0.023537841439247132
34,27852800,0.0002802,0.12741197586059572,0.0,0.0,1.0,36.23054448871182,878629.9329728622,-0.0022797856479883196,0.0010484290309250356,0.7497787475585938,0.003690057247877121,0.024927976727485656
35,28672000,0.00027959999999999997,0.1281915760040283,0.0,0.0,1.0,35.98832155244325,879573.5040189732,-0.0018147341907024384,0.0010058260522782803,0.7253717422485352,0.0029774991795420646,0.018076172471046446
36,29491200,0.00027899999999999995,0.12837218284606933,0.0,0.0,1.0,35.74986874343717,884817.2709801066,-0.0017679531127214431,0.0009988154284656047,0.7003666877746582,0.003204217553138733,0.019541378319263458
37,30310400,0.0002784,0.12896432876586914,0.0,0.0,1.0,35.681411703420736,884327.5758469303,-0.001651891879737377,0.0009574174880981445,0.6747661113739014,0.0027374688535928724,0.015638670325279234
38,31129600,0.0002778,0.12922248840332032,0.0,0.0,1.0,35.477381055550744,877334.8478178945,-0.0015964899212121964,0.0009384946897625923,0.6497304439544678,0.002891356498003006,0.016152097284793852
39,31948800,0.0002772,0.12998299598693847,0.0,0.0,1.0,35.328057120736375,887791.741787893,-0.0015407223254442215,0.0008983878418803215,0.6265994548797608,0.002816955931484699,0.01504773199558258
40,32768000,0.0002766,0.13048358917236327,0.0,0.0,1.0,35.19678058018421,882989.0086548548,-0.0011950599029660225,0.0008762449957430363,0.6035075664520264,0.002809028513729572,0.0175196573138237
41,33587200,0.000276,0.13070547103881835,0.0,0.0,1.0,35.22870628620468,879690.1202318359,-0.0012583213858306408,0.0008588795550167561,0.5821819305419922,0.002540368773043156,0.013350710272789001
42,34406400,0.00027539999999999997,0.130925235748291,0.0,0.0,1.0,35.11444258568181,887846.7201181952,-0.001177375204861164,0.0008473656140267849,0.5615333557128906,0.0024698300287127493,0.013344359397888184
43,35225600,0.0002748,0.1310104751586914,0.0,0.0,1.0,35.054124705378186,882082.6516114473,-0.0011257235892117023,0.0008460170589387417,0.5409860134124755,0.0023593343794345856,0.011330199241638184
44,36044800,0.0002742,0.13118627548217773,0.0,0.0,1.0,35.09828986746473,878352.4198729969,-0.0010175245814025402,0.0008417167700827122,0.5211610317230224,0.0024580802768468858,0.011949584633111954
45,36864000,0.0002736,0.13174054145812988,0.0,0.0,1.0,34.986876416021886,886505.8378177373,-0.0010685298591852188,0.0008010836318135262,0.5008022785186768,0.0024553436785936357,0.011412961781024933
46,37683200,0.00027299999999999997,0.131719913482666,0.0,0.0,1.0,34.881443298969074,881593.5729786064,-0.0008657078258693218,0.0008090340532362461,0.4795073986053467,0.002398844435811043,0.011934202909469605
47,38502400,0.0002724,0.1320728874206543,0.0,0.0,1.0,34.87235761983752,886882.2765564279,-0.0008924803696572781,0.000796576775610447,0.46219577789306643,0.002194172888994217,0.009813477843999862
48,39321600,0.0002718,0.1322359561920166,0.0,0.0,1.0,34.76094604331794,887897.2322098452,-0.0008774079382419586,0.0007688636425882578,0.44264931678771974,0.0021089179441332816,0.008955078572034836
49,40140800,0.0002712,0.13257818222045897,0.0,0.0,1.0,34.64094414780914,879891.3533738796,-0.0009372531436383724,0.0007607238832861186,0.42109227180480957,0.0022155681625008585,0.01016833409667015
50,40960000,0.00027059999999999996,0.1326822280883789,0.0,0.0,1.0,34.67227245837911,892411.3223610874,-0.0007640351075679063,0.0007483008783310651,0.40369462966918945,0.0019580530002713203,0.008270872384309768
51,41779200,0.00027,0.13293692588806152,0.0,0.0,1.0,34.716274135370256,886251.2519635557,-0.0007537107449024916,0.0007286464795470237,0.3857642412185669,0.001870005577802658,0.007509277760982513
52,42598400,0.0002694,0.13299284934997557,0.0,0.0,1.0,34.641278677462886,883839.963728942,-0.0006675240118056535,0.0007434478495270014,0.36649422645568847,0.0017866062000393868,0.007783079892396927
53,43417600,0.0002688,0.13309600830078125,0.0,0.0,1.0,34.55061634582911,886437.1026189013,-0.0006143455859273673,0.0007063400931656361,0.34849228858947756,0.002024548500776291,0.009201294928789138
54,44236800,0.00026819999999999996,0.13318622589111329,0.0,0.0,1.0,34.51864635070292,870719.9175282139,-0.0004512472543865442,0.0007098002359271049,0.3331258296966553,0.001827496849000454,0.008143431693315505
55,45056000,0.0002676,0.1333135986328125,0.0,0.0,1.0,34.4165156941226,875175.1039382137,-0.0004431068431586027,0.0007019913289695978,0.31599161624908445,0.0019184406846761703,0.009073733538389205
56,45875200,0.000267,0.1335931396484375,0.0,0.0,1.0,34.57456306590861,874882.5508601596,-0.0005799205042421818,0.0006751947104930878,0.29908416271209715,0.0018203426152467728,0.007232422381639481
57,46694400,0.00026639999999999997,0.13364968299865723,0.0,0.0,1.0,34.47708894878706,869555.9345443997,-0.0005577909294515848,0.000671979459002614,0.282766318321228,0.0018413420766592026,0.008480345457792282
58,47513600,0.00026579999999999996,0.1339544200897217,0.0,0.0,1.0,34.444360460233476,869834.0998652995,-0.00048506418243050576,0.0006391260772943497,0.26722166538238523,0.001939086616039276,0.00896655097603798
59,48332800,0.0002652,0.13385086059570311,0.0,0.0,1.0,34.44463616851143,878977.4613586424,-0.0005134041421115398,0.0006456398870795966,0.2520513772964478,0.001697946712374687,0.006817382574081421
60,49152000,0.0002646,0.13385469436645508,0.0,0.0,1.0,34.34481892401089,879955.472303827,-0.0005691173020750285,0.0006484535057097674,0.23249123096466065,0.001912514865398407,0.008685302734375
61,49971200,0.00026399999999999997,0.13414308547973633,0.0,0.0,1.0,34.418926886792455,874703.0205965987,-0.0005346979014575481,0.000614325562492013,0.21731045246124267,0.0018043715506792068,0.007760986685752869
62,50790400,0.00026339999999999995,0.1339700412750244,0.0,0.0,1.0,34.37431945724097,887453.2859422315,-0.0004935122560709715,0.000628135958686471,0.20473191738128663,0.0018584802746772766,0.007370118051767349
63,51609600,0.0002628,0.13406450271606446,0.0,0.0,1.0,34.26901763224181,880622.8200507803,-0.0004617906641215086,0.0006265375297516585,0.19100236892700195,0.0017437759786844253,0.0062530517578125
64,52428800,0.0002622,0.1338821220397949,0.0,0.0,1.0,34.29602873011233,879381.9852752888,-0.00024950853548943996,0.0006143072620034218,0.17790948152542113,0.001708695851266384,0.006394165009260178
65,53248000,0.00026159999999999996,0.13419614791870116,0.0,0.0,1.0,34.30126136696978,887404.8957734943,-0.0004490723833441734,0.0005804967600852251,0.16263728141784667,0.0017759248614311219,0.007232177257537842
66,54067200,0.000261,0.13435791015625,0.0,0.0,1.0,34.240101798155955,870539.6187189519,-0.00035611935891211033,0.0005623642355203629,0.14532750844955444,0.0019250858575105667,0.009119750559329986
67,54886400,0.0002604,0.13430164337158204,0.0,0.0,1.0,34.17074084870695,880147.8167017838,-0.00040458245202898977,0.0005609201267361641,0.1277586817741394,0.0018566541373729705,0.007808227092027664
68,55705600,0.00025979999999999997,0.13443342208862305,0.0,0.0,1.0,34.29239545321086,887534.2137007515,-0.00037431875243783,0.0005562960635870695,0.1089133858680725,0.0017227718606591224,0.007751950621604919
69,56524800,0.00025919999999999996,0.13430153846740722,0.0,0.0,1.0,34.16057054677399,884920.2310728647,-0.0003977836109697819,0.0005730206612497568,0.09502785801887512,0.0017992228269577027,0.007997559756040573
70,57344000,0.0002586,0.13463563919067384,0.0,0.0,1.0,34.26154167537079,887982.4010723116,-0.0003344307653605938,0.0005461770109832287,0.08370018005371094,0.0015023848973214626,0.005356688424944878
71,58163200,0.000258,0.13466639518737794,0.0,0.0,1.0,34.237471312330484,888688.5442992056,-0.00035944879055023194,0.0005290324334055185,0.06686125993728638,0.0019399726763367653,0.009220822900533675
72,58982400,0.00025739999999999997,0.13445680618286132,0.0,0.0,1.0,34.16214070855615,883684.7040822583,-0.00038481708616018296,0.0005212532356381417,0.05098521113395691,0.0018611438572406769,0.008106200397014618
73,59801600,0.00025679999999999995,0.1347642421722412,0.0,0.0,1.0,34.1888745148771,891754.8173480788,-0.0003124391194432974,0.0005292153917253017,0.03630142211914063,0.0018119268119335175,0.00749218612909317
74,60620800,0.0002562,0.1345996856689453,0.0,0.0,1.0,34.225389792250134,881252.170410723,-0.00034319811966270207,0.0005090449936687947,0.02139037996530533,0.0018550323322415352,0.008970580995082855
75,61440000,0.0002556,0.13485828399658203,0.0,0.0,1.0,34.19581733177492,873823.6728653982,-0.00019670708570629358,0.0005028048995882273,0.010584290325641631,0.001908390037715435,0.009355834871530532
76,62259200,0.00025499999999999996,0.13478486061096193,0.0,0.0,1.0,34.22175854442265,888771.476730289,-0.0002794804750010371,0.0004997532349079847,-0.004210753738880158,0.0018017865717411042,0.008153930306434631
77,63078400,0.00025439999999999995,0.1348120880126953,0.0,0.0,1.0,34.24770719041836,879016.6232847628,-0.000323908100835979,0.0004848616197705269,-0.019929583370685577,0.0016666548326611519,0.007002197206020355
78,63897600,0.0002538,0.13485934257507323,0.0,0.0,1.0,34.167891440501045,873809.0115231115,-0.00030393528286367657,0.00048520914278924463,-0.03542825877666474,0.001743624173104763,0.006827881187200546
79,64716800,0.0002532,0.1348194694519043,0.0,0.0,1.0,34.08462272369022,866683.8304780198,-0.0002023624489083886,0.00048276684246957303,-0.05318741202354431,0.0020213354378938674,0.01049218699336052
80,65536000,0.00025259999999999996,0.13463860511779785,0.0,0.0,1.0,34.0644261202732,867188.3142456254,-0.0003288285806775093,0.00047319368459284303,-0.06863468289375305,0.0017445502802729607,0.00679321214556694
81,66355200,0.00025199999999999995,0.13510210037231446,0.0,0.0,1.0,34.2816930862855,876738.057632129,-0.0001689443364739418,0.0004975378047674895,-0.08011921048164368,0.00186202023178339,0.008948487043380738
82,67174400,0.0002514,0.13481640815734863,0.0,0.0,1.0,34.16336241078509,883917.3056802843,-0.0002742256736382842,0.0004578234627842903,-0.09216415882110596,0.0017969232052564622,0.008641846477985382
83,67993600,0.00025079999999999997,0.13506196975708007,0.0,0.0,1.0,34.12548872805923,880444.8637663012,-0.0002664475468918681,0.0004478733520954847,-0.10508025884628296,0.001871192269027233,0.007899171113967896
84,68812800,0.00025019999999999996,0.13468490600585936,0.0,0.0,1.0,34.03111222028117,866207.9572422846,-0.00011150249047204852,0.00045388606376945974,-0.11659536361694336,0.0022910088300704956,0.014147096872329712
85,69632000,0.00024959999999999994,0.13501843452453613,0.0,0.0,1.0,34.11093093842252,876088.4776278869,-9.812525240704417e-05,0.00044069672003388405,-0.1275819420814514,0.0021792767569422723,0.01424572765827179
86,70451200,0.000249,0.13502174377441406,0.0,0.0,1.0,34.136735375114746,879624.5731631086,-0.00020230088848620652,0.0004305901937186718,-0.14101071357727052,0.0016841284930706024,0.006448119133710861
87,71270400,0.0002484,0.13493457794189453,0.0,0.0,1.0,34.02440846824408,875231.8522115682,-0.00022425928618758918,0.0004217713139951229,-0.15687987804412842,0.001834334060549736,0.008624265342950821
88,72089600,0.0002478,0.1350596809387207,0.0,0.0,1.0,34.056013316687476,855491.5442470703,-0.00015170308761298658,0.0004218262620270252,-0.17149876356124877,0.0022026758641004564,0.01474633663892746
89,72908800,0.0002472,0.1351046371459961,0.0,0.0,1.0,33.98899730122483,881484.2737026194,-0.00036953480448573826,0.00041266013868153096,-0.1836184024810791,0.001628483086824417,0.00614001378417015
90,73728000,0.0002466,0.13529560089111328,0.0,0.0,1.0,34.113252211470574,875930.1008278616,-0.00025341692380607126,0.00041150348260998726,-0.1967274308204651,0.0018135145306587218,0.008275269716978072
91,74547200,0.000246,0.13489858627319337,0.0,0.0,1.0,34.04317055909413,882862.6993840473,-0.0003147487994283438,0.0004309782758355141,-0.20815811157226563,0.0016674965620040894,0.006132446601986885
92,75366400,0.0002454,0.13499665260314941,0.0,0.0,1.0,34.072922319155154,887987.698811867,-0.00023474020417779684,0.0004297169391065836,-0.21680111885070802,0.0017091656103730203,0.0076603986322879795
93,76185600,0.0002448,0.13507070541381835,0.0,0.0,1.0,34.060846121941104,883753.7551566131,-0.0002693075221031904,0.000565677136182785,-0.22391080856323242,0.002003748528659344,0.012215451896190643
94,77004800,0.00024419999999999997,0.13516487121582033,0.0,0.0,1.0,34.18225059456753,891054.5856128373,-0.0001180781633593142,0.0004061299841850996,-0.23072464466094972,0.0016044141724705697,0.006062133237719536
95,77824000,0.00024359999999999999,0.13524375915527342,0.0,0.0,0.9999585131098573,34.08185363425158,887731.7985025299,-0.0002343223663046956,0.0003980930894613266,-0.23967034816741944,0.0015694292262196541,0.006257934123277664
96,78643200,0.000243,0.135123872756958,0.0,0.0,1.0,33.95614289863491,878767.8508073932,-0.0002061293926090002,0.0003940730355679989,-0.251973295211792,0.0018946925178170205,0.00851709172129631
97,79462400,0.00024239999999999998,0.13530222892761232,0.0,0.0,1.0,34.12532267466067,881845.9395412557,-0.00017569420160725712,0.000389080960303545,-0.2648472785949707,0.002179165370762348,0.011281618475914001
98,80281600,0.0002418,0.1352427864074707,0.0,0.0,1.0,33.964768860486345,883528.7084626588,-0.000165918399579823,0.00039594476111233235,-0.27642486095428465,0.0021121805533766747,0.011523071676492691
99,81100800,0.00024119999999999998,0.1352392578125,0.0,0.0,1.0,34.02303000124486,877759.5709497515,-0.00026178420521318915,0.0003911521751433611,-0.28754866123199463,0.0017707079648971557,0.007381225377321244
100,81920000,0.0002406,0.13525222778320312,0.0,0.0,1.0,34.026015043843245,885926.0680415096,-0.0002575227525085211,0.00038316501304507254,-0.29564270973205564,0.0017000671476125717,0.008411255478858948
101,82739200,0.00023999999999999998,0.13525518417358398,0.0,0.0,1.0,33.94893018251045,882475.9811009885,-9.980312315747142e-05,0.0003808071138337255,-0.30188860893249514,0.002005147561430931,0.011653441935777664
102,83558400,0.0002394,0.1353237247467041,0.0,0.0,1.0,34.05265131003458,870093.6730739092,-0.00016293138032779096,0.00038206940516829493,-0.3121559858322144,0.001712566800415516,0.006422363221645355
103,84377600,0.0002388,0.1353365421295166,0.0,0.0,1.0,34.20542910837336,876614.3514805028,-0.00016644902061671018,0.00037363308947533367,-0.3215961933135986,0.0016992172226309777,0.006706543266773224
104,85196800,0.0002382,0.1353062629699707,0.0,0.0,1.0,34.03155621989703,881681.3468441064,-6.570923142135144e-06,0.0003920926246792078,-0.3351969480514526,0.0021902136504650116,0.014531007409095765
105,86016000,0.0002376,0.135413818359375,0.0,0.0,1.0,34.0330286663897,878665.2778655731,-0.00013566927518695592,0.0003736415645107627,-0.34924890995025637,0.0018517352640628816,0.009790404886007308
106,86835200,0.000237,0.13544140815734862,0.0,0.0,1.0,34.09416070537348,886120.1671793082,-0.0002344463486224413,0.00037091525737196205,-0.36393282413482664,0.0020790865644812586,0.011009646207094192
107,87654400,0.0002364,0.13548095703125,0.0,0.0,1.0,34.04590544971568,880003.5730816594,-0.0001797690405510366,0.0003618208924308419,-0.37517025470733645,0.0017158312723040581,0.006816894561052322
108,88473600,0.00023579999999999999,0.13549570083618165,0.0,0.0,1.0,34.09527578736877,867901.3862913476,-0.00015524551272392273,0.0003611182095482945,-0.3825624227523804,0.0017460104078054427,0.006513061374425888
109,89292800,0.0002352,0.1355574607849121,0.0,0.0,1.0,34.015334109042556,886570.1566059652,-0.00014561624266207218,0.0003624926554039121,-0.3891217947006226,0.0015649853274226188,0.006458006799221039
110,90112000,0.00023459999999999998,0.1353122138977051,0.0,0.0,1.0,34.02576248649547,879868.5264464561,-0.00015471752267330884,0.0003637136658653617,-0.3982088088989258,0.001644018106162548,0.0071258544921875
111,90931200,0.000234,0.13529766082763672,0.0,0.0,1.0,34.006773040804454,877586.5923754305,-0.00012267406564205884,0.00036240608897060157,-0.40967588424682616,0.0020658049732446672,0.011387939751148223
112,91750400,0.00023339999999999998,0.13536886215209962,0.0,0.0,1.0,33.9828107525991,883899.7953595401,-0.0001339247915893793,0.0003529714653268456,-0.4206967830657959,0.0019082359969615937,0.009270384907722473
113,92569600,0.0002328,0.1354873275756836,0.0,0.0,1.0,34.08797336662505,874311.7544052348,-0.00024994583800435065,0.0003571777138859034,-0.43025984764099123,0.0017002984881401063,0.0067751467227935794
114,93388800,0.00023219999999999998,0.1354336452484131,0.0,0.0,1.0,33.96186212328483,882906.6140908499,-0.00017994927475228906,0.0003543501254171133,-0.4377296924591064,0.0018767263740301133,0.007697386294603347
115,94208000,0.0002316,0.13541973114013672,0.0,0.0,1.0,33.98974550587454,882595.2368651443,-1.961715752258897e-05,0.0008327390998601914,-0.4453972339630127,0.0024738598614931105,0.0160825178027153
116,95027200,0.00023099999999999998,0.1352705955505371,0.0,0.0,1.0,33.926890895534754,870772.9323062882,0.00012492577079683542,0.0003507321467623115,-0.45385079383850097,0.0023799264803528787,0.016195307672023772
117,95846400,0.0002304,0.13559338569641113,0.0,0.0,1.0,33.99299801126947,866361.9460226713,-0.00013352853711694478,0.00034416893031448127,-0.46517014503479004,0.0020538389682769774,0.00997961387038231
118,96665600,0.00022979999999999997,0.13543383598327638,0.0,0.0,1.0,33.89881174181261,880290.3994082671,9.199572377838195e-06,0.0003470368916168809,-0.47542481422424315,0.0019660888239741324,0.010050657391548156
119,97484800,0.0002292,0.13547571182250975,0.0,0.0,1.0,33.95382383419689,877969.0026103744,-0.00010342070600017905,0.00034065633080899717,-0.48714461326599123,0.0017871396616101266,0.008901608735322952
120,98304000,0.00022859999999999997,0.1355198860168457,0.0,0.0,1.0,34.092772787757816,876141.590535628,-0.00012887283228337764,0.00033874809741973877,-0.49931821823120115,0.0018990155309438705,0.00999450758099556
121,99123200,0.00022799999999999999,0.13559380531311035,0.0,0.0,1.0,34.02099530204133,886352.5539012265,4.125142004340887e-05,0.00034338042605668305,-0.5110071659088135,0.002256932854652405,0.015294067561626434
122,99942400,0.00022739999999999997,0.13558673858642578,0.0,0.0,1.0,34.04473334440937,882842.3528003832,-8.390608127228916e-05,0.00034121344797313216,-0.5231379985809326,0.002099800296127796,0.010417965799570083
123,100761600,0.00022679999999999998,0.1354201316833496,0.0,0.0,1.0,33.836852762510844,881482.0162736359,0.00019847652874886989,0.00033713828306645153,-0.5346042156219483,0.002580489590764046,0.018446774780750276
124,101580800,0.00022619999999999997,0.13548912048339845,0.0,0.0,1.0,33.915396088829965,886169.1965045431,4.635489312931895e-05,0.00033640789333730934,-0.5408998966217041,0.0020025722682476045,0.011161131411790847
125,102400000,0.00022559999999999998,0.13552433013916015,0.0,0.0,1.0,34.04609899676644,877783.9719568231,3.866074257530272e-06,0.0003361549228429794,-0.5496448040008545,0.0019032852724194527,0.010166257619857788
126,103219200,0.000225,0.1354961585998535,0.0,0.0,1.0,34.02966877496671,865905.9777413908,-0.00027618671301752327,0.00033919669222086667,-0.5584498405456543,0.0018531344830989838,0.007995116710662841
127,104038400,0.00022439999999999998,0.13554557800292968,0.0,0.0,1.0,33.96803615107168,883503.2424844321,8.125435560941696e-05,0.00033579817973077296,-0.5709935188293457,0.0024120356887578965,0.01659252941608429
128,104857600,0.0002238,0.1357009506225586,0.0,0.0,1.0,34.01680009955614,866196.137659565,0.0003605748526751995,0.00033883696887642144,-0.5796433925628662,0.002738364040851593,0.022906979918479918
129,105676800,0.00022319999999999998,0.13559722900390625,0.0,0.0,1.0,34.005319591056434,875637.592452962,-0.00018047798657789827,0.00033142808824777604,-0.5883276462554932,0.001745368167757988,0.006544921547174454
130,106496000,0.0002226,0.13544393539428712,0.0,0.0,1.0,33.875578321216125,873976.5912603015,-0.00013418059097602963,0.00032967403531074523,-0.6001178741455078,0.0018976036459207534,0.008445677161216737
131,107315200,0.00022199999999999998,0.1355542278289795,0.0,0.0,1.0,33.9834508502696,876211.5490098622,4.938442725688219e-06,0.0003334878012537956,-0.6109700202941895,0.0021967379376292228,0.0132871076464653
132,108134400,0.0002214,0.1354900074005127,0.0,0.0,1.0,33.87124410230941,877156.5836050856,0.00010358300060033798,0.00038858074694871905,-0.6205887794494629,0.0021020639687776566,0.013556152582168579
133,108953600,0.00022079999999999997,0.13558120727539064,0.0,0.0,1.0,33.96971078147013,888773.8237355035,0.0001575140398927033,0.0003284922568127513,-0.6304843902587891,0.002497820742428303,0.017899903655052184
134,109772800,0.00022019999999999999,0.13560409545898439,0.0,0.0,1.0,33.95138831330294,884630.584623092,6.41885621007532e-05,0.00032408221159130335,-0.6422483444213867,0.0023399963974952698,0.015168090164661408
135,110592000,0.00021959999999999997,0.1355444049835205,0.0,0.0,1.0,33.916245337753836,886339.15197905,-4.400205798447132e-05,0.0003261299803853035,-0.6509903907775879,0.0023453015834093093,0.01535009890794754
136,111411200,0.00021899999999999998,0.13561994552612305,0.0,0.0,1.0,33.94755592377796,888211.4137051076,-0.00019409148953855037,0.000325695495121181,-0.6580984592437744,0.0017987096682190896,0.006787597388029099
137,112230400,0.00021839999999999997,0.1356488609313965,0.0,0.0,1.0,33.94363049416439,875675.7045640046,-6.093937554396689e-06,0.00032287768553942444,-0.6658159732818604,0.0019900260493159296,0.009951169043779374
138,113049600,0.00021779999999999998,0.1356707000732422,0.0,0.0,1.0,33.91301284707833,890150.4300097973,-8.22266039904207e-05,0.0003172405995428562,-0.6762389659881591,0.0017585668712854386,0.008430785685777663
139,113868800,0.00021719999999999997,0.1357046890258789,0.0,0.0,1.0,34.02999667165918,883919.6462157673,-5.843010731041431e-05,0.0003215734148398042,-0.6871768951416015,0.0021214649081230164,0.012376587837934494
140,114688000,0.00021659999999999998,0.13556516647338868,0.0,0.0,1.0,34.03844874885693,870002.7740028952,-4.734584363177419e-05,0.0003284610342234373,-0.6986203193664551,0.0018275439739227294,0.009200561046600341
141,115507200,0.00021599999999999996,0.13568011283874512,0.0,0.0,1.0,34.12585231997339,885330.0266379737,-0.0001046790974214673,0.00031642257235944273,-0.7077524662017822,0.0016332875937223434,0.00640856921672821
142,116326400,0.00021539999999999998,0.13560575485229492,0.0,0.0,1.0,33.86348391370958,877692.8874483824,-5.40698179975152e-05,0.00032288799993693826,-0.7212632179260254,0.0020752100273966788,0.01040344312787056
143,117145600,0.00021479999999999996,0.1357186508178711,0.0,0.0,1.0,33.96868916960033,872921.5622862399,-2.3192804655991493e-05,0.00031905609648674726,-0.7313075065612793,0.002071286551654339,0.012721680104732513
144,117964800,0.00021419999999999998,0.135629301071167,0.0,0.0,1.0,33.98073089700997,883229.9894048892,-0.00011111347703263164,0.0003206014400348067,-0.7400731086730957,0.0018497699871659278,0.008703370392322541
145,118784000,0.00021359999999999996,0.1356362533569336,0.0,0.0,1.0,34.01066390041494,880926.9464987081,-5.551849608309567e-05,0.00031847173813730477,-0.750243091583252,0.0019585393369197846,0.01123950406908989
146,119603200,0.00021299999999999997,0.13566144943237304,0.0,0.0,1.0,34.00058103340942,876504.5810011518,-2.15043532080017e-05,0.0003219509031623602,-0.7608411312103271,0.002014157362282276,0.010804685950279235
147,120422400,0.00021239999999999996,0.1356707191467285,0.0,0.0,1.0,33.882119861317484,882968.2875313218,5.256500444374979e-05,0.000313551677390933,-0.7711599349975586,0.002332683652639389,0.013805054128170013
148,121241600,0.00021179999999999997,0.13564538955688477,0.0,0.0,1.0,33.916856728177486,878922.8744423965,-1.121644745580852e-05,0.00031775454990565775,-0.7791560649871826,0.0022169921547174455,0.012339355051517486
149,122060800,0.00021119999999999996,0.13568778991699218,0.0,0.0,1.0,34.0092196519789,857722.4707144566,-0.00013034293660894037,0.00036977832205593587,-0.7871938228607178,0.0017016405239701272,0.007249024510383606
150,122880000,0.00021059999999999997,0.13567742347717285,0.0,0.0,1.0,33.97375621890547,874428.8266799076,8.639940642751753e-05,0.0003176002763211727,-0.7976696968078614,0.002128397673368454,0.012263670563697815
151,123699200,0.00020999999999999998,0.1356755256652832,0.0,0.0,1.0,33.96276948590381,876437.2828778628,7.064969395287335e-05,0.0003090864745900035,-0.8093452453613281,0.002333969995379448,0.015917357802391053
152,124518400,0.00020939999999999997,0.1357020378112793,0.0,0.0,1.0,33.8114848709704,875523.1969376713,0.00022482173517346382,0.0003229492111131549,-0.8201163291931153,0.00257631354033947,0.020015501976013185
153,125337600,0.00020879999999999998,0.13566137313842774,0.0,0.0,1.0,33.93189162316679,878987.8149849497,0.00023177049588412045,0.0003144442569464445,-0.827791690826416,0.002409721910953522,0.017164549231529234
154,126156800,0.00020819999999999996,0.13576740264892578,0.0,0.0,1.0,33.94360886679097,882195.6601597177,5.27195748873055e-05,0.00030760772060602906,-0.8377847671508789,0.0020336445420980455,0.01145324856042862
155,126976000,0.00020759999999999998,0.13574737548828125,0.0,0.0,1.0,34.012835424109,875586.5393831667,7.763386238366366e-05,0.00031075198203325274,-0.845242977142334,0.0019191741943359376,0.010547851026058198
156,127795200,0.00020699999999999996,0.13571826934814454,0.0,0.0,1.0,33.87544454552973,889076.356185976,-2.2828423243481667e-05,0.00030350289307534695,-0.852416706085205,0.0018524441868066788,0.010359863936901092
157,128614400,0.00020639999999999998,0.13565339088439943,0.0,0.0,1.0,34.075866089273816,887151.1833546011,-5.4620468290522695e-05,0.00030910829082131386,-0.8615160942077636,0.001812056452035904,0.0075039051473140715
158,129433600,0.00020579999999999996,0.13583250999450683,0.0,0.0,1.0,34.05118192015288,883353.5144612148,-5.205059424042702e-05,0.0003087678924202919,-0.8693486213684082,0.0022558562457561495,0.012711425125598908
159,130252800,0.00020519999999999997,0.1356456184387207,0.0,0.0,1.0,33.87270097127506,882059.0821767256,3.142715431749821e-05,0.0003155055921524763,-0.8756024360656738,0.0019786881282925608,0.011252806335687638
160,131072000,0.00020459999999999996,0.13571697235107422,0.0,0.0,1.0,33.89879547994536,883814.9604569533,-9.495869744569063e-05,0.00030568207148462534,-0.8847052574157714,0.0017919601872563363,0.007250487804412842
161,131891200,0.00020399999999999997,0.13582509994506836,0.0,0.0,1.0,33.872520661157026,880859.8807948465,-0.0001436084625311196,0.00030564502812922,-0.893707275390625,0.0017266618087887764,0.006719970703125
162,132710400,0.00020339999999999996,0.13576865196228027,0.0,0.0,1.0,33.93478801958019,878667.4870980729,4.9861165462061766e-05,0.0003009509760886431,-0.9053540229797363,0.0021591046825051308,0.012772829830646515
163,133529600,0.00020279999999999997,0.13573396682739258,0.0,0.0,1.0,33.89906851583523,877768.0159342448,-8.636347483843565e-05,0.00030783985275775196,-0.9176153182983399,0.0019787028431892395,0.009514037519693375
164,134348800,0.00020219999999999995,0.13580086708068848,0.0,0.0,1.0,33.837328061938884,874286.7639605233,0.0001751989359036088,0.0003260144265368581,-0.9273808479309082,0.002401832491159439,0.017626585066318513
165,135168000,0.00020159999999999997,0.13575798034667969,0.0,0.0,1.0,33.9032579373314,884372.0267491878,0.0003772007534280419,0.00037908239755779505,-0.9374377250671386,0.0027344677597284316,0.02336474657058716
166,135987200,0.00020099999999999995,0.13574787139892577,0.0,0.0,1.0,33.93193110301424,857223.2866253448,6.819592090323567e-05,0.00031556680332869293,-0.9480418205261231,0.0020857566967606546,0.010985472798347473
167,136806400,0.00020039999999999997,0.13570915222167967,0.0,0.0,1.0,33.90234909060778,874673.6661054795,-2.922982384916395e-05,0.00029975736979395153,-0.9548423767089844,0.001757403090596199,0.008626830577850342
168,137625600,0.00019979999999999995,0.13573553085327147,0.0,0.0,1.0,33.86283733597425,879495.6803937239,-5.959478439763188e-05,0.0003016615519300103,-0.9640857696533203,0.0023035630583763123,0.013178345561027528
169,138444800,0.00019919999999999996,0.1359383964538574,0.0,0.0,1.0,33.97645642154217,879672.9461186152,3.1615101033821705e-05,0.00029507474973797796,-0.9739524841308593,0.002182420156896114,0.012990844249725342
170,139264000,0.00019859999999999995,0.1358298683166504,0.0,0.0,1.0,33.96433005048415,870242.8460521942,6.369463517330587e-06,0.0002971522277221084,-0.9826330184936524,0.002069147862493992,0.011952756345272065
171,140083200,0.00019799999999999996,0.13576637268066405,0.0,0.0,1.0,33.86241111294857,883419.9824615369,-5.218270816840231e-05,0.00030014808289706706,-0.9919948577880859,0.001874260976910591,0.008806152641773224
172,140902400,0.00019739999999999995,0.13583236694335937,0.0,0.0,1.0,33.84808137611644,869421.264736526,0.00015947831561788917,0.0003130096476525068,-1.0023438453674316,0.0021900640800595283,0.013404905796051025
173,141721600,0.00019679999999999999,0.13590835571289062,0.0,0.0,1.0,33.9529216742644,871341.0744440908,4.829849349334836e-05,0.00032714277040213346,-1.0140511512756347,0.0020222272723913193,0.011180663853883744
174,142540800,0.0001962,0.13586071014404297,0.0,0.0,1.0,34.0935236826771,878342.6377153809,0.0001485410612076521,0.00031598592177033423,-1.0245794296264648,0.002475670538842678,0.018157348036766052
175,143360000,0.00019559999999999998,0.13592738151550293,0.0,0.0,1.0,34.03799152049214,882189.1050233073,0.000587917398661375,0.00039986097253859044,-1.0302493095397949,0.0028479402884840966,0.02630615234375
176,144179200,0.000195,0.13579509735107423,0.0,0.0,1.0,33.93362043976976,879946.9880370882,4.770946688950062e-05,0.00030381211545318367,-1.0344412803649903,0.0019525285810232163,0.011466430872678757
177,144998400,0.00019439999999999998,0.13578262329101562,0.0,0.0,1.0,33.97985796752357,886107.9916483089,-7.713244995102286e-05,0.0003002888523042202,-1.0452173233032227,0.0017057901248335838,0.00731811597943306
178,145817600,0.0001938,0.13582019805908202,0.0,0.0,1.0,33.87907726652611,873866.5557588475,0.00023156572133302688,0.0003014552406966686,-1.057015609741211,0.0024316221475601195,0.01726183444261551
179,146636800,0.00019319999999999998,0.1358793067932129,0.0,0.0,1.0,33.9334686606736,882622.5807866856,9.461189620196819e-05,0.0002944440580904484,-1.0661535263061523,0.0023299211636185644,0.015771730244159697
180,147456000,0.0001926,0.13602477073669433,0.0,0.0,1.0,33.992125657922,890290.3077912229,0.00011026161955669522,0.0002927428809925914,-1.0751004219055176,0.0022155482321977614,0.01395251452922821
181,148275200,0.00019199999999999998,0.13583143234252928,0.0,0.0,1.0,33.95144063586687,886211.3432110333,-0.00012107609072700142,0.00029607792384922504,-1.084865188598633,0.001930472068488598,0.009883913397789
182,149094400,0.0001914,0.13573647499084474,0.0,0.0,1.0,33.856700392318814,882534.1259978183,-8.752602734602987e-05,0.0002953766146674752,-1.0927292823791503,0.0019859747961163523,0.011058713495731353
183,149913600,0.00019079999999999998,0.13581335067749023,0.0,0.0,1.0,33.802612001983796,891515.731738473,0.0004674561321735382,0.00029338696040213106,-1.0993587493896484,0.0027767205610871315,0.022442017495632172
184,150732800,0.0001902,0.1358955192565918,0.0,0.0,1.0,34.03251424057212,871358.5520831256,2.1858752006664874e-06,0.00028786205220967533,-1.1071710586547852,0.0020201791077852247,0.011634521931409837
185,151552000,0.00018959999999999997,0.13586339950561524,0.0,0.0,1.0,33.817949457888446,873159.6965528465,4.854273283854127e-05,0.00029208853375166654,-1.1163220405578613,0.0019218068569898604,0.009171752631664276
186,152371200,0.00018899999999999999,0.13576064109802247,0.0,0.0,1.0,33.79546485260771,878922.7554413014,0.00034580468200147153,0.0002932373434305191,-1.120384979248047,0.0025857705622911453,0.019908443093299866
187,153190400,0.00018839999999999997,0.13576407432556153,0.0,0.0,1.0,33.81595066633557,873815.7808228275,4.78618370834738e-05,0.00029369224794209006,-1.1285250663757325,0.0021235961467027664,0.011805297434329986
188,154009600,0.00018779999999999998,0.13596885681152343,0.0,0.0,1.0,33.92146640185369,871076.2471434688,-8.06844444014132e-05,0.00029054479673504827,-1.1380077362060548,0.0018927300348877906,0.009162231534719466
189,154828800,0.0001872,0.1359601879119873,0.0,0.0,1.0,34.00240953844875,877773.6731683825,0.00019615390338003635,0.0002982591046020389,-1.1485817909240723,0.0024357106536626815,0.018906740844249724
190,155648000,0.00018659999999999998,0.13585835456848144,0.0,0.0,1.0,33.88848074621322,874128.0968496817,0.00015923185274004936,0.00031887064687907696,-1.1534576416015625,0.0020997516810894014,0.01595483273267746
191,156467200,0.000186,0.13596500396728517,0.0,0.0,1.0,33.90655792001325,869864.1499959147,0.0002059344435110688,0.0002971159294247627,-1.1593260765075684,0.0024226529523730276,0.017811283469200134
192,157286400,0.00018539999999999998,0.13586827278137206,0.0,0.0,1.0,33.94537605844263,876064.2305611339,0.00014274182030931114,0.00028884392231702803,-1.16724853515625,0.0023511556908488275,0.016799071431159975
193,158105600,0.0001848,0.1358333683013916,0.0,0.0,1.0,33.90347937611187,875635.5762529375,0.00019121376099064946,0.0002930083079263568,-1.1761947631835938,0.002211088500916958,0.014600463211536407
194,158924800,0.00018419999999999998,0.1358057117462158,0.0,0.0,1.0,33.77227029254223,871760.3214266829,0.0001658894121646881,0.0002903159009292722,-1.183070755004883,0.0020747903734445574,0.012782959640026093
195,159744000,0.0001836,0.1357576560974121,0.0,0.0,1.0,33.95634690324185,860221.4200267133,0.00021895058453083038,0.00029351701959967613,-1.1918039321899414,0.0028217028826475143,0.02334192246198654
196,160563200,0.00018299999999999998,0.13584854125976562,0.0,0.0,1.0,33.906577258992506,855131.0003243971,6.586632807739078e-05,0.00029080118983983996,-1.1983678817749024,0.001992359943687916,0.011890137940645218
197,161382400,0.0001824,0.13580675125122071,0.0,0.0,1.0,33.86714356599405,867489.8062151452,0.00037789761554449795,0.00030003907158970833,-1.2054436683654786,0.002889948897063732,0.02323645055294037
198,162201600,0.00018179999999999997,0.13583314895629883,0.0,0.0,1.0,33.88638901526118,874434.0901950978,4.014759324491024e-05,0.0002921965904533863,-1.2151384353637695,0.001896297186613083,0.011199460923671722
199,163020800,0.00018119999999999999,0.13575006484985352,0.0,0.0,1.0,33.919340814044965,887153.711052389,0.00016361867310479283,0.0002935263328254223,-1.224795436859131,0.0023694774135947227,0.014612548053264618
200,163840000,0.00018059999999999997,0.1358502197265625,0.0,0.0,1.0,33.87177475952607,886691.2167431515,0.00010155035415664315,0.00033842124976217746,-1.2308665275573731,0.0023895677179098128,0.01639660894870758
201,164659200,0.00017999999999999998,0.1358063507080078,0.0,0.0,1.0,33.896983258743575,877169.4951811656,1.1375881149433553e-05,0.0002886718371883035,-1.2435946464538574,0.0020631358027458193,0.01200232282280922
202,165478400,0.00017939999999999997,0.13586071014404297,0.0,0.0,1.0,34.01673518541589,890683.2223925075,0.00027088727802038193,0.0002911582821980119,-1.251974391937256,0.00267072394490242,0.02159069776535034
203,166297600,0.00017879999999999998,0.13580045700073243,0.0,0.0,1.0,33.866010504114804,884356.671213297,-5.956702516414225e-05,0.0002945957472547889,-1.2556625366210938,0.0016886837780475616,0.007257813215255737
204,167116800,0.00017819999999999997,0.1358487319946289,0.0,0.0,1.0,33.91750528015903,862906.8498380424,0.0001254150061868131,0.00028756384272128345,-1.2646900177001954,0.0025870846584439278,0.0184257835149765
205,167936000,0.0001776,0.13592514038085937,0.0,0.0,1.0,33.94646849383125,886438.4626974947,7.566530257463455e-06,0.00028866324573755263,-1.272733783721924,0.00197946522384882,0.011308228969573975
206,168755200,0.00017700000000000002,0.13580979347229005,0.0,0.0,1.0,33.79401705879929,880758.4740417021,5.790468421764672e-05,0.0002862270921468735,-1.2817358016967773,0.0021223098039627073,0.01243298351764679
207,169574400,0.0001764,0.13586108207702638,0.0,0.0,1.0,33.93680019905449,878324.0554612259,6.10441085882485e-05,0.00028951794374734165,-1.2883188247680664,0.0019704727455973625,0.011781860142946243
208,170393600,0.00017580000000000002,0.13572257041931152,0.0,0.0,1.0,34.011315417256014,882785.7471930645,0.00019578989595174788,0.00029438885394483805,-1.2961540222167969,0.0025054601952433585,0.01773742586374283
209,171212800,0.0001752,0.13594660758972169,0.0,0.0,1.0,33.93639634423721,879791.4190445422,2.8056552400812508e-05,0.00030467680189758537,-1.3039579391479492,0.001944667287170887,0.010202150046825408
210,172032000,0.00017460000000000002,0.13582413673400878,0.0,0.0,1.0,33.90495303513055,878195.5027455917,0.0003604698460549116,0.00028996043838560583,-1.3115766525268555,0.002853500097990036,0.02409997433423996
211,172851200,0.000174,0.13593194007873535,0.0,0.0,1.0,33.82732447817837,885414.6241412492,0.00028666621074080467,0.00028379762079566717,-1.3203488349914552,0.0026224186643958093,0.019505244493484498
212,173670400,0.0001734,0.13604158401489258,0.0,0.0,1.0,34.00112116933809,878976.5986040577,0.0005898495204746723,0.0003305777674540877,-1.3302050590515138,0.0029352063313126562,0.02777649164199829
213,174489600,0.0001728,0.13582607269287109,0.0,0.0,1.0,33.82267453862351,878370.5548926092,0.000387460202910006,0.0014062924310564995,-1.3391196250915527,0.0028231190517544746,0.024373292922973633
214,175308800,0.0001722,0.13593396186828613,0.0,0.0,1.0,33.95472669878718,883690.7059528708,5.570286302827299e-05,0.0003569572465494275,-1.3485261917114257,0.002031351253390312,0.011793704330921173
215,176128000,0.0001716,0.13596782684326172,0.0,0.0,1.0,33.903635386078825,877643.7967774111,0.000713080121204257,0.001259697787463665,-1.356111431121826,0.0034723084419965742,0.033120477199554445
216,176947200,0.000171,0.13592680931091308,0.0,0.0,1.0,33.881908614355886,877295.6420067786,0.0003378610359504819,0.0006519205402582884,-1.3635769844055177,0.0027736449614167214,0.023110227286815645
217,177766400,0.0001704,0.13583563804626464,0.0,0.0,1.0,33.83161071605755,875263.3901695997,0.00033895757514983415,0.00038293912075459957,-1.3736478805541992,0.0026629967615008354,0.02132495641708374
218,178585600,0.0001698,0.1359682273864746,0.0,0.0,1.0,33.87321907908321,877402.1438258259,3.8109158049337565e-05,0.00030392701737582686,-1.3817371368408202,0.0019206302240490913,0.010741698741912841
219,179404800,0.0001692,0.1359010887145996,0.0,0.0,1.0,33.95052504876935,865823.0281237952,0.00013410269748419522,0.0002866054186597466,-1.3885319709777832,0.002204180508852005,0.013729371130466461
220,180224000,0.0001686,0.13595783233642578,0.0,0.0,1.0,33.85693038628383,875039.9964911228,0.00016400230815634133,0.0002806511940434575,-1.3952592849731444,0.0020758941769599914,0.014206054806709289
221,181043200,0.000168,0.13589424133300781,0.0,0.0,1.0,33.902481461535274,882573.1414723864,0.00039452570490539074,0.00028323859442025423,-1.3986703872680664,0.002528654970228672,0.02069677710533142
222,181862400,0.0001674,0.13596804618835448,0.0,0.0,1.0,33.8324377944945,882304.6491791734,0.00044461563229560854,0.0002818038687109947,-1.4069316864013672,0.002705153450369835,0.02263879030942917
223,182681600,0.0001668,0.13584324836730957,0.0,0.0,1.0,33.89354492106786,888501.8014201696,0.00013355393894016744,0.0002837151754647493,-1.4150357246398926,0.002110018953680992,0.013276977837085724
224,183500800,0.0001662,0.13589739799499512,0.0,0.0,1.0,33.90373711873526,882129.6071548519,0.00015756371431052685,0.0002887504640966654,-1.4189724922180176,0.0024190699681639672,0.017625492811203004
225,184320000,0.0001656,0.135950984954834,0.0,0.0,1.0,33.967910231460394,880446.5727942226,0.00011541806161403656,0.00028477611485868695,-1.4241525650024414,0.0021852415055036547,0.012619748711585999
226,185139200,0.000165,0.13591825485229492,0.0,0.0,1.0,33.934839378238344,885301.521429277,8.103562868200243e-05,0.0002844629110768437,-1.4307498931884766,0.0021051988005638123,0.012083984166383743
227,185958400,0.0001644,0.13590835571289062,0.0,0.0,1.0,33.86994291387441,863356.1036140521,0.00015391522319987416,0.00028064227662980554,-1.439749813079834,0.0023365290835499763,0.015059079229831695
228,186777600,0.0001638,0.13587586402893068,0.0,0.0,1.0,33.81971134020618,877921.1202636102,1.7461468814872205e-05,0.00028373710811138155,-1.4477245330810546,0.002017689123749733,0.010995970666408538
229,187596800,0.0001632,0.13594922065734863,0.0,0.0,1.0,33.92259830761573,880649.935867592,0.00039703184738755227,0.00028609295841306446,-1.455879020690918,0.0028351925313472746,0.02415478676557541
230,188416000,0.0001626,0.1359315872192383,0.0,0.0,1.0,33.93404501820589,878745.2434466071,5.188065115362406e-05,0.00028567067347466945,-1.46284818649292,0.00195453055202961,0.011014405637979507
231,189235200,0.000162,0.1358498764038086,0.0,0.0,1.0,33.70146731514302,881015.3864788356,-1.948336139321327e-05,0.00028189891017973425,-1.4668804168701173,0.0018449487164616586,0.010277222096920013
232,190054400,0.0001614,0.136058292388916,0.0,0.0,1.0,33.964410009943656,884852.7620545432,0.0001944882795214653,0.00027979910373687744,-1.4744495391845702,0.0026068544015288354,0.018763063848018645
233,190873600,0.0001608,0.13594038009643555,0.0,0.0,1.0,33.876489080079416,879441.4386163438,0.00040480638854205607,0.000279812328517437,-1.4833800315856933,0.0029675520956516264,0.025983154773712158
234,191692800,0.0001602,0.13587221145629882,0.0,0.0,1.0,33.87541363335539,881387.9256473448,0.0011669512838125228,0.00028649154119193555,-1.489621353149414,0.004242487624287606,0.048454827070236205
235,192512000,0.0001596,0.13595157623291015,0.0,0.0,1.0,33.912532583060944,883241.4330014546,0.00023370350245386363,0.0002982278587296605,-1.4949508666992188,0.0021208889782428743,0.014826294779777528
236,193331200,0.000159,0.13592040061950683,0.0,0.0,1.0,33.89198462238022,877770.3143821158,8.15882405731827e-05,0.00028405413031578063,-1.4993416786193847,0.002390916272997856,0.014969727396965027
237,194150400,0.0001584,0.13579024314880372,0.0,0.0,1.0,33.881306865177834,871391.4989497265,0.0005635039880871773,0.0003065601456910372,-1.5062518119812012,0.0029587529599666594,0.025799313187599184
238,194969600,0.0001578,0.13592753410339356,0.0,0.0,1.0,33.831288470277194,882339.1558942861,0.00038636685349047184,0.0006628627423197031,-1.5126753807067872,0.0028709989041090012,0.024724850058555604
239,195788800,0.0001572,0.13599899291992187,0.0,0.0,1.0,33.93530896899963,874419.7412889644,0.0006551421713083983,0.00031268044840544463,-1.5196113586425781,0.003163443133234978,0.030042234063148498
240,196608000,0.00015659999999999998,0.1358848762512207,0.0,0.0,1.0,33.826596754882125,884889.3444683059,0.0002685442101210356,0.00028244385030120613,-1.528498649597168,0.002742955833673477,0.02226855158805847
241,197427200,0.000156,0.13598731994628907,0.0,0.0,1.0,33.91776506673298,884604.7697388782,0.0005855728406459094,0.0002780969021841884,-1.5361285209655762,0.0028160678222775458,0.0243497297167778
242,198246400,0.00015539999999999998,0.13595410346984863,0.0,0.0,1.0,33.850239352921754,878806.1834396106,0.0013681496493518353,0.0002853187266737223,-1.5418622970581055,0.003970403224229813,0.04251647591590881
243,199065600,0.0001548,0.13600245475769043,0.0,0.0,1.0,33.942035600182564,878333.0140846939,0.00020635691471397876,0.00027689167764037846,-1.5472164154052734,0.002312726527452469,0.015949098765850066
244,199884800,0.00015419999999999998,0.13591142654418945,0.0,0.0,1.0,33.92086301142952,880192.2815149523,0.00038132143672555687,0.000278020859695971,-1.5515870094299316,0.002830926142632961,0.0236539363861084
245,200704000,0.0001536,0.13597068786621094,0.0,0.0,1.0,33.96811293336101,876337.3034469212,0.0004296384286135435,0.00028359577991068365,-1.5571231842041016,0.003120087832212448,0.02859264612197876
246,201523200,0.00015299999999999998,0.13589473724365234,0.0,0.0,1.0,33.937949268776336,885273.4967317125,0.00041135745123028756,0.00028180673252791165,-1.5624528884887696,0.0027801718562841414,0.025694212317466734
247,202342400,0.0001524,0.13600796699523926,0.0,0.0,1.0,33.90700663349917,879793.8955171425,0.000346992677077651,0.00027714562602341173,-1.5687775611877441,0.0028254635632038116,0.02355614900588989
248,203161600,0.00015179999999999998,0.13594624519348145,0.0,0.0,1.0,33.96099158479459,875672.8140363276,0.00015074103139340879,0.00027650266420096157,-1.5747318267822266,0.002454909682273865,0.01719909757375717
249,203980800,0.0001512,0.13595582962036132,0.0,0.0,1.0,33.85271157738218,866682.000257206,9.354770299978555e-05,0.00027619877364486455,-1.5800132751464844,0.0023927420377731325,0.01644848585128784
250,204800000,0.00015059999999999997,0.13593792915344238,0.0,0.0,1.0,33.92093292531635,868385.2768459361,0.00037800013087689875,0.0003682054579257965,-1.584047794342041,0.0026799049228429794,0.02312963753938675
251,205619200,0.00015,0.13588933944702147,0.0,0.0,1.0,33.909422391646636,864804.3211823022,0.0002545071532949805,0.0002902901265770197,-1.5926365852355957,0.002424101531505585,0.016654658317565917
252,206438400,0.0001494,0.13604860305786132,0.0,0.0,1.0,33.9724641287219,864220.0867398977,0.0009269804693758487,0.00028001961763948204,-1.6033445358276368,0.003612665832042694,0.03536645472049713
253,207257600,0.00014879999999999998,0.13608776092529296,0.0,0.0,1.0,33.86723795330353,872039.5072495816,0.0005302050616592169,0.0002781669143587351,-1.6124902725219727,0.002928416430950165,0.027195060253143312
254,208076800,0.0001482,0.1359717559814453,0.0,0.0,1.0,33.91766893986361,868276.2324099011,0.0006329222582280636,0.00027607567608356476,-1.6184738159179688,0.002947593480348587,0.027263179421424866
255,208896000,0.00014759999999999998,0.1359531021118164,0.0,0.0,1.0,33.91125093136849,864792.6958904637,0.00041127181611955166,0.00032910231966525315,-1.623957633972168,0.002617580443620682,0.021201540529727936
256,209715200,0.000147,0.13593963623046876,0.0,0.0,1.0,33.932935422365915,868407.5413995935,0.0003879200434312224,0.00029740051832050085,-1.6317035675048828,0.0025392500683665276,0.019115112721920013
257,210534400,0.00014639999999999998,0.13602978706359864,0.0,0.0,1.0,33.868862621920975,870051.7640169095,0.0003100300906226039,0.0002803586656227708,-1.6396278381347655,0.0025909079238772394,0.01928344666957855
258,211353600,0.0001458,0.13578670501708984,0.0,0.0,1.0,33.86656746031746,866790.1043501938,0.0003327472135424614,0.0002807032549753785,-1.647801399230957,0.0026988256722688675,0.02158997058868408
259,212172800,0.00014519999999999998,0.13587843894958496,0.0,0.0,1.0,33.903978165577705,865563.1511392682,0.000537275755777955,0.0008581604808568955,-1.6519205093383789,0.003011109493672848,0.027764898538589478
260,212992000,0.0001446,0.13594160079956055,0.0,0.0,1.0,33.91825150196809,873466.7742205099,0.00027954597026109697,0.0003151029348373413,-1.6560235977172852,0.0026487141847610475,0.020192134380340575
261,213811200,0.00014399999999999998,0.13599637985229493,0.0,0.0,1.0,33.92891446551296,869611.2151152665,0.000306510622613132,0.00027534940745681523,-1.66038818359375,0.0025764666497707367,0.02020031660795212
262,214630400,0.0001434,0.1359444046020508,0.0,0.0,1.0,33.80414499215589,866243.2515752248,0.0002483936958014965,0.00027798768132925034,-1.6669105529785155,0.0023453997448086737,0.017240235209465028
263,215449600,0.00014279999999999997,0.1359557342529297,0.0,0.0,1.0,33.81628608002643,872606.8936810774,0.0005643954034894704,0.00027422450948506595,-1.6735559463500977,0.003128357231616974,0.029303225874900817
264,216268800,0.0001422,0.13594042778015136,0.0,0.0,1.0,33.82494014694956,882346.9869080761,4.1993334889411926e-05,0.000277188653126359,-1.6790884017944336,0.0019249862059950828,0.010819213092327118
265,217088000,0.00014159999999999997,0.13591360092163085,0.0,0.0,1.0,33.86549030951692,882200.4721143285,0.00011724982177838684,0.0002778616501018405,-1.6847387313842774,0.0022421494126319886,0.01422082632780075
266,217907200,0.00014099999999999998,0.13584062576293945,0.0,0.0,1.0,33.84398130918414,875220.7769838088,0.0003960335627198219,0.00027637730818241835,-1.6886714935302733,0.0025038331747055053,0.018705812096595765
267,218726400,0.00014039999999999997,0.13587244033813475,0.0,0.0,1.0,33.86388429752066,884493.9225616284,0.00030709898564964535,0.0002898624865338206,-1.6935152053833007,0.002547748014330864,0.019940797984600068
268,219545600,0.00013979999999999998,0.13584022521972655,0.0,0.0,1.0,33.837710409859795,870623.7876050649,0.000162594486027956,0.0002779996255412698,-1.6985916137695312,0.002517390623688698,0.01787610203027725
269,220364800,0.00013919999999999997,0.13596508026123047,0.0,0.0,1.0,33.74570758018693,888355.50058753,0.0005755018442869187,0.00027710143476724627,-1.705047035217285,0.002783653698861599,0.024528805911540986
270,221184000,0.00013859999999999998,0.13580430030822754,0.0,0.0,1.0,33.90186587232634,883955.1759118323,-4.8804233665578066e-05,0.00028237306978553536,-1.7096712112426757,0.001990630850195885,0.01021789237856865
271,222003200,0.00013799999999999997,0.1359104347229004,0.0,0.0,1.0,33.88660732767543,869452.3135607218,0.0002469719387590885,0.00028092465363442897,-1.7144628524780274,0.0025361597537994383,0.018044069409370422
272,222822400,0.00013739999999999998,0.1358841323852539,0.0,0.0,1.0,33.881786231135,877478.1388177318,9.823425207287074e-05,0.0002755042864009738,-1.7226587295532227,0.002204136364161968,0.014912474155426025
273,223641600,0.00013679999999999996,0.1360038185119629,0.0,0.0,1.0,33.83290053996125,880600.6018033552,0.00042672455310821533,0.0002891835290938616,-1.7312118530273437,0.0025803862139582635,0.02091064155101776
274,224460800,0.00013619999999999998,0.13594953536987306,0.0,0.0,1.0,33.87671459262932,868632.3069403415,0.0006593592464923858,0.0008403658866882324,-1.7383504867553712,0.0033918093889951707,0.03320313394069672
275,225280000,0.00013559999999999996,0.13583263397216797,0.0,0.0,1.0,33.84389637305699,880927.3719623194,5.2320008398965e-05,0.00027995139826089146,-1.7472269058227539,0.002324448898434639,0.01423022300004959
276,226099200,0.00013499999999999997,0.13593697547912598,0.0,0.0,1.0,33.84939087342556,875404.5246296203,0.0004781690426170826,0.0002791155595332384,-1.7555139541625977,0.0028620950877666475,0.024095214903354645
277,226918400,0.0001344,0.13599724769592286,0.0,0.0,1.0,33.93653949712108,875519.6712584612,0.0001770307309925556,0.00027532184030860664,-1.7653533935546875,0.00260153878480196,0.01994946599006653
278,227737600,0.00013379999999999997,0.1359604549407959,0.0,0.0,1.0,33.86998016856718,879710.9039918011,0.000299062579870224,0.00027963707689195874,-1.7758844375610352,0.0026123136281967162,0.02107287347316742
279,228556800,0.00013319999999999999,0.13601919174194335,0.0,0.0,1.0,34.00739571214891,880856.6225048221,0.00010950424475595356,0.0002779823262244463,-1.7824560165405274,0.0023633914068341257,0.015220458805561065
280,229376000,0.00013259999999999997,0.1360291576385498,0.0,0.0,1.0,33.91590486039297,876745.3737846045,0.0007188062183558941,0.0002769639948382974,-1.7890514373779296,0.003258255869150162,0.031452760100364685
281,230195200,0.00013199999999999998,0.1358699893951416,0.0,0.0,1.0,33.908112137148535,881051.4204014845,0.0001718252431601286,0.00027766360435634854,-1.7957691192626952,0.0025056459009647368,0.01792968958616257
282,231014400,0.00013139999999999997,0.13594487190246582,0.0,0.0,1.0,33.81921790477764,877111.7403546501,0.00024057962000370025,0.00027667556423693895,-1.7990629196166992,0.002263636514544487,0.016293337941169737
283,231833600,0.0001308,0.13606975555419923,0.0,0.0,1.0,33.795277537396466,874415.6877273396,0.0007302467245608568,0.0002743784338235855,-1.8022836685180663,0.003324580565094948,0.03372900187969208
284,232652800,0.0001302,0.13592262268066407,0.0,0.0,1.0,33.852374255459964,877595.6132318687,0.0001494128839112818,0.000277850148268044,-1.8074386596679688,0.0021881747990846632,0.014768557250499725
285,233472000,0.0001296,0.13577545166015625,0.0,0.0,1.0,33.739218106995885,881468.0042187208,0.00028438400477170944,0.000319353211671114,-1.8144781112670898,0.00254331324249506,0.01821227967739105
286,234291200,0.000129,0.13594045639038085,0.0,0.0,1.0,33.73181181511082,870509.0101688396,0.00023084969725459815,0.0002972940215840936,-1.8229238510131835,0.0025316597893834114,0.01745935082435608
287,235110400,0.0001284,0.13613359451293947,0.0,0.0,1.0,33.857384488448844,884121.5771578916,0.0010186920873820782,0.00031475238502025603,-1.8307510375976563,0.0038146756589412687,0.0391815185546875
288,235929600,0.0001278,0.1360764694213867,0.0,0.0,1.0,33.94372330278273,884183.798412498,0.0008880780078470707,0.00028075692243874074,-1.8375707626342774,0.0034893501549959184,0.03500634431838989
289,236748800,0.0001272,0.1360446357727051,0.0,0.0,1.0,33.87632918201001,869881.4135882943,0.0003214758588001132,0.0002768724458292127,-1.8448068618774414,0.0025652458891272543,0.01937292218208313
290,237568000,0.00012660000000000001,0.13589415550231934,0.0,0.0,1.0,33.895822973644954,882384.5646973214,8.322815410792828e-05,0.00027800058014690874,-1.853622817993164,0.002168452925980091,0.01405041366815567
291,238387200,0.000126,0.13606876373291016,0.0,0.0,1.0,33.91155339004047,886320.9777962733,0.0001883334945887327,0.0002779222093522549,-1.8606111526489257,0.0024192025884985924,0.016596926748752593
292,239206400,0.0001254,0.13598700523376464,0.0,0.0,1.0,33.86676324503311,879984.6869685517,0.0007025823462754488,0.0002766302553936839,-1.8693967819213868,0.0030582161620259286,0.028778445720672608
293,240025600,0.0001248,0.1360292625427246,0.0,0.0,1.0,33.87632362673726,884345.1282381206,0.00046194121241569517,0.0002806953387334943,-1.8748870849609376,0.0028273606672883033,0.023011232912540435
294,240844800,0.0001242,0.1358938980102539,0.0,0.0,1.0,33.89424591659066,866145.839906901,0.0002840699627995491,0.0003072854364290833,-1.880697250366211,0.0024541672319173813,0.018476560711860657
295,241664000,0.0001236,0.13604004859924315,0.0,0.0,1.0,33.802225427570576,869415.0594055855,0.0002846964867785573,0.00041719479486346245,-1.8877689361572265,0.0026391943916678428,0.020650388300418855
296,242483200,0.000123,0.1359049606323242,0.0,0.0,1.0,33.791231904977934,873673.4633645792,0.00048410976305603983,0.0008984889835119247,-1.8941766738891601,0.0028538694605231285,0.025153321027755738
297,243302400,0.0001224,0.1359534454345703,0.0,0.0,1.0,33.856498717630515,880070.5949634501,0.0005909414961934089,0.00035631172358989714,-1.8998132705688477,0.00300945695489645,0.027454331517219543
298,244121600,0.00012179999999999999,0.13601118087768554,0.0,0.0,1.0,33.909286452947256,873369.1326071544,0.00023566558957099915,0.00027403938584029673,-1.9046241760253906,0.002569783665239811,0.019852903485298157
299,244940800,0.00012119999999999999,0.13596343994140625,0.0,0.0,1.0,33.82897508985004,875531.176933666,0.0001195681281387806,0.00027370997704565523,-1.9117069244384766,0.0021767467260360718,0.012825804948806762
300,245760000,0.00012059999999999999,0.13606081962585448,0.0,0.0,1.0,33.89778640455935,880385.6549038279,0.0004566779360175133,0.00027532058302313087,-1.9171623229980468,0.002853865548968315,0.024568848311901093
301,246579200,0.00011999999999999999,0.13594964981079102,0.0,0.0,1.0,33.940111824394286,877980.3413943939,0.00024530300870537756,0.0002776093082502484,-1.922163963317871,0.0025875957682728766,0.019262206554412842
302,247398400,0.0001194,0.13596658706665038,0.0,0.0,1.0,33.855555555555554,878322.5390604967,0.00022169486619532107,0.0002813531085848808,-1.9294038772583009,0.0023310035467147827,0.016711303591728212
303,248217600,0.0001188,0.13604970932006835,0.0,0.0,1.0,33.886712765516954,882160.462642096,0.0008704930543899537,0.000308856600895524,-1.9369647979736329,0.0032311871647834776,0.03143786191940308
304,249036800,0.0001182,0.1358794403076172,0.0,0.0,1.0,33.878183098008364,875568.1635481641,0.0003905802732333541,0.0003739738836884499,-1.942605972290039,0.0026779668405652046,0.022894775867462157
305,249856000,0.0001176,0.13606134414672852,0.0,0.0,1.0,33.83736381644107,877400.8087094586,0.0001762687345035374,0.00027997375000268223,-1.949599838256836,0.0023316772654652595,0.0162348672747612
306,250675200,0.000117,0.13586870193481446,0.0,0.0,1.0,33.829900524208526,880984.4782458096,-2.464734425302595e-05,0.0002750212559476495,-1.9588499069213867,0.0019134188070893288,0.0095672607421875
307,251494400,0.0001164,0.1360747528076172,0.0,0.0,1.0,33.830146603345035,870350.6348863188,0.0003084220224991441,0.00027122062165290116,-1.9638641357421875,0.0025807250291109084,0.020403930544853212
308,252313600,0.0001158,0.13587968826293945,0.0,0.0,1.0,33.88301182327318,878541.43993254,0.0006687541492283345,0.00027522288728505374,-1.968299102783203,0.003308393433690071,0.03254138231277466
309,253132800,0.0001152,0.13597491264343262,0.0,0.0,1.0,33.8578573199967,876587.9732469665,0.0002228948986157775,0.00027166998479515313,-1.9732160568237305,0.0022069238126277923,0.01486499160528183
310,253952000,0.0001146,0.1360161018371582,0.0,0.0,1.0,33.77153789187855,876563.1451440849,0.00023779321927577257,0.0002706973347812891,-1.978896141052246,0.0023611398413777352,0.016979607939720153
311,254771200,0.00011399999999999999,0.13598898887634278,0.0,0.0,1.0,33.926957457374606,877543.7564003163,0.000205462658777833,0.00027669856790453197,-1.987905502319336,0.0023467978462576866,0.016206541657447816
312,255590400,0.00011339999999999999,0.1359802532196045,0.0,0.0,1.0,33.84888337468983,874674.4721616077,0.0003127713454887271,0.0002784184878692031,-1.9949003219604493,0.0026421338319778443,0.022386468946933746
313,256409600,0.00011279999999999999,0.13605684280395508,0.0,0.0,1.0,33.88594931999504,880476.6483208644,0.00047072689048945906,0.00027693223673850296,-2.0004247665405273,0.0027703771367669104,0.023769773542881012
314,257228800,0.00011219999999999999,0.13604615211486817,0.0,0.0,1.0,33.95317559153175,873553.1950889408,0.0002591261873021722,0.0002739581046625972,-2.006661605834961,0.0025546448305249214,0.018379759788513184
315,258048000,0.00011159999999999999,0.13598451614379883,0.0,0.0,1.0,33.87303751446042,886139.8065575346,0.0006102921441197395,0.00028785031754523515,-2.0122922897338866,0.002890384756028652,0.02629687786102295
316,258867200,0.00011099999999999999,0.1359572982788086,0.0,0.0,1.0,33.825805119735755,876582.1098372142,0.00032765537034720185,0.0004399937111884356,-2.0162343978881836,0.0024231655523180963,0.019321531057357788
317,259686400,0.00011039999999999999,0.1361505889892578,0.0,0.0,1.0,33.915429469418136,875575.9186295192,0.0004870265256613493,0.00027375612407922747,-2.023875427246094,0.002993563562631607,0.02741735875606537
318,260505600,0.00010979999999999999,0.13579566955566405,0.0,0.0,1.0,33.76092152983844,875620.1397295382,0.0007947187870740891,0.00027573122642934325,-2.0344402313232424,0.0032472435384988787,0.030964723229408263
319,261324800,0.00010919999999999998,0.13604002952575683,0.0,0.0,1.0,33.85981114884453,877176.5018761423,0.0003186701564118266,0.00027185387443751097,-2.0427371978759767,0.0027458488941192625,0.023478634655475616
320,262144000,0.00010859999999999998,0.13591501235961914,0.0,0.0,1.0,33.79033454185893,874113.8904535542,0.0002346700057387352,0.00027215166483074427,-2.0512630462646486,0.0023430945351719857,0.01688513308763504
321,262963200,0.00010799999999999998,0.13598966598510742,0.0,0.0,1.0,33.85538232496588,884235.628555877,6.772999186068773e-05,0.0002735394984483719,-2.0588047027587892,0.0020561981946229935,0.01226818710565567
322,263782400,0.00010739999999999998,0.13608999252319337,0.0,0.0,1.0,34.01643699153246,879639.8046106647,0.00038247785996645687,0.0002706429688259959,-2.064916229248047,0.0026245081797242166,0.02190697640180588
323,264601600,0.00010679999999999998,0.13602380752563475,0.0,0.0,1.0,33.86221708243846,876050.158131494,0.00014194329269230367,0.0002739952877163887,-2.07061710357666,0.00244053453207016,0.016835203766822814
324,265420800,0.00010619999999999998,0.13608555793762206,0.0,0.0,1.0,33.94092792046396,883873.8550240643,0.00039436020888388156,0.00028214293997734784,-2.076867866516113,0.0026211267337203025,0.020815184712409972
325,266240000,0.00010559999999999998,0.13591103553771972,0.0,0.0,1.0,33.87015295576685,878478.7573807898,5.3381302859634164e-05,0.0002795408247038722,-2.0830188751220704,0.0024615989997982977,0.017471803724765776
326,267059200,0.00010499999999999999,0.13596641540527343,0.0,0.0,1.0,33.80737163612349,872508.2546254641,-1.8302359967492522e-05,0.0002720008371397853,-2.087394142150879,0.001936282590031624,0.010468016564846038
327,267878400,0.00010439999999999999,0.1359649658203125,0.0,0.0,1.0,33.909596085261676,877781.7005921208,0.0005196501966565848,0.0002750234678387642,-2.0921772003173826,0.0027012936770915985,0.023857299983501435
328,268697600,0.00010379999999999999,0.13610700607299805,0.0,0.0,1.0,33.80689683586025,876871.9742670006,0.0003236380871385336,0.000278598559089005,-2.0994916915893556,0.0026106374338269235,0.02097448706626892
329,269516800,0.00010319999999999999,0.1359136486053467,0.0,0.0,1.0,33.82567707256564,875676.199723793,0.00016215909272432327,0.0005543306935578585,-2.103985595703125,0.002353132888674736,0.015256710350513458
330,270336000,0.00010259999999999999,0.13601016998291016,0.0,0.0,1.0,33.886096875516614,887690.6107359894,0.00026834467425942423,0.0002799744252115488,-2.1084997177124025,0.0025074465200304987,0.018574588000774384
331,271155200,0.00010199999999999999,0.13599886894226074,0.0,0.0,1.0,33.92436487214555,882219.6319739418,0.00024158128071576356,0.00027509010396897793,-2.1126556396484375,0.0023313455283641817,0.01668615937232971
332,271974400,0.00010139999999999998,0.13600839614868165,0.0,0.0,1.0,33.82380127094165,883866.8048734958,0.0003277537412941456,0.00029224685858935117,-2.1157917022705077,0.0022948050871491434,0.017100706696510315
333,272793600,0.00010079999999999998,0.13600736618041992,0.0,0.0,1.0,33.935943650300395,887029.1220907208,-1.925748074427247e-06,0.0002705490915104747,-2.1210378646850585,0.0020201176404953,0.01244811862707138
334,273612800,0.00010019999999999998,0.135920467376709,0.0,0.0,1.0,33.74236617628879,880880.515206603,0.0001323587028309703,0.0002745853504166007,-2.1284183502197265,0.0020662443712353706,0.012454589456319809
335,274432000,9.959999999999998e-05,0.13599178314208984,0.0,0.0,1.0,33.82425568815295,873052.1621086429,0.0006493059452623128,0.0002756436355412006,-2.133998489379883,0.0029596565291285515,0.02611694037914276
336,275251200,9.899999999999998e-05,0.13601741790771485,0.0,0.0,1.0,33.90916232531217,872888.4857589267,7.542094681411982e-05,0.0002725356258451939,-2.1388370513916017,0.002184164896607399,0.013983519375324249
337,276070400,9.839999999999998e-05,0.13605718612670897,0.0,0.0,1.0,33.90626811294196,878948.9944255848,0.00024140805471688508,0.00027525152545422317,-2.14318962097168,0.002517687529325485,0.01896338164806366
338,276889600,9.779999999999998e-05,0.13597637176513672,0.0,0.0,1.0,33.91333692186659,884632.0872960617,0.000681254779919982,0.00027214987203478814,-2.1499822616577147,0.0029900062829256056,0.027598023414611816
339,277708800,9.719999999999998e-05,0.1359991455078125,0.0,0.0,1.0,33.871417345630505,885618.163451831,0.00011241498868912459,0.0002710253931581974,-2.156846809387207,0.0019497795030474663,0.011667357385158538
340,278528000,9.659999999999998e-05,0.1359885597229004,0.0,0.0,1.0,33.926964433416046,874606.2311927236,0.0003449327312409878,0.00027666359674185517,-2.16024112701416,0.0025635737925767898,0.020772217214107512
341,279347200,9.599999999999998e-05,0.13593490600585936,0.0,0.0,1.0,33.87599272005294,882526.3830849209,0.0003330943873152137,0.00027444185689091684,-2.1641220092773437,0.002480866573750973,0.01835009753704071
342,280166400,9.539999999999997e-05,0.13600117683410645,0.0,0.0,1.0,33.88401539289113,884165.7916097945,0.0003444767091423273,0.00027690844144672154,-2.1680442810058596,0.0025728669017553328,0.022267457842826844
343,280985600,9.479999999999997e-05,0.13594867706298827,0.0,0.0,1.0,33.905110697289466,879183.9194118036,0.00014336445601657034,0.000272395508363843,-2.172322082519531,0.0024542681872844695,0.017441530525684357
344,281804800,9.419999999999997e-05,0.13603031158447265,0.0,0.0,1.0,33.931487001159134,888603.66902868,0.00018214493757113815,0.0003159638261422515,-2.1785940170288085,0.0022712372243404388,0.015270383656024933
345,282624000,9.360000000000001e-05,0.13608476638793945,0.0,0.0,1.0,33.78987571741195,876003.01658328,0.0006147133186459542,0.0005681929178535938,-2.183824920654297,0.002947002835571766,0.026729607582092287
346,283443200,9.300000000000001e-05,0.13587860107421876,0.0,0.0,1.0,33.907647668393786,869759.3880455067,9.884464088827372e-05,0.00027968885842710733,-2.1897741317749024,0.0019870303571224214,0.011159054934978485
347,284262400,9.240000000000001e-05,0.13605767250061035,0.0,0.0,1.0,33.846112600536195,888038.8699960572,4.9918226432055234e-05,0.00027474486269056796,-2.1959630966186525,0.002085081115365028,0.012400999665260315
348,285081600,9.180000000000001e-05,0.1360867691040039,0.0,0.0,1.0,33.91679092113983,883734.0087513537,0.00034839229192584753,0.00027363458648324015,-2.2007654190063475,0.002757246233522892,0.02265613079071045
349,285900800,9.120000000000001e-05,0.1360602283477783,0.0,0.0,1.0,33.79646782759047,876259.421599536,7.920629577711225e-05,0.0002693333895877004,-2.2050527572631835,0.0022231092676520347,0.013718262314796448
350,286720000,9.06e-05,0.13582231521606444,0.0,0.0,1.0,33.80067847095813,887784.5969643357,0.0012655149213969708,0.0003069862490519881,-2.2081062316894533,0.0035791710019111634,0.03764490485191345
351,287539200,9e-05,0.13607027053833007,0.0,0.0,1.0,33.8717715608083,880268.1032318056,0.0002217886270955205,0.000499112531542778,-2.211516761779785,0.0023368289694190025,0.016307495534420013
352,288358400,8.94e-05,0.13604426383972168,0.0,0.0,1.0,33.9492045077892,880957.4415245756,0.00026634472887963054,0.00027274545282125474,-2.2166229248046876,0.0024748325347900392,0.017124392092227936
353,289177600,8.88e-05,0.13602161407470703,0.0,0.0,1.0,33.94014332463444,886907.6799312037,0.00018709811847656966,0.0002686125226318836,-2.2191194534301757,0.0022194968536496163,0.016502563655376435
354,289996800,8.82e-05,0.13606437683105468,0.0,0.0,1.0,33.9591718426501,883136.9089262839,0.000368253537453711,0.00027248912956565616,-2.222058868408203,0.002640484273433685,0.022005490958690643
355,290816000,8.76e-05,0.13598627090454102,0.0,0.0,1.0,33.89963148523871,862454.2097939983,0.0005168693605810404,0.0002733045956119895,-2.226812553405762,0.003146766498684883,0.027656614780426025
356,291635200,8.7e-05,0.13603293418884277,0.0,0.0,1.0,33.83822556639656,888344.7400613236,0.00021276744082570075,0.00027068250346928835,-2.23071346282959,0.0021472731605172157,0.014886844158172607
357,292454400,8.64e-05,0.13604328155517578,0.0,0.0,1.0,33.905156347069784,882671.1401171148,0.0002506112912669778,0.0002695383969694376,-2.2344028472900392,0.002568643167614937,0.021444572508335112
358,293273600,8.58e-05,0.13604364395141602,0.0,0.0,1.0,33.91815697963239,863247.8955235978,0.00013704535085707904,0.000270359730347991,-2.2391632080078123,0.0021649202331900596,0.014565427601337434
359,294092800,8.52e-05,0.1360447597503662,0.0,0.0,1.0,33.79480294141948,876025.232015396,0.00013383299810811877,0.00026912079192698,-2.244406318664551,0.0022383023053407667,0.015207885205745697
360,294912000,8.46e-05,0.13598228454589845,0.0,0.0,1.0,33.89367234903207,878038.4920171102,0.0001127930823713541,0.000270581035874784,-2.2490560531616213,0.001954418607056141,0.011433225870132447
361,295731200,8.4e-05,0.13606173515319825,0.0,0.0,1.0,33.99148423545051,875206.1181414757,0.0006391912698745728,0.000272027007304132,-2.2538324356079102,0.003079584613442421,0.028184813261032105
362,296550400,8.34e-05,0.13601966857910155,0.0,0.0,1.0,33.907534529815564,876582.2268949848,0.0002687597181648016,0.00026862616650760176,-2.2587635040283205,0.002467673830688,0.019175660610198975
363,297369600,8.28e-05,0.13592366218566895,0.0,0.0,1.0,33.826137255712105,869370.5281635085,1.221956335939467e-05,0.0002704622456803918,-2.263246536254883,0.0017789136618375778,0.009160400182008744
364,298188800,8.22e-05,0.13604769706726075,0.0,0.0,1.0,33.80031342791158,865386.8587175,0.00024253991432487965,0.00027194761205464604,-2.2674915313720705,0.0023570040240883825,0.01682495027780533
365,299008000,8.16e-05,0.13604488372802734,0.0,0.0,1.0,33.93952564261766,883140.0581984549,9.502320899628103e-05,0.00026853838935494425,-2.273345184326172,0.002209419943392277,0.014060425758361816
366,299827200,8.1e-05,0.13605539321899415,0.0,0.0,1.0,33.90809736711376,881606.6230199597,4.238137044012547e-05,0.00026869296561926603,-2.2790008544921876,0.002036443166434765,0.01278112679719925
367,300646400,8.04e-05,0.13595988273620604,0.0,0.0,1.0,33.836525336091,871227.3271291221,0.0003836099756881595,0.0002746470971032977,-2.282439422607422,0.0024722283706068993,0.019594965875148772
368,301465600,7.98e-05,0.13608919143676756,0.0,0.0,1.0,33.95030026920688,885148.6362966556,0.00021754258777946235,0.0002702379133552313,-2.2859739303588866,0.002387693338096142,0.01770263910293579
369,302284800,7.92e-05,0.13597047805786133,0.0,0.0,1.0,33.8268881176665,877310.7778115004,0.000888801272958517,0.0002746090991422534,-2.290688133239746,0.003473321348428726,0.034836184978485105
370,303104000,7.86e-05,0.1359897804260254,0.0,0.0,1.0,33.89194442147051,878420.7471231184,0.000878013949841261,0.0011392797343432904,-2.2951047897338865,0.0036813683807849886,0.03757299482822418
371,303923200,7.8e-05,0.13606653213500977,0.0,0.0,1.0,33.934023607372126,879898.5096826834,0.0002334887394681573,0.0003123389324173331,-2.301156997680664,0.002327130176126957,0.01707872599363327
372,304742400,7.74e-05,0.13591054916381837,0.0,0.0,1.0,33.762698576439035,880050.1913057282,9.293673210777342e-05,0.00027174653951078653,-2.3075048446655275,0.0022483421489596367,0.014401979744434357
373,305561600,7.68e-05,0.13610692977905273,0.0,0.0,1.0,33.86766041787101,876524.8411067898,2.150185318896547e-05,0.0002699388656765223,-2.311570739746094,0.0019719431176781653,0.01047985628247261
374,306380800,7.62e-05,0.1359279251098633,0.0,0.0,1.0,33.829725710508924,888331.4330321724,0.00011720216134563089,0.0002723148325458169,-2.316232109069824,0.0020273540169000624,0.012389159947633743
375,307200000,7.56e-05,0.13606786727905273,0.0,0.0,1.0,33.95263376192451,883616.5609808287,-4.3840912985615434e-05,0.00026904819533228873,-2.3218225479125976,0.002213640697300434,0.01359301656484604
376,308019200,7.5e-05,0.13613197326660156,0.0,0.0,1.0,33.903145798024056,874292.8030929461,0.0001260307035408914,0.00027049267664551734,-2.325923538208008,0.0018234064802527428,0.011231078207492829
377,308838400,7.439999999999999e-05,0.13596391677856445,0.0,0.0,1.0,33.921149625212244,888645.2876621376,0.0004893914796411991,0.00027355842757970095,-2.3288806915283202,0.002930756285786629,0.02624877393245697
378,309657600,7.379999999999999e-05,0.1359406280517578,0.0,0.0,1.0,33.84319404220108,880999.988012878,0.00020154535304754971,0.00027207720559090375,-2.3323293685913087,0.002251403592526913,0.014476926624774933
379,310476800,7.319999999999999e-05,0.13608009338378907,0.0,0.0,1.0,33.81788953009068,877267.7152454028,0.00023680112790316343,0.00026910239830613136,-2.3378890991210937,0.0023406993597745894,0.015993405878543854
380,311296000,7.259999999999999e-05,0.1359953498840332,0.0,0.0,1.0,33.79863720834194,870680.1303008627,0.0005678411573171616,0.00027242859359830616,-2.342595863342285,0.0026661640033125876,0.023557497560977934
381,312115200,7.199999999999999e-05,0.1360480499267578,0.0,0.0,1.0,33.77845494976116,861326.217214291,2.887037117034197e-05,0.0002700988203287125,-2.346689987182617,0.0019041787832975387,0.010081420838832855
382,312934400,7.139999999999999e-05,0.13599361419677736,0.0,0.0,1.0,33.76015505794054,854118.4212911518,0.0002320048166438937,0.0002688907785341144,-2.349517250061035,0.002410738170146942,0.01856933385133743
383,313753600,7.079999999999999e-05,0.13594468116760253,0.0,0.0,1.0,33.840926002480366,861313.9871196419,0.00024292943999171257,0.0002673660172149539,-2.352060890197754,0.0022590523585677147,0.016982176899909975
384,314572800,7.019999999999999e-05,0.13619068145751953,0.0,0.0,1.0,33.93295280638623,869741.8605507258,4.305591864977032e-05,0.00027112343814224006,-2.3575017929077147,0.001975488103926182,0.010694457590579987
385,315392000,6.959999999999998e-05,0.13599397659301757,0.0,0.0,1.0,33.730086856296055,867325.0866810633,0.0007202941924333572,0.00027073693927377463,-2.361598014831543,0.0030289433896541597,0.028047972917556764
386,316211200,6.899999999999998e-05,0.1359300422668457,0.0,0.0,1.0,33.81625149750072,864295.6689910548,0.0007517127320170403,0.0002717320574447513,-2.365140914916992,0.003314979001879692,0.03310216963291168
387,317030400,6.839999999999998e-05,0.13600760459899902,0.0,0.0,1.0,33.783693500494884,857139.7139748835,0.00016102263471111654,0.0002688927808776498,-2.37027587890625,0.002237672358751297,0.01630530059337616
388,317849600,6.779999999999998e-05,0.1360665225982666,0.0,0.0,1.0,33.8995155881257,869722.8120827012,0.0002988434862345457,0.00027127203065901995,-2.3737117767333986,0.0023007091134786607,0.017254267632961274
389,318668800,6.72e-05,0.13600563049316405,0.0,0.0,1.0,33.85660050344571,866309.4669712255,0.0003587034065276384,0.0003436252474784851,-2.376400947570801,0.0025532066822052,0.020618773996829987
390,319488000,6.659999999999999e-05,0.13615449905395507,0.0,0.0,1.0,33.872310493214165,860484.2767802889,0.0001431081211194396,0.0003114213701337576,-2.380263328552246,0.002280742675065994,0.014885009825229644
391,320307200,6.599999999999999e-05,0.1359582042694092,0.0,0.0,1.0,33.81058013441636,868870.8097170765,0.0009051931090652942,0.0002716925460845232,-2.3846323013305666,0.0031528789550065994,0.02963866889476776
392,321126400,6.539999999999999e-05,0.13603652954101564,0.0,0.0,1.0,33.934002155708484,866955.5788124958,0.00019361806334927678,0.00026907024439424274,-2.3872663497924806,0.002249905653297901,0.014997313916683196
393,321945600,6.479999999999999e-05,0.136131649017334,0.0,0.0,1.0,33.95621193918555,866172.0100871862,0.00015313364565372467,0.00027610415127128364,-2.39005184173584,0.0024159545078873633,0.016632814705371857
394,322764800,6.419999999999999e-05,0.13598403930664063,0.0,0.0,1.0,33.87697722567288,870131.8143174094,3.9510658825747666e-05,0.0002690644934773445,-2.3933761596679686,0.0017827998846769333,0.00962560847401619
395,323584000,6.359999999999999e-05,0.1361282730102539,0.0,0.0,1.0,33.93458718256763,886302.6190515324,5.134535604156554e-05,0.00026699441950768233,-2.396929168701172,0.001899554952979088,0.011609619855880738
396,324403200,6.299999999999999e-05,0.136121883392334,0.0,0.0,1.0,33.92994869248593,882446.6291170018,1.2332983897067606e-05,0.0002658606041222811,-2.4004131317138673,0.0017259469255805015,0.008639403432607651
397,325222400,6.239999999999999e-05,0.13608097076416015,0.0,0.0,1.0,33.873189305521066,882133.2347063448,0.00025584865361452105,0.0002664676867425442,-2.40462646484375,0.0024155488237738608,0.018519529700279237
398,326041600,6.179999999999998e-05,0.1360912036895752,0.0,0.0,1.0,33.82820491668041,887811.0144560605,9.305631392635405e-05,0.0002705901861190796,-2.4117124557495115,0.0020738674327731134,0.011615968495607375
399,326860800,6.119999999999998e-05,0.13606067657470702,0.0,0.0,1.0,33.86456953642384,882071.9200030921,0.00018798467935994269,0.0002638205420225859,-2.417424201965332,0.0025005940347909927,0.018297484517097472
400,327680000,6.059999999999998e-05,0.13590452194213867,0.0,0.0,1.0,33.83587140439932,885380.6114676212,0.00011302945204079151,0.0002691323636099696,-2.4209920883178713,0.0022484295070171354,0.014116090536117554
401,328499200,5.999999999999998e-05,0.13605555534362793,0.0,0.0,1.0,33.81506538509137,876468.3274359979,2.5545628159306943e-05,0.0002682160586118698,-2.4268070220947267,0.0018498407676815986,0.010612426698207856
402,329318400,5.939999999999998e-05,0.13599989891052247,0.0,0.0,1.0,33.80014045524022,879836.6385907031,2.702295569179114e-06,0.0002691919915378094,-2.431909370422363,0.0020574357360601423,0.01105029284954071
403,330137600,5.879999999999998e-05,0.136102352142334,0.0,0.0,1.0,33.862175908696194,883804.7407804283,0.00033961692824959757,0.0002674605697393417,-2.4356550216674804,0.002490690164268017,0.01917761266231537
404,330956800,5.819999999999998e-05,0.13602020263671874,0.0,0.0,1.0,33.80302092361025,871857.1518781962,7.708629127591848e-05,0.0002643231535330415,-2.440118598937988,0.0016834145411849023,0.009058594703674316
405,331776000,5.759999999999998e-05,0.13596359252929688,0.0,0.0,1.0,33.7910792315937,864553.7605134995,0.00027747396379709246,0.0002696511102840304,-2.4430509567260743,0.002435889281332493,0.01955639719963074
406,332595200,5.6999999999999976e-05,0.136092472076416,0.0,0.0,1.0,33.838833429585016,876780.9633384721,0.0004401260521262884,0.00027148602530360224,-2.446516227722168,0.0028608815744519235,0.025255241990089418
407,333414400,5.639999999999998e-05,0.13600473403930663,0.0,0.0,1.0,33.799859434430296,883422.3307892304,-1.0365754133090376e-05,0.000268148398026824,-2.4497318267822266,0.001926085352897644,0.011123045533895492
408,334233600,5.5800000000000015e-05,0.1361538887023926,0.0,0.0,1.0,33.969052544476625,878664.6476614375,0.00022266709711402655,0.0003850941313430667,-2.452565002441406,0.0022361069917678834,0.016835203766822814
409,335052800,5.5200000000000014e-05,0.13603797912597657,0.0,0.0,1.0,33.88013755386145,882082.893760623,2.9098158120177686e-05,0.00028884997591376304,-2.455891418457031,0.001877356506884098,0.010385500639677048
410,335872000,5.460000000000001e-05,0.13600625991821289,0.0,0.0,1.0,33.86119834710744,882036.7524801721,0.00014282864285632967,0.0002933824900537729,-2.4587530136108398,0.0023943398147821425,0.01789184957742691
411,336691200,5.400000000000001e-05,0.1359015655517578,0.0,0.0,1.0,33.78062971980357,876429.180254889,6.32879848126322e-05,0.00027036401443183424,-2.4610569000244142,0.0018867889419198036,0.010426635295152665
412,337510400,5.340000000000001e-05,0.13599891662597657,0.0,0.0,1.0,33.811203233923194,882844.2880192592,0.00023451989982277156,0.00026737474836409093,-2.4633922576904297,0.0022557200863957405,0.01634045094251633
413,338329600,5.280000000000001e-05,0.1359813117980957,0.0,0.0,1.0,33.85782245387607,877409.622478046,0.0005488425493240356,0.0002689254703000188,-2.4659820556640626,0.002783537469804287,0.02652868628501892
414,339148800,5.220000000000001e-05,0.13618656158447265,0.0,0.0,1.0,33.9685091572056,873863.26891252,5.597423878498375e-05,0.00026784532237797973,-2.4690967559814454,0.0021281903609633446,0.013364623486995696
415,339968000,5.160000000000001e-05,0.13599058151245116,0.0,0.0,1.0,33.83018400858157,884151.3621671086,0.00022786110639572144,0.0002693148562684655,-2.4714080810546877,0.002039503678679466,0.013434202969074249
416,340787200,5.1000000000000006e-05,0.13615917205810546,0.0,0.0,1.0,33.90973861894702,881163.6859774102,0.00030264584347605705,0.00026765528600662946,-2.4728792190551756,0.002474509924650192,0.017909666895866393
417,341606400,5.0400000000000005e-05,0.13591387748718262,0.0,0.0,1.0,33.80559683011392,880904.7054037965,0.0006033060606569051,0.00026945685967803,-2.4748695373535154,0.003065609186887741,0.02771887481212616
418,342425600,4.9800000000000004e-05,0.13611824035644532,0.0,0.0,1.0,33.79301951400635,889840.9405080832,-7.682347495574504e-06,0.0002661250997334719,-2.476981544494629,0.0018611239269375802,0.010428346693515778
419,343244800,4.92e-05,0.13603548049926759,0.0,0.0,1.0,33.92926617275775,885505.226917102,-4.664200823754072e-05,0.0002693263813853264,-2.479404640197754,0.0018724402412772178,0.008406005799770355
420,344064000,4.86e-05,0.1359809684753418,0.0,0.0,1.0,33.78040009919815,882611.7961834932,0.00010642741108313203,0.00026405886746942996,-2.482462692260742,0.001922890543937683,0.01133691743016243
421,344883200,4.800000000000001e-05,0.136103515625,0.0,0.0,1.0,33.81310679611651,888367.0619111254,-6.1032787198200825e-05,0.0002680354053154588,-2.4852115631103517,0.0014472912065684796,0.0056475836783647535
422,345702400,4.740000000000001e-05,0.13593915939331055,0.0,0.0,1.0,33.7871645370715,882952.1898943285,9.089732775464654e-05,0.0002709130756556988,-2.4872385025024415,0.0019071782007813454,0.011815186589956284
423,346521600,4.6800000000000006e-05,0.13617355346679688,0.0,0.0,1.0,33.885294603069816,867704.4164990047,-8.315069135278463e-05,0.0002664318308234215,-2.4910850524902344,0.0017144620418548585,0.006861694157123566
424,347340800,4.6200000000000005e-05,0.13587717056274415,0.0,0.0,1.0,33.81117637326274,885124.7546571585,6.008486379869282e-05,0.00026655837427824736,-2.494237518310547,0.0017652448266744613,0.010314454138278962
425,348160000,4.5600000000000004e-05,0.13602031707763673,0.0,0.0,1.0,33.84677952105698,878192.8487285181,0.00022938332986086608,0.0002948821755126119,-2.495925521850586,0.002339460887014866,0.016116330027580263
426,348979200,4.5e-05,0.13605953216552735,0.0,0.0,1.0,33.878325265814404,874379.2725523699,9.286779677495361e-05,0.00031614729668945075,-2.497947883605957,0.0017236676067113876,0.008444946259260178
427,349798400,4.44e-05,0.1360998821258545,0.0,0.0,1.0,33.89942373865097,879948.2783164309,-7.807608926668763e-05,0.0002791959326714277,-2.5000177383422852,0.0016745110973715783,0.0071846932172775265
428,350617600,4.38e-05,0.13597187042236328,0.0,0.0,1.0,33.82518781474449,867784.2597234978,8.298897300846874e-05,0.0002695408649742603,-2.5025075912475585,0.0016546325758099556,0.007208007574081421
429,351436800,4.32e-05,0.13627330780029298,0.0,0.0,1.0,33.95344991525074,871609.7939156622,-9.709099540486932e-05,0.00026462282985448835,-2.5049022674560546,0.0016703588888049125,0.00754675343632698
430,352256000,4.26e-05,0.13596275329589844,0.0,0.0,1.0,33.85075738763347,884318.6981160005,-3.57313547283411e-05,0.0002682921243831515,-2.506926918029785,0.0017469879239797592,0.007034911215305329
431,353075200,4.2e-05,0.1361776828765869,0.0,0.0,1.0,34.028404378835624,879880.3075552278,0.0001935935113579035,0.00026909748557955024,-2.5104080200195313,0.002256976068019867,0.016655519604682922
432,353894400,4.14e-05,0.13606698036193848,0.0,0.0,1.0,33.834050475796445,876791.1857508984,7.963544921949506e-05,0.00026577506214380263,-2.512823295593262,0.0016965636983513831,0.00978112667798996
433,354713600,4.08e-05,0.13605271339416503,0.0,0.0,1.0,33.872902372489044,883493.2194741111,-4.145816492382437e-05,0.00026500094681978224,-2.515025329589844,0.0017776383087038995,0.007753172516822815
434,355532800,4.02e-05,0.13597394943237304,0.0,0.0,1.0,33.77597001400445,875476.1160051214,-1.7562590073794127e-05,0.0002657742006704211,-2.5176719665527343,0.0017662785947322845,0.008735106885433197
435,356352000,3.96e-05,0.1361356258392334,0.0,0.0,1.0,33.819265184940825,875716.999152868,0.00015301774255931376,0.00026573496870696545,-2.519535255432129,0.0019899461418390273,0.011768552660942077
436,357171200,3.9e-05,0.1360936641693115,0.0,0.0,1.0,33.834580559804856,883801.1898239601,-4.3282401748001575e-05,0.0002662892919033766,-2.521805191040039,0.0015094703063368796,0.0062064208090305325
437,357990400,3.84e-05,0.1360561180114746,0.0,0.0,1.0,33.90245922000497,881380.6892313779,-0.00012060581939294934,0.00026283613406121733,-2.5241775512695312,0.0018104225397109984,0.006813356280326843
438,358809600,3.78e-05,0.13613806724548339,0.0,0.0,1.0,34.01374071152809,876233.1941247345,1.848566753324121e-05,0.0002670607529580593,-2.5265775680541993,0.00183914415538311,0.008940551429986954
439,359628800,3.7199999999999996e-05,0.1361227798461914,0.0,0.0,1.0,33.78561999834997,887695.8366853605,-1.1798168998211622e-05,0.0002642717910930514,-2.5285253524780273,0.0014783503487706185,0.005689574405550957
440,360448000,3.6599999999999995e-05,0.13614261627197266,0.0,0.0,1.0,34.018703603865134,882710.3701176228,1.9543922098819168e-05,0.00026666277553886173,-2.53079833984375,0.0016792669892311096,0.009474121034145355
441,361267200,3.5999999999999994e-05,0.13593194007873535,0.0,0.0,1.0,33.86767079074772,882697.9067728425,1.172498450614512e-05,0.00026932624168694017,-2.5335859298706054,0.0017682919278740883,0.009192503988742828
442,362086400,3.539999999999999e-05,0.13593344688415526,0.0,0.0,1.0,33.95597744984248,886644.4768063345,-0.00012986958026885986,0.00026763363275676965,-2.5365854263305665,0.001691942848265171,0.006001342460513115
443,362905600,3.479999999999999e-05,0.136098690032959,0.0,0.0,1.0,33.993569265236694,880711.3605658384,-2.1167320664972066e-05,0.00026508283335715534,-2.5398208618164064,0.001631326973438263,0.006963744759559631
444,363724800,3.419999999999999e-05,0.13607338905334473,0.0,0.0,1.0,33.83241054458309,886234.6966565397,-0.00012086789356544614,0.00026150024496018887,-2.542266273498535,0.0019471466541290284,0.006401734054088592
445,364544000,3.36e-05,0.13593358993530275,0.0,0.0,1.0,33.87236945466573,878481.2332685242,-0.00011174213141202926,0.0002665590262040496,-2.5459266662597657,0.0020528636872768403,0.008611448854207993
446,365363200,3.2999999999999996e-05,0.13608495712280275,0.0,0.0,1.0,33.76537003461348,879102.7309202184,0.00020902950782328845,0.00026291641406714914,-2.5483327865600587,0.002198570966720581,0.015762819349765776
447,366182400,3.2399999999999995e-05,0.13607946395874024,0.0,0.0,1.0,33.84064387983117,888496.5852726205,5.714606959372759e-05,0.0002647774759680033,-2.5491592407226564,0.0016597358509898186,0.008834350109100341
448,367001600,3.1799999999999994e-05,0.13607763290405273,0.0,0.0,1.0,33.81842896568769,883241.6281169814,-2.380919177085161e-05,0.00026482981629669664,-2.5503616333007812,0.001818251982331276,0.010168822109699249
449,367820800,3.119999999999999e-05,0.13602216720581053,0.0,0.0,1.0,33.87751136833402,878783.7736226426,9.007515618577599e-05,0.000266953487880528,-2.5517856597900392,0.0018180903047323228,0.011232300102710724
450,368640000,3.059999999999999e-05,0.136022891998291,0.0,0.0,1.0,33.83440148852595,886857.9927905464,0.00016811074456200004,0.0002672868082299829,-2.5538799285888674,0.001794155314564705,0.010963624715805054
451,369459200,2.999999999999999e-05,0.1361340618133545,0.0,0.0,1.0,33.87152317880795,871007.2582730432,-1.5780073590576647e-05,0.00026595164090394976,-2.5560022354125977,0.0015357766300439835,0.0056304931640625
452,370278400,2.939999999999999e-05,0.13602420806884766,0.0,0.0,1.0,33.848598670904366,870141.3860343472,-5.665075732395053e-05,0.00026628177147358656,-2.5571651458740234,0.0018493369221687316,0.008237916231155395
453,371097600,2.879999999999999e-05,0.13607519149780273,0.0,0.0,1.0,33.955754412130254,888061.8948735683,-0.00013659941032528877,0.0002652439521625638,-2.5594629287719726,0.0014058073982596397,0.003998168557882309
454,371916800,2.819999999999999e-05,0.13610033988952636,0.0,0.0,1.0,33.770969072164945,882534.224948954,-3.6508578341454266e-05,0.0002645240630954504,-2.5616559982299805,0.00132656367495656,0.005081053823232651
455,372736000,2.759999999999999e-05,0.13603520393371582,0.0,0.0,1.0,33.78971924029727,880478.9960094676,-5.318396142683923e-05,0.0002676516538485885,-2.5630470275878907,0.0013886363245546817,0.004486450180411339
456,373555200,2.699999999999999e-05,0.1361890697479248,0.0,0.0,1.0,33.94536944996687,886714.4591708333,-0.00011897191870957613,0.00026627823244780303,-2.56408748626709,0.0011927449144423009,0.0032509759068489073
457,374374400,2.6399999999999988e-05,0.135988073348999,0.0,0.0,1.0,33.84152034703574,875463.6509084883,-3.3482271828688684e-05,0.00026527068112045524,-2.5655384063720703,0.0015367558225989342,0.006248657777905464
458,375193600,2.5799999999999987e-05,0.1361406898498535,0.0,0.0,1.0,33.86113294989035,881986.5496736916,-4.8072246136143805e-05,0.0002619278617203236,-2.5665233612060545,0.0014116309583187103,0.004329346120357513
459,376012800,2.5199999999999986e-05,0.1362781524658203,0.0,0.0,1.0,34.01644437080606,884885.6712913417,-0.00016601005336269736,0.00026473545003682377,-2.567773628234863,0.0016210047528147698,0.004519409686326981
460,376832000,2.4599999999999985e-05,0.13599808692932128,0.0,0.0,1.0,33.85408825840606,873794.175984248,-7.24550278391689e-05,0.0002655635355040431,-2.569870376586914,0.0015152697451412678,0.0045328356325626375
461,377651200,2.3999999999999987e-05,0.1361038112640381,0.0,0.0,1.0,33.957295816733065,873381.7430055819,-5.4652115795761344e-05,0.00026566574815660714,-2.5715991973876955,0.0017318958416581154,0.007200562208890915
462,378470400,2.3399999999999986e-05,0.1360673999786377,0.0,0.0,1.0,33.825412541254124,887245.6004085683,-0.00022357965353876353,0.00026574453804641964,-2.57302188873291,0.0014002794399857522,0.0038715813308954237
463,379289600,2.2799999999999985e-05,0.13601752281188964,0.0,0.0,1.0,33.85510541546093,878285.3930437478,-4.063108935952187e-05,0.0002642531413584948,-2.5742868423461913,0.0013635248877108097,0.003209838643670082
464,380108800,2.2199999999999984e-05,0.1359730339050293,0.0,0.0,1.0,33.74997942556168,887025.7969801974,-0.00012612915597856044,0.00026672889944165943,-2.57507266998291,0.0013925141654908657,0.004314574971795082
465,380928000,2.1599999999999983e-05,0.1360331153869629,0.0,0.0,1.0,33.87546030038479,885344.6378255667,-3.199836937710643e-05,0.0002667273161932826,-2.5764581680297853,0.0016609959304332734,0.006329589337110519
466,381747200,2.0999999999999982e-05,0.13604679107666015,0.0,0.0,1.0,33.81790008677327,878782.3296019176,-9.462421294301749e-05,0.00026378179900348185,-2.5780569076538087,0.001364336535334587,0.003535277768969536
467,382566400,2.0399999999999984e-05,0.13606099128723145,0.0,0.0,1.0,33.85636979510905,879234.5388296297,-8.27775860670954e-05,0.00026715174317359924,-2.5800395965576173,0.0012137025594711303,0.0032697752118110656
468,383385600,1.9799999999999983e-05,0.1360614776611328,0.0,0.0,1.0,33.87135229107165,864085.4792774174,-0.00013610805617645383,0.00026431991718709467,-2.5815431594848635,0.0015546504408121109,0.004733885452151298
469,384204800,1.9199999999999982e-05,0.13606517791748046,0.0,0.0,1.0,33.96091515729266,863278.7496217528,-8.581418660469353e-05,0.0002638115780428052,-2.5830104827880858,0.001343340426683426,0.005520141124725342
470,385024000,1.8600000000000015e-05,0.13601983070373536,0.0,0.0,1.0,33.763926602484986,868037.870438608,-0.00011784816160798073,0.000268385442905128,-2.5838685989379884,0.001253886055201292,0.003070068173110485
471,385843200,1.8000000000000014e-05,0.13602800369262696,0.0,0.0,1.0,33.911878189437,875365.9038509036,-0.0001161866937763989,0.00026477151550352573,-2.5844282150268554,0.0012806414626538754,0.003966552391648293
472,386662400,1.7400000000000013e-05,0.13617855072021484,0.0,0.0,1.0,33.87709451093686,871735.4999484187,-4.925359971821308e-05,0.00026435363106429576,-2.5850894927978514,0.0012539797462522984,0.0037849120795726775
473,387481600,1.6800000000000012e-05,0.13610383987426758,0.0,0.0,1.0,33.85234594415992,868084.2817350996,-0.00011922521516680718,0.00026443039532750843,-2.58581485748291,0.0013815364800393581,0.0028073724359273912
474,388300800,1.6200000000000014e-05,0.136102294921875,0.0,0.0,1.0,33.85373924553276,853820.854456814,-0.00018354917410761117,0.0002623549895361066,-2.586668586730957,0.0013269479386508465,0.004189208894968033
475,389120000,1.5600000000000013e-05,0.1359691619873047,0.0,0.0,1.0,33.933932565653215,867067.2881340561,-0.00019024611683562397,0.0002654992276802659,-2.587981605529785,0.001534300111234188,0.0040422361344099045
476,389939200,1.5000000000000012e-05,0.1360110855102539,0.0,0.0,1.0,33.692285549798505,860884.3517450076,-9.644547244533897e-05,0.00026590703055262566,-2.589176559448242,0.001058115530759096,0.0019813230261206626
477,390758400,1.4400000000000011e-05,0.13608087539672853,0.0,0.0,1.0,33.86543470172393,869351.9232011801,-0.00016418901504948734,0.0002633796539157629,-2.5900558471679687,0.0012619761750102044,0.0039359133690595625
478,391577600,1.3800000000000012e-05,0.13599581718444825,0.0,0.0,1.0,33.723717288275296,875796.7799561585,-0.00019590160809457302,0.0002614484401419759,-2.5908481597900392,0.001351653877645731,0.0028569331392645837
479,392396800,1.320000000000001e-05,0.13604223251342773,0.0,0.0,1.0,33.77664744645799,871432.4152743798,-6.929668597877026e-05,0.00026524621061980725,-2.591009521484375,0.0012497367337346078,0.0028608394786715508
480,393216000,1.260000000000001e-05,0.13608482360839844,0.0,0.0,1.0,33.846032992930084,858487.6043915554,-0.00010648348834365606,0.00026676771230995657,-2.591554069519043,0.0009510339237749577,0.0015756834298372268
481,394035200,1.2000000000000009e-05,0.1361082935333252,0.0,0.0,1.0,33.82454043359987,872579.1852098178,-0.0002792163984850049,0.0002644993830472231,-2.592750358581543,0.0014136888086795807,0.003220948204398155
482,394854400,1.140000000000001e-05,0.13593507766723634,0.0,0.0,1.0,33.79974384399273,883151.8211181611,-9.220802458003164e-05,0.000269916164688766,-2.5933860778808593,0.0010401975363492967,0.0024873040616512298
483,395673600,1.0800000000000008e-05,0.1359378433227539,0.0,0.0,1.0,33.852194759031164,882205.8541599533,-0.00019995635375380516,0.0002666064538061619,-2.5939825057983397,0.001516248472034931,0.0037508543580770494
484,396492800,1.0200000000000007e-05,0.13606868743896483,0.0,0.0,1.0,33.929127338963404,877154.1219573946,-8.741901256144047e-05,0.0002649620873853564,-2.5947460174560546,0.0013539141044020652,0.0027607422322034835
485,397312000,9.600000000000008e-06,0.13613520622253417,0.0,0.0,1.0,33.91399006622517,884964.3237786049,-0.00015949707012623547,0.0002650432055816054,-2.5954669952392577,0.0012242256663739682,0.0021291499957442283
486,398131200,9.000000000000007e-06,0.13612707138061522,0.0,0.0,1.0,33.8624736559362,880328.2127922485,-0.00012748984154313802,0.00026730033569037913,-2.5961143493652346,0.001410216372460127,0.002417480945587158
487,398950400,8.400000000000006e-06,0.13602096557617188,0.0,0.0,1.0,33.74635111734147,887320.1952417586,-9.441422880627215e-05,0.00026810322888195517,-2.5968276977539064,0.0012789608910679818,0.0018206790089607238
488,399769600,7.800000000000007e-06,0.13605962753295897,0.0,0.0,1.0,33.764679201715325,880301.011725203,-0.00016380188753828406,0.000267524179071188,-2.5973196029663086,0.001486606616526842,0.0027604978531599045
489,400588800,7.200000000000006e-06,0.13607379913330078,0.0,0.0,1.0,33.856646394439615,876537.7812589293,-0.00014099760446697473,0.0002615993143990636,-2.5974878311157226,0.0011365504935383797,0.0013819580897688865
490,401408000,6.600000000000005e-06,0.13606099128723145,0.0,0.0,1.0,33.80907816622691,872905.9553640985,-0.00013260680716484786,0.0002695227274671197,-2.597957992553711,0.0011255613528192044,0.0018372802063822747
491,402227200,6.000000000000004e-06,0.13611815452575685,0.0,0.0,1.0,33.94756041951664,876046.2231497457,-0.00016133266035467386,0.0002664069179445505,-2.598540115356445,0.0013459619134664536,0.0018879394978284837
492,403046400,5.400000000000004e-06,0.1361693286895752,0.0,0.0,1.0,33.939861760688714,874708.6710104865,-0.00020440309308469295,0.0002665067091584206,-2.5989873886108397,0.0015845669433474541,0.0025493163615465165
493,403865600,4.800000000000004e-06,0.13599714279174804,0.0,0.0,1.0,33.7433117605837,879532.8136496609,-0.00017762782517820596,0.00026676275301724673,-2.599479103088379,0.0013910329900681973,0.0016226807609200477
494,404684800,4.200000000000003e-06,0.13620582580566407,0.0,0.0,1.0,33.862647119554,879871.1102893121,-0.00014610292855650188,0.0002644869266077876,-2.6000621795654295,0.0012405707500874996,0.0014995117671787739
495,405504000,3.600000000000003e-06,0.13611406326293946,0.0,0.0,1.0,33.86302163034038,875747.798051837,-0.00017563182627782225,0.0002644813619554043,-2.60034236907959,0.0010494825430214405,0.0010327150113880635
496,406323200,3.000000000000002e-06,0.13601613998413087,0.0,0.0,1.0,33.83841425683759,878038.6747612448,-0.0001839191187173128,0.0002675803145393729,-2.600596618652344,0.0012735175900161267,0.001859375461935997
497,407142400,2.400000000000002e-06,0.1360306739807129,0.0,0.0,1.0,33.869512953367874,873608.2996399946,-0.00017659803852438928,0.00026024444960057733,-2.600727844238281,0.00124434819445014,0.0019301762804389
498,407961600,1.8000000000000014e-06,0.1361247730255127,0.0,0.0,1.0,33.89279082243222,864639.7720157373,-9.738992666825652e-05,0.00026759817264974115,-2.600755310058594,0.0008315233513712883,0.001421386655420065
499,408780800,1.200000000000001e-06,0.13604663848876952,0.0,0.0,1.0,33.81290002890531,872102.0839629065,-4.315646947361529e-05,0.0002677264390513301,-2.6007663726806642,0.0003316673217341304,6.713866605423391e-05
500,409600000,6.000000000000005e-07,0.13596785545349122,0.0,0.0,1.0,33.74599514063336,880931.6102993011,-5.9120642254129054e-05,0.0002646196400746703,-2.600764846801758,0.00033690109848976134,0.00029309079982340334
