update,env_steps,lr,reward_per_step,cost_per_step,violation_rate,success_rate,mean_episode_length,steps_per_sec,policy_loss,value_loss,entropy,approx_kl,clip_frac
1,819200,0.0003,-0.015066908597946167,0.0,0.0,1.0,85.13157894736842,874103.3724975459,-0.00807766243815422,0.037970295548439024,1.8364269256591796,0.007749098539352417,0.10522705316543579
2,1638400,0.00029939999999999996,0.004780597686767578,0.0,0.0,1.0,300.72727272727275,870421.3890712311,-0.012092135101556777,0.023454058170318603,1.8301883697509767,0.009892180562019348,0.13837095499038696
3,2457600,0.0002988,0.0044713208079338075,0.0,0.0,1.0,477.90361445783134,866968.1862647237,-0.013095782697200775,0.018092817068099974,1.8111772537231445,0.011295073479413987,0.16163476705551147
4,3276800,0.0002982,0.003688657283782959,0.0,0.0,1.0,652.3139534883721,868079.1175163318,-0.01731873005628586,0.01679050177335739,1.78507080078125,0.01259499043226242,0.18140292167663574
5,4096000,0.00029759999999999997,0.006504607200622558,0.0,0.0,0.03531598513011153,993.953531598513,875685.9955902379,-0.01856352686882019,0.016790612041950224,1.7515993118286133,0.012553377449512482,0.18121006488800048
6,4915200,0.00029699999999999996,0.008029766082763672,0.0,0.0,0.7168674698795181,400.04819277108436,871052.3918755612,-0.016953422129154204,0.014006687700748444,1.7196752548217773,0.011535207182168961,0.16498425006866455
7,5734400,0.0002964,0.007257030010223388,0.0,0.0,0.9141742522756827,387.6436931079324,869949.493743347,-0.014545173943042755,0.012274403125047684,1.687173843383789,0.009931639581918717,0.13942075967788697
8,6553600,0.0002958,0.007856093645095825,0.0,0.0,0.9645941278065631,471.7677029360967,876631.6437906518,-0.010164755582809448,0.011655722558498383,1.6502897262573242,0.00694890022277832,0.08820446133613587
9,7372800,0.00029519999999999997,0.007700769305229187,0.0,0.0,0.9777777777777777,513.3086419753087,872672.3033260095,-0.007763706147670746,0.01133071705698967,1.6147140502929687,0.005645215138792991,0.06750011444091797
10,8192000,0.00029459999999999995,0.00884552001953125,0.0,0.0,0.571719641401793,719.3879380603097,869829.5242281907,-0.0072713524103164675,0.012298429757356644,1.585477352142334,0.005951110646128655,0.07345277070999146
11,9011200,0.000294,0.01557281494140625,0.0,0.0,0.970773381294964,292.82059352517985,865723.7976387083,-0.006118238717317581,0.018413835763931276,1.5608842849731446,0.005560542270541191,0.06466955542564393
12,9830400,0.0002934,0.019481629133224487,0.0,0.0,0.9597777189732734,274.8645144218047,870746.0530311564,-0.005201970785856247,0.017903396487236024,1.5352162361145019,0.004896493256092071,0.051107048988342285
13,10649600,0.00029279999999999996,0.028516955375671386,0.0,0.0,0.9826686544912412,204.15225493850167,863866.6172589816,-0.004646369442343712,0.01856807917356491,1.5080029487609863,0.004695002362132073,0.04486755430698395
14,11468800,0.00029219999999999995,0.03673105239868164,0.0,0.0,0.9934152765583846,150.9419081065262,838770.2693712033,-0.005166852101683617,0.01684717983007431,1.484442138671875,0.005321009829640388,0.05455577969551086
15,12288000,0.0002916,0.04502470970153809,0.0,0.0,0.9978341956443268,115.1922752977981,844561.546340139,-0.005974212288856506,0.014299336075782775,1.4649044036865235,0.005981884151697159,0.06826230883598328
16,13107200,0.00029099999999999997,0.053091754913330076,0.0,0.0,0.9996904982977406,90.03487052512122,854010.4516616225,-0.0069033846259117125,0.010443320125341415,1.4437834739685058,0.006819474697113037,0.08543005585670471
17,13926400,0.00029039999999999996,0.05894775390625,0.0,0.0,0.999720566318927,79.44383383010432,859688.0434831008,-0.008327191323041916,0.007413217425346374,1.4188952445983887,0.007916449010372162,0.10703467130661011
18,14745600,0.00028979999999999994,0.06439296722412109,0.0,0.0,1.0,71.86172967374418,855163.0070459747,-0.00940750613808632,0.005544853955507278,1.3859411239624024,0.009095988422632217,0.12746325731277466
19,15564800,0.0002892,0.06950531482696533,0.0,0.0,0.9999201341745867,66.33160290711605,862027.1228975564,-0.009972206503152847,0.004730888828635216,1.347702980041504,0.009778472036123276,0.13969688415527343
20,16384000,0.00028859999999999997,0.0736624526977539,0.0,0.0,0.9999246874529296,62.09670131043832,865245.562031421,-0.009953767806291581,0.00421702153980732,1.306625747680664,0.010101222991943359,0.14501452445983887
21,17203200,0.00028799999999999995,0.0779451322555542,0.0,0.0,1.0,59.024026158657946,868563.591418989,-0.009612848609685897,0.0036977309733629226,1.265157127380371,0.009985571354627609,0.14204906225204467
22,18022400,0.00028739999999999994,0.08172750473022461,0.0,0.0,0.9999318104330037,56.17790658029322,859160.2592072568,-0.008885987102985382,0.0033734265714883806,1.2233691215515137,0.009707142412662507,0.1361204743385315
23,18841600,0.0002868,0.08552541732788085,0.0,0.0,1.0,53.45357558515453,861366.010281078,-0.008497089147567749,0.0029748201370239256,1.1796314239501953,0.009497905522584916,0.13118687868118287
24,19660800,0.00028619999999999996,0.08880535125732422,0.0,0.0,0.9998746160115354,51.6203999749232,864326.7547323988,-0.007916231453418732,0.0026382597163319586,1.136815643310547,0.009040461480617523,0.1243930459022522
25,20480000,0.00028559999999999995,0.09120346069335937,0.0,0.0,0.9999386201816842,50.187576724772896,855521.9304148279,-0.0072009839117527005,0.0023932157084345816,1.0938865661621093,0.00847664475440979,0.1122398853302002
26,21299200,0.000285,0.09370365142822265,0.0,0.0,1.0,49.19970229234892,852671.1658424425,-0.006615632027387619,0.0022100001573562623,1.0512578964233399,0.008008276671171188,0.1042055606842041
27,22118400,0.0002844,0.09537412643432618,0.0,0.0,0.9999417826162892,47.97141526459801,856889.6528451937,-0.006086312234401703,0.0020803917199373246,1.0111259460449218,0.007421444356441498,0.09309924244880677
28,22937600,0.00028379999999999996,0.09709648132324218,0.0,0.0,1.0,47.191117015132264,858499.3703857238,-0.005481879413127899,0.0019078319892287254,0.974156665802002,0.00685548335313797,0.0823337197303772
29,23756800,0.00028319999999999994,0.09863882064819336,0.0,0.0,1.0,46.44171570846537,867424.5575825849,-0.0048859123140573505,0.001787441410124302,0.9377501487731934,0.006296958774328232,0.07260704636573792
30,24576000,0.0002826,0.10001837730407714,0.0,0.0,1.0,45.94836047289761,869654.3549057245,-0.004712213575839996,0.0016446148976683617,0.9029715538024903,0.006045763567090035,0.06694445610046387
31,25395200,0.00028199999999999997,0.10167320251464844,0.0,0.0,1.0,45.114992561573644,869255.3846720664,-0.004323780164122581,0.001553749479353428,0.8708980560302735,0.005799155682325363,0.062488901615142825
32,26214400,0.00028139999999999996,0.10209266662597656,0.0,0.0,1.0,44.95773184601925,865884.0995423349,-0.004247836023569107,0.001466362364590168,0.8400225639343262,0.005545531213283539,0.05766014456748962
33,27033600,0.00028079999999999994,0.10340927124023437,0.0,0.0,0.9999460072350305,44.33275741050699,872179.5433150071,-0.003773793578147888,0.001362378429621458,0.8107752799987793,0.005271118134260178,0.05315295457839966
34,27852800,0.0002802,0.10448966979980469,0.0,0.0,1.0,43.905200578437146,854286.0151821516,-0.003620869666337967,0.0013095575384795665,0.7810987949371337,0.005092170089483261,0.04998169243335724
35,28672000,0.00027959999999999997,0.1053227424621582,0.0,0.0,1.0,43.595022504633306,838019.7848212792,-0.0032577715814113618,0.0011959140188992023,0.7522410392761231,0.00476294569671154,0.04462964236736298
36,29491200,0.00027899999999999995,0.10599987983703613,0.0,0.0,1.0,43.35154356759035,835107.548760118,-0.003359433263540268,0.0011107149533927442,0.7223380088806153,0.004780972376465797,0.044047728180885315
37,30310400,0.0002784,0.10694596290588379,0.0,0.0,0.9999478650748136,42.74104582659924,833412.87920974,-0.0032730668783187864,0.0010290302336215973,0.6940726280212403,0.004711861163377762,0.0432103306055069
38,31129600,0.0002778,0.10765542984008789,0.0,0.0,1.0,42.43852013057671,835284.2739938948,-0.002966514229774475,0.0009935437701642513,0.6671936511993408,0.004480114206671715,0.03883240222930908
39,31948800,0.0002772,0.1084447193145752,0.0,0.0,1.0,42.64456769645449,834103.3432011689,-0.0025532783940434454,0.0009283707477152348,0.6422508239746094,0.004161598533391953,0.03402257859706879
40,32768000,0.0002766,0.1091307258605957,0.0,0.0,1.0,42.06253526907095,841871.7147958835,-0.0025030499324202537,0.0008909572847187519,0.6178027153015136,0.004133093729615211,0.034421876072883606
41,33587200,0.000276,0.10918087005615235,0.0,0.0,1.0,41.9859147715632,843517.9267516802,-0.002524598501622677,0.0008358039893209934,0.5921523094177246,0.004191438853740692,0.033911857008934024
42,34406400,0.00027539999999999997,0.10982133865356446,0.0,0.0,1.0,41.64298761924092,842850.5698223091,-0.0023677345365285874,0.0007629570551216603,0.5681218147277832,0.003944752365350723,0.0307589054107666
43,35225600,0.0002748,0.11050808906555176,0.0,0.0,1.0,41.68465258335454,856632.7535439,-0.0022271394729614256,0.0007329682819545269,0.5434033393859863,0.004010384902358055,0.031179440021514893
44,36044800,0.0002742,0.11086576461791992,0.0,0.0,1.0,41.44423096369704,849565.4784824209,-0.0022226763889193536,0.0007109312806278467,0.5211643695831298,0.0038434479385614393,0.028573241829872132
45,36864000,0.0002736,0.11117019653320312,0.0,0.0,1.0,41.31092182853687,864629.4249401417,-0.002320827730000019,0.0006793090607970953,0.49890313148498533,0.00390416719019413,0.030054566264152528
46,37683200,0.00027299999999999997,0.11176349639892579,0.0,0.0,1.0,41.15461384152457,859992.6280715646,-0.0023279596120119096,0.0006448213942348957,0.4742421627044678,0.003920235112309456,0.029864987730979918
47,38502400,0.0002724,0.11181998252868652,0.0,0.0,1.0,41.00070171921207,870837.4297238266,-0.002271033823490143,0.0006154387257993222,0.45054044723510744,0.003969353437423706,0.030540645122528076
48,39321600,0.0002718,0.11222679138183594,0.0,0.0,1.0,40.84048223982464,857007.9657001096,-0.002072853036224842,0.0005843032151460648,0.42802414894104,0.0035959061235189436,0.025512820482254027
49,40140800,0.0002712,0.11283025741577149,0.0,0.0,1.0,40.89733992114588,872847.870638927,-0.0019843125715851783,0.0005665991455316543,0.40764551162719725,0.0035821516066789627,0.02565112113952637
50,40960000,0.00027059999999999996,0.1128708267211914,0.0,0.0,1.0,40.81718664477285,860949.5034716259,-0.0018911007791757584,0.0005458523519337177,0.3872945308685303,0.0035378757864236833,0.024727413058280946
51,41779200,0.00027,0.11311395645141602,0.0,0.0,1.0,40.546240917403985,848879.6375709272,-0.0019705843180418013,0.0005280369892716408,0.36675634384155276,0.0034775178879499435,0.024260498583316803
52,42598400,0.0002694,0.11358240127563476,0.0,0.0,1.0,40.27918182712165,852544.1359843063,-0.001958413235843182,0.0005049644969403744,0.34618363380432127,0.0035375043749809264,0.024308474361896516
53,43417600,0.0002688,0.11360622406005859,0.0,0.0,1.0,40.34424853064652,838329.9637291599,-0.0018304059281945228,0.0004818013869225979,0.3241333246231079,0.003436867892742157,0.0235684797167778
54,44236800,0.00026819999999999996,0.11430934906005859,0.0,0.0,1.0,40.46241749581322,848784.8983902406,-0.0017280841246247291,0.00046929148957133295,0.3037721633911133,0.003444744274020195,0.022709472477436064
55,45056000,0.0002676,0.1139168643951416,0.0,0.0,1.0,40.131705168363354,847354.4586036681,-0.0015990385785698892,0.000463189696893096,0.287746524810791,0.003056151792407036,0.019765014946460723
56,45875200,0.000267,0.11457984924316406,0.0,0.0,1.0,40.285003448615626,845496.9529667724,-0.0015472900122404099,0.00043464489281177523,0.2689673900604248,0.00318654403090477,0.020556637644767763
57,46694400,0.00026639999999999997,0.11492796897888184,0.0,0.0,1.0,40.154870288790995,840693.2475608584,-0.0015553515404462814,0.00042617712169885636,0.2503300666809082,0.0029705552384257316,0.0197657510638237
58,47513600,0.00026579999999999996,0.11494153022766113,0.0,0.0,1.0,40.13139079333986,850661.116226829,-0.0014119835570454598,0.00041582612320780756,0.2327972650527954,0.002880878187716007,0.016644287109375
59,48332800,0.0002652,0.11518278121948242,0.0,0.0,1.0,39.9416597792795,840104.0761333937,-0.0014160681515932084,0.00041013797745108603,0.21583085060119628,0.002831941470503807,0.018303588032722473
60,49152000,0.0002646,0.11550110816955567,0.0,0.0,1.0,39.86459554513482,844379.6178845568,-0.0014488492161035538,0.0004040749277919531,0.19680330753326417,0.0029807494953274726,0.01965857148170471
61,49971200,0.00026399999999999997,0.11538005828857421,0.0,0.0,1.0,39.77087981375497,842454.160131297,-0.0014610712416470051,0.0003885422833263874,0.17683030366897584,0.002863360196352005,0.01857665479183197
62,50790400,0.00026339999999999995,0.11580771446228028,0.0,0.0,1.0,39.89117961684333,843813.153849548,-0.0014731641858816147,0.00038180158007889987,0.15896084308624267,0.0027180997654795646,0.018250735104084016
63,51609600,0.0002628,0.11583409309387208,0.0,0.0,1.0,39.74056420233463,842404.1911086448,-0.0012729072943329812,0.0003804160747677088,0.14093555212020875,0.0025466574355959893,0.01565881371498108
64,52428800,0.0002622,0.11595985412597656,0.0,0.0,1.0,39.71449331524898,841989.4973352934,-0.0012153198942542077,0.0003681602654978633,0.12145088911056519,0.002733377926051617,0.01862439513206482
65,53248000,0.00026159999999999996,0.11618593215942383,0.0,0.0,1.0,39.48965649956702,842015.6656557332,-0.0012834411114454269,0.0003611086634919047,0.1049619197845459,0.0025138238444924353,0.01453906148672104
66,54067200,0.000261,0.11633444786071777,0.0,0.0,1.0,39.544367526746385,841655.3261923126,-0.0012768790125846862,0.00035598904360085727,0.08829730749130249,0.0026429582387208937,0.016390261054039002
67,54886400,0.0002604,0.1162924575805664,0.0,0.0,1.0,39.65887805349039,842005.1225287607,-0.0013921327888965606,0.00035496661439538,0.07139193415641784,0.0027697505429387093,0.01822546571493149
68,55705600,0.00025979999999999997,0.11680360794067383,0.0,0.0,1.0,39.419997114413505,874636.7700254656,-0.0010371075943112374,0.00034693661145865915,0.057488429546356204,0.0023961536586284637,0.014335204660892487
69,56524800,0.00025919999999999996,0.11629974365234375,0.0,0.0,1.0,39.526724553786785,848973.0493670513,-0.0012376325204968453,0.00034411533270031216,0.04256676733493805,0.002667892165482044,0.016664673388004304
70,57344000,0.0002586,0.1166714859008789,0.0,0.0,1.0,39.329906317559455,870459.4470695169,-0.0011194770224392415,0.0003343033604323864,0.027783697843551634,0.0024750618264079093,0.014401000738143922
71,58163200,0.000258,0.11716547012329101,0.0,0.0,1.0,39.36663620183751,869059.2372455533,-0.0013505145907402039,0.0003231459064409137,0.01279289871454239,0.002804660238325596,0.01754211336374283
72,58982400,0.00025739999999999997,0.11729416847229004,0.0,0.0,1.0,39.23557002010146,876872.7314941711,-0.001119221094995737,0.0003206809051334858,-0.006425186991691589,0.0024072155356407166,0.015628786385059358
73,59801600,0.00025679999999999995,0.11707103729248047,0.0,0.0,1.0,39.261289705319555,872543.313405983,-0.001206922810524702,0.00031526775564998387,-0.026196980476379396,0.002581801079213619,0.017045898735523222
74,60620800,0.0002562,0.11732320785522461,0.0,0.0,1.0,39.14524310872894,850372.1965308855,-0.000977785512804985,0.00031197716016322373,-0.04202616810798645,0.0024406349286437033,0.015236085653305054
75,61440000,0.0002556,0.11743498802185058,0.0,0.0,1.0,39.11268613974799,854316.3103770816,-0.0009412206709384918,0.0003083931747823954,-0.05462344288825989,0.0024552712216973304,0.014185178279876708
76,62259200,0.00025499999999999996,0.11753694534301758,0.0,0.0,1.0,39.25264822892201,868238.0621214309,-0.00095569072291255,0.0003090232377871871,-0.06653310656547547,0.002354264259338379,0.014830319583415985
77,63078400,0.00025439999999999995,0.1175749969482422,0.0,0.0,1.0,39.096269439938936,866426.5428763018,-0.0008885364048182964,0.0003041445044800639,-0.07874963283538819,0.0023854874074459077,0.01466955542564392
78,63897600,0.0002538,0.11783733367919921,0.0,0.0,1.0,39.12532238036107,855521.0442354534,-0.0009760404005646706,0.000297808344475925,-0.09124249219894409,0.0026709940284490585,0.016119508445262908
79,64716800,0.0002532,0.1181818962097168,0.0,0.0,1.0,38.936706452993484,860372.8456632507,-0.0008116582408547402,0.000296355108730495,-0.10649253129959106,0.002082592435181141,0.012501463294029236
80,65536000,0.00025259999999999996,0.11787511825561524,0.0,0.0,1.0,39.059390814475314,851162.9751133425,-0.0010212473571300507,0.00029200478456914425,-0.12149945497512818,0.0022951308637857437,0.013131344318389892
81,66355200,0.00025199999999999995,0.11823421478271484,0.0,0.0,1.0,38.96295590896105,856164.3987650906,-0.0010349896736443042,0.0002882803324609995,-0.13455164432525635,0.0025917774066329,0.016014038026332854
82,67174400,0.0002514,0.11843528747558593,0.0,0.0,1.0,39.014183722037124,862778.3976770975,-0.0008689511567354202,0.0002848584437742829,-0.14834535121917725,0.0023998796939849855,0.013413572311401367
83,67993600,0.00025079999999999997,0.11861122131347657,0.0,0.0,1.0,38.95763154149073,859817.6273526944,-0.0008124998770654201,0.00028887439984828236,-0.15771791934967042,0.0021441953256726267,0.01295165866613388
84,68812800,0.00025019999999999996,0.11853994369506836,0.0,0.0,1.0,38.780722093408414,853488.8648462419,-0.0007400214206427335,0.0002841447712853551,-0.17050293684005738,0.002005861885845661,0.011424440145492553
85,69632000,0.00024959999999999994,0.11875862121582031,0.0,0.0,1.0,38.83751419916698,864441.1345177249,-0.0008384463377296925,0.0002759547904133797,-0.18488835096359252,0.0021341875195503234,0.011574341356754303
86,70451200,0.000249,0.11859970092773438,0.0,0.0,1.0,38.89748346891204,845791.2313011801,-0.0006614285986870528,0.0002769173355773091,-0.19761598110198975,0.0023084310814738274,0.014119139313697815
87,71270400,0.0002484,0.11879148483276367,0.0,0.0,1.0,38.744627473255704,864566.414201544,-0.0007060274016112089,0.0002828157739713788,-0.20951695442199708,0.002076110988855362,0.010624632984399796
88,72089600,0.0002478,0.11872201919555664,0.0,0.0,1.0,38.744768487832594,865344.6705644154,-0.0006527240853756666,0.0002820608438923955,-0.22088336944580078,0.0020371478050947188,0.01083398163318634
89,72908800,0.0002472,0.11882898330688477,0.0,0.0,1.0,38.72259708394281,870726.2468709754,-0.0005479824263602495,0.000273320940323174,-0.23193528652191162,0.001991192251443863,0.010836789011955261
90,73728000,0.0002466,0.11899099349975586,0.0,0.0,1.0,38.752057905194434,846719.6415605285,-0.0005921007599681616,0.0002720705699175596,-0.24511263370513917,0.0020975520834326743,0.010590088367462159
91,74547200,0.000246,0.11897446632385254,0.0,0.0,1.0,38.666005103487386,851436.7915862936,-0.0006355396937578917,0.00027213178109377625,-0.2573648452758789,0.0020037176087498664,0.010604247450828552
92,75366400,0.0002454,0.11868217468261719,0.0,0.0,1.0,38.683576590619246,850170.7053956129,-0.0005390876904129982,0.00026917494833469393,-0.26721265316009524,0.0022372521460056307,0.012579591572284698
93,76185600,0.0002448,0.11924826622009277,0.0,0.0,1.0,38.62621427565817,853434.594218334,-0.0006286383140832186,0.00027673165313899515,-0.27888121604919436,0.002161940559744835,0.010752929747104645
94,77004800,0.00024419999999999997,0.11906813621520997,0.0,0.0,1.0,38.57233831784518,865807.7140505213,-0.0005528533831238747,0.0002710734494030476,-0.29044594764709475,0.0019633637741208075,0.009113892912864685
95,77824000,0.00024359999999999999,0.11930229187011719,0.0,0.0,1.0,38.58582283260182,864751.6859248682,-0.0005528513807803393,0.00026270260568708184,-0.30102517604827883,0.002002030424773693,0.009870728105306625
96,78643200,0.000243,0.11913061141967773,0.0,0.0,1.0,38.57195259593679,861153.0534030691,-0.0005297029390931129,0.0002666199812665582,-0.312915563583374,0.002090485207736492,0.012501829862594604
97,79462400,0.00024239999999999998,0.11957468032836914,0.0,0.0,1.0,38.52433981768631,861417.9452437424,-0.0004929122980684042,0.0002596544101834297,-0.32333688735961913,0.0018525907769799232,0.008766847103834153
98,80281600,0.0002418,0.11939558029174804,0.0,0.0,1.0,38.495138334351076,868385.1776129548,-0.000532901007682085,0.0002623004140332341,-0.3332765340805054,0.001962145045399666,0.009490478038787841
99,81100800,0.00024119999999999998,0.11940460205078125,0.0,0.0,1.0,38.532975820867435,865862.0843713749,-0.0005580634344369173,0.00026091919280588625,-0.34507367610931394,0.001886587217450142,0.008770142495632172
100,81920000,0.0002406,0.11981295585632325,0.0,0.0,1.0,38.468371087508224,862791.12554724,-0.0005102726165205241,0.0002637830562889576,-0.3581883668899536,0.0018560396507382392,0.00914623960852623
101,82739200,0.00023999999999999998,0.11972259521484375,0.0,0.0,1.0,38.534196281477996,866776.395976046,-0.0005150876939296722,0.0002583211986348033,-0.3674356698989868,0.001841091550886631,0.009248168766498565
102,83558400,0.0002394,0.11976978302001953,0.0,0.0,1.0,38.56729411764706,867921.6220831851,-0.00045722308568656443,0.000260094553232193,-0.37649950981140134,0.0019906790927052497,0.009591915458440781
103,84377600,0.0002388,0.11967154502868653,0.0,0.0,1.0,38.441474395047834,864195.7719563377,-0.0004958126693964005,0.00025892588309943675,-0.38639962673187256,0.0021202750504016876,0.011341794580221175
104,85196800,0.0002382,0.11993984222412109,0.0,0.0,1.0,38.46866050049298,862331.4858543611,-0.0005603361874818802,0.0002551391953602433,-0.3990208864212036,0.0019722968339920045,0.009450682997703552
105,86016000,0.0002376,0.11980064392089844,0.0,0.0,1.0,38.377037661607645,836805.6075474577,-0.00045078927651047706,0.00026067118160426616,-0.41300621032714846,0.0019633743911981584,0.009934569150209427
106,86835200,0.000237,0.11997514724731445,0.0,0.0,1.0,38.35957845433255,865439.6896866771,-0.00034559217747300865,0.00025551659055054186,-0.4270564079284668,0.0018132880330085754,0.00839831531047821
107,87654400,0.0002364,0.12019194602966309,0.0,0.0,1.0,38.40800825206301,854948.2797634037,-0.0005308704916387796,0.000256992899812758,-0.43853178024291994,0.0020137108862400056,0.010586670786142349
108,88473600,0.00023579999999999999,0.12010229110717774,0.0,0.0,1.0,38.328874128818,862345.0267274794,-0.0005166592076420784,0.00025227023288607595,-0.4513105869293213,0.0020657658576965334,0.00906054750084877
109,89292800,0.0002352,0.12026037216186523,0.0,0.0,1.0,38.37631332082552,862529.9302542468,-0.0004034251440316439,0.00025468370877206324,-0.46027188301086425,0.0015842827036976815,0.007044921815395355
110,90112000,0.00023459999999999998,0.12006673812866211,0.0,0.0,1.0,38.30625116800598,865873.197615048,-0.0005463138222694397,0.0002522795926779509,-0.47327637672424316,0.001992339640855789,0.010064208507537841
111,90931200,0.000234,0.12020702362060547,0.0,0.0,1.0,38.396910835478586,873425.3964797055,-0.00026428261771798133,0.0002531811827793717,-0.4864924907684326,0.0018367014825344085,0.009227660298347474
112,91750400,0.00023339999999999998,0.11990838050842285,0.0,0.0,1.0,38.21868126725631,867152.5297435527,-0.00040081050246953964,0.00025052123237401247,-0.4939870834350586,0.002029285952448845,0.009644287079572678
113,92569600,0.0002328,0.12011261940002442,0.0,0.0,1.0,38.40187265917603,873112.0916324765,-0.00043033096008002756,0.00024843995925039053,-0.5044307708740234,0.001953897997736931,0.008590209484100341
114,93388800,0.00023219999999999998,0.1203742790222168,0.0,0.0,1.0,38.24664304364043,875252.9895402483,-0.00038229317869991063,0.00024941461160779,-0.5134627819061279,0.0018550174310803414,0.008390138298273087
115,94208000,0.0002316,0.12016824722290038,0.0,0.0,1.0,38.265130625788665,870175.5466007801,-0.00031806235201656816,0.00024632043205201625,-0.5219700813293457,0.0019280159845948218,0.009575682133436203
116,95027200,0.00023099999999999998,0.12049445152282715,0.0,0.0,1.0,38.2407675428358,857382.6344112015,-0.00036279051564633844,0.00025866779033094643,-0.5313271522521973,0.0019087256863713265,0.009376707673072814
117,95846400,0.0002304,0.12040737152099609,0.0,0.0,1.0,38.262362573099416,857575.7309555078,-0.0003370401216670871,0.00024460970889776944,-0.5390826225280761,0.0017722237855196,0.007489990442991257
118,96665600,0.00022979999999999997,0.12049131393432617,0.0,0.0,1.0,38.25226276010078,871606.4603278128,-0.000296826334670186,0.0002475067041814327,-0.5455225467681885,0.0017868440598249435,0.008411011844873428
119,97484800,0.0002292,0.12051179885864258,0.0,0.0,1.0,38.31351502706739,863920.1063982183,-0.0003417968051508069,0.00024501720909029243,-0.5552162170410156,0.0019604625180363656,0.010005857050418853
120,98304000,0.00022859999999999997,0.12031558990478515,0.0,0.0,1.0,38.28443071739436,841026.6031542541,-0.0003962079994380474,0.00024088937789201736,-0.565874433517456,0.0017711225897073745,0.007245969772338867
121,99123200,0.00022799999999999999,0.12050393104553223,0.0,0.0,1.0,38.219392752203724,870052.506928832,-0.00023001639638096095,0.0002405782463029027,-0.5784422397613526,0.002080477774143219,0.010634277015924454
122,99942400,0.00022739999999999997,0.12055313110351562,0.0,0.0,1.0,38.283373900018724,869819.531236804,-0.0003676477586850524,0.00024449997581541536,-0.5922890663146972,0.001528317853808403,0.0067225337028503414
123,100761600,0.00022679999999999998,0.12062961578369141,0.0,0.0,1.0,38.06333472939644,841094.1111890473,-0.0003399505978450179,0.00024386425502598286,-0.6061079502105713,0.0017529234290122985,0.008228760957717896
124,101580800,0.00022619999999999997,0.12079795837402343,0.0,0.0,1.0,38.17953605132258,841925.5395271494,-0.00027738986536860464,0.0002455827547237277,-0.6171034336090088,0.0018984580412507058,0.009611694514751435
125,102400000,0.00022559999999999998,0.12065399169921875,0.0,0.0,1.0,38.21390274604877,863013.4739355334,-0.0002984464867040515,0.00024204179644584655,-0.6298859119415283,0.0018997475504875182,0.009452393651008606
126,103219200,0.000225,0.12078479766845703,0.0,0.0,1.0,38.06495075264821,854043.6003486272,-0.0003431296441704035,0.00023966445587575436,-0.6383302211761475,0.0020691417157649994,0.00952404886484146
127,104038400,0.00022439999999999998,0.1208143424987793,0.0,0.0,1.0,38.11964061263442,856338.6054735985,-0.00023942487314343452,0.000239740707911551,-0.647692346572876,0.002030215598642826,0.01028992012143135
128,104857600,0.0002238,0.12083471298217774,0.0,0.0,1.0,38.17631149452087,866018.2188396753,-0.0001921987975947559,0.00024405226577073336,-0.657119607925415,0.0019292037934064866,0.009575194865465163
129,105676800,0.00022319999999999998,0.12064570426940918,0.0,0.0,1.0,38.12620817843866,846459.198436877,-0.00022417637519538401,0.00024426535237580537,-0.6664108753204345,0.0016519362106919289,0.007139770686626435
130,106496000,0.0002226,0.12058500289916992,0.0,0.0,1.0,38.11393465512427,845075.0617911731,-0.00022718037944287063,0.00023945600260049104,-0.6790122032165528,0.0018128735944628715,0.007744628936052322
131,107315200,0.00022199999999999998,0.1208795166015625,0.0,0.0,1.0,38.20706057921,860824.427503244,-0.00029037282802164556,0.00023809708654880523,-0.6898412227630615,0.0017158258706331253,0.0075361326336860655
132,108134400,0.0002214,0.12123956680297851,0.0,0.0,1.0,38.22510257366654,872855.6427846488,-0.0003478549420833588,0.00023642054293304682,-0.7011335372924805,0.0018374159932136535,0.0072004392743110655
133,108953600,0.00022079999999999997,0.12090789794921875,0.0,0.0,1.0,38.23705467619181,870867.4446763581,-0.00025384142063558104,0.00024146847426891326,-0.7140860080718994,0.0016296181827783584,0.006477783620357514
134,109772800,0.00022019999999999999,0.12083932876586914,0.0,0.0,1.0,38.030908668370905,871014.6817820368,-1.1873804032802581e-05,0.0002384084276854992,-0.7223365783691407,0.002245122566819191,0.014729128777980804
135,110592000,0.00021959999999999997,0.12077049255371093,0.0,0.0,1.0,38.0702504297728,853550.6099389377,-0.0002902004402130842,0.00024193404242396356,-0.7341864109039307,0.002138119004666805,0.010194701701402664
136,111411200,0.00021899999999999998,0.12105609893798829,0.0,0.0,1.0,38.11619472729809,851428.49354573,-0.0002852992154657841,0.00023388564586639403,-0.744637393951416,0.0018643032759428023,0.008195801824331283
137,112230400,0.00021839999999999997,0.12083683013916016,0.0,0.0,1.0,38.08688981868898,853212.9876603822,-0.000372204789891839,0.00023705519270151855,-0.7535914421081543,0.0017517611384391784,0.008452027291059493
138,113049600,0.00021779999999999998,0.1211332607269287,0.0,0.0,1.0,38.10948123311912,863340.7576262295,-0.00028375398833304646,0.00023252058308571578,-0.7625932693481445,0.0017617935314774512,0.008438599109649659
139,113868800,0.00021719999999999997,0.12133949279785156,0.0,0.0,1.0,38.01400872066054,861302.0333669413,-0.00032028050627559425,0.00023087242152541876,-0.7744137287139893,0.00185981597751379,0.008644410222768784
140,114688000,0.00021659999999999998,0.1211269474029541,0.0,0.0,1.0,38.00490445565169,859476.937219509,-0.0002946661086753011,0.0002341174753382802,-0.7868548393249511,0.0018547816202044488,0.007745239138603211
141,115507200,0.00021599999999999996,0.12098106384277343,0.0,0.0,1.0,38.00171789395487,859833.5966035203,-0.0003397367661818862,0.0002322747139260173,-0.7967165946960449,0.0017883662134408952,0.006814209371805191
142,116326400,0.00021539999999999998,0.1213177490234375,0.0,0.0,1.0,37.86923361375612,861535.7050926377,-0.00024351244792342186,0.00023012403398752211,-0.805362606048584,0.0017326569184660911,0.007761595398187637
143,117145600,0.00021479999999999996,0.12110507011413574,0.0,0.0,1.0,37.89435868910212,868612.3652283747,-0.0001713191159069538,0.00023264880292117596,-0.8128545761108399,0.001881091110408306,0.010060180723667145
144,117964800,0.00021419999999999998,0.12097209930419922,0.0,0.0,1.0,38.15167885251246,867341.4324504232,-0.000171796721406281,0.0002327959518879652,-0.8267313003540039,0.0017187641933560371,0.007509889453649521
145,118784000,0.00021359999999999996,0.12115743637084961,0.0,0.0,1.0,38.035057657574214,863956.6569087694,-0.00017288466915488243,0.0002311802702024579,-0.839195442199707,0.001714303158223629,0.007188110798597336
146,119603200,0.00021299999999999997,0.12133122444152832,0.0,0.0,1.0,37.93665493609928,837737.0611810051,-0.00031177555210888387,0.00022936922032386066,-0.8490983963012695,0.0017976919189095497,0.007534301280975342
147,120422400,0.00021239999999999996,0.12118682861328126,0.0,0.0,1.0,38.035696026028354,862297.9905693047,-0.00025568907149136065,0.00022670719772577286,-0.8591790199279785,0.0017714716494083404,0.006951171904802322
148,121241600,0.00021179999999999997,0.12107528686523437,0.0,0.0,1.0,37.757855396114984,870072.0317888454,-0.0002380473306402564,0.00022511398419737815,-0.8716052055358887,0.0022076716646552085,0.011277955025434494
149,122060800,0.00021119999999999996,0.12133661270141602,0.0,0.0,1.0,37.977597402597404,866399.6334260154,-0.00021161660552024842,0.00022385071497410536,-0.8835079193115234,0.0019401008263230323,0.009358888119459152
150,122880000,0.00021059999999999997,0.12135807991027832,0.0,0.0,1.0,37.9965172974228,856027.6508787989,-0.00017592033836990594,0.00022791149094700814,-0.8961400032043457,0.0020856257528066636,0.012365967035293579
151,123699200,0.00020999999999999998,0.12133842468261719,0.0,0.0,1.0,38.06223893065998,857488.7354130535,-0.000265257665887475,0.0002240269910544157,-0.906791877746582,0.0018451523035764694,0.0083958737552166
152,124518400,0.00020939999999999997,0.12107643127441406,0.0,0.0,1.0,37.894289410460175,860923.6325386777,-0.00017338739708065986,0.00022486569359898568,-0.9151091575622559,0.001864326000213623,0.008631835132837296
153,125337600,0.00020879999999999998,0.12135177612304687,0.0,0.0,1.0,37.85712963819746,853623.6533293877,-0.00019949981942772864,0.00022378237918019295,-0.9244441032409668,0.0018034687265753746,0.008970338106155395
154,126156800,0.00020819999999999996,0.12123296737670898,0.0,0.0,1.0,37.98518552918776,870156.4236097258,-0.00022452354896813632,0.0002223010640591383,-0.9337827682495117,0.0016666660085320473,0.006572265923023224
155,126976000,0.00020759999999999998,0.12129692077636718,0.0,0.0,1.0,37.95559149722736,870269.4622212608,-0.00020692762918770314,0.00022587999701499938,-0.9439349174499512,0.001854863204061985,0.008604003489017487
156,127795200,0.00020699999999999996,0.12154155731201172,0.0,0.0,1.0,37.85584584028164,876756.2145336485,-8.263802737928927e-05,0.00022464040666818618,-0.9548455238342285,0.001844635233283043,0.008705198019742965
157,128614400,0.00020639999999999998,0.12166339874267579,0.0,0.0,1.0,37.882572786416276,847453.6136187761,-8.035770151764155e-05,0.00023160793352872133,-0.9663542747497559,0.0017042502760887146,0.007672850042581558
158,129433600,0.00020579999999999996,0.1211415958404541,0.0,0.0,1.0,37.998792887320676,863025.2243900109,-0.0002551710698753595,0.00022564942482858897,-0.9784915924072266,0.001640853099524975,0.006739135831594467
159,130252800,0.00020519999999999997,0.12152223587036133,0.0,0.0,1.0,38.062621764542165,851930.1759957167,6.304089329205454e-05,0.00022425453644245864,-0.9884232521057129,0.002047020010650158,0.013408935070037842
160,131072000,0.00020459999999999996,0.12114343643188477,0.0,0.0,1.0,37.843265985482454,857617.3698354923,8.188411593437194e-05,0.00022333054803311825,-0.9975271224975586,0.002471640892326832,0.016143317520618438
161,131891200,0.00020399999999999997,0.12150824546813965,0.0,0.0,1.0,37.85284451233625,857725.6794992406,-0.00019410466775298118,0.000221103522926569,-1.0027074813842773,0.0018020814284682273,0.008261839300394059
162,132710400,0.00020339999999999996,0.12149267196655274,0.0,0.0,1.0,37.89221944675733,858021.7428729016,-0.000243753707036376,0.00022366498596966268,-1.0100783348083495,0.0015765490010380746,0.0063643790781497955
163,133529600,0.00020279999999999997,0.12157480239868164,0.0,0.0,1.0,37.87314464828985,863091.3452639888,-0.00011479097884148359,0.00022468001116067172,-1.019484806060791,0.0017773186787962913,0.00763867124915123
164,134348800,0.00020219999999999995,0.12161727905273438,0.0,0.0,1.0,37.91984608965741,871255.0572509093,-0.0002363342558965087,0.0002232868457213044,-1.0309666633605956,0.002021859213709831,0.010567016899585724
165,135168000,0.00020159999999999997,0.12175252914428711,0.0,0.0,1.0,37.895762164158434,868642.2269926601,-0.00015380446566268802,0.00022183021064847708,-1.0433736801147462,0.001849156804382801,0.0092926025390625
166,135987200,0.00020099999999999995,0.12164068222045898,0.0,0.0,1.0,37.758698766230765,865624.7860376047,-0.00019725351594388485,0.00023019092623144388,-1.0541810989379883,0.0017836472019553185,0.007989991456270218
167,136806400,0.00020039999999999997,0.12161149024963379,0.0,0.0,1.0,37.79415836101882,856081.3821721819,-0.00016131680458784104,0.0002207234501838684,-1.0620885848999024,0.0017476877197623252,0.00849646031856537
168,137625600,0.00019979999999999995,0.12186058044433594,0.0,0.0,1.0,37.999953699416615,866335.9256306498,-0.00017500125104561449,0.00022050973493605852,-1.0741518020629883,0.0015156882815062999,0.006343629211187363
169,138444800,0.00019919999999999996,0.12157698631286622,0.0,0.0,1.0,37.908480696231834,854597.4661673642,-0.0001887345453724265,0.0002174732042476535,-1.0865151405334472,0.0015445167198777198,0.005839843675494194
170,139264000,0.00019859999999999995,0.1217597770690918,0.0,0.0,1.0,37.809640334272125,859164.6016003327,-0.0001350967213511467,0.00022247061133384705,-1.0963290214538575,0.0019681604579091074,0.009339477121829986
171,140083200,0.00019799999999999996,0.1217335033416748,0.0,0.0,1.0,37.97016723027748,853050.1962119929,-0.00013773629907518626,0.00022244891151785852,-1.106614112854004,0.0019631311297416687,0.010362061858177184
172,140902400,0.00019739999999999995,0.12155016899108886,0.0,0.0,1.0,37.901069890232044,860199.5545298447,-0.00012307590804994106,0.00021995224524289368,-1.1167651176452638,0.0017923321574926376,0.007765867561101913
173,141721600,0.00019679999999999999,0.12177227973937989,0.0,0.0,1.0,37.87433006837923,861938.0954113632,-0.00028088402468711137,0.0002182512078434229,-1.1268678665161134,0.0018433380872011184,0.008304932713508606
174,142540800,0.0001962,0.12178954124450683,0.0,0.0,1.0,37.87655975598484,867453.9878447452,-0.000198192591778934,0.0002205113647505641,-1.1372685432434082,0.0019026873633265495,0.008569945394992829
175,143360000,0.00019559999999999998,0.12152853965759278,0.0,0.0,1.0,37.889377458921544,862276.52063383,-2.916329831350595e-05,0.0002274118596687913,-1.1447561264038086,0.0021612318232655525,0.012548215687274933
176,144179200,0.000195,0.12178146362304687,0.0,0.0,1.0,37.80062678587888,854779.3296988902,-0.0001001924159936607,0.00024761881213635205,-1.1510486602783203,0.0019948676228523253,0.011620362848043441
177,144998400,0.00019439999999999998,0.121671142578125,0.0,0.0,1.0,37.75131324301908,875873.8866553528,-0.0001066759810782969,0.00021702642552554608,-1.1573344230651856,0.0017663197591900825,0.008340941369533538
178,145817600,0.0001938,0.12160966873168945,0.0,0.0,1.0,37.82009702009702,871777.6584218161,-0.000266739702783525,0.00021630828268826008,-1.1649372100830078,0.0018106607720255851,0.007276854664087296
179,146636800,0.00019319999999999998,0.12161599159240723,0.0,0.0,1.0,37.761647254575706,845906.2010824132,-0.00010115564800798893,0.00021368826273828744,-1.1745686531066895,0.0021636653691530228,0.011951782554388047
180,147456000,0.0001926,0.1219069480895996,0.0,0.0,1.0,37.99713374323887,862894.4808540584,-0.00011420906521379948,0.00021489688660949468,-1.1846939086914063,0.0018756380304694176,0.009141600131988526
181,148275200,0.00019199999999999998,0.12155856132507324,0.0,0.0,1.0,37.824981543004796,860560.5982464981,-0.0002886410569772124,0.00021412994246929883,-1.194280242919922,0.002055810019373894,0.009708252549171448
182,149094400,0.0001914,0.12159370422363282,0.0,0.0,1.0,37.86685499930533,860727.5840427674,-0.00012350857723504306,0.00021752794273197651,-1.2028398513793945,0.001662629283964634,0.006938720494508744
183,149913600,0.00019079999999999998,0.12160753250122071,0.0,0.0,1.0,37.85267918955093,859206.8823298523,-9.842185536399484e-05,0.00021403632126748562,-1.2096213340759276,0.0018990468233823776,0.009797485917806626
184,150732800,0.0001902,0.12187727928161621,0.0,0.0,1.0,37.70774047980844,864620.2088847499,-9.131324477493764e-05,0.000213735387660563,-1.2177194595336913,0.0021405186504125594,0.011946897953748703
185,151552000,0.00018959999999999997,0.12191665649414063,0.0,0.0,1.0,37.70709772632938,871954.0472772713,0.0001089804689399898,0.00021389180328696967,-1.2229681968688966,0.0018440889194607734,0.01041259840130806
186,152371200,0.00018899999999999999,0.12185073852539062,0.0,0.0,1.0,37.828103368712505,867215.5867074961,-0.0001354731502942741,0.0002164074219763279,-1.2247419357299805,0.0016835210844874382,0.007962770015001296
187,153190400,0.00018839999999999997,0.12197817802429199,0.0,0.0,1.0,37.708195364238414,863712.2905697575,-0.00015716986963525413,0.000212557683698833,-1.232517910003662,0.00177869014441967,0.00857824757695198
188,154009600,0.00018779999999999998,0.12149602890014649,0.0,0.0,1.0,37.775977473110835,871481.8632357453,-0.0002618912374600768,0.00021015012171119452,-1.241476058959961,0.001780538074672222,0.007890745997428894
189,154828800,0.0001872,0.12177250862121582,0.0,0.0,1.0,37.790184331797235,871109.6784177072,-0.00022826106287539006,0.00021383611019700765,-1.2500752449035644,0.001676138862967491,0.006964842975139618
190,155648000,0.00018659999999999998,0.12185318946838379,0.0,0.0,1.0,37.75608182823443,845344.2933126234,4.559546650853008e-05,0.00021388684399425983,-1.2596654891967773,0.002042769081890583,0.011784788966178895
191,156467200,0.000186,0.12200864791870117,0.0,0.0,1.0,37.73400720022155,844648.5826029988,-6.159544573165476e-05,0.00021109427325427532,-1.2703800201416016,0.002022153325378895,0.011156615614891053
192,157286400,0.00018539999999999998,0.1221774673461914,0.0,0.0,1.0,37.78757311961679,864917.0093111112,-0.00023670450318604707,0.0002105941064655781,-1.2800379753112794,0.0017297618091106416,0.0077509768307209015
193,158105600,0.0001848,0.12192378997802734,0.0,0.0,1.0,37.76562211981567,871126.1798750783,-0.0001640987233258784,0.00020933998748660088,-1.2882312774658202,0.002071480453014374,0.011510861665010452
194,158924800,0.00018419999999999998,0.12154884338378906,0.0,0.0,1.0,37.79516903750231,867848.5063042581,-5.0095166079699994e-05,0.00021770149469375611,-1.2952383995056151,0.0017966516315937042,0.008867920190095902
195,159744000,0.0001836,0.12188186645507812,0.0,0.0,1.0,37.756053770371054,868573.8696971599,-9.198872139677405e-05,0.0002132431138306856,-1.3023736953735352,0.0016437057405710221,0.007171265035867691
196,160563200,0.00018299999999999998,0.1219601058959961,0.0,0.0,1.0,37.77335240908252,861893.7755226771,-0.000214880402199924,0.00021298842038959266,-1.3123947143554688,0.0017335515469312668,0.007489259541034699
197,161382400,0.0001824,0.1218507194519043,0.0,0.0,1.0,37.77778290779814,874889.0352809745,-0.00020550801418721675,0.0002117407973855734,-1.325056552886963,0.001751629263162613,0.008096924424171448
198,162201600,0.00018179999999999997,0.1220677375793457,0.0,0.0,1.0,37.820985662256234,857193.4711513807,-0.00013211565092206002,0.0002105482155457139,-1.3373215675354004,0.001867346465587616,0.008597290515899659
199,163020800,0.00018119999999999999,0.12174932479858398,0.0,0.0,1.0,37.71730405498916,855518.7611878931,5.633175023831427e-05,0.00020979212131351234,-1.3491079330444335,0.00238193403929472,0.015164794027805328
200,163840000,0.00018059999999999997,0.12209354400634766,0.0,0.0,1.0,37.730417604630865,875875.2193092031,-6.713256589137017e-05,0.00021332334727048875,-1.3587865829467773,0.001964334584772587,0.010194704681634904
201,164659200,0.00017999999999999998,0.12203128814697266,0.0,0.0,1.0,37.61059304515596,873561.6664704356,0.0005128850229084492,0.00021324593108147384,-1.3689326286315917,0.003413928672671318,0.032502558827400205
202,165478400,0.00017939999999999997,0.12198850631713867,0.0,0.0,1.0,37.78058565828914,862138.9774689585,-0.00011348004918545484,0.00020973349455744028,-1.3792802810668945,0.0018710272386670112,0.008527342230081558
203,166297600,0.00017879999999999998,0.12201393127441407,0.0,0.0,1.0,37.72674097273397,866744.5318794154,-0.00019461566116660834,0.0002109374850988388,-1.389132595062256,0.001779150776565075,0.007358153909444809
204,167116800,0.00017819999999999997,0.12231966018676758,0.0,0.0,1.0,37.76888745743996,864874.6677522152,-9.045928600244224e-05,0.00021494696848094462,-1.3934032440185546,0.0015877518802881242,0.005998657271265984
205,167936000,0.0001776,0.12186217308044434,0.0,0.0,1.0,37.77893133997785,843340.3468814829,-5.231272662058473e-05,0.0002101244404911995,-1.401439094543457,0.0018042182549834252,0.008673950284719466
206,168755200,0.00017700000000000002,0.12187503814697266,0.0,0.0,1.0,37.77211449676824,854015.8492978637,-0.00018948797369375825,0.00020871092565357685,-1.413245964050293,0.001762082241475582,0.00709814578294754
207,169574400,0.0001764,0.12183317184448242,0.0,0.0,1.0,37.74317720818735,846884.7812339196,-0.000275393296033144,0.0002105448395013809,-1.4238553047180176,0.002044343575835228,0.009819090366363525
208,170393600,0.00017580000000000002,0.12197906494140626,0.0,0.0,1.0,37.80678357175819,865385.7399867327,-0.000172865716740489,0.00021395261865109205,-1.4335971832275392,0.0017331447452306747,0.007204956561326981
209,171212800,0.0001752,0.12222522735595703,0.0,0.0,1.0,37.663893740233476,864546.7878975981,-4.204817814752459e-05,0.00021541982423514127,-1.4434326171875,0.0020357608795166016,0.00999743789434433
210,172032000,0.00017460000000000002,0.12208168029785156,0.0,0.0,1.0,37.642358239132435,861194.6238800356,-8.990669157356024e-05,0.00021067676134407521,-1.4513105392456054,0.0016703981906175613,0.007835938781499862
211,172851200,0.000174,0.12181249618530274,0.0,0.0,1.0,37.775221320545924,860444.3465070796,-0.00010657806415110826,0.00020951458718627692,-1.4568180084228515,0.002001526206731796,0.010497193038463592
212,173670400,0.0001734,0.12231405258178711,0.0,0.0,1.0,37.72754876702245,864877.8052659102,4.876319144386798e-05,0.00021005421876907349,-1.4627936363220215,0.0020238539204001428,0.010733642429113389
213,174489600,0.0001728,0.12243123054504394,0.0,0.0,1.0,37.77908478641941,872547.6718246455,-0.00013028838438913226,0.00021066856570541858,-1.4665703773498535,0.0019028162583708762,0.010146851092576981
214,175308800,0.0001722,0.12194291114807129,0.0,0.0,1.0,37.73416086013567,866742.6106578972,0.0003082405310124159,0.0002202788833528757,-1.4678068161010742,0.002342867478728294,0.01692822128534317
215,176128000,0.0001716,0.12226019859313965,0.0,0.0,1.0,37.740803752069155,865690.1869798052,0.00044076205231249335,0.00021818364039063453,-1.4760544776916504,0.00257550161331892,0.018450440466403963
216,176947200,0.000171,0.12212814331054687,0.0,0.0,1.0,37.74996549026825,875928.4402540625,4.16192488046363e-06,0.00020773406140506268,-1.4836071968078612,0.002003665454685688,0.010206420719623566
217,177766400,0.0001704,0.12184306144714356,0.0,0.0,1.0,37.81173367880442,860436.5943375209,-1.557015348225832e-05,0.00021049999631941318,-1.489650821685791,0.001959211193025112,0.010722652822732926
218,178585600,0.0001698,0.12209932327270508,0.0,0.0,1.0,37.69495339119254,859688.8211055248,-0.0001848336891271174,0.00020928606390953065,-1.4967990875244142,0.0018082862719893456,0.008623046427965164
219,179404800,0.0001692,0.12221657752990722,0.0,0.0,1.0,37.66861481822365,852485.3021032257,-7.85290845669806e-05,0.00020891663152724504,-1.5023938179016114,0.0017439881339669228,0.00879797264933586
220,180224000,0.0001686,0.12204567909240722,0.0,0.0,1.0,37.76767350703251,861783.3470805436,-0.00013349060900509359,0.0002086880849674344,-1.5101794242858886,0.0019740208983421324,0.010620605945587159
221,181043200,0.000168,0.12206273078918457,0.0,0.0,1.0,37.75699986161723,851137.2802804721,-0.00011766880052164198,0.00020716208964586258,-1.520876121520996,0.001976007409393787,0.00994604304432869
222,181862400,0.0001674,0.12187962532043457,0.0,0.0,1.0,37.66270369520312,856269.7954280949,-0.00011216987622901798,0.0002058436628431082,-1.5277606010437013,0.0018357368186116218,0.00845373421907425
223,182681600,0.0001668,0.12202371597290039,0.0,0.0,1.0,37.60139956723908,863126.5052795825,3.507504006847739e-05,0.0002082515973597765,-1.532417106628418,0.001971808075904846,0.010773193836212159
224,183500800,0.0001662,0.12207216262817383,0.0,0.0,1.0,37.782424270367464,855941.5163444054,-0.000143571977969259,0.0002093133283779025,-1.538804817199707,0.0018605085089802742,0.008799681812524796
225,184320000,0.0001656,0.12223798751831055,0.0,0.0,1.0,37.718384990343054,863533.5926861868,-6.800615228712559e-05,0.0002047058893367648,-1.5417715072631837,0.0018834853544831276,0.011021974682807922
226,185139200,0.000165,0.12232131958007812,0.0,0.0,1.0,37.69786391676641,860410.8533221424,-2.9633124358952046e-05,0.00020394809544086457,-1.548128604888916,0.0018399614840745927,0.00828234925866127
227,185958400,0.0001644,0.12223135948181152,0.0,0.0,1.0,37.677082854648226,835619.0323738436,-4.282287263777107e-05,0.00020671412348747254,-1.5588821411132812,0.002139485254883766,0.011681029945611954
228,186777600,0.0001638,0.12203543663024902,0.0,0.0,1.0,37.778827541708914,854970.5850590827,-1.0844803182408213e-05,0.0002054697833955288,-1.5664145469665527,0.0019994067028164864,0.011417482793331147
229,187596800,0.0001632,0.12213551521301269,0.0,0.0,1.0,37.616976273680336,855176.7737325395,-0.000148596428334713,0.0002024654531851411,-1.571257972717285,0.0019298106431961059,0.009781859815120697
230,188416000,0.0001626,0.12219603538513184,0.0,0.0,1.0,37.74748032583184,849463.8354358339,-0.00012783632846549153,0.00020456449128687383,-1.5782227516174316,0.0017264313995838166,0.007535888254642487
231,189235200,0.000162,0.12221643447875977,0.0,0.0,1.0,37.69990796134376,858180.4760893069,-0.0001197411329485476,0.0002050782321020961,-1.5908857345581056,0.0019103191792964936,0.008843381702899934
232,190054400,0.0001614,0.12224315643310547,0.0,0.0,1.0,37.665071770334926,849206.5002420773,-9.493579273112118e-05,0.00020519222598522902,-1.6002775192260743,0.0017084380611777305,0.007881103456020356
233,190873600,0.0001608,0.12218618392944336,0.0,0.0,1.0,37.673338855144486,833470.8258348036,0.00013179274974390865,0.00026873573660850524,-1.6081201553344726,0.0024317795410752296,0.016402830183506013
234,191692800,0.0001602,0.1223850440979004,0.0,0.0,1.0,37.72225800515274,840849.2567413298,-9.509428637102246e-05,0.00020794228184968234,-1.6145713806152344,0.0018553745001554489,0.008010496944189071
235,192512000,0.0001596,0.12205501556396485,0.0,0.0,1.0,37.650011502185414,839634.6219678737,-0.00011084877187386155,0.0002038325648754835,-1.6185867309570312,0.0016151491552591323,0.00748278722167015
236,193331200,0.000159,0.1222426414489746,0.0,0.0,1.0,37.62978586821954,861844.7992848805,-0.00010617114603519439,0.00020429189316928387,-1.6238859176635743,0.0018255645409226418,0.008477416634559632
237,194150400,0.0001584,0.12232522010803222,0.0,0.0,1.0,37.65054380248726,856686.1476117183,8.867906290106475e-05,0.00020515008363872767,-1.6313467025756836,0.001984187960624695,0.011094850301742554
238,194969600,0.0001578,0.1220408821105957,0.0,0.0,1.0,37.53060943101388,864131.8672393896,1.5245069516822695e-05,0.00020565264858305455,-1.6402790069580078,0.0020463470369577407,0.009829099476337432
239,195788800,0.0001572,0.12245683670043946,0.0,0.0,1.0,37.726293004191035,865880.7077501162,1.8760441162157803e-05,0.00020322003401815892,-1.6468803405761718,0.0016780629754066466,0.00789208859205246
240,196608000,0.00015659999999999998,0.12216320037841796,0.0,0.0,1.0,37.61191700330518,877286.5958171763,-6.908171344548464e-05,0.00020220899023115635,-1.654350471496582,0.0019169563427567482,0.009056153148412705
241,197427200,0.000156,0.12218997955322265,0.0,0.0,1.0,37.629745381009286,859686.2092912111,-0.0001628786325454712,0.0002029384020715952,-1.6622713088989258,0.0018145224079489709,0.008389891684055328
242,198246400,0.00015539999999999998,0.12224962234497071,0.0,0.0,1.0,37.64048033733614,869388.6181350378,6.273898179642856e-05,0.00020416409242898225,-1.6700050354003906,0.002059408277273178,0.013157470524311066
243,199065600,0.0001548,0.12199932098388672,0.0,0.0,1.0,37.63679918920164,867703.442416873,-4.5527738984674214e-05,0.00020129727199673652,-1.6783416748046875,0.0017501728609204293,0.007723755389451981
244,199884800,0.00015419999999999998,0.1225032615661621,0.0,0.0,1.0,37.63765786452353,861897.1359407168,-0.00010335056576877832,0.00020375109743326903,-1.6868656158447266,0.001780208572745323,0.00824621543288231
245,200704000,0.0001536,0.12218414306640625,0.0,0.0,1.0,37.72842066454675,856521.0234389806,-4.980108351446688e-05,0.00020098560489714145,-1.6960304260253907,0.002061089687049389,0.010013307631015777
246,201523200,0.00015299999999999998,0.1223227882385254,0.0,0.0,1.0,37.747543392414364,852932.6619291867,-6.675706245005131e-05,0.00020393102895468473,-1.7032716751098633,0.0020560236647725106,0.010403075069189072
247,202342400,0.0001524,0.12207036972045898,0.0,0.0,1.0,37.55361573095654,844918.6258861293,-4.461855860427022e-05,0.00020279067102819682,-1.7107662200927733,0.0020615531131625174,0.012278930097818375
248,203161600,0.00015179999999999998,0.12245429039001465,0.0,0.0,1.0,37.64543114543115,870835.1764927013,5.633517866954208e-06,0.00020687684882432223,-1.7189502716064453,0.0019462825730443,0.010778320580720901
249,203980800,0.0001512,0.12231355667114258,0.0,0.0,1.0,37.625441372036505,870240.9333979298,-0.00025683448184281587,0.0002065405948087573,-1.7262252807617187,0.001632717251777649,0.006281737238168716
250,204800000,0.00015059999999999997,0.12249117851257324,0.0,0.0,1.0,37.760742142428576,857558.4893699454,-6.998816970735789e-05,0.00020565714221447705,-1.7338926315307617,0.0016133399680256844,0.005828613415360451
251,205619200,0.00015,0.12264057159423829,0.0,0.0,1.0,37.71204116322874,864496.7600959652,-6.061181193217635e-05,0.00020686774514615535,-1.7416927337646484,0.0018994497135281564,0.008926881104707718
252,206438400,0.0001494,0.12219375610351563,0.0,0.0,1.0,37.73289917324835,875209.3963743759,-4.116437339689583e-05,0.00020241769962012768,-1.7507455825805665,0.002013776823878288,0.010517820715904236
253,207257600,0.00014879999999999998,0.122291841506958,0.0,0.0,1.0,37.51836416926177,870700.6938961988,-6.717091891914607e-05,0.0002059041988104582,-1.7628870010375977,0.001858157105743885,0.009808839857578277
254,208076800,0.0001482,0.12241630554199219,0.0,0.0,1.0,37.70233177269807,867746.0971512613,0.00027610971592366694,0.0002236835891380906,-1.7717267990112304,0.002435830421745777,0.01789941042661667
255,208896000,0.00014759999999999998,0.12245423316955567,0.0,0.0,1.0,37.621421338488446,866623.6076112781,8.068445604294538e-05,0.00023333474528044462,-1.778458595275879,0.0019957004114985466,0.01165185570716858
256,209715200,0.000147,0.12235427856445312,0.0,0.0,1.0,37.68212742484141,872463.189402194,-1.2329535093158483e-05,0.00028270098846405745,-1.789006805419922,0.0018976964056491852,0.00973828211426735
257,210534400,0.00014639999999999998,0.1223484992980957,0.0,0.0,1.0,37.57694426590763,868611.2958262474,-0.00016540612559765578,0.00021109993103891612,-1.7975030899047852,0.0019520454108715058,0.008998290449380875
258,211353600,0.0001458,0.12229056358337402,0.0,0.0,1.0,37.577706569008924,866041.9679930608,-0.00010147863067686558,0.00020379568450152875,-1.8059867858886718,0.0019355164840817451,0.009681152552366257
259,212172800,0.00014519999999999998,0.12242257118225097,0.0,0.0,1.0,37.583321840665654,877402.4267344864,-3.9431071490980686e-05,0.00020451194141060113,-1.812017059326172,0.00182651337236166,0.009062501788139343
260,212992000,0.0001446,0.12220921516418456,0.0,0.0,1.0,37.553310423825884,872073.1339810698,-9.659539209678769e-05,0.00020244556944817304,-1.8183692932128905,0.0018872978165745736,0.010538819432258605
261,213811200,0.00014399999999999998,0.12218912124633789,0.0,0.0,1.0,37.70923324890629,869698.146264803,-7.067140541039407e-05,0.00020337330643087624,-1.8281822204589844,0.0020422419533133508,0.010486817359924317
262,214630400,0.0001434,0.12257274627685547,0.0,0.0,1.0,37.6766315595824,875108.727424248,-0.00014435751363635064,0.00020255295094102622,-1.8343070983886718,0.0017831951379776,0.007413330674171448
263,215449600,0.00014279999999999997,0.12242908477783203,0.0,0.0,1.0,37.59350339511837,874157.5658931142,-9.586640226189047e-06,0.00020105962175875902,-1.842136764526367,0.002135663852095604,0.012075195461511612
264,216268800,0.0001422,0.12212092399597169,0.0,0.0,1.0,37.66977792082395,870476.0996344057,0.00015592267736792565,0.00020099654793739318,-1.850580596923828,0.002170366235077381,0.013537964224815369
265,217088000,0.00014159999999999997,0.12251565933227539,0.0,0.0,1.0,37.7555545333272,869118.3873187597,-8.671517134644091e-05,0.00020421869121491908,-1.859793472290039,0.0017926128581166267,0.008265011757612229
266,217907200,0.00014099999999999998,0.12259063720703126,0.0,0.0,1.0,37.569494791905655,868213.4013920687,0.00012502637691795825,0.00020443189423531295,-1.867154884338379,0.0020016971975564957,0.011118653416633605
267,218726400,0.00014039999999999997,0.12222055435180663,0.0,0.0,1.0,37.555790344067255,857897.857659737,0.00012295334599912166,0.00020287777297198773,-1.8716230392456055,0.0024702414870262147,0.01679076850414276
268,219545600,0.00013979999999999998,0.12225946426391601,0.0,0.0,1.0,37.60055981278392,864815.3543605158,0.00013477398315444588,0.00020572806242853404,-1.8770101547241211,0.002055152878165245,0.011937253922224045
269,220364800,0.00013919999999999997,0.12214286804199219,0.0,0.0,1.0,37.59791122715405,866142.3965966876,-0.00010740489233285189,0.0002026236616075039,-1.8830209732055665,0.0018640963360667228,0.009039429575204849
270,221184000,0.00013859999999999998,0.12227373123168946,0.0,0.0,1.0,37.65217792118,871223.9664797945,-1.9377164426259698e-05,0.00020293917041271924,-1.8870525360107422,0.002066083066165447,0.011210571229457855
271,222003200,0.00013799999999999997,0.12259284973144531,0.0,0.0,1.0,37.583142464498394,867306.581989385,-4.032876167912036e-05,0.00020424779504537582,-1.892535400390625,0.0018465213477611541,0.0094790019094944
272,222822400,0.00013739999999999998,0.12227958679199219,0.0,0.0,1.0,37.74549808870262,861692.4993177225,1.958084758371115e-05,0.00020537017844617366,-1.8970077514648438,0.00180121511220932,0.009337402880191803
273,223641600,0.00013679999999999996,0.1223972511291504,0.0,0.0,1.0,37.50561694713192,870763.3673782849,-7.431312114931643e-05,0.00020350110717117786,-1.902237319946289,0.0021283483132719994,0.013005857169628144
274,224460800,0.00013619999999999998,0.12255636215209961,0.0,0.0,1.0,37.5094572368421,870768.0230997069,-3.8504856638610364e-05,0.00020319761242717504,-1.9077409744262694,0.0017140811309218408,0.007760742306709289
275,225280000,0.00013559999999999996,0.12228072166442872,0.0,0.0,1.0,37.659684176603285,866937.5495774237,-1.5788798918947578e-06,0.00020332320127636194,-1.9156330108642579,0.0021243123337626457,0.012796509265899658
276,226099200,0.00013499999999999997,0.12236541748046875,0.0,0.0,1.0,37.673877025036816,865207.200938229,0.00033608605153858664,0.00021268988493829965,-1.9226694107055664,0.002441488578915596,0.016578489542007448
277,226918400,0.0001344,0.12262858390808105,0.0,0.0,1.0,37.63384869477451,872588.2239535201,8.811982115730643e-05,0.000200914079323411,-1.9296586990356446,0.002110701985657215,0.012317627668380737
278,227737600,0.00013379999999999997,0.12242807388305664,0.0,0.0,1.0,37.626125298548594,869287.7489372129,8.994941599667072e-05,0.000203297077678144,-1.937163734436035,0.0020042318850755692,0.012338867038488388
279,228556800,0.00013319999999999999,0.1225507926940918,0.0,0.0,1.0,37.62652319860211,865877.8203686196,-0.00015298699727281929,0.00020460861269384624,-1.9450843811035157,0.0019164107739925384,0.009833862632513046
280,229376000,0.00013259999999999997,0.12236688613891601,0.0,0.0,1.0,37.48658163032049,873523.3180750917,-9.480091976001858e-05,0.00020367254037410021,-1.9538196563720702,0.0017419947311282159,0.007782348990440368
281,230195200,0.00013199999999999998,0.1222460651397705,0.0,0.0,1.0,37.637730470366456,870154.3875951511,-0.0001339100650511682,0.00020204733591526746,-1.963824462890625,0.0018519384786486626,0.008466918021440506
282,231014400,0.00013139999999999997,0.12258038520812989,0.0,0.0,1.0,37.68694014424181,870450.5040570715,3.6837300285696985e-07,0.00020357773173600434,-1.9702966690063477,0.001827326975762844,0.00837109386920929
283,231833600,0.0001308,0.12250389099121094,0.0,0.0,1.0,37.4793067178854,869615.3517103039,-9.299088269472122e-05,0.00020262456964701415,-1.9771303176879882,0.001707872562110424,0.007823731750249863
284,232652800,0.0001302,0.12243288040161132,0.0,0.0,1.0,37.638924691585345,859056.6506186323,1.6080605564638973e-05,0.00020263055339455604,-1.984062385559082,0.0018748523667454719,0.00832226425409317
285,233472000,0.0001296,0.12232524871826173,0.0,0.0,1.0,37.64071553389129,860843.6779148177,-7.74662010371685e-05,0.00020459084771573544,-1.9913963317871093,0.0020668718963861464,0.010548952966928482
286,234291200,0.000129,0.12272253036499023,0.0,0.0,1.0,37.52435399039561,858301.4603530705,-0.0001151296542957425,0.00020417801570147276,-2.0001707077026367,0.0017394660040736198,0.007356566935777664
287,235110400,0.0001284,0.12257001876831054,0.0,0.0,1.0,37.546612888440734,863525.5215297969,-4.97904431540519e-05,0.0002024755347520113,-2.006825065612793,0.0018425608053803445,0.008693235367536545
288,235929600,0.0001278,0.12222806930541992,0.0,0.0,1.0,37.5736107935056,870038.8698670487,-0.0001516787800937891,0.00020204358734190463,-2.013568878173828,0.001917855255305767,0.009914310276508331
289,236748800,0.0001272,0.12237895011901856,0.0,0.0,1.0,37.59779906068699,858537.2397211835,3.585753147490322e-05,0.00020048865117132663,-2.0222219467163085,0.0021806588396430016,0.011221922934055328
290,237568000,0.00012660000000000001,0.12266338348388672,0.0,0.0,1.0,37.597449073224446,855908.301368332,-0.00013426336226984859,0.00020263302139937877,-2.0284402847290037,0.001808473840355873,0.00805371031165123
291,238387200,0.000126,0.12241406440734863,0.0,0.0,1.0,37.54878496102705,854854.5138984835,2.0757515449076892e-05,0.0002019504550844431,-2.033471870422363,0.0018305463716387748,0.008485841006040573
292,239206400,0.0001254,0.12233722686767579,0.0,0.0,1.0,37.5775435380385,872782.671310546,-0.00011002593673765659,0.00020223779138177632,-2.0389968872070314,0.0013564294204115868,0.0043295897543430325
293,240025600,0.0001248,0.12215625762939453,0.0,0.0,1.0,37.55790390610673,867468.4469691647,0.0001622138312086463,0.00020077398512512444,-2.0415102005004884,0.0019276322796940803,0.01050756648182869
294,240844800,0.0001242,0.12237161636352539,0.0,0.0,1.0,37.64738317327574,864002.1770628659,-5.825344123877585e-05,0.00020110933110117912,-2.0435962677001953,0.0017057159915566445,0.008218137919902802
295,241664000,0.0001236,0.12213869094848633,0.0,0.0,1.0,37.476447947214076,850431.5623420872,-1.1974514927715063e-05,0.00019910738337785004,-2.0529064178466796,0.002152811735868454,0.011345458030700684
296,242483200,0.000123,0.12238914489746094,0.0,0.0,1.0,37.675568834750635,853774.5142284955,-1.5976806753315032e-05,0.00020061233080923558,-2.0623027801513674,0.002051217295229435,0.011287598311901093
297,243302400,0.0001224,0.12246192932128906,0.0,0.0,1.0,37.51441515650741,863859.3623907972,-9.990555699914693e-05,0.0002006936352699995,-2.0709306716918947,0.0018800528720021247,0.008901001513004303
298,244121600,0.00012179999999999999,0.12230795860290528,0.0,0.0,1.0,37.55484670460804,857339.8154241802,-3.2241223379969597e-07,0.00020122153218835593,-2.0776752471923827,0.0018738580867648125,0.010006102919578552
299,244940800,0.00012119999999999999,0.12268115997314454,0.0,0.0,1.0,37.67945419461545,860107.3208591236,-0.00011608792701736092,0.00019927092362195253,-2.0835046768188477,0.0017274465411901475,0.006997436285018921
300,245760000,0.00012059999999999999,0.12221929550170899,0.0,0.0,1.0,37.5503235577585,865435.2014622284,-6.698588840663433e-05,0.00019918931648135185,-2.089240074157715,0.001798916608095169,0.007660767436027527
301,246579200,0.00011999999999999999,0.12248559951782227,0.0,0.0,1.0,37.641967936055856,869429.4613058288,0.00010206324514001608,0.0001985786482691765,-2.0964000701904295,0.0018045831471681594,0.008829464763402938
302,247398400,0.0001194,0.1226266860961914,0.0,0.0,1.0,37.536410774101775,869037.4576379656,-0.00012107030488550663,0.00019804539624601603,-2.1061643600463866,0.0018875200301408767,0.00791638121008873
303,248217600,0.0001188,0.12265843391418457,0.0,0.0,1.0,37.62057582981845,868907.7297011918,-6.043438334017992e-05,0.00019721100106835366,-2.116809272766113,0.0018275324255228043,0.008523926138877869
304,249036800,0.0001182,0.12233969688415527,0.0,0.0,1.0,37.63350328418539,877898.3652189265,7.184036658145488e-05,0.00020050157327204942,-2.1259742736816407,0.0020430561155080794,0.012036868184804917
305,249856000,0.0001176,0.12224256515502929,0.0,0.0,1.0,37.54341942290931,873160.1667689792,0.0002145227277651429,0.00020200228318572043,-2.1328521728515626,0.002368920668959618,0.016536010801792143
306,250675200,0.000117,0.12249004364013671,0.0,0.0,1.0,37.61490512420937,868650.9660392144,0.00026408364064991476,0.00020516493823379277,-2.1407337188720703,0.002093738876283169,0.0130429670214653
307,251494400,0.0001164,0.12231772422790527,0.0,0.0,1.0,37.622157916494416,855126.3937202647,3.337548987474293e-05,0.00021078474819660186,-2.1496164321899416,0.0021792853251099585,0.013192258775234222
308,252313600,0.0001158,0.12240233421325683,0.0,0.0,1.0,37.68380284937065,857463.8358272571,3.587512765079737e-05,0.00019742045551538468,-2.157901954650879,0.001963036134839058,0.010288941860198974
309,253132800,0.0001152,0.12265128135681153,0.0,0.0,1.0,37.65434872312136,861739.3603242208,0.00019606240093708038,0.00020228258799761533,-2.1653774261474608,0.002440623939037323,0.01770959496498108
310,253952000,0.0001146,0.12229584693908692,0.0,0.0,1.0,37.56244269209609,851366.3383834654,-4.0998947224579754e-05,0.0001987073803320527,-2.170335388183594,0.0016771171241998673,0.00575219914317131
311,254771200,0.00011399999999999999,0.12271751403808594,0.0,0.0,1.0,37.703574060427414,847276.3471725316,2.8324732556939126e-05,0.00019744739402085542,-2.174211120605469,0.002071908116340637,0.01259496808052063
312,255590400,0.00011339999999999999,0.12264239311218261,0.0,0.0,1.0,37.65270947281335,850452.0486944047,3.526999789755791e-05,0.00019864931236952544,-2.1804121017456053,0.0019127827137708664,0.010146237909793854
313,256409600,0.00011279999999999999,0.12242461204528808,0.0,0.0,1.0,37.60647743478861,862126.9418679815,-0.0001786949229426682,0.0002003180794417858,-2.187681770324707,0.0020565878599882125,0.011641113460063935
314,257228800,0.00011219999999999999,0.1222721004486084,0.0,0.0,1.0,37.56400988286969,859782.0235221739,4.482938966248185e-05,0.0002046887530013919,-2.1940027236938477,0.0022104199975728988,0.013613280653953553
315,258048000,0.00011159999999999999,0.12256627082824707,0.0,0.0,1.0,37.60926878559618,860192.85785492,4.7181197442114356e-05,0.00020126556046307087,-2.199593925476074,0.0020783543586730957,0.012306274473667144
316,258867200,0.00011099999999999999,0.12258882522583008,0.0,0.0,1.0,37.67121901871523,861046.4980242478,-0.00015999588649719953,0.00019704464357346297,-2.2041751861572267,0.0018069878220558166,0.008801757544279098
317,259686400,0.00011039999999999999,0.12225893020629883,0.0,0.0,1.0,37.56853396901073,839989.3241702252,-5.135025712661445e-05,0.00019834423437714577,-2.2122591018676756,0.001903281919658184,0.009089110046625137
318,260505600,0.00010979999999999999,0.12231355667114258,0.0,0.0,1.0,37.51534696491469,858256.5225591009,6.382610881701112e-05,0.00019699386321008204,-2.217757797241211,0.0018731363117694855,0.00985437110066414
319,261324800,0.00010919999999999998,0.1223665714263916,0.0,0.0,1.0,37.57559742647059,862436.2501767728,0.00015148385427892207,0.00020096166990697385,-2.2235445022583007,0.0019691722467541696,0.011232052743434907
320,262144000,0.00010859999999999998,0.12268901824951171,0.0,0.0,1.0,37.63589696580805,864534.4196518689,0.0002577888546511531,0.00020305397920310496,-2.2302757263183595,0.0022967761382460595,0.015885744988918305
321,262963200,0.00010799999999999998,0.12237045288085938,0.0,0.0,1.0,37.53082396144136,878078.4078593531,-5.8865518076345326e-05,0.0001986830262467265,-2.2355546951293945,0.0018247442319989204,0.00800781175494194
322,263782400,0.00010739999999999998,0.12225223541259765,0.0,0.0,1.0,37.47797447509263,873174.7125159556,-6.954869022592902e-05,0.00019556388724595308,-2.2420671463012694,0.001585959643125534,0.006109008193016052
323,264601600,0.00010679999999999998,0.1225343894958496,0.0,0.0,1.0,37.523752860411896,867744.9830128705,-6.649557035416364e-05,0.00019460697658360004,-2.2501766204833986,0.0016315784305334091,0.006647216528654099
324,265420800,0.00010619999999999998,0.122598876953125,0.0,0.0,1.0,37.496120138762095,871196.1086917988,0.00020673670805990696,0.00019591227173805238,-2.2577535629272463,0.0020074367523193358,0.011458740383386613
325,266240000,0.00010559999999999998,0.1223520851135254,0.0,0.0,1.0,37.654300479881876,875301.1500503076,0.00013406239449977874,0.00019389920635148883,-2.265691566467285,0.0021150484681129456,0.012415406107902528
326,267059200,0.00010499999999999999,0.12247169494628907,0.0,0.0,1.0,37.631658706833214,872166.9751754581,0.00022776750847697258,0.00019750092178583145,-2.2719518661499025,0.0019773826003074645,0.01156347692012787
327,267878400,0.00010439999999999999,0.12257723808288574,0.0,0.0,1.0,37.59965115211604,869208.913564187,-3.887378261424601e-05,0.00020828356500715017,-2.2781604766845702,0.0018589062616229056,0.00873132273554802
328,268697600,0.00010379999999999999,0.12256591796875,0.0,0.0,1.0,37.61717097397222,877590.7920600007,0.0009532755240797997,0.00027950657531619074,-2.2854352951049806,0.0036121666431427,0.03690306544303894
329,269516800,0.00010319999999999999,0.12243380546569824,0.0,0.0,1.0,37.64360163460214,872775.8322743895,1.190001203212887e-05,0.00024022329598665236,-2.2885766983032227,0.0022312115877866747,0.013662837445735931
330,270336000,0.00010259999999999999,0.12246326446533203,0.0,0.0,1.0,37.64758620689655,866053.471064829,7.164909766288474e-06,0.00019472154090180994,-2.2894622802734377,0.0019156038761138916,0.00961913913488388
331,271155200,0.00010199999999999999,0.1222935962677002,0.0,0.0,1.0,37.532305298801134,875104.5414495573,-0.0001250889035873115,0.00019705542363226413,-2.291888618469238,0.0018402621150016784,0.008260620385408401
332,271974400,0.00010139999999999998,0.12250934600830078,0.0,0.0,1.0,37.59980740129316,867535.9946412959,-5.5817229440435764e-05,0.0001933775842189789,-2.2950485229492186,0.0018565619364380836,0.008933227509260178
333,272793600,0.00010079999999999998,0.12229949951171876,0.0,0.0,1.0,37.467961075920314,863954.0555867936,-9.81166522251442e-06,0.00019448181847110392,-2.301244354248047,0.0018554648384451866,0.007921142131090164
334,273612800,0.00010019999999999998,0.1223369026184082,0.0,0.0,1.0,37.60514746290529,862049.5268464059,-3.0987730133347215e-05,0.00019638920202851294,-2.308178520202637,0.0017198953777551652,0.008182736486196518
335,274432000,9.959999999999998e-05,0.12231467247009277,0.0,0.0,1.0,37.61284395240939,841160.2531422251,6.014482933096588e-05,0.00019547021947801112,-2.3122909545898436,0.0017780570313334465,0.008241210877895356
336,275251200,9.899999999999998e-05,0.12249622344970704,0.0,0.0,1.0,37.6408961527867,850186.415278275,-2.0056986249983312e-05,0.00019345524488016962,-2.317320442199707,0.0020172424614429475,0.01100744605064392
337,276070400,9.839999999999998e-05,0.1224798583984375,0.0,0.0,1.0,37.64729661445174,856643.6311338653,5.9821800095960495e-05,0.00019405808998271823,-2.3228832244873048,0.0021894503384828567,0.013503415882587433
338,276889600,9.779999999999998e-05,0.12247884750366211,0.0,0.0,1.0,37.532315731573156,862106.5353706086,-0.00010949412826448679,0.00019201172981411218,-2.3301418304443358,0.001843300648033619,0.007737670838832855
339,277708800,9.719999999999998e-05,0.12280542373657227,0.0,0.0,1.0,37.65658558972005,862690.9638337407,-4.694584931712598e-05,0.0001941583352163434,-2.3377658843994142,0.001834477111697197,0.00830078199505806
340,278528000,9.659999999999998e-05,0.12243631362915039,0.0,0.0,1.0,37.593937160232194,867467.0480229497,-3.63405590178445e-05,0.00019367069471627475,-2.3435588836669923,0.0019977353513240814,0.009632936865091323
341,279347200,9.599999999999998e-05,0.12272039413452149,0.0,0.0,1.0,37.61737412715913,867725.073461267,1.0419452155474574e-05,0.00019394319970160722,-2.349777603149414,0.0018931187689304352,0.008826050162315368
342,280166400,9.539999999999997e-05,0.12238208770751953,0.0,0.0,1.0,37.65239294710327,862718.890837866,9.917824354488402e-06,0.00019452879205346109,-2.3566778182983397,0.0018084853887557983,0.008678343147039413
343,280985600,9.479999999999997e-05,0.12220572471618653,0.0,0.0,1.0,37.69140697031163,867911.461357899,-0.0001136740786023438,0.0001959739252924919,-2.3644954681396486,0.0018326658755540848,0.008226438611745834
344,281804800,9.419999999999997e-05,0.12254883766174317,0.0,0.0,1.0,37.56047224637349,869387.4353285127,-5.697524466086179e-06,0.000190015509724617,-2.3710372924804686,0.0019720913842320442,0.010776731371879577
345,282624000,9.360000000000001e-05,0.12234709739685058,0.0,0.0,1.0,37.72090875507942,852815.8998431799,-5.5870215874165297e-05,0.0001927494304254651,-2.3768054962158205,0.0013550125993788242,0.004763305932283401
346,283443200,9.300000000000001e-05,0.12257366180419922,0.0,0.0,1.0,37.412627347069304,868449.2257522207,-5.8673537569120524e-05,0.0001934687839820981,-2.384010124206543,0.001958349160850048,0.008980348706245422
347,284262400,9.240000000000001e-05,0.12254271507263184,0.0,0.0,1.0,37.55474753018661,854173.0939189999,-3.962258924730122e-05,0.00019095175666734577,-2.3918643951416017,0.0022981602698564528,0.013130860030651092
348,285081600,9.180000000000001e-05,0.12248311996459961,0.0,0.0,1.0,37.512504000365745,861706.1034920916,-2.249187818961218e-05,0.0001915491186082363,-2.399164390563965,0.0019090846180915833,0.009323608875274659
349,285900800,9.120000000000001e-05,0.12199240684509277,0.0,0.0,1.0,37.60923983066446,858062.4264827874,-4.066977999173105e-05,0.0001916666398756206,-2.4054275512695313,0.0018454080447554589,0.009261108189821243
350,286720000,9.06e-05,0.12264660835266113,0.0,0.0,1.0,37.538570839253794,860500.9149968935,-2.899710671044886e-05,0.00018910280195996165,-2.4109098434448244,0.0017857827246189118,0.007891356199979781
351,287539200,9e-05,0.12244741439819336,0.0,0.0,1.0,37.6112868472929,858245.9464671684,-0.00011963642900809645,0.00019234592327848076,-2.4157638549804688,0.002022583410143852,0.010732179880142212
352,288358400,8.94e-05,0.12258867263793945,0.0,0.0,1.0,37.60941879163795,866585.5357403458,0.00016023743664845825,0.00019097657641395927,-2.420686149597168,0.0021579451858997345,0.013829958438873292
353,289177600,8.88e-05,0.12272909164428711,0.0,0.0,1.0,37.58376867381541,866628.6048914093,0.00024088246282190086,0.0001944568590261042,-2.426116943359375,0.0024473680183291434,0.016552002727985383
354,289996800,8.82e-05,0.1223579216003418,0.0,0.0,1.0,37.59059417297545,865613.5511805115,-7.38362898118794e-05,0.0001928127370774746,-2.4326194763183593,0.0017561132088303566,0.00800768956542015
355,290816000,8.76e-05,0.12238996505737304,0.0,0.0,1.0,37.65859162713582,868492.1933038112,-1.1845221888506784e-05,0.00019061763305217028,-2.435915946960449,0.0016379550099372864,0.00730883851647377
356,291635200,8.7e-05,0.12245692253112793,0.0,0.0,1.0,37.553203189441845,871703.1015359897,-9.470732184126973e-05,0.00018964001210406423,-2.440456199645996,0.001673412322998047,0.006287720799446106
357,292454400,8.64e-05,0.12280532836914063,0.0,0.0,1.0,37.51462790272445,867109.5012470982,-1.0551331797614694e-05,0.00019122621743008494,-2.4476884841918944,0.001988760195672512,0.009830565005540848
358,293273600,8.58e-05,0.12234928131103516,0.0,0.0,1.0,37.54666788973994,853882.5781746564,-9.131560800597071e-05,0.00019085350213572384,-2.4545177459716796,0.0016145600005984307,0.006121216714382172
359,294092800,8.52e-05,0.12258977890014648,0.0,0.0,1.0,37.64780627042954,835532.2423656328,-9.844561573117972e-05,0.0002023345557972789,-2.4587308883666994,0.0016125790774822236,0.006648559868335724
360,294912000,8.46e-05,0.12259105682373046,0.0,0.0,1.0,37.56632910232324,843048.4930181267,8.037263760343193e-05,0.00019975078757852315,-2.4620359420776365,0.0020144563168287277,0.01233484074473381
361,295731200,8.4e-05,0.12248819351196288,0.0,0.0,1.0,37.53126288305621,849745.9565124026,-7.450323901139199e-05,0.00019201100803911686,-2.467695617675781,0.001725289598107338,0.0074014894664287565
362,296550400,8.34e-05,0.12259125709533691,0.0,0.0,1.0,37.55461337489114,852038.9087771797,-6.968668894842267e-05,0.00019197139190509915,-2.472701835632324,0.001730046421289444,0.007709837704896927
363,297369600,8.28e-05,0.12264272689819336,0.0,0.0,1.0,37.42852567035783,853417.4208327706,-2.775948669295758e-05,0.00019078785553574562,-2.475739097595215,0.0014523453079164027,0.004867066070437432
364,298188800,8.22e-05,0.12264415740966797,0.0,0.0,1.0,37.651728729510076,847426.2542731994,0.0006044055800884963,0.00019080471247434616,-2.4796415328979493,0.002273249998688698,0.016789428889751434
365,299008000,8.16e-05,0.12256071090698242,0.0,0.0,1.0,37.611488346485594,862959.4438297368,0.0002303829649463296,0.00021084239706397055,-2.4843616485595703,0.002266388013958931,0.014127321541309357
366,299827200,8.1e-05,0.12229263305664062,0.0,0.0,1.0,37.558584606911744,874126.2406993958,8.755689486861229e-05,0.00019140184158459306,-2.491444778442383,0.0020810926333069803,0.011577025800943375
367,300646400,8.04e-05,0.12250296592712402,0.0,0.0,1.0,37.64301420064132,870463.0800592987,-0.00015673915622755886,0.00019095680909231305,-2.495749282836914,0.0016949797049164773,0.007523925602436065
368,301465600,7.98e-05,0.1225832748413086,0.0,0.0,1.0,37.65387980658531,869394.460464531,-4.523165989667177e-06,0.00019327839836478234,-2.4980106353759766,0.0014503337442874908,0.004722778126597405
369,302284800,7.92e-05,0.12254718780517578,0.0,0.0,1.0,37.514910354921334,877365.9345549288,4.691211506724357e-06,0.0001905386452563107,-2.5033559799194336,0.001678081788122654,0.007297484576702118
370,303104000,7.86e-05,0.12266278266906738,0.0,0.0,1.0,37.563659746463344,859470.6943617691,1.2708414578810334e-05,0.00019035941222682594,-2.511358451843262,0.0017931437119841575,0.00819128453731537
371,303923200,7.8e-05,0.1227667236328125,0.0,0.0,1.0,37.57002794703807,870239.4985898852,-2.7072441298514604e-06,0.00018993171397596598,-2.5173940658569336,0.001920721121132374,0.009965329617261886
372,304742400,7.74e-05,0.12223176956176758,0.0,0.0,1.0,37.60822421318631,869284.1173755474,-2.9326730873435737e-05,0.00019274300429970027,-2.522137451171875,0.0018777132034301757,0.009309813380241394
373,305561600,7.68e-05,0.12263241767883301,0.0,0.0,1.0,37.67299276797642,843318.3231058059,-9.865742176771164e-05,0.0001943604671396315,-2.5265117645263673,0.0015832759439945222,0.006362182646989822
374,306380800,7.62e-05,0.1227545166015625,0.0,0.0,1.0,37.523809523809526,850781.9031566135,-0.00013500850182026624,0.00019248288590461015,-2.5331260681152346,0.0018200291320681571,0.007054563611745834
375,307200000,7.56e-05,0.12272253036499023,0.0,0.0,1.0,37.572384093824446,858008.6249183624,-0.00012050034711137414,0.00019355163676664232,-2.539291572570801,0.001868513599038124,0.009700317680835725
376,308019200,7.5e-05,0.12254660606384277,0.0,0.0,1.0,37.56333638863428,849662.3531473321,0.00017349832924082876,0.00020057270303368567,-2.5434429168701174,0.00198761411011219,0.011475709080696107
377,308838400,7.439999999999999e-05,0.12230172157287597,0.0,0.0,1.0,37.5918395510373,851565.7101417704,-1.2432906078174711e-05,0.0001964217284694314,-2.5472782135009764,0.0017328724265098573,0.007259033620357513
378,309657600,7.379999999999999e-05,0.12289405822753906,0.0,0.0,1.0,37.47099163352078,860894.1904073815,0.00021419483236968518,0.000192235317081213,-2.551459312438965,0.0020654752850532533,0.012340086698532104
379,310476800,7.319999999999999e-05,0.12243041038513183,0.0,0.0,1.0,37.584091117846974,862052.1992957697,-1.6440101899206638e-05,0.00019204134587198497,-2.5570489883422853,0.0014989824034273625,0.005057616904377937
380,311296000,7.259999999999999e-05,0.12258781433105469,0.0,0.0,1.0,37.503203074951955,855927.3862499659,-7.821121253073215e-05,0.00019064749358221889,-2.561095428466797,0.0018508244305849076,0.008484863489866257
381,312115200,7.199999999999999e-05,0.12234029769897461,0.0,0.0,1.0,37.54334067143643,852127.9733393096,0.00015075403498485685,0.00018773224437609314,-2.564443016052246,0.0020092308521270754,0.011375853419303894
382,312934400,7.139999999999999e-05,0.12241796493530273,0.0,0.0,1.0,37.702573529411765,869527.5788377884,-0.0001541807665489614,0.00018801902187988163,-2.566865158081055,0.0017288079485297202,0.0069461680948734285
383,313753600,7.079999999999999e-05,0.12247612953186035,0.0,0.0,1.0,37.68107685946617,868591.3649426688,-5.976385436952114e-05,0.00018948983633890749,-2.5696393966674806,0.0018088553100824357,0.008487547188997269
384,314572800,7.019999999999999e-05,0.1225345802307129,0.0,0.0,1.0,37.54619266055046,864873.6887454529,-1.2624698865693062e-05,0.0001912498497404158,-2.574987030029297,0.001595447026193142,0.007942139357328414
385,315392000,6.959999999999998e-05,0.12272886276245117,0.0,0.0,1.0,37.43766554023198,862898.3893613454,0.000249042734503746,0.00019039893522858619,-2.578354263305664,0.00203792117536068,0.011881469935178756
386,316211200,6.899999999999998e-05,0.12241744995117188,0.0,0.0,1.0,37.682829120044204,862539.756452208,-0.0001335742766968906,0.00018872255459427832,-2.580672836303711,0.0015536109916865827,0.005024169385433197
387,317030400,6.839999999999998e-05,0.12268228530883789,0.0,0.0,1.0,37.54266446462978,862217.6553930952,-5.57099876459688e-05,0.000188278139103204,-2.583929443359375,0.001982451602816582,0.008820310980081559
388,317849600,6.779999999999998e-05,0.12246636390686035,0.0,0.0,1.0,37.53848622381149,868772.53057739,-6.005316390655935e-05,0.00018845329759642482,-2.5892648696899414,0.001756383664906025,0.0070483386516571045
389,318668800,6.72e-05,0.12253469467163086,0.0,0.0,1.0,37.55866330968185,859064.1331646193,-6.302925175987184e-05,0.0001902240444906056,-2.5935909271240236,0.0015105902217328548,0.005498778447508812
390,319488000,6.659999999999999e-05,0.12247514724731445,0.0,0.0,1.0,37.41744292237443,876293.7023810413,-7.590162567794323e-07,0.00018947344506159425,-2.596735954284668,0.0014413082972168922,0.00465112216770649
391,320307200,6.599999999999999e-05,0.12236160278320313,0.0,0.0,1.0,37.656013224962116,868861.6191005085,-4.976641503162682e-05,0.0001890061073936522,-2.6003847122192383,0.001640010252594948,0.006748170405626297
392,321126400,6.539999999999999e-05,0.12241392135620117,0.0,0.0,1.0,37.428407998901754,869201.975385663,-0.0001830169465392828,0.0001867129234597087,-2.6035961151123046,0.0018326083198189735,0.00794384777545929
393,321945600,6.479999999999999e-05,0.12258310317993164,0.0,0.0,1.0,37.495463293923564,877558.8048989641,1.126138013205491e-05,0.00018797273514792323,-2.6071456909179687,0.0017510883510112763,0.007434815913438797
394,322764800,6.419999999999999e-05,0.12230377197265625,0.0,0.0,1.0,37.60443284333929,868140.1351275488,-9.99377341940999e-05,0.0001873080851510167,-2.611939239501953,0.0018148049712181091,0.009204955399036407
395,323584000,6.359999999999999e-05,0.12274419784545898,0.0,0.0,1.0,37.63725805710082,867345.7473950209,1.6343605238944291e-06,0.00018708731513470412,-2.616598129272461,0.00195139329880476,0.010649780929088592
396,324403200,6.299999999999999e-05,0.1226976490020752,0.0,0.0,1.0,37.54749679075738,863071.0283701317,6.215457688085735e-06,0.00018662415677681566,-2.6199098587036134,0.0017800634726881982,0.00904797539114952
397,325222400,6.239999999999999e-05,0.12227095603942871,0.0,0.0,1.0,37.71120550348585,869155.4260378351,-0.0001394375110976398,0.00018714250763878225,-2.621730422973633,0.00156570915132761,0.005897460505366325
398,326041600,6.179999999999998e-05,0.12254315376281738,0.0,0.0,1.0,37.56314180092191,858077.580792714,-0.000130666745826602,0.0001863955520093441,-2.623603630065918,0.0016081620007753373,0.0062686756253242494
399,326860800,6.119999999999998e-05,0.12233713150024414,0.0,0.0,1.0,37.59057254541274,863879.716417177,-0.00013498228508979082,0.00018666726537048818,-2.626957893371582,0.0015226230025291443,0.005458984151482582
400,327680000,6.059999999999998e-05,0.12261622428894042,0.0,0.0,1.0,37.527522306108445,865523.762239074,-0.00023842514492571353,0.0001837708055973053,-2.6322759628295898,0.0016498079523444176,0.0053836673498153685
401,328499200,5.999999999999998e-05,0.12261863708496094,0.0,0.0,1.0,37.531484876260315,854339.055899028,-0.00013283344451338054,0.00018673500744625926,-2.6383148193359376,0.001856500841677189,0.007395020127296448
402,329318400,5.939999999999998e-05,0.12227383613586426,0.0,0.0,1.0,37.5938864628821,867098.0342130124,-0.00017117846291512251,0.00018858485855162145,-2.6443801879882813,0.0016762688755989075,0.006248901411890983
403,330137600,5.879999999999998e-05,0.12236659049987793,0.0,0.0,1.0,37.695011963924166,851682.9562049726,-3.8116896757856014e-05,0.00018660688074305652,-2.649860954284668,0.0017379434779286385,0.007604736089706421
404,330956800,5.819999999999998e-05,0.12289643287658691,0.0,0.0,1.0,37.54999083577712,851832.2168075964,-0.00017675370909273625,0.00018587171798571943,-2.6552671432495116,0.001853977143764496,0.006715698540210724
405,331776000,5.759999999999998e-05,0.12229568481445313,0.0,0.0,1.0,37.630695113558154,865954.1632447125,-0.0001339818350970745,0.00018610116094350815,-2.660684585571289,0.00133042735978961,0.00448925830423832
406,332595200,5.6999999999999976e-05,0.12256790161132812,0.0,0.0,1.0,37.51930210193708,866104.8716422104,-2.6951098698191343e-05,0.00018782642437145113,-2.6639739990234377,0.001551924180239439,0.005787841975688934
407,333414400,5.639999999999998e-05,0.12240072250366212,0.0,0.0,1.0,37.58766576423622,864681.6175483693,-2.8599839424714447e-06,0.00018625491065904498,-2.6681976318359375,0.0019679078832268715,0.00933850184082985
408,334233600,5.5800000000000015e-05,0.12239740371704101,0.0,0.0,1.0,37.66028179390367,865973.4039931542,-0.00016321506118401884,0.0001861400669440627,-2.671771430969238,0.001741214469075203,0.007053587585687637
409,335052800,5.5200000000000014e-05,0.12252918243408203,0.0,0.0,1.0,37.605317442126974,870060.7655356013,-9.776921942830085e-05,0.00018488477217033507,-2.6744668960571287,0.0015996055677533149,0.005604126676917076
410,335872000,5.460000000000001e-05,0.12250852584838867,0.0,0.0,1.0,37.60937571671024,873959.0611916786,-0.00013816440477967262,0.00018823530990630388,-2.676355171203613,0.0016046937555074692,0.005437865853309631
411,336691200,5.400000000000001e-05,0.1224334716796875,0.0,0.0,1.0,37.554555060412554,869231.9412687613,-9.832966607064009e-05,0.00018854521913453938,-2.6795835494995117,0.0016190355643630027,0.005458739772439003
412,337510400,5.340000000000001e-05,0.12243606567382813,0.0,0.0,1.0,37.54915968310665,876978.5393674698,-0.00010645751608535647,0.0001882351702079177,-2.684153175354004,0.0015803989022970199,0.005527344718575478
413,338329600,5.280000000000001e-05,0.1222502326965332,0.0,0.0,1.0,37.53642657374719,867619.1497984827,-0.00010281461291015149,0.00018718889914453029,-2.686362457275391,0.0015019670128822327,0.0050286870449781414
414,339148800,5.220000000000001e-05,0.12262567520141601,0.0,0.0,1.0,37.461643835616435,870681.7053192377,-0.0001499995356425643,0.00018921978771686555,-2.687996673583984,0.001629253663122654,0.005565307289361954
415,339968000,5.160000000000001e-05,0.12274045944213867,0.0,0.0,1.0,37.503596463096166,871940.4998564088,-0.0001621978241018951,0.00018709568539634346,-2.692172050476074,0.0017196547240018844,0.0066257335245609285
416,340787200,5.1000000000000006e-05,0.1225803565979004,0.0,0.0,1.0,37.51232,870591.7427669867,-0.00020935984794050454,0.00018637181492522358,-2.696932792663574,0.0015760347247123717,0.004946044459939003
417,341606400,5.0400000000000005e-05,0.12255714416503906,0.0,0.0,1.0,37.55667830240676,868277.5716138107,-0.00011166702024638653,0.00018700830405578018,-2.7025386810302736,0.0015280550345778466,0.004573852941393852
418,342425600,4.9800000000000004e-05,0.12295801162719727,0.0,0.0,1.0,37.571631335561555,862674.9164024156,-0.0001637269975617528,0.0001867507817223668,-2.706308937072754,0.001673407107591629,0.005585570260882378
419,343244800,4.92e-05,0.12245526313781738,0.0,0.0,1.0,37.579225919278386,869514.6338208134,-0.0001875375397503376,0.000185993080958724,-2.7086477279663086,0.0016837555915117264,0.006084472686052322
420,344064000,4.86e-05,0.12275184631347656,0.0,0.0,1.0,37.651330275229355,849315.218672304,-0.00013399263843894005,0.00018930145306512715,-2.7110517501831053,0.0016139933839440345,0.005489501729607582
421,344883200,4.800000000000001e-05,0.12257710456848145,0.0,0.0,1.0,37.581762304481444,842376.2887886213,-0.00021318057551980018,0.00018573191482573748,-2.7142383575439455,0.002033056877553463,0.008246217668056489
422,345702400,4.740000000000001e-05,0.12255029678344727,0.0,0.0,1.0,37.5449834922964,855414.1763518158,-9.861307917162776e-05,0.0001889602281153202,-2.718256187438965,0.001434938982129097,0.0042105715721845625
423,346521600,4.6800000000000006e-05,0.12234151840209961,0.0,0.0,1.0,37.66043456291056,862851.7839508628,-9.08129441086203e-06,0.00018745387205854058,-2.7229982376098634,0.0015018360689282417,0.004255737364292145
424,347340800,4.6200000000000005e-05,0.12247317314147949,0.0,0.0,1.0,37.65991156963891,862406.8323864643,-0.00019351240480318664,0.00018439292907714843,-2.7274179458618164,0.0014635208062827587,0.004703857004642487
425,348160000,4.5600000000000004e-05,0.12265928268432617,0.0,0.0,1.0,37.59657242358979,854043.9699740307,-0.0001454804092645645,0.00018676816252991558,-2.729945945739746,0.0016839154064655303,0.005918945744633674
426,348979200,4.5e-05,0.12243677139282226,0.0,0.0,1.0,37.53090659340659,844938.4909794588,-0.0001512130373157561,0.0001872609369456768,-2.7319053649902343,0.001595509983599186,0.005901855230331421
427,349798400,4.44e-05,0.12249753952026367,0.0,0.0,1.0,37.399844507454496,846797.7773429042,-6.786368321627378e-05,0.00018679647473618388,-2.732565689086914,0.0011959723196923733,0.0034943845123052595
428,350617600,4.38e-05,0.12250297546386718,0.0,0.0,1.0,37.47006042849295,858360.4571315873,-8.916609804145991e-05,0.0001876277383416891,-2.7350736618041993,0.001427850965410471,0.003991455212235451
429,351436800,4.32e-05,0.1223463249206543,0.0,0.0,1.0,37.56886693197932,865133.952304394,-4.570414312183857e-05,0.0001877178205177188,-2.7384761810302733,0.001554241869598627,0.005331908911466598
430,352256000,4.26e-05,0.12251260757446289,0.0,0.0,1.0,37.50501856180393,871417.6486702636,-3.989330143667757e-05,0.00018750467570498585,-2.7409927368164064,0.0016242705285549163,0.006613890826702118
431,353075200,4.2e-05,0.12252283096313477,0.0,0.0,1.0,37.626096541588204,869257.8945307671,-0.0001259417156688869,0.00018933041719719766,-2.7445419311523436,0.0014941563829779625,0.004761108756065368
432,353894400,4.14e-05,0.12242743492126465,0.0,0.0,1.0,37.429647552958365,839156.6463011865,-6.924588233232498e-05,0.00018783056875690818,-2.746364402770996,0.0012672442011535169,0.003447020798921585
433,354713600,4.08e-05,0.12255378723144532,0.0,0.0,1.0,37.58126405654748,862213.0889644374,-0.00010116881458088756,0.00018611701671034098,-2.748119926452637,0.0015628870576620101,0.005216552317142487
434,355532800,4.02e-05,0.12250686645507812,0.0,0.0,1.0,37.59382891776482,850089.1885794527,-9.97087568975985e-05,0.00018547180807217955,-2.7519033432006834,0.0017005609348416328,0.006648559868335724
435,356352000,3.96e-05,0.12244121551513672,0.0,0.0,1.0,37.61612028139225,872238.1279217965,-0.00022507947869598866,0.00019054891308769583,-2.7557647705078123,0.0016919422894716262,0.00532836951315403
436,357171200,3.9e-05,0.12255623817443848,0.0,0.0,1.0,37.44396315885464,870313.3590374836,-0.00013386503560468553,0.00018772742478176952,-2.759663200378418,0.001632232964038849,0.004297972097992897
437,357990400,3.84e-05,0.12268228530883789,0.0,0.0,1.0,37.488777142857145,853617.0054255846,-9.138942696154117e-05,0.0001880784286186099,-2.762277030944824,0.0014027934521436691,0.00402526929974556
438,358809600,3.78e-05,0.1226727294921875,0.0,0.0,1.0,37.436533357737716,856340.6025672042,-0.00014578041154891252,0.00018834748771041633,-2.7648761749267576,0.0014207822270691395,0.004139648750424385
439,359628800,3.7199999999999996e-05,0.1224424934387207,0.0,0.0,1.0,37.557659603805675,845629.9893303289,-0.00019159286748617887,0.00018870756030082704,-2.7675765991210937,0.0017851280048489571,0.005267090350389481
440,360448000,3.6599999999999995e-05,0.12258209228515625,0.0,0.0,1.0,37.4935956084172,840511.9048367273,-7.217662059701979e-05,0.00018865272868424655,-2.769563674926758,0.0013838033191859722,0.003398315981030464
441,361267200,3.5999999999999994e-05,0.12261613845825195,0.0,0.0,1.0,37.6597142463362,846033.5949917438,-8.964294102042913e-05,0.0001883374759927392,-2.7719390869140623,0.001549502369016409,0.00401940867304802
442,362086400,3.539999999999999e-05,0.1225440788269043,0.0,0.0,1.0,37.47105058721382,845095.7859617948,-0.00010153119219467044,0.00018784805433824658,-2.775243377685547,0.0015300407074391841,0.004773927107453346
443,362905600,3.479999999999999e-05,0.1224085807800293,0.0,0.0,1.0,37.46265446224256,850672.7647145581,-0.00020805897656828165,0.00018758620135486125,-2.7787149429321287,0.001649068109691143,0.0051605224609375
444,363724800,3.419999999999999e-05,0.12252893447875976,0.0,0.0,1.0,37.66149752248119,869118.2610821465,-0.00016227803425863385,0.0001888016005977988,-2.7809757232666015,0.0013938657008111476,0.004096192494034767
445,364544000,3.36e-05,0.12239892959594727,0.0,0.0,1.0,37.53704806855153,853898.3080356759,-0.0001845667837187648,0.00018731879536062478,-2.7840549468994142,0.0015598627738654613,0.005226073786616325
446,365363200,3.2999999999999996e-05,0.12236164093017578,0.0,0.0,1.0,37.55429542219569,863255.8733815134,-0.00014743858482688666,0.00018851180793717505,-2.786871147155762,0.001505302730947733,0.003751464933156967
447,366182400,3.2399999999999995e-05,0.12264780044555663,0.0,0.0,1.0,37.41342997811816,869312.794845973,-0.00011838320642709732,0.00018679589265957475,-2.7879989624023436,0.0015424560755491258,0.004442749917507172
448,367001600,3.1799999999999994e-05,0.12248050689697265,0.0,0.0,1.0,37.5647816091954,868137.0450153652,-0.00018488463247194885,0.00018757557263597845,-2.789995574951172,0.001670279912650585,0.0054216314107179645
449,367820800,3.119999999999999e-05,0.12241684913635253,0.0,0.0,1.0,37.55324806308165,855065.85905332,-0.00014435799093917012,0.0001879375078715384,-2.7918561935424804,0.0014140183106064797,0.004902709648013115
450,368640000,3.059999999999999e-05,0.12284824371337891,0.0,0.0,1.0,37.617462282753245,862210.0618199253,-0.00011758469045162201,0.00018908630590885878,-2.794498825073242,0.0014502198435366153,0.0035944823175668716
451,369459200,2.999999999999999e-05,0.12259779930114746,0.0,0.0,1.0,37.62303737030576,872453.9728217041,-9.061333839781583e-05,0.00018682773225009441,-2.797538948059082,0.0012890937738120555,0.0035753171890974046
452,370278400,2.939999999999999e-05,0.12271644592285157,0.0,0.0,1.0,37.46369327788695,873465.773063135,-0.00012210175627842547,0.00018855250673368573,-2.7996261596679686,0.0014784818515181542,0.0038277581334114075
453,371097600,2.879999999999999e-05,0.12257129669189454,0.0,0.0,1.0,37.55206755702419,871361.6340967623,-0.00019928258843719958,0.00018539036391302944,-2.802231025695801,0.0017442915588617325,0.0045174557715654375
454,371916800,2.819999999999999e-05,0.12257601737976075,0.0,0.0,1.0,37.52052033711983,858980.0399437071,-0.00016968449344858527,0.00018609133549034594,-2.804667854309082,0.0011816914193332195,0.002910400927066803
455,372736000,2.759999999999999e-05,0.1226600456237793,0.0,0.0,1.0,37.51499312242091,875985.7695652778,-0.00020076183136552572,0.0001888329046778381,-2.8054054260253904,0.0015161323361098766,0.0036430656909942627
456,373555200,2.699999999999999e-05,0.12251711845397949,0.0,0.0,1.0,37.39452092260005,872165.2806274145,-0.00010465533705428243,0.0001891789142973721,-2.8064117431640625,0.0013258984312415124,0.0037193607538938524
457,374374400,2.6399999999999988e-05,0.12255824089050293,0.0,0.0,1.0,37.61826622540908,869142.984406703,-0.00013041257625445724,0.00018679235363379122,-2.807590675354004,0.0014308278448879718,0.0030692139640450477
458,375193600,2.5799999999999987e-05,0.12267892837524413,0.0,0.0,1.0,37.482402413383305,869362.2635369595,-0.00017268219962716103,0.00018908950733020902,-2.8098577499389648,0.0015016887336969376,0.003718261420726776
459,376012800,2.5199999999999986e-05,0.12233430862426758,0.0,0.0,1.0,37.53909219988091,870870.219284916,-0.00011440671514719724,0.00019009631359949707,-2.8121185302734375,0.0012910883873701096,0.0024202875792980194
460,376832000,2.4599999999999985e-05,0.12273987770080566,0.0,0.0,1.0,37.6192951785057,861714.0001164115,-0.000263469573110342,0.00018616270972415805,-2.8136880874633787,0.001818220317363739,0.005278442800045013
461,377651200,2.3999999999999987e-05,0.12274333000183106,0.0,0.0,1.0,37.562497139457186,860066.6228669953,-0.00019666776061058044,0.00019003257621079682,-2.8156681060791016,0.001530001498758793,0.004076537862420082
462,378470400,2.3399999999999986e-05,0.12257356643676758,0.0,0.0,1.0,37.46692589204026,869214.2563656766,-0.0001898767310194671,0.00018829982727766036,-2.818202018737793,0.0014684031717479228,0.0030731201171875
463,379289600,2.2799999999999985e-05,0.12261184692382812,0.0,0.0,1.0,37.50728822882288,849761.095344766,-0.00025218254886567594,0.00018908127676695586,-2.82021484375,0.0016183104366064073,0.0039027102291584017
464,380108800,2.2199999999999984e-05,0.12250102996826172,0.0,0.0,1.0,37.670116846076,841154.8764202365,-0.00017378154443576933,0.00018641853239387274,-2.821590614318848,0.00155041441321373,0.004195800796151161
465,380928000,2.1599999999999983e-05,0.1224161720275879,0.0,0.0,1.0,37.62025432676858,857361.2800599748,-0.00017564737936481833,0.00018967819632962347,-2.822860527038574,0.0012064656242728234,0.003772827610373497
466,381747200,2.0999999999999982e-05,0.12247930526733398,0.0,0.0,1.0,37.50295153983435,843757.5282547107,-0.00014919922687113286,0.00019102432997897267,-2.823561096191406,0.0012098713777959347,0.002519775740802288
467,382566400,2.0399999999999984e-05,0.12262990951538086,0.0,0.0,1.0,37.536653532484195,851191.8427018232,-0.00015000707935541868,0.0001894462271593511,-2.8245777130126952,0.0011701712384819985,0.002493896335363388
468,383385600,1.9799999999999983e-05,0.12251258850097656,0.0,0.0,1.0,37.58168464539821,866533.769288108,-0.00018400567350909113,0.00018854013178497552,-2.8268220901489256,0.001454196497797966,0.003896117955446243
469,384204800,1.9199999999999982e-05,0.12263765335083007,0.0,0.0,1.0,37.57167728043249,863968.5221650852,-0.00017523340648040175,0.00018944308394566178,-2.829616165161133,0.0014464598149061202,0.003005370870232582
470,385024000,1.8600000000000015e-05,0.1224176025390625,0.0,0.0,1.0,37.59531787927473,858088.9749714484,-0.00017326981760561465,0.0001874029519967735,-2.8318115234375,0.0016730669885873795,0.004254150390625
471,385843200,1.8000000000000014e-05,0.12269495010375976,0.0,0.0,1.0,37.62743927636714,855669.3658775518,-0.00022680433467030524,0.00019046540837734937,-2.833392333984375,0.0015646310523152352,0.0036619879305362702
472,386662400,1.7400000000000013e-05,0.12277355194091796,0.0,0.0,1.0,37.539650506810986,858472.764030404,-0.00019728916231542826,0.0001893716980703175,-2.8346738815307617,0.0016704792156815528,0.0041694346815347675
473,387481600,1.6800000000000012e-05,0.12275014877319336,0.0,0.0,1.0,37.49825767996332,867365.380603609,-0.00027343754190951587,0.00019001398468390107,-2.8360260009765623,0.0016331879422068595,0.004278320819139481
474,388300800,1.6200000000000014e-05,0.12286137580871583,0.0,0.0,1.0,37.380117491689056,868755.6299448394,-0.00011553240474313498,0.0001884551835246384,-2.837346839904785,0.0014327914454042912,0.0025280756875872613
475,389120000,1.5600000000000013e-05,0.12270304679870606,0.0,0.0,1.0,37.555096797871364,875717.1181593062,-0.0001761196763254702,0.000188975315541029,-2.837765693664551,0.0014272648841142654,0.003453613072633743
476,389939200,1.5000000000000012e-05,0.12267053604125977,0.0,0.0,1.0,37.621150227199706,848656.3000280662,-0.00020887968130409718,0.00019013016717508435,-2.8383899688720704,0.0015843065455555915,0.0033872075378894805
477,390758400,1.4400000000000011e-05,0.12269046783447266,0.0,0.0,1.0,37.58021856919827,847988.6149041734,-0.00019623462576419116,0.00019146682461723685,-2.83929500579834,0.0014436992816627026,0.003197387978434563
478,391577600,1.3800000000000012e-05,0.12268056869506835,0.0,0.0,1.0,37.43829554267987,850252.3783875484,-0.00017907232977449895,0.00019210148602724075,-2.8401599884033204,0.001375180296599865,0.0026405025273561478
479,392396800,1.320000000000001e-05,0.12241686820983887,0.0,0.0,1.0,37.57686824557369,851781.8145703494,-0.00014619062421843408,0.0001918962923809886,-2.8417306900024415,0.0012424924410879613,0.002350708469748497
480,393216000,1.260000000000001e-05,0.12260780334472657,0.0,0.0,1.0,37.55872913992298,860481.6357190821,-0.00015841862186789514,0.00018884339369833468,-2.843012046813965,0.0012897939421236515,0.0024954833090305327
481,394035200,1.2000000000000009e-05,0.12277422904968262,0.0,0.0,1.0,37.521872285962424,869571.7793023264,-0.0002338517690077424,0.00019224189454689622,-2.8438957214355467,0.0012862108647823333,0.002774657681584358
482,394854400,1.140000000000001e-05,0.1227097225189209,0.0,0.0,1.0,37.5751100513573,865636.9606032284,-0.00017116256058216094,0.00019014283316209912,-2.845123863220215,0.0015973102301359177,0.0029122313484549523
483,395673600,1.0800000000000008e-05,0.12253944396972656,0.0,0.0,1.0,37.4899826182417,856169.4919879672,-0.0002702224301174283,0.00019132010638713836,-2.8460926055908202,0.0015297877602279187,0.0033948976546525956
484,396492800,1.0200000000000007e-05,0.12282171249389648,0.0,0.0,1.0,37.47741108619032,869612.1171845171,-0.00021094949916005133,0.00019237081287428736,-2.84688720703125,0.0014388776384294034,0.0030565185472369192
485,397312000,9.600000000000008e-06,0.1226135540008545,0.0,0.0,1.0,37.43168071847507,869878.6719447813,-0.0001440687570720911,0.00019150241278111934,-2.847677993774414,0.0013177396729588508,0.0021967772394418717
486,398131200,9.000000000000007e-06,0.12294535636901856,0.0,0.0,1.0,37.623202344966565,866421.6091599265,-0.0001638281624764204,0.0001892491360194981,-2.8484411239624023,0.0014268449507653714,0.0020406490191817285
487,398950400,8.400000000000006e-06,0.12263715744018555,0.0,0.0,1.0,37.57641981543547,864526.2448057521,-0.0003422885201871395,0.00018946940544992686,-2.848932456970215,0.0013083437457680701,0.0029851071536540984
488,399769600,7.800000000000007e-06,0.12248104095458984,0.0,0.0,1.0,37.49480572971489,872411.3353121248,-0.0001817984855733812,0.00019061462953686714,-2.849395751953125,0.0012738340534269809,0.0017918702214956284
489,400588800,7.200000000000006e-06,0.12259209632873536,0.0,0.0,1.0,37.55960113438844,869494.6079570886,-0.00018356770742684604,0.00018998857121914624,-2.8500688552856444,0.0015017157420516014,0.0027596432715654372
490,401408000,6.600000000000005e-06,0.12244508743286132,0.0,0.0,1.0,37.4916039640301,842569.4957797163,-0.00011823577806353569,0.00019063574727624656,-2.8505884170532227,0.0012730413116514682,0.0019079582765698434
491,402227200,6.000000000000004e-06,0.12235312461853028,0.0,0.0,1.0,37.59186291578851,859302.6312937213,-0.00019008840899914503,0.00019117511110380291,-2.850948524475098,0.0013993600383400916,0.0022073972970247267
492,403046400,5.400000000000004e-06,0.12247698783874511,0.0,0.0,1.0,37.53838736339425,873621.3891774347,-0.00016777180135250092,0.00019037430174648762,-2.8512325286865234,0.0014621593989431858,0.0022763673216104506
493,403865600,4.800000000000004e-06,0.12289291381835937,0.0,0.0,1.0,37.5344559348403,853127.5402301775,-0.00018230779096484184,0.000192673085257411,-2.8516103744506838,0.0012811370193958282,0.0018159182742238044
494,404684800,4.200000000000003e-06,0.12278619766235352,0.0,0.0,1.0,37.515859919325266,857254.952226317,-6.871308432891965e-05,0.000191987375728786,-2.851979446411133,0.000907276663929224,0.0013780519366264343
495,405504000,3.600000000000003e-06,0.12265644073486329,0.0,0.0,1.0,37.647115561271356,857106.5842537454,-0.00027376501820981504,0.00018879445269703865,-2.852112579345703,0.0011277498677372932,0.0021574703976511957
496,406323200,3.000000000000002e-06,0.12276582717895508,0.0,0.0,1.0,37.38727505252581,877085.5000963842,-7.700083660893142e-05,0.00019203572301194072,-2.8523317337036134,0.0007166636176407337,0.0007244872860610486
497,407142400,2.400000000000002e-06,0.12263198852539063,0.0,0.0,1.0,37.55270394133822,869266.8729725812,-5.017520161345601e-05,0.00019070164998993277,-2.852421760559082,0.00033851980697363615,0.00013330077053979038
498,407961600,1.8000000000000014e-06,0.1229236888885498,0.0,0.0,1.0,37.532119326500734,869681.6848912967,-8.215857669711114e-05,0.0001904269098304212,-2.8524097442626952,0.0006446624174714088,0.0006936035118997097
499,408780800,1.200000000000001e-06,0.12253940582275391,0.0,0.0,1.0,37.42098279648609,873436.6581033609,-0.00018551521934568883,0.00019138489151373505,-2.852444648742676,0.000832181517034769,0.0011693115346133709
500,409600000,6.000000000000005e-07,0.12275678634643555,0.0,0.0,1.0,37.585405008714794,870282.4992535318,-5.240914179012179e-05,0.000193287490401417,-2.852518653869629,0.00011385706020519137,1.953124774445314e-06
