update,env_steps,lr,reward_per_step,cost_per_step,violation_rate,success_rate,mean_episode_length,steps_per_sec,policy_loss,value_loss,entropy,approx_kl,clip_frac
1,819200,0.0003,-0.0034168148040771484,0.0018748772144317628,0.00576904296875,1.0,72.26829268292683,713006.9197903345,-0.004663784429430962,0.08694106340408325,1.825563621520996,0.00929080918431282,0.13255616426467895
2,1638400,0.00029939999999999996,-0.0014161074161529541,0.0003506999090313911,0.00108642578125,1.0,278.45,712051.7536576219,-0.009880326688289642,0.017642715573310853,1.794457244873047,0.013608776032924652,0.204352068901062
3,2457600,0.0002988,0.001267000138759613,9.80090256780386e-05,0.000316162109375,1.0,481.6666666666667,708491.6337080753,-0.012288787961006164,0.006887689232826233,1.7495758056640625,0.01300935000181198,0.19463927745819093
4,3276800,0.0002982,0.0027748432755470274,3.329339902848005e-05,0.000101318359375,1.0,669.375,704365.0620973295,-0.015219822525978088,0.003519539162516594,1.702583122253418,0.011771758645772934,0.16867234706878662
5,4096000,0.00029759999999999997,0.0037733036279678344,4.307054914534092e-06,3.0517578125e-05,0.014198782961460446,998.9508113590264,708817.2234716807,-0.012817098200321198,0.00472601018846035,1.6585607528686523,0.009875845164060593,0.1383336067199707
6,4915200,0.00029699999999999996,0.007868308424949646,0.004246523678302765,0.013555908203125,0.754424778761062,326.07300884955754,709613.7411978847,-0.002306625433266163,0.15042005777359008,1.6298261642456056,0.004997863620519638,0.05566661357879639
7,5734400,0.0002964,0.006412684917449951,0.005299683809280396,0.016607666015625,0.966542750929368,339.817843866171,703322.9566108667,-0.001586688682436943,0.2522090196609497,1.6142627716064453,0.005254791304469109,0.05922264456748962
8,6553600,0.0002958,0.005741814374923706,0.005485904216766357,0.016409912109375,0.9932508436445444,426.5691788526434,699919.3053900008,-0.001528269425034523,0.232779598236084,1.5934247016906737,0.005565386638045311,0.06637317538261414
9,7372800,0.00029519999999999997,0.006163166761398315,0.0037645065784454347,0.01140625,0.9951171875,466.6240234375,706347.9310668862,-0.0016389450058341027,0.15828994512557984,1.5764065742492677,0.004663655161857605,0.04878222942352295
10,8192000,0.00029459999999999995,0.007241435050964355,0.003520905077457428,0.010736083984375,0.4119250425894378,769.9945485519592,707959.1859477505,-0.0018554277718067168,0.13571830987930297,1.5633469581604005,0.005094299837946892,0.058318483829498294
11,9011200,0.000294,0.0151645827293396,0.005031116008758545,0.01613525390625,0.8942052099946837,263.6108452950558,704541.9533756615,-0.0022711414843797685,0.14374173879623414,1.5488080024719237,0.004618191346526146,0.047222042083740236
12,9830400,0.0002934,0.012584738731384278,0.004844002723693848,0.014659423828125,0.9142351900972591,286.2267904509284,704903.7797529859,-0.0024599047377705575,0.17504374980926513,1.5371965408325194,0.005853355303406716,0.07133922576904297
13,10649600,0.00029279999999999996,0.013778411149978638,0.004124853014945984,0.01175537109375,0.8929817758821249,309.8394726638232,702863.6745853527,-0.0031425613909959794,0.1327859044075012,1.530352783203125,0.006238580495119095,0.0788011372089386
14,11468800,0.00029219999999999995,0.01590187668800354,0.0032409709692001343,0.009866943359375,0.9293441514536849,299.29546991210276,705978.4777672539,-0.0040145285427570345,0.08018977642059326,1.5217082023620605,0.00605786070227623,0.07561632990837097
15,12288000,0.0002916,0.017826833724975587,0.0036097609996795653,0.010704345703125,0.8860431654676258,324.36776978417265,708108.8182887909,-0.0037734698504209518,0.0845766544342041,1.5109397888183593,0.00578657016158104,0.07013427019119263
16,13107200,0.00029099999999999997,0.020722737312316896,0.004049196839332581,0.0123388671875,0.9597079502433749,220.45646295294753,706809.9552733225,-0.0032676249742507935,0.08152367472648621,1.4964341163635253,0.005247823148965836,0.059600579738616946
17,13926400,0.00029039999999999996,0.02311441898345947,0.004841305017471313,0.0148193359375,0.9720065866854858,213.25546930134087,709307.2522101045,-0.002781716175377369,0.09322338104248047,1.4774296760559082,0.004769034311175346,0.049002325534820555
18,14745600,0.00028979999999999994,0.026116814613342285,0.0054009705781936646,0.016151123046875,0.975051975051975,193.31434511434512,711484.1701918643,-0.0023489218205213548,0.107925546169281,1.4552708625793458,0.004295750334858894,0.04004406332969666
19,15564800,0.0002892,0.02893239736557007,0.005012797117233276,0.01525146484375,0.9803407601572739,174.17899269799662,716332.4671282622,-0.0026869134977459907,0.08845760822296142,1.4325296401977539,0.004456552118062973,0.04417931735515594
20,16384000,0.00028859999999999997,0.033293652534484866,0.00576089859008789,0.01725341796875,0.9859752120026093,152.36937377690802,713937.8120520686,-0.002280702069401741,0.09506468772888184,1.4086347579956056,0.0041633546352386475,0.03899475038051605
21,17203200,0.00028799999999999995,0.03631637096405029,0.005722851157188415,0.017545166015625,0.9927938747935745,133.36976429965472,711432.640322293,-0.002411024086177349,0.09244933128356933,1.3843474388122559,0.004484838992357254,0.044379881024360655
22,18022400,0.00028739999999999994,0.03908305644989014,0.005897294282913208,0.01784912109375,0.9969079409697822,122.21728742094167,702893.3971637321,-0.002315295860171318,0.09465311765670777,1.3639942169189454,0.004165906831622124,0.040848377346992495
23,18841600,0.0002868,0.04250391006469727,0.005794504880905152,0.017535400390625,0.9984492116826054,109.91082967174981,702114.5287207131,-0.0023679377511143683,0.08673307299613953,1.3439224243164063,0.004269419983029365,0.0426503837108612
24,19660800,0.00028619999999999996,0.044761877059936526,0.0060186958312988285,0.01834228515625,0.9981492905613819,104.47279457125231,712335.8686756113,-0.002276253513991833,0.08691698908805848,1.3222195625305175,0.004255650565028191,0.04165674149990082
25,20480000,0.00028559999999999995,0.04837761878967285,0.0059650266170501705,0.01836669921875,0.9978260869565218,96.39713958810069,708548.4782906679,-0.0022770287469029427,0.0857807993888855,1.30088472366333,0.0040517434477806095,0.037122443318367004
26,21299200,0.000285,0.05096508026123047,0.005983681678771973,0.018118896484375,0.998489588952422,91.20746574603517,703495.2540488854,-0.0022246770560741423,0.0788094162940979,1.2792140007019044,0.004112561792135238,0.03750072419643402
27,22118400,0.0002844,0.05359471321105957,0.005628722310066223,0.017327880859375,0.9988530914398915,86.54071525388385,698026.3157310612,-0.0022373873740434646,0.07078643441200257,1.2576088905334473,0.004041788727045059,0.036304324865341187
28,22937600,0.00028379999999999996,0.05683738708496094,0.005414427518844605,0.0173486328125,0.9988329118848474,81.79323088893211,701859.8032006363,-0.0021545693278312685,0.061181139945983884,1.235732650756836,0.003781989589333534,0.03267395198345184
29,23756800,0.00028319999999999994,0.05954610824584961,0.005711385607719421,0.017843017578125,0.9992510064600693,78.28208969197641,708030.4564151902,-0.0021884774789214132,0.06407794952392579,1.2124160766601562,0.003881323337554932,0.033573731780052185
30,24576000,0.0002826,0.061862316131591794,0.005363513827323914,0.017156982421875,0.9996415128159168,73.92086395411364,709464.7390054057,-0.0022373609244823456,0.05873686671257019,1.1883561134338378,0.0039551395922899244,0.03304700255393982
31,25395200,0.00028199999999999997,0.06418607711791992,0.00576063334941864,0.018316650390625,0.9993177554153164,72.26292000682244,707204.8174385608,-0.0021383453160524367,0.06367042064666747,1.1648871421813964,0.004032033681869507,0.034052857756614686
32,26214400,0.00028139999999999996,0.06698556900024415,0.0053364384174346925,0.01715576171875,0.999666416479026,69.07213743641064,705959.353673807,-0.002100520022213459,0.05423781871795654,1.1413243293762207,0.004028750583529472,0.033981931209564206
33,27033600,0.00028079999999999994,0.06904062747955322,0.0051499313116073605,0.016759033203125,0.9999193613418272,66.98032416740585,703479.0588981629,-0.0020596804097294807,0.05277261734008789,1.118497657775879,0.003885042294859886,0.031185659766197204
34,27852800,0.0002802,0.07115679740905761,0.005027452111244201,0.016612548828125,1.0,64.51049440298507,711402.6096229044,-0.0019802074879407884,0.04800564646720886,1.0926753997802734,0.0039890356361866,0.031847283244132996
35,28672000,0.00027959999999999997,0.07257453918457031,0.004947815537452698,0.01632080078125,1.0,62.93991580558745,712078.5984828456,-0.0018072690814733504,0.04551232159137726,1.067143440246582,0.0036720290780067446,0.028087398409843443
36,29491200,0.00027899999999999995,0.0741727352142334,0.004578770399093628,0.015272216796875,0.9999245738422085,62.18622718358727,712941.4552312011,-0.001877373456954956,0.04379844963550568,1.0450212478637695,0.003762296959757805,0.02945215404033661
37,30310400,0.0002784,0.07566200256347656,0.0044863814115524295,0.015069580078125,1.0,60.626364709353794,709938.457276318,-0.0018893131986260415,0.03935409486293793,1.022780704498291,0.0037236504256725313,0.02911388874053955
38,31129600,0.0002778,0.077185640335083,0.004635702967643738,0.0157763671875,1.0,59.627357468025146,716459.9403551004,-0.001572757586836815,0.04096372127532959,1.0002581596374511,0.00356392003595829,0.026343381404876708
39,31948800,0.0002772,0.07798065185546875,0.0042979872226715085,0.0147607421875,0.9999284026634209,58.95560965132097,714388.6025596133,-0.0016534438356757164,0.036414986848831175,0.9779387474060058,0.003528246283531189,0.026869013905525208
40,32768000,0.0002766,0.07890218734741211,0.004225979745388031,0.01495849609375,1.0,57.88147311979681,709639.293974594,-0.0015436380170285701,0.03520577251911163,0.9553231239318848,0.0036201607435941696,0.026148316264152528
41,33587200,0.000276,0.07978618144989014,0.004259624481201172,0.015113525390625,1.0,57.256342162275494,697610.7356188886,-0.0014730234630405902,0.03383585214614868,0.9345992088317872,0.0033094331622123717,0.02316003143787384
42,34406400,0.00027539999999999997,0.08123433113098144,0.004107627272605896,0.014359130859375,1.0,56.66834274693484,703685.6580742339,-0.0014705611392855644,0.033469200134277344,0.913846778869629,0.003242959827184677,0.0219696044921875
43,35225600,0.0002748,0.0818251132965088,0.00401131808757782,0.014327392578125,1.0,55.831578227571114,706447.9700151763,-0.001417436171323061,0.0345445454120636,0.895526123046875,0.00328243188560009,0.02175317406654358
44,36044800,0.0002742,0.08239191055297851,0.003672422170639038,0.013392333984375,1.0,55.96969902846661,709278.0921342623,-0.0014504152350127697,0.03039400279521942,0.8747942924499512,0.0029369592666625977,0.019232913851737976
45,36864000,0.0002736,0.08372793197631836,0.003930324614048004,0.01370361328125,1.0,54.93507014028056,706091.0818742204,-0.0012750115245580673,0.029746973514556886,0.8514138221740722,0.0031713228672742844,0.021382936835289003
46,37683200,0.00027299999999999997,0.08419380187988282,0.0036012515425682067,0.013416748046875,1.0,54.47924277648622,703966.1983118475,-0.001156541332602501,0.025861465930938722,0.8335821151733398,0.0030754076316952704,0.01880114823579788
47,38502400,0.0002724,0.08448520660400391,0.0038372963666915894,0.013863525390625,1.0,54.39488673996556,706652.2914931013,-0.0011272613890469074,0.02745030224323273,0.8174248695373535,0.003065662644803524,0.019953979551792143
48,39321600,0.0002718,0.08507339477539062,0.0037083718180656432,0.01375244140625,1.0,53.58301664264186,711604.8858252107,-0.001143404096364975,0.02686125338077545,0.7995315551757812,0.002878989651799202,0.017391112446784974
49,40140800,0.0002712,0.08555570602416993,0.0033362013101577758,0.012586669921875,1.0,53.60667577591255,708504.595839657,-0.0011159362271428107,0.023091168701648714,0.7794108867645264,0.002785135805606842,0.016300778090953826
50,40960000,0.00027059999999999996,0.08638623237609863,0.0032665300369262695,0.01224365234375,1.0,53.016499935039626,706298.6745923203,-0.0011795218102633952,0.023786270618438722,0.7584082126617432,0.003119815327227116,0.02084070146083832
51,41779200,0.00027,0.08688076972961425,0.0032865035533905028,0.012479248046875,1.0,52.69078314412161,704077.4040590689,-0.001211065985262394,0.02137500196695328,0.7401735305786132,0.0030070608481764793,0.01800927668809891
52,42598400,0.0002694,0.08712440490722656,0.0032307767868041994,0.012049560546875,1.0,52.7408338166119,712684.4132836824,-0.001056549232453108,0.021949748694896697,0.7201439380645752,0.0029691245406866075,0.018092043697834015
53,43417600,0.0002688,0.08804914474487305,0.003258567750453949,0.01217529296875,1.0,52.210636542489056,715229.2801990453,-0.0010263209231197834,0.021335019171237944,0.7004538536071777,0.0028071941807866095,0.01906750351190567
54,44236800,0.00026819999999999996,0.08866706848144532,0.0030955213308334352,0.01193115234375,1.0,51.95199695218744,712354.8399204231,-0.0010817397385835647,0.020259426534175874,0.6823912143707276,0.002759350836277008,0.017162349820137025
55,45056000,0.0002676,0.08850650787353516,0.0030595719814300536,0.011927490234375,1.0,51.58319687618088,708829.4126801786,-0.0009587151929736137,0.018684501945972442,0.6649155616760254,0.002663027122616768,0.015644779801368712
56,45875200,0.000267,0.08958026885986328,0.0031186962127685547,0.012071533203125,1.0,51.295685833801585,714671.7927186847,-0.001007608138024807,0.021337762475013733,0.6474040985107422,0.002846492826938629,0.017479248344898224
57,46694400,0.00026639999999999997,0.09036586761474609,0.002894376814365387,0.0115966796875,1.0,50.89238307902245,714826.5443589605,-0.0008439776487648487,0.017428255081176756,0.6314863204956055,0.0023749621585011484,0.012627077102661134
58,47513600,0.00026579999999999996,0.09077926635742188,0.0032041752338409423,0.012410888671875,1.0,50.74740612648221,704549.3870740568,-0.0009134278632700443,0.020456703007221223,0.6143624305725097,0.0028475124388933183,0.018666137754917145
59,48332800,0.0002652,0.0907987403869629,0.0029482924938201904,0.011573486328125,1.0,50.52970205416076,698901.7524234417,-0.0009089978411793709,0.019342510402202605,0.5973869800567627,0.002660139836370945,0.016142454743385316
60,49152000,0.0002646,0.0918565559387207,0.0031260251998901367,0.011927490234375,1.0,50.03029379495307,695060.065568682,-0.000909242033958435,0.019743411242961882,0.5801177024841309,0.0027427162975072862,0.015522581338882447
61,49971200,0.00026399999999999997,0.09193965911865234,0.0028372368216514586,0.011324462890625,1.0,49.94900935942628,699938.2896621283,-0.0009441569447517395,0.015996548533439636,0.5610239028930664,0.0028056614100933075,0.017915035784244537
62,50790400,0.00026339999999999995,0.0916604995727539,0.0027245765924453734,0.0108447265625,1.0,49.72410850350503,703926.2011549707,-0.0006748470943421126,0.014653196930885315,0.5444583415985107,0.002397816441953182,0.014629639685153961
63,51609600,0.0002628,0.0930576515197754,0.0027846646308898925,0.010888671875,1.0,49.73445236082599,703425.8177377301,-0.0007820732891559601,0.015990567207336426,0.52945556640625,0.0024310316890478133,0.012545046210289002
64,52428800,0.0002622,0.09292812347412109,0.002443573772907257,0.00999755859375,1.0,49.30395997830149,699725.5510640254,-0.0008258300833404065,0.015107691287994385,0.5131516933441163,0.00262516550719738,0.014878787100315094
65,53248000,0.00026159999999999996,0.09307028770446778,0.002639231979846954,0.0105029296875,1.0,49.434567304788935,701606.4172259598,-0.0007802054286003112,0.013645373284816742,0.4961003303527832,0.002736162580549717,0.015588986873626708
66,54067200,0.000261,0.0933833122253418,0.00264320969581604,0.01065673828125,1.0,49.089419223637776,700467.3443618943,-0.0007925014942884445,0.012986989319324493,0.4792912006378174,0.002444666810333729,0.01329064965248108
67,54886400,0.0002604,0.09336383819580078,0.0026833230257034303,0.010718994140625,1.0,49.092396535129936,699879.7023038109,-0.0007557549979537725,0.01490224152803421,0.4640948295593262,0.0022937899455428125,0.012095702439546585
68,55705600,0.00025979999999999997,0.09420356750488282,0.0026618194580078124,0.010599365234375,1.0,48.82933507946902,701377.0509232136,-0.0006016230676323175,0.01434263437986374,0.4468329429626465,0.0022675560787320135,0.01228015050292015
69,56524800,0.00025919999999999996,0.09418678283691406,0.0023825737833976747,0.00969482421875,1.0,49.02041303569297,705215.9751178832,-0.000864434614777565,0.01279125064611435,0.4259788513183594,0.002483987063169479,0.015234006941318512
70,57344000,0.0002586,0.09433643341064453,0.002494127154350281,0.0102880859375,1.0,48.464315303586226,710627.5007272413,-0.0005908161401748657,0.015114100277423858,0.4069887638092041,0.0024455970153212546,0.013629150390625
71,58163200,0.000258,0.0941993808746338,0.002503253221511841,0.009774169921875,1.0,48.811703015135265,710714.1939811129,-0.0004892602097243071,0.015236079692840576,0.3914098024368286,0.002038237452507019,0.010294310748577118
72,58982400,0.00025739999999999997,0.09413600921630859,0.0023573221266269683,0.009525146484375,1.0,48.77608218039309,709666.4617674073,-0.0006099438760429621,0.012198442220687866,0.37350871562957766,0.0022093834355473518,0.013483521342277528
73,59801600,0.00025679999999999995,0.09452115058898926,0.0022710324823856354,0.009647216796875,1.0,48.42795431682348,712327.1897350609,-0.0005770498421043158,0.012219515442848206,0.3528475046157837,0.0022003572434186936,0.01266515851020813
74,60620800,0.0002562,0.09467796325683593,0.0025326529145240782,0.01023681640625,1.0,48.47313538352775,714612.5880915698,-0.0005134554579854011,0.01467301845550537,0.33436856269836424,0.0022610757499933244,0.01312573254108429
75,61440000,0.0002556,0.09488765716552734,0.002295075058937073,0.009703369140625,1.0,48.36348586969375,711686.2469088105,-0.0006496678572148085,0.013226580619812012,0.31858527660369873,0.002529764734208584,0.012798094749450683
76,62259200,0.00025499999999999996,0.09526556968688965,0.002090461254119873,0.00913818359375,1.0,48.13423804488309,704729.8471584435,-0.000649334629997611,0.01211034283041954,0.304580545425415,0.002312760427594185,0.013550414144992829
77,63078400,0.00025439999999999995,0.09581733703613281,0.0022620271146297456,0.009627685546875,1.0,47.8936954867412,704761.9813753561,-0.0005725216120481491,0.01129695624113083,0.28770761489868163,0.0024708254262804986,0.013404420018196106
78,63897600,0.0002538,0.09577152252197266,0.0022378197312355043,0.009327392578125,1.0,48.02196193265007,698959.3915027033,-0.0006254536565393209,0.010901530086994172,0.2701172590255737,0.00238998606801033,0.01446496695280075
79,64716800,0.0002532,0.0960709285736084,0.002178645133972168,0.009283447265625,1.0,48.004450430403466,706177.2262177796,-0.0006542021408677101,0.010509544610977173,0.25121779441833497,0.0022675257176160814,0.013030031323432922
80,65536000,0.00025259999999999996,0.09563783645629882,0.002158268839120865,0.00919189453125,1.0,47.87549002398924,705052.6761665565,-0.0006578382570296526,0.01291722059249878,0.23663718700408937,0.002475171722471714,0.013325317203998566
81,66355200,0.00025199999999999995,0.09575660705566406,0.001954217404127121,0.00849609375,1.0,47.86588290343335,703197.4521043398,-0.0006071179639548063,0.011636003851890564,0.22648043632507325,0.0024482719600200653,0.014054809510707856
82,67174400,0.0002514,0.09629463195800782,0.0019931760430336,0.00855712890625,1.0,47.76482213438735,703573.0634515755,-0.0005802073515951634,0.010036414116621017,0.21384010314941407,0.0023785768076777457,0.014389528334140778
83,67993600,0.00025079999999999997,0.09654942512512207,0.0019917409121990204,0.008719482421875,1.0,47.47527679554808,705566.9577090163,-0.0005465708673000336,0.01075352132320404,0.20127246379852295,0.0021219605579972265,0.012654782831668853
84,68812800,0.00025019999999999996,0.09690834045410156,0.0018838167190551758,0.00814208984375,1.0,47.587541402754375,706704.2925792768,-0.00048390324227511885,0.010506948828697205,0.18775688409805297,0.002164161205291748,0.011580078303813935
85,69632000,0.00024959999999999994,0.09733460426330566,0.001934746205806732,0.008541259765625,1.0,47.410765854222014,705423.5722869349,-0.0005514163058251143,0.009424973279237747,0.17314401865005494,0.002257362753152847,0.012055908143520356
86,70451200,0.000249,0.0971314811706543,0.001969950199127197,0.008555908203125,1.0,47.145830930688504,705581.937038991,-0.000489598698914051,0.009940510988235474,0.15954952239990233,0.0021733250468969345,0.012362059950828553
87,71270400,0.0002484,0.09716611862182617,0.001887192577123642,0.008221435546875,1.0,47.18158788646439,706896.3008308477,-0.0004495721310377121,0.010595811903476715,0.1466844081878662,0.002108817920088768,0.011295410245656968
88,72089600,0.0002478,0.09671180725097656,0.0019267183542251588,0.008115234375,1.0,47.58386646504594,715372.793676455,-0.00041855983436107637,0.012580491602420807,0.13319684267044068,0.002413897402584553,0.013347165286540985
89,72908800,0.0002472,0.09720789909362793,0.0019554518163204192,0.0084423828125,1.0,47.37745324405449,713979.5631337806,-0.0005286959465593099,0.009626101702451706,0.11714801788330079,0.002578181400895119,0.014831668138504029
90,73728000,0.0002466,0.09745322227478027,0.0018307916820049287,0.008048095703125,1.0,46.954735575545755,712732.6651760654,-0.0006204647943377495,0.008677821606397629,0.10043597221374512,0.002264627255499363,0.014265504479408265
91,74547200,0.000246,0.09795014381408691,0.0016903194785118103,0.007469482421875,1.0,46.846337988030776,710740.7318745794,-0.00042384006083011626,0.008949828147888184,0.0866239309310913,0.002179384231567383,0.011820191144943237
92,75366400,0.0002454,0.09731147766113281,0.0017959448695182801,0.008109130859375,1.0,47.01687521524509,716486.5069699549,-0.000593753857538104,0.011367908865213393,0.07833709716796874,0.0021202946081757545,0.011691532284021377
93,76185600,0.0002448,0.09787227630615235,0.0016183242201805114,0.007420654296875,1.0,46.73181479997711,710030.5481021943,-0.0007690978236496449,0.009066006541252137,0.06315041184425355,0.0020649923011660577,0.012409544736146926
94,77004800,0.00024419999999999997,0.09782092094421387,0.0015658360719680786,0.007298583984375,1.0,46.80913717193665,711079.5237185798,-0.0005733989644795656,0.006945670396089554,0.044914239645004274,0.002365643344819546,0.01426733285188675
95,77824000,0.00024359999999999999,0.09822461128234863,0.0016433776915073396,0.007332763671875,1.0,46.68519675202998,708014.4843338928,-0.0004652382340282202,0.007942350208759308,0.026965802907943724,0.002356962859630585,0.014848996698856354
96,78643200,0.000243,0.09851322174072266,0.0019530655443668365,0.008310546875,1.0,46.806267481020605,702632.3820607,-0.00043385010212659836,0.008677520602941514,0.010614265501499177,0.0025022344663739203,0.014366820454597473
97,79462400,0.00024239999999999998,0.09835881233215332,0.0015614169836044311,0.00706298828125,1.0,46.7328305336533,705432.8190015571,-0.0004980904050171375,0.008652349561452865,-0.0005376443266868591,0.00220109298825264,0.012465695291757584
98,80281600,0.0002418,0.09861154556274414,0.0016572225093841554,0.007279052734375,1.0,46.5203514739229,710097.2199704278,-0.0006324651651084423,0.00868510752916336,-0.015161076188087463,0.002431020140647888,0.016742676496505737
99,81100800,0.00024119999999999998,0.09873357772827149,0.0015099522471427916,0.006953125,1.0,46.382816933378734,708377.9791748745,-0.000535553228110075,0.006959142535924912,-0.028852981328964234,0.0024485068395733835,0.01473034918308258
100,81920000,0.0002406,0.0991064453125,0.0015645885467529296,0.006959228515625,1.0,46.578257910854035,706906.0815881002,-0.000711082061752677,0.006346272677183152,-0.039105385541915894,0.0024236427620053292,0.014200195670127869
101,82739200,0.00023999999999999998,0.09855509757995605,0.0015545952320098876,0.007025146484375,1.0,46.46065564456565,706525.4506526706,-0.000629020482301712,0.006591762602329254,-0.05222247242927551,0.0025924351066350937,0.016645383834838868
102,83558400,0.0002394,0.0992783260345459,0.001468830853700638,0.00673583984375,1.0,46.46637584272846,711804.6745106868,-0.000691859470680356,0.006095746904611588,-0.06643017530441284,0.002188163436949253,0.013189327716827393
103,84377600,0.0002388,0.09872982025146484,0.0016471232473850251,0.007276611328125,1.0,46.26067263050617,708974.0165639162,-0.0006855539511889219,0.007683181017637253,-0.0801307737827301,0.002313242107629776,0.012725220620632171
104,85196800,0.0002382,0.09865683555603028,0.001483205556869507,0.006744384765625,1.0,46.50472900266183,707943.8966872501,-0.00046697990037500856,0.0069569706916809086,-0.0925258755683899,0.002265365980565548,0.014711177349090577
105,86016000,0.0002376,0.09903299331665039,0.0014561578631401063,0.00650390625,1.0,46.38304027226319,709852.8955070946,-0.0004610992968082428,0.007984136790037155,-0.10656470060348511,0.0024888459593057632,0.016892459988594056
106,86835200,0.000237,0.09879833221435547,0.001435788720846176,0.0065185546875,1.0,46.40353952278638,716682.3370930557,-0.0003843666985630989,0.008359144628047942,-0.1167407751083374,0.0021886883303523065,0.011748780310153962
107,87654400,0.0002364,0.09933406829833985,0.001516895592212677,0.006668701171875,1.0,46.365285414659034,713667.206847679,-0.0006106792017817498,0.006497064977884293,-0.12598659992218017,0.0021452091634273527,0.012039060145616532
108,88473600,0.00023579999999999999,0.09879217147827149,0.0014347434043884277,0.006544189453125,1.0,46.386358486290504,711123.5723668834,-0.000515315867960453,0.006887011975049972,-0.1371634840965271,0.002225349843502045,0.01384265124797821
109,89292800,0.0002352,0.09892179489135743,0.001401970386505127,0.006234130859375,1.0,46.297853107344636,711384.926314696,-0.0005413140635937453,0.008281780034303665,-0.15421117544174195,0.002665194869041443,0.015427367389202118
110,90112000,0.00023459999999999998,0.0993388557434082,0.0012853600084781647,0.006031494140625,1.0,46.17650368536544,716953.2583140429,-0.0006060068495571614,0.005396300554275512,-0.1702161192893982,0.0021489311009645464,0.011945311725139619
111,90931200,0.000234,0.09936186790466309,0.0014502152800559998,0.006317138671875,1.0,46.28680375098859,705988.2416420147,-0.0004727491643279791,0.008827680349349975,-0.18168600797653198,0.002173725888133049,0.012817379832267762
112,91750400,0.00023339999999999998,0.09959281921386719,0.00129999577999115,0.0059814453125,1.0,46.11105482382078,702813.1354890855,-0.0004488403908908367,0.005953096598386764,-0.1939517378807068,0.002267145924270153,0.012509886920452119
113,92569600,0.0002328,0.0997892951965332,0.0013785621523857117,0.00614990234375,1.0,45.993667339161625,699856.8564562222,-0.0004920652601867915,0.006750134378671646,-0.2072624683380127,0.0021018290892243384,0.01164538636803627
114,93388800,0.00023219999999999998,0.09917325973510742,0.0013764677941799164,0.00620849609375,1.0,45.93962604190133,699840.6226473139,-0.0007003005594015121,0.007277768105268478,-0.2183974266052246,0.0023649148643016815,0.015206174552440643
115,94208000,0.0002316,0.09971258163452149,0.0012662133574485779,0.005703125,1.0,46.17523574315222,690839.4791239611,-0.0007067710161209106,0.0056769300252199175,-0.23352327346801757,0.0022720996290445327,0.012770876288414001
116,95027200,0.00023099999999999998,0.10011577606201172,0.0012725436687469483,0.005860595703125,1.0,45.87150618943595,704394.4622214165,-0.0004929436836391687,0.006194645538926125,-0.2465301275253296,0.0022073967382311823,0.012803591787815094
117,95846400,0.0002304,0.10004861831665039,0.0012708736956119537,0.005855712890625,1.0,45.8972863870823,704376.5436331739,-0.0006140624638646841,0.0055302675813436505,-0.2602332592010498,0.0024033784866333008,0.014287479221820831
118,96665600,0.00022979999999999997,0.10021390914916992,0.0013045719265937805,0.00594482421875,1.0,45.81385839121667,703476.0522879551,-0.000538415415212512,0.005967891588807106,-0.26685514450073244,0.001864130236208439,0.010403440147638322
119,97484800,0.0002292,0.10049696922302247,0.0012045931816101075,0.005672607421875,1.0,45.85671225230254,702278.4544738345,-0.0004971819929778576,0.005245135724544525,-0.2757903575897217,0.0020215500146150587,0.011533083766698838
120,98304000,0.00022859999999999997,0.10118125915527344,0.0014022555947303772,0.00639404296875,1.0,45.72518572306318,698904.6778555886,-0.0004946019034832716,0.006073317304253578,-0.2883154392242432,0.002029496058821678,0.011757200956344605
121,99123200,0.00022799999999999999,0.10081910133361817,0.001290062367916107,0.005614013671875,1.0,45.740674658488985,700834.3404111527,-0.0004189855419099331,0.006050143390893936,-0.3005929470062256,0.001974109560251236,0.011647340655326844
122,99942400,0.00022739999999999997,0.10067264556884765,0.0012432414293289185,0.0057666015625,1.0,45.72574595532665,708141.7693578947,-0.000490942969918251,0.005631282553076744,-0.31470327377319335,0.0020274832844734193,0.011480224132537842
123,100761600,0.00022679999999999998,0.10130545616149902,0.001173616051673889,0.005567626953125,1.0,45.58288888888889,711530.4390197799,-0.0004741254262626171,0.005268017202615738,-0.3262408494949341,0.0021413017064332964,0.01198132187128067
124,101580800,0.00022619999999999997,0.10093362808227539,0.0012305324524641036,0.005784912109375,1.0,45.47754830851005,711182.2609247749,-0.0005942460149526597,0.0055681392550468445,-0.3387616634368896,0.00212811641395092,0.012476195394992829
125,102400000,0.00022559999999999998,0.10115376472473145,0.0012614652514457703,0.00585693359375,1.0,45.63571946660715,710094.3009816793,-0.00039402125403285024,0.005343812331557274,-0.35298705101013184,0.001970556192100048,0.011200805008411408
126,103219200,0.000225,0.10090898513793946,0.0012353238463401793,0.00576904296875,1.0,45.616000890174696,716110.8316756547,-0.0002667184686288238,0.006777247786521912,-0.3668396472930908,0.0023183027282357217,0.015547849237918854
127,104038400,0.00022439999999999998,0.10134714126586913,0.0013047507405281066,0.005888671875,1.0,45.44751013157164,714407.0122632423,-0.0005076576024293899,0.0057635664939880375,-0.377862286567688,0.002000444754958153,0.011226681619882583
128,104857600,0.0002238,0.10073143005371094,0.0010969973355531692,0.005238037109375,1.0,45.40919935637796,709569.619806313,-0.0004893704783171416,0.005127616599202156,-0.3911261558532715,0.0021354185417294504,0.012468263506889343
129,105676800,0.00022319999999999998,0.10103986740112304,0.0011553633213043212,0.005367431640625,1.0,45.439127531716004,709975.4727423816,-0.00047080502845346927,0.005878864228725434,-0.40909619331359864,0.0023824334144592284,0.014731690287590027
130,106496000,0.0002226,0.10152139663696289,0.0011867627501487732,0.00553955078125,1.0,45.50102260792659,710612.2119646092,-0.000523751089349389,0.006062723696231842,-0.42032566070556643,0.002144511975347996,0.012433594465255738
131,107315200,0.00022199999999999998,0.10143269538879394,0.0011988166719675065,0.005576171875,1.0,45.384645189859405,709254.0930256083,-0.0005930045153945684,0.00551394335925579,-0.4338139533996582,0.002128593437373638,0.012511473894119263
132,108134400,0.0002214,0.10115314483642578,0.0011555632948875426,0.005572509765625,1.0,45.48218355661793,707988.6432681594,-0.00047286590561270716,0.004593860357999802,-0.44757580757141113,0.002432454377412796,0.01641577035188675
133,108953600,0.00022079999999999997,0.10191119194030762,0.0010878941416740417,0.005321044921875,1.0,45.23578493672984,705342.9123448643,-0.00039994665421545507,0.00481698215007782,-0.45890960693359373,0.002451380342245102,0.015557004511356354
134,109772800,0.00022019999999999999,0.10119306564331054,0.0011889366060495376,0.005640869140625,1.0,45.41602396937247,696080.2466635087,-0.0004836501087993383,0.004086112231016159,-0.4717616081237793,0.001956287771463394,0.010735594481229783
135,110592000,0.00021959999999999997,0.10135141372680664,0.0010189996659755707,0.005201416015625,1.0,45.39221556886228,708773.1606645285,-0.0004161783494055271,0.004715270176529884,-0.48686695098876953,0.002262880653142929,0.01491357684135437
136,111411200,0.00021899999999999998,0.10140292167663574,0.0010721604526042938,0.0051220703125,1.0,45.463182371830364,709858.5207297709,-0.0005717651918530464,0.0041227594017982485,-0.5022962093353271,0.0024635350331664086,0.014323484897613526
137,112230400,0.00021839999999999997,0.10150792121887207,0.0010957363247871398,0.005263671875,1.0,45.16649214659686,706964.4948156195,-0.0005587570834904909,0.004343849793076515,-0.5142870426177979,0.0023269493132829664,0.015351197123527527
138,113049600,0.00021779999999999998,0.1013559341430664,0.001100972294807434,0.005157470703125,1.0,45.22290354656944,705194.1630102597,-0.00035038888454437257,0.00484158806502819,-0.526015329360962,0.0020327514037489893,0.01199096515774727
139,113868800,0.00021719999999999997,0.10171432495117187,0.0011059538275003432,0.005245361328125,1.0,45.1469567612228,704151.926159095,-0.0004664252512156963,0.004794561862945556,-0.5376267910003663,0.002159632369875908,0.013453370332717896
140,114688000,0.00021659999999999998,0.10234525680541992,0.0010775603353977204,0.005362548828125,1.0,44.9789902100979,713732.9731466369,-0.0005371050909161567,0.004790695384144783,-0.5500273704528809,0.0022797618061304093,0.014167846739292144
141,115507200,0.00021599999999999996,0.10221973419189453,0.0010418327152729035,0.005205078125,1.0,44.98825337578219,712936.6795910172,-0.0005634328350424767,0.003821805864572525,-0.5652334690093994,0.00221075564622879,0.01355908215045929
142,116326400,0.00021539999999999998,0.1020125389099121,0.0009706501662731171,0.004849853515625,1.0,45.04535720169129,711778.190732409,-0.000500885583460331,0.0046827677637338635,-0.5761513710021973,0.0022191645577549933,0.013619628548622132
143,117145600,0.00021479999999999996,0.10218255043029785,0.0011171017587184905,0.00521484375,1.0,45.06054601497138,711160.5707966629,-0.0003196100238710642,0.0059673689305782315,-0.5847718238830566,0.0021611757576465605,0.013898195326328277
144,117964800,0.00021419999999999998,0.10188279151916504,0.0009568428993225098,0.004805908203125,1.0,45.0660626029654,715269.5698883943,-0.0004032029304653406,0.0039790328592062,-0.5959574699401855,0.0023857280611991882,0.01593090742826462
145,118784000,0.00021359999999999996,0.10212613105773925,0.000992368459701538,0.005035400390625,1.0,45.142817710058516,714400.9168340528,-0.0004352350253611803,0.0037351880222558976,-0.6094880104064941,0.0022101085633039474,0.012907105684280395
146,119603200,0.00021299999999999997,0.10197040557861328,0.0011200334131717682,0.00531494140625,1.0,44.97499588748149,701704.5213538362,-0.000533150788396597,0.004334523901343345,-0.6222713947296142,0.0023836519569158552,0.015506470203399658
147,120422400,0.00021239999999999996,0.10244733810424805,0.0009498007595539093,0.00473388671875,1.0,44.895965796974345,702637.3474503261,-0.0007026565726846457,0.00410892516374588,-0.6320549964904785,0.0023203358054161073,0.014714477956295014
148,121241600,0.00021179999999999997,0.10271245956420899,0.0011260198056697846,0.005438232421875,1.0,44.88458381218191,700990.3662012886,-0.0004712561145424843,0.0038478307425975798,-0.6402965068817139,0.002054903283715248,0.011853393167257309
149,122060800,0.00021119999999999996,0.10268011093139648,0.001044643372297287,0.00513427734375,1.0,44.697959851625576,702295.7347651189,-0.000504136411473155,0.003810768574476242,-0.6498645305633545,0.0023062299937009812,0.01519445925951004
150,122880000,0.00021059999999999997,0.10217654228210449,0.0009641821682453155,0.00484130859375,1.0,44.8226868620349,704953.984946504,-0.0005678352434188127,0.00390646830201149,-0.6632899284362793,0.0021033667027950285,0.012281127274036407
151,123699200,0.00020999999999999998,0.10288972854614258,0.0009987972676753997,0.004921875,1.0,44.70209532081207,703078.7784630265,-0.0004941823426634073,0.0038485750555992126,-0.6750304698944092,0.0023665009066462517,0.016486816108226776
152,124518400,0.00020939999999999997,0.10277387619018555,0.0010064399242401122,0.00510986328125,1.0,44.81999010934667,697792.681376476,-0.0005194360855966806,0.00493253543972969,-0.6866117954254151,0.002119015157222748,0.012638427317142487
153,125337600,0.00020879999999999998,0.10267651557922364,0.00100070022046566,0.004896240234375,1.0,44.669947792038286,692309.3743175141,-0.0005900904536247254,0.0035933032631874084,-0.6980322360992431,0.002151147276163101,0.013524043560028075
154,126156800,0.00020819999999999996,0.1030559253692627,0.0009310875087976455,0.00466064453125,1.0,44.745347054959495,700021.6842839769,-0.0005017722956836224,0.0032403387129306795,-0.7108641147613526,0.0024138586595654488,0.016818729043006898
155,126976000,0.00020759999999999998,0.10301044464111328,0.0008539101481437683,0.00433349609375,1.0,44.64049541684854,700380.4412992724,-0.0005582084413617849,0.0031440652906894683,-0.7257018089294434,0.002513495832681656,0.017969723045825958
156,127795200,0.00020699999999999996,0.10284221649169922,0.0009956565499305726,0.0046630859375,1.0,44.77950479930192,703917.8897114558,-0.00046066930517554285,0.0037020057439804076,-0.7384530544281006,0.002257660776376724,0.014183472096920013
157,128614400,0.00020639999999999998,0.1029250431060791,0.0009406600892543792,0.00478271484375,1.0,44.85103698013826,702434.2559345894,-0.0005589945241808892,0.0038155503571033478,-0.7465356349945068,0.002223370037972927,0.01436145007610321
158,129433600,0.00020579999999999996,0.10318235397338867,0.0009487356245517731,0.004774169921875,1.0,44.84666630262655,708235.2241224749,-0.00043601104989647864,0.0035220667719841003,-0.7593078136444091,0.0020810503512620924,0.011959471553564072
159,130252800,0.00020519999999999997,0.10297966003417969,0.0009466221928596496,0.00470458984375,1.0,44.653890191374515,710773.4450397287,-0.0003792508505284786,0.004990550130605698,-0.7748528480529785,0.0017766397446393966,0.009003539383411408
160,131072000,0.00020459999999999996,0.10323907852172852,0.0009414426982402802,0.004820556640625,1.0,44.76024926205313,710473.8665515347,-0.0005377047695219517,0.003760327026247978,-0.7892180442810058,0.0021198151633143427,0.012728637456893921
161,131891200,0.00020399999999999997,0.103894681930542,0.0009239759296178818,0.004705810546875,1.0,44.252577041394574,717131.5167920609,-0.00039848089218139646,0.0035038691014051436,-0.8026885986328125,0.0019912807270884513,0.012618649005889892
162,132710400,0.00020339999999999996,0.10284880638122558,0.0009860584139823913,0.004993896484375,1.0,44.62842661725435,711633.8457500952,-0.0004214869812130928,0.003566335514187813,-0.8107139587402343,0.0019989291206002234,0.011917966604232787
163,133529600,0.00020279999999999997,0.1028915786743164,0.0010699693858623504,0.00505126953125,1.0,44.663017298007446,711967.0790930529,-0.0004570293705910444,0.0042080219835042955,-0.8192578315734863,0.0021646089851856233,0.012646117806434631
164,134348800,0.00020219999999999995,0.1037276840209961,0.0009030744433403016,0.004532470703125,1.0,44.42374073472921,708030.7851168299,-0.0005582080688327551,0.003347896412014961,-0.8336265563964844,0.002198641747236252,0.013334105908870696
165,135168000,0.00020159999999999997,0.10318206787109375,0.0009295397996902466,0.0047607421875,1.0,44.493249128919864,708682.4292920666,-0.0004303010646253824,0.0033532965928316115,-0.8471091270446778,0.002087143249809742,0.01385204792022705
166,135987200,0.00020099999999999995,0.10364590644836426,0.0009455636143684387,0.004818115234375,1.0,44.58164371679497,708888.8749073849,-0.0004877228755503893,0.0031013008207082748,-0.8607457160949707,0.0020447615534067154,0.01229553371667862
167,136806400,0.00020039999999999997,0.10379304885864257,0.0009251223504543305,0.0047412109375,0.9999460480172646,44.22961963852172,706378.9321333821,-0.0004331064876168966,0.0038722120225429535,-0.8719788551330566,0.0022781651467084886,0.015087401866912842
168,137625600,0.00019979999999999995,0.10330002784729003,0.0009360106289386749,0.004813232421875,1.0,44.403816876903,706073.5589060724,-0.00047108381986618044,0.003524620458483696,-0.8810215950012207,0.0022045567631721495,0.014031738042831421
169,138444800,0.00019919999999999996,0.10419981002807617,0.0009159512817859649,0.004515380859375,1.0,44.28419461094011,706024.8638906154,-0.0005340768955647945,0.0034675866365432738,-0.8937067031860352,0.0021958647295832632,0.013555298745632171
170,139264000,0.00019859999999999995,0.10367671966552734,0.0009458810836076736,0.0048388671875,1.0,44.276337115072934,709452.0439889773,-0.0004150400403887033,0.0036791980266571043,-0.9105263710021972,0.0022649273276329042,0.014533324539661408
171,140083200,0.00019799999999999996,0.10337823867797852,0.000935860499739647,0.004730224609375,1.0,44.41578148710167,701070.879660804,-0.00037730729673057795,0.0040356751531362535,-0.9235736846923828,0.0019740819931030273,0.012783321738243102
172,140902400,0.00019739999999999995,0.10397525787353516,0.0009628260880708695,0.004674072265625,0.999946111979307,44.15077868189901,702664.492830142,-0.00046164090745151045,0.00434248186647892,-0.9331358909606934,0.0021762635558843614,0.014219602942466736
173,141721600,0.00019679999999999999,0.10423238754272461,0.0008445572853088379,0.004443359375,1.0,44.197536865986066,706602.858035344,-0.000443741912022233,0.0032793402671813963,-0.9415249824523926,0.002242441475391388,0.013877931237220763
174,142540800,0.0001962,0.10383214950561523,0.0008414196223020553,0.004345703125,1.0,44.37789064188459,705169.1828942455,-0.00047821435146033764,0.0030967250466346742,-0.9518677711486816,0.0021264532580971716,0.012359251827001571
175,143360000,0.00019559999999999998,0.10401412963867188,0.0008894672989845276,0.0046044921875,1.0,44.098321731153206,711544.6820396725,-0.0004592222161591053,0.0033954448997974397,-0.9623188972473145,0.0019995976239442826,0.01136474460363388
176,144179200,0.000195,0.1035832405090332,0.0007899966835975647,0.00417236328125,1.0,44.26194086429113,709694.0731160254,-0.0005108462180942297,0.003571276739239693,-0.9722173690795899,0.0021308477967977523,0.012643675506114959
177,144998400,0.00019439999999999998,0.10403923034667968,0.0008566448092460632,0.0041845703125,1.0,44.46839344616882,710197.5763787051,-0.00040757502429187296,0.0035920098423957826,-0.9811700820922852,0.0022329004481434823,0.01355297863483429
178,145817600,0.0001938,0.10401641845703125,0.0008378072828054428,0.004276123046875,1.0,43.95845665393101,710372.5142769516,-0.0005089522805064916,0.002994837798178196,-0.990109920501709,0.001978680677711964,0.011836425215005875
179,146636800,0.00019319999999999998,0.1043550968170166,0.0008592694252729416,0.004381103515625,1.0,44.2149673801693,713562.8821967611,-0.00038116613868623974,0.003935165703296661,-0.9981304168701172,0.0020951706916093825,0.012072144448757172
180,147456000,0.0001926,0.10423751831054688,0.0008793538808822632,0.004581298828125,1.0,44.1052716514255,714180.0313904786,-0.00042739673517644405,0.004158548638224601,-1.004973793029785,0.002161089703440666,0.014721684157848358
181,148275200,0.00019199999999999998,0.10406887054443359,0.0007771462202072144,0.00406982421875,1.0,44.254659391713034,705544.8054099571,-0.00044392184354364873,0.002984175831079483,-1.0170390129089355,0.002350662462413311,0.01532275527715683
182,149094400,0.0001914,0.10442386627197266,0.0008042475581169128,0.004267578125,0.9999461352006463,44.2587664960948,708442.3141764599,-0.0003735010977834463,0.0035340964794158937,-1.027767276763916,0.002311314456164837,0.014773926138877869
183,149913600,0.00019079999999999998,0.1047999382019043,0.000895177647471428,0.004764404296875,1.0,43.87469155669992,706761.2466570964,-0.00037318633403629067,0.0034139566123485565,-1.0395215988159179,0.002390938997268677,0.015104860067367554
184,150732800,0.0001902,0.10478998184204101,0.0009316612780094147,0.004520263671875,1.0,44.11591323955761,711567.6998338995,-0.00043948949314653873,0.0034264042973518372,-1.0532522201538086,0.002350882813334465,0.015956182777881623
185,151552000,0.00018959999999999997,0.10414576530456543,0.0008724960684776306,0.0044287109375,1.0,43.93396886949965,711159.1902952893,-0.00048736268654465676,0.0033292889595031737,-1.0700299263000488,0.002101299911737442,0.012513181567192078
186,152371200,0.00018899999999999999,0.10476657867431641,0.0008603338152170181,0.004354248046875,1.0,43.85304793423722,709123.9666206746,-0.00058448426425457,0.00295157041400671,-1.0875908851623535,0.0022685669362545015,0.013487547636032104
187,153190400,0.00018839999999999997,0.10453876495361328,0.0008076059818267822,0.00442138671875,1.0,43.89486945799603,706382.9509421178,-0.0004515576176345348,0.00307240579277277,-1.0980782508850098,0.0022589115425944327,0.014982789754867554
188,154009600,0.00018779999999999998,0.1051565170288086,0.0008460673689842225,0.00446044921875,1.0,43.82792937399679,707933.476687917,-0.00033745267428457736,0.0028872177004814147,-1.1065420150756835,0.0022616354748606683,0.015167605876922608
189,154828800,0.0001872,0.10526759147644044,0.0009404306113719941,0.004896240234375,1.0,43.67750013319836,710717.7270649727,-0.0004418626427650452,0.002998219430446625,-1.1167285919189454,0.0022591236978769303,0.014663209021091462
190,155648000,0.00018659999999999998,0.10506546020507812,0.0008502464741468429,0.004349365234375,1.0,43.79355149181906,699836.7938906658,-0.0005343150347471237,0.003720736503601074,-1.1266291618347168,0.002391348034143448,0.016474120318889618
191,156467200,0.000186,0.10480216979980468,0.0009056314826011658,0.00468505859375,1.0,43.850835833690525,703499.0811639567,-0.0004946540109813213,0.003498559445142746,-1.1343608856201173,0.0021633706986904145,0.012913815677165985
192,157286400,0.00018539999999999998,0.10480531692504882,0.0008141347020864487,0.004267578125,1.0,43.87036441586281,706248.9999783211,-0.00042361607775092124,0.002797115780413151,-1.1409736633300782,0.0021649155765771865,0.014457884430885314
193,158105600,0.0001848,0.10498500823974609,0.0008201912045478821,0.004527587890625,1.0,43.795616145415664,708630.4849373022,-0.00042476700618863104,0.002893621660768986,-1.1512602806091308,0.002070643939077854,0.01255456656217575
194,158924800,0.00018419999999999998,0.10515438079833984,0.0008986909687519073,0.004852294921875,1.0,43.7407604643732,714907.8594343493,-0.0004366522654891014,0.0032027654349803926,-1.162455940246582,0.0022673919796943665,0.015516231954097747
195,159744000,0.0001836,0.10518491744995118,0.0008934422582387924,0.004827880859375,0.9999463691944653,43.89123672637563,710454.0422297599,-0.0003739707637578249,0.0033874548971652985,-1.1737021446228026,0.0021395569667220114,0.01310424655675888
196,160563200,0.00018299999999999998,0.10455348968505859,0.0008209686726331711,0.0046435546875,0.999893185216834,43.80976287118137,710407.4014932966,-0.0003724438836798072,0.0027545725926756857,-1.182157325744629,0.002336260862648487,0.01602441370487213
197,161382400,0.0001824,0.10555404663085938,0.0008586964011192322,0.0046875,1.0,43.8172974128715,709157.8496875743,-0.0002801144728437066,0.0026675764471292495,-1.1910825729370118,0.0024721479043364526,0.01713012307882309
198,162201600,0.00018179999999999997,0.10513855934143067,0.0008345557749271392,0.004581298828125,1.0,43.646760863769664,715420.5435879256,-0.000505913607776165,0.0028070328757166863,-1.1979331016540526,0.002102387510240078,0.01335168331861496
199,163020800,0.00018119999999999999,0.10526311874389649,0.0008039937913417816,0.004609375,1.0,43.8049562059389,708972.7452545083,-0.00045077973045408725,0.002759123034775257,-1.2071078300476075,0.0022235989570617678,0.015207764506340028
200,163840000,0.00018059999999999997,0.10544598579406739,0.0010089501738548279,0.00505859375,1.0,43.612249253094326,711239.6305471981,-0.00041463174857199193,0.0036656394600868224,-1.2178855895996095,0.0019759051501750946,0.01092810109257698
201,164659200,0.00017999999999999998,0.10552538871765137,0.0008707763254642486,0.004639892578125,1.0,43.31937394247039,709941.2757115897,-0.0003793192794546485,0.0032653994858264923,-1.2294480323791503,0.0023290600627660753,0.015894654393196105
202,165478400,0.00017939999999999997,0.1053907585144043,0.0008892441540956497,0.00473388671875,1.0,43.64921549791867,716470.6887346881,-0.00043845209293067453,0.003088195435702801,-1.2400712966918945,0.002353386767208576,0.01583544760942459
203,166297600,0.00017879999999999998,0.10525796890258789,0.0007982946932315827,0.004324951171875,1.0,43.67636247402909,714483.2650491748,-0.00035526789724826813,0.002948311343789101,-1.2467529296875,0.0022676439955830576,0.014860719442367554
204,167116800,0.00017819999999999997,0.10536768913269043,0.000871208906173706,0.00468505859375,1.0,43.5244818583835,710738.7031946728,-0.00042655998840928077,0.0028190379962325096,-1.2538795471191406,0.002205222472548485,0.014028196036815644
205,167936000,0.0001776,0.10549922943115235,0.0007897663861513137,0.00422607421875,1.0,43.402172185430466,708639.9016941878,-0.0004991773050278426,0.0028918739408254623,-1.2607597351074218,0.002189684472978115,0.01457177847623825
206,168755200,0.00017700000000000002,0.10559467315673828,0.0007921072840690613,0.004366455078125,1.0,43.65108487555839,715135.2379896081,-0.0005261705722659826,0.0027955658733844757,-1.2682372093200684,0.002142689749598503,0.01277478039264679
207,169574400,0.0001764,0.10583176612854003,0.0008390067517757416,0.004404296875,0.9999469524163175,43.50474775873959,712061.1503122976,-0.0003841690020635724,0.002814742736518383,-1.2753372192382812,0.002347327396273613,0.015043213963508606
208,170393600,0.00017580000000000002,0.1053143310546875,0.0007869748771190643,0.0043798828125,1.0,43.71333262169086,710849.5808536058,-0.0005558067932724953,0.0028844118118286134,-1.2808354377746582,0.0020969679579138758,0.013238891959190369
209,171212800,0.0001752,0.10504179000854492,0.0007524532079696655,0.003995361328125,0.9999464496090822,43.77305344329014,700095.9012167426,-0.00043493714183568956,0.0034007530659437178,-1.2858926773071289,0.0019809426739811897,0.011669311672449112
210,172032000,0.00017460000000000002,0.10605369567871094,0.0007833857834339141,0.0040869140625,0.9999467632027257,43.80808134582624,701371.9334574443,-0.00039175101555883886,0.002843154966831207,-1.2925508499145508,0.0021940601989626886,0.012862545251846314
211,172851200,0.000174,0.10553497314453125,0.0008188347518444061,0.0045751953125,1.0,43.43301053527722,712449.9683829473,-0.00029320032335817815,0.0029622346162796022,-1.3033568382263183,0.002358582802116871,0.016920405626296996
212,173670400,0.0001734,0.10506141662597657,0.0008603428304195404,0.00451171875,1.0,43.87298958055036,712790.1185770993,-0.0003410056699067354,0.0032412026077508925,-1.3142515182495118,0.0023434823378920555,0.015805664658546447
213,174489600,0.0001728,0.10542956352233887,0.000897091031074524,0.004422607421875,1.0,43.713659917730645,711592.585719958,-0.00032665084581822156,0.0034278951585292815,-1.323348045349121,0.0021571045741438865,0.013303467631340027
214,175308800,0.0001722,0.1054084587097168,0.0008255209028720855,0.004420166015625,1.0,43.51522707979626,706783.6107151415,-0.00042545683681964873,0.00268096886575222,-1.3363154411315918,0.0022668860852718352,0.014633056521415711
215,176128000,0.0001716,0.10546087265014649,0.0009601022303104401,0.00486572265625,1.0,43.71347086731702,716421.6995024772,-0.00038121230900287626,0.0031134694814682006,-1.346541976928711,0.0020209137350320817,0.011712156981229783
216,176947200,0.000171,0.10580663681030274,0.0007486331462860107,0.004102783203125,1.0,43.50676395398381,707376.6297631842,-0.000578353088349104,0.0026254881173372268,-1.35520658493042,0.002268478088080883,0.015163087844848632
217,177766400,0.0001704,0.10540082931518555,0.000873173326253891,0.00462646484375,1.0,43.524426508071365,708003.5519314185,-0.00025672728661447765,0.0041780248284339905,-1.364450740814209,0.0020073192194104196,0.011851563304662704
218,178585600,0.0001698,0.10517637252807617,0.0007444041967391968,0.004114990234375,1.0,43.64565751522273,702302.5545141323,-0.0003755440702661872,0.002889452874660492,-1.3745861053466797,0.0023644300177693366,0.0156585693359375
219,179404800,0.0001692,0.10549951553344726,0.0007672251760959625,0.00423828125,1.0,43.7440055292679,700743.592019055,-0.000544874183833599,0.002677733078598976,-1.3845884323120117,0.0021163010969758034,0.012938475608825684
220,180224000,0.0001686,0.10550325393676757,0.0008260937035083771,0.004368896484375,1.0,43.60924078322574,705120.9956321167,-0.00037114752922207117,0.003283125534653664,-1.3953188896179198,0.0020602665841579436,0.01150231882929802
221,181043200,0.000168,0.10554171562194824,0.0007840535044670105,0.00411865234375,1.0,43.65554491272882,706505.3523633472,-0.0003646401921287179,0.0027289455756545067,-1.4079461097717285,0.0021994508802890777,0.013437987864017486
222,181862400,0.0001674,0.10528322219848633,0.0007746542990207672,0.004161376953125,1.0,43.623053956067395,705835.8641328847,-0.000413484126329422,0.0027855202555656434,-1.4156088829040527,0.00205466914921999,0.012158816307783126
223,182681600,0.0001668,0.10495691299438477,0.0007532268017530441,0.004210205078125,1.0,43.63401759530792,702899.2780046163,-0.000380643317475915,0.0030203502625226974,-1.4230429649353027,0.002281092666089535,0.015755859017372132
224,183500800,0.0001662,0.10546563148498535,0.0007844945043325425,0.00409423828125,0.9999468283086085,43.55271973201467,702647.5071646142,-0.00030612386763095856,0.0032594747841358184,-1.4341466903686524,0.0023037564009428025,0.015618894994258881
225,184320000,0.0001656,0.10578730583190918,0.0008240912854671479,0.004306640625,1.0,43.580148195532814,706457.384459835,-9.209029376506805e-05,0.0028923556208610536,-1.4438369750976563,0.0023992957547307016,0.016832394897937773
226,185139200,0.000165,0.1053953742980957,0.0007067953795194626,0.0039794921875,0.999946898895497,43.606308411214954,707580.3258416179,-0.0003619418712332845,0.002905426174402237,-1.4527453422546386,0.002133556269109249,0.01368103176355362
227,185958400,0.0001644,0.1059246826171875,0.0007225304841995239,0.0041455078125,0.9999468226535496,43.59585216697687,704132.291011653,-0.000267965835519135,0.002492545358836651,-1.4620549201965332,0.002527104690670967,0.017781370878219606
228,186777600,0.0001638,0.10588872909545899,0.0007515163719654084,0.004202880859375,1.0,43.42881320076158,699771.5608488348,-0.0003366186283528805,0.0031613346189260485,-1.4703021049499512,0.0023345738649368287,0.01550903171300888
229,187596800,0.0001632,0.10586921691894531,0.0009333892911672592,0.004903564453125,1.0,43.34490814484443,706165.1415175633,-0.00039936224929988385,0.002594231069087982,-1.4778782844543457,0.002126808650791645,0.013444824516773224
230,188416000,0.0001626,0.10578344345092773,0.0007201304286718369,0.00415771484375,1.0,43.615200637788995,712705.5540285426,-0.0003089334582909942,0.0025087371468544006,-1.486723041534424,0.0025418275967240334,0.019261722266674042
231,189235200,0.000162,0.10567066192626953,0.0007722312957048416,0.004173583984375,1.0,43.46504704694062,714034.0528255687,-0.0003772333264350891,0.00341402031481266,-1.4980895042419433,0.0023228850215673445,0.016785523295402525
232,190054400,0.0001614,0.10551878929138184,0.0009035415202379226,0.0047216796875,0.9999469327106771,43.53698790065803,711640.5932959153,-0.000504346564412117,0.0036777377128601072,-1.5105361938476562,0.002093479037284851,0.012198488414287566
233,190873600,0.0001608,0.10592616081237793,0.0006903740763664246,0.003984375,0.9999468622137202,43.531856102874755,709410.09052197,-0.0004033780191093683,0.0027540266513824464,-1.5207579612731934,0.002424025535583496,0.01674889922142029
234,191692800,0.0001602,0.10568878173828125,0.0007389003038406372,0.00417236328125,1.0,43.47123273169957,704027.3856239528,-0.00024531602393835784,0.002900974825024605,-1.5313178062438966,0.0022319862619042397,0.015061277151107787
235,192512000,0.0001596,0.10601431846618653,0.0007778541743755341,0.004290771484375,1.0,43.49620589015654,712316.718322458,-0.0004542098380625248,0.002512538805603981,-1.5413942337036133,0.002345910482108593,0.015204223990440368
236,193331200,0.000159,0.10576152801513672,0.0008028478920459747,0.004560546875,1.0,43.43790640656646,710878.7122987917,-0.000473937951028347,0.0030465522781014443,-1.5502385139465331,0.0023310212418437004,0.016287961602211
237,194150400,0.0001584,0.1059967041015625,0.0007157443463802338,0.004261474609375,1.0,43.54755593256282,709046.6559180288,-0.00039302348159253597,0.002783074602484703,-1.5608670234680175,0.0022973312065005303,0.015176634490489959
238,194969600,0.0001578,0.10578400611877442,0.0007253628969192505,0.004444580078125,1.0,43.41152438053802,708020.782436592,-0.00044160885736346247,0.002852102927863598,-1.570932960510254,0.0023285999894142153,0.016600216925144195
239,195788800,0.0001572,0.10579231262207031,0.0008183565735816956,0.004478759765625,0.9999469158084723,43.485508015712924,712830.4272395072,-0.00033035706728696824,0.0027714380994439125,-1.5793524742126466,0.002269560843706131,0.016188600659370424
240,196608000,0.00015659999999999998,0.10624452590942383,0.0006467515975236893,0.004105224609375,0.9999471598414795,43.411413474240426,711399.9042815728,-0.0004633096978068352,0.002312695235013962,-1.5850143432617188,0.002244207262992859,0.014502932131290436
241,197427200,0.000156,0.1059031867980957,0.000739985704421997,0.0043505859375,1.0,43.39717517124197,709308.2710465877,-0.0005269086919724941,0.002447744272649288,-1.5912564277648926,0.0023208022117614745,0.016301147639751434
242,198246400,0.00015539999999999998,0.10551143646240234,0.0007557743787765503,0.004456787109375,1.0,43.332416128690866,708320.8115842434,-0.00044885333627462385,0.002693367190659046,-1.6009559631347656,0.002368416823446751,0.015962886810302734
243,199065600,0.0001548,0.10547674179077149,0.0007416779547929764,0.00437744140625,0.9999469327106771,43.36600509445977,708154.9716816765,-0.0003533317707479,0.0025357648730278013,-1.6127132415771483,0.0025505945086479187,0.019018189609050752
244,199884800,0.00015419999999999998,0.1056522274017334,0.0008266787976026535,0.004697265625,1.0,43.43152495769881,712558.6765927803,-0.0002550811739638448,0.004422798752784729,-1.6209917068481445,0.002328636683523655,0.016803464293479918
245,200704000,0.0001536,0.10573589324951171,0.0007827210426330566,0.004620361328125,1.0,43.37557017078604,712015.8397895176,-0.00035799178294837475,0.0030924251303076746,-1.62784423828125,0.0023254519328475,0.01627759337425232
246,201523200,0.00015299999999999998,0.10569366455078125,0.0007321614772081375,0.004298095703125,1.0,43.53400383141762,708735.6924051298,-0.00044312356039881705,0.002560138516128063,-1.6360054016113281,0.0023073859512805937,0.01654345393180847
247,202342400,0.0001524,0.10577165603637695,0.0007417728006839752,0.004517822265625,0.9999467830344314,43.48837209302326,700014.012543701,-0.00032425743993371727,0.0026588292792439462,-1.6471612930297852,0.0024688450619578363,0.01886315792798996
248,203161600,0.00015179999999999998,0.10604818344116211,0.0006704726815223694,0.00428955078125,0.9999469186262541,43.64992834014544,716627.3945978653,-0.000408302154392004,0.002383592538535595,-1.6578754425048827,0.0022075844928622244,0.014847168326377868
249,203980800,0.0001512,0.10562248229980468,0.0007575029879808426,0.004501953125,0.9998936792302376,43.49843176864601,715027.7581387941,-0.0003105921903625131,0.005596377328038216,-1.6613292694091797,0.0023770559579133987,0.017479249835014345
250,204800000,0.00015059999999999997,0.1059544849395752,0.0007177893072366715,0.004464111328125,1.0,43.57249681798897,712316.55291321,-0.0004084065556526184,0.0034030769020318985,-1.6644119262695312,0.0025224339216947554,0.018068237602710722
251,205619200,0.00015,0.10573860168457032,0.0007246358692646026,0.004332275390625,0.9999470058293588,43.36354001059883,708793.6542023905,-0.0003250970970839262,0.003011518344283104,-1.6703041076660157,0.0023883704096078874,0.01684289574623108
252,206438400,0.0001494,0.10585797309875489,0.000711754634976387,0.00435302734375,1.0,43.34921054021228,711483.4511130529,-0.00030205710791051386,0.0030050121247768404,-1.678079605102539,0.0024414295330643654,0.0186309814453125
253,207257600,0.00014879999999999998,0.10544692993164062,0.0007295432686805725,0.004180908203125,0.9999468339624648,43.493912488702215,707679.6388315187,-0.0005227641202509403,0.003409109637141228,-1.687275505065918,0.0022136788815259934,0.014254148304462432
254,208076800,0.0001482,0.10584058761596679,0.0007251283526420593,0.004224853515625,1.0,43.509905986083815,707245.1715653572,-0.0004003115929663181,0.0034071456640958784,-1.6936521530151367,0.0026818344369530676,0.019957518577575682
255,208896000,0.00014759999999999998,0.10620779991149902,0.0006675735861063004,0.00409912109375,1.0,43.30973030142781,706055.1470174033,-0.0005632699467241764,0.0026407454162836073,-1.7019752502441405,0.00250870231539011,0.017262816429138184
256,209715200,0.000147,0.10636571884155273,0.0007532563805580139,0.00428955078125,0.9999468396151188,43.473924831215776,705317.7098868109,-0.0003954747226089239,0.004826736450195312,-1.710870361328125,0.00219819899648428,0.014017456769943237
257,210534400,0.00014639999999999998,0.10597217559814454,0.0006391319632530212,0.003948974609375,0.9999471374953746,43.36681291959613,710194.7834317368,-0.00037556025199592113,0.0032747507095336912,-1.720500373840332,0.0020896797999739648,0.012946045398712159
258,211353600,0.0001458,0.10640609741210938,0.0007287393510341645,0.004241943359375,0.9999468593899458,43.55122754809225,708669.2338432048,9.153841529041529e-05,0.0031525202095508574,-1.729779052734375,0.002712782844901085,0.02258313000202179
259,212172800,0.00014519999999999998,0.10612478256225585,0.0006778997927904129,0.004188232421875,1.0,43.46533396795177,706987.3838664362,-0.0004819911904633045,0.002750770375132561,-1.7372840881347655,0.0024461338296532633,0.017115113139152528
260,212992000,0.0001446,0.1059342384338379,0.0007303094863891601,0.004122314453125,1.0,43.29691060357162,704579.7541288534,-0.0003431346733123064,0.0032174032181501388,-1.7443767547607423,0.002211933024227619,0.015516848862171173
261,213811200,0.00014399999999999998,0.10591644287109375,0.0006356032192707062,0.00385986328125,0.9999470395085266,43.40260565618049,705233.6127337575,-0.00033616209402680396,0.004752063006162643,-1.752250862121582,0.0022341862320899965,0.015036503970623016
262,214630400,0.0001434,0.10598164558410644,0.0006237398460507393,0.00375244140625,1.0,43.2581326573722,710027.22244585,-0.000309247593395412,0.003678889200091362,-1.7595260620117188,0.0023777246475219726,0.017471316456794738
263,215449600,0.00014279999999999997,0.10582019805908204,0.0007248504459857941,0.004248046875,1.0,43.53307806849607,710953.6010072046,-0.0002974767470732331,0.0028224796056747436,-1.7653406143188477,0.0023836402222514154,0.017436033487319945
264,216268800,0.0001422,0.10580635070800781,0.0006360352784395218,0.003974609375,1.0,43.24588863624346,712595.9011444526,-0.0003987976349890232,0.002525428868830204,-1.771437644958496,0.00243526641279459,0.01741418391466141
265,217088000,0.00014159999999999997,0.10624446868896484,0.000624229609966278,0.00387939453125,0.9999469833527728,43.42768529318206,707562.5498765741,-0.0003363227006047964,0.002528774179518223,-1.7811468124389649,0.002489564195275307,0.01804870367050171
266,217907200,0.00014099999999999998,0.10549541473388672,0.0007353489100933075,0.004378662109375,1.0,43.42931354359926,702586.0340450242,-0.00037415996193885804,0.0027631936594843865,-1.792062759399414,0.0022803625091910363,0.01567516624927521
267,218726400,0.00014039999999999997,0.10586883544921875,0.0006055732816457748,0.003892822265625,0.99978720008512,43.668830132467946,714412.3011161904,-0.00041304766200482844,0.002369324676692486,-1.8022974014282227,0.0023285780102014542,0.016487421095371248
268,219545600,0.00013979999999999998,0.1061334991455078,0.0006023305654525757,0.003731689453125,1.0,43.25881422924901,713493.5980417205,-0.00046610296703875065,0.0024420225992798804,-1.8109987258911133,0.0023126333951950075,0.015442626178264618
269,220364800,0.00013919999999999997,0.10587404251098632,0.0007242193818092346,0.004271240234375,0.9999470114455278,43.38247138618058,705217.2001966976,-0.0002166999503970146,0.0031610582023859023,-1.8170598983764648,0.0024789584800601005,0.019203124940395354
270,221184000,0.00013859999999999998,0.10616512298583984,0.0006690469384193421,0.003948974609375,1.0,43.23227409718183,704731.0924279308,-0.00034142294898629186,0.0030691701918840407,-1.8270671844482422,0.0027462542057037354,0.022023439407348633
271,222003200,0.00013799999999999997,0.10616321563720703,0.0006043870747089386,0.0038134765625,0.9999471989017371,43.333755742119436,710115.2017741984,-0.0003059889655560255,0.0023301392793655396,-1.8367984771728516,0.0024211598560214044,0.01711670160293579
272,222822400,0.00013739999999999998,0.10626579284667968,0.0005882614478468895,0.003775634765625,1.0,43.262074425969914,711044.7765181992,-0.0003029420506209135,0.0022737693041563036,-1.846065139770508,0.0023577593266963957,0.016087888181209563
273,223641600,0.00013679999999999996,0.10615348815917969,0.0006125414371490478,0.00369384765625,1.0,43.27135598602731,709823.5841518462,-0.00034194712061434983,0.0025057388469576836,-1.8512212753295898,0.0023669209331274033,0.017299680411815642
274,224460800,0.00013619999999999998,0.10599210739135742,0.0007194545865058899,0.00439208984375,1.0,43.43948538754765,705816.3238433101,-0.0003697831183671951,0.002315080910921097,-1.8538825988769532,0.0024026574566960333,0.01701672226190567
275,225280000,0.00013559999999999996,0.1061933708190918,0.0006673061847686768,0.004114990234375,1.0,43.342361920915934,708397.0250132972,-0.00024583765771239995,0.002423776313662529,-1.8604074478149415,0.0023068806156516077,0.01716100871562958
276,226099200,0.00013499999999999997,0.10615326881408692,0.0005938235297799111,0.003843994140625,0.9999471542567246,43.26063520583417,711672.6320308986,-0.00040601948276162145,0.0029146648943424226,-1.8697303771972655,0.00230794083327055,0.01670263707637787
277,226918400,0.0001344,0.10578484535217285,0.0006757205724716186,0.004183349609375,0.9999470647398232,43.48160499708856,708720.6773734278,-0.0003700390690937638,0.002619992010295391,-1.8781856536865233,0.002239590510725975,0.014870485663414002
278,227737600,0.00013379999999999997,0.10587528228759766,0.0007775463908910751,0.004588623046875,0.9999469439728353,43.38359507640068,708816.9978526819,-0.00034068911336362364,0.004058603942394256,-1.8862812042236328,0.002434520423412323,0.0173041969537735
279,228556800,0.00013319999999999999,0.10580973625183106,0.0006908965110778808,0.00414794921875,0.9999469327106771,43.43302908087455,706729.0146175612,-0.0003185336012393236,0.002954271249473095,-1.8948802947998047,0.002413740009069443,0.0171651691198349
280,229376000,0.00013259999999999997,0.10653514862060547,0.0007588279247283936,0.00442626953125,0.9999472518198123,43.36934275767486,713466.7876278304,-0.0003806297667324543,0.0027520090341567995,-1.9015588760375977,0.002249877527356148,0.015580812096595764
281,230195200,0.00013199999999999998,0.10602944374084472,0.0006410039961338044,0.004058837890625,1.0,43.07398807324925,711830.8975787298,-0.000313447299413383,0.0024309612810611723,-1.9062599182128905,0.0023764602839946745,0.016925904154777526
282,231014400,0.00013139999999999997,0.10591152191162109,0.0006329744309186935,0.004127197265625,0.9998945926004006,43.293928533783074,712394.4209960327,-0.00026130101177841426,0.002823621407151222,-1.9119359970092773,0.002202833816409111,0.01479223221540451
283,231833600,0.0001308,0.10593181610107422,0.0006110204383730888,0.003984375,1.0,43.44252386002121,709661.9058172533,-0.00045029623433947565,0.002389843575656414,-1.9162012100219727,0.002399219200015068,0.0163665771484375
284,232652800,0.0001302,0.10600988388061523,0.0006159249320626259,0.004013671875,1.0,43.162233620644066,706159.0512768058,-0.000493415305390954,0.002388660050928593,-1.9210432052612305,0.0024052683264017107,0.016905024647712708
285,233472000,0.0001296,0.10622873306274414,0.0006971079856157303,0.0042431640625,0.9999471291107116,43.31008776567622,712775.6389497705,-0.00027224160730838777,0.002329518459737301,-1.929010772705078,0.0025393515825271606,0.01848718523979187
286,234291200,0.000129,0.10605642318725586,0.0006769569963216782,0.004075927734375,0.9999470086375921,43.295691802236234,710952.3447118379,-0.00029848946724087,0.0025721209123730658,-1.9365694046020507,0.002495812252163887,0.017821045219898225
287,235110400,0.0001284,0.10583189010620117,0.0006138709932565689,0.0037841796875,0.9999471319058948,43.21913825006609,706183.9626709148,-0.0003424756694585085,0.0023385807871818542,-1.9395856857299805,0.0022911062464118005,0.01658751964569092
288,235929600,0.0001278,0.10608769416809082,0.0006323646008968353,0.003978271484375,0.9998944256756757,43.450010557432435,703391.0124056729,-0.00018677975749596952,0.0025552136823534964,-1.9430501937866211,0.002781262993812561,0.022360961139202117
289,236748800,0.0001272,0.10645066261291504,0.0005461956933140755,0.003634033203125,0.9998944813759628,43.28426717315606,706945.5253596178,-0.0004201334435492754,0.0021815868094563484,-1.9501922607421875,0.002219744026660919,0.014656493067741394
290,237568000,0.00012660000000000001,0.10639690399169922,0.0005668726935982705,0.003792724609375,0.9999470787468248,43.258044030482644,708591.7660984197,-0.0003338542301207781,0.0022718552500009537,-1.960709571838379,0.002528955787420273,0.019277098774909972
291,238387200,0.000126,0.10632184982299804,0.0005950279533863068,0.003665771484375,0.9998944089541207,43.4827622617602,707384.1545463802,-0.000243517872877419,0.0026285605505108832,-1.970402145385742,0.0024009807035326957,0.017405515909194945
292,239206400,0.0001254,0.10575494766235352,0.0006801290810108185,0.004052734375,1.0,43.31702658247997,706456.2086866533,-0.00020356914028525354,0.002429371140897274,-1.9792804718017578,0.002420867420732975,0.01803027093410492
293,240025600,0.0001248,0.10641769409179687,0.0005302358046174049,0.003616943359375,1.0,43.327783943766185,705512.3080600614,-0.0005191699136048555,0.002021903358399868,-1.9893390655517578,0.0023769548162817953,0.01588037610054016
294,240844800,0.0001242,0.10576597213745118,0.0006151635199785233,0.003695068359375,1.0,43.31605723370429,712762.53176631,-0.00026434753090143204,0.002507929131388664,-1.996882438659668,0.002421281114220619,0.017606812715530395
295,241664000,0.0001236,0.10623111724853515,0.00063664972782135,0.003895263671875,0.9999472434713795,43.24916908467423,708745.8570644471,-0.000280143809504807,0.002447293512523174,-2.0021665573120115,0.0025041917338967322,0.01870129108428955
296,242483200,0.000123,0.1062480354309082,0.0005526033043861389,0.003634033203125,1.0,43.11081863648329,706644.606287757,-0.0004106851294636726,0.0022090520709753037,-2.009669303894043,0.0022960750386118887,0.015992432832717896
297,243302400,0.0001224,0.10599140167236328,0.0005743443965911865,0.003541259765625,0.999894464672049,43.23159727718854,705280.3448002487,-0.00036164394114166496,0.002308354713022709,-2.018802833557129,0.0023402467370033262,0.015659546852111815
298,244121600,0.00012179999999999999,0.10626600265502929,0.0006241419166326523,0.003565673828125,0.9999470983441782,43.41136327567053,712418.5041371038,-0.0004060093313455582,0.0023112479597330094,-2.028908538818359,0.0024864623323082925,0.017275629937648772
299,244940800,0.00012119999999999999,0.10617982864379882,0.0005695122480392456,0.003641357421875,0.9998944591029024,43.39393139841689,714135.5495162887,-0.0003055215114727616,0.0023400232195854185,-2.037124443054199,0.0021728623658418657,0.015004517138004303
300,245760000,0.00012059999999999999,0.10632009506225586,0.000577838122844696,0.00373779296875,1.0,43.186687110077195,713546.1481365097,-0.0003238343633711338,0.0021478891372680663,-2.0450904846191404,0.0023715654388070107,0.016828490793704985
301,246579200,0.00011999999999999999,0.10638381958007813,0.0006506255269050598,0.004005126953125,0.9998943754951148,43.30166358595194,710557.0001282182,-0.0002972947899252176,0.0024906156584620478,-2.053650665283203,0.0024892698973417284,0.018088990449905397
302,247398400,0.0001194,0.10657546997070312,0.0007211888581514359,0.00404052734375,1.0,43.0792641261498,713999.5312315524,-0.00035303302574902774,0.0034249160438776017,-2.060385894775391,0.0024227440357208253,0.018285521864891054
303,248217600,0.0001188,0.10640369415283203,0.0006227796524763108,0.00394775390625,1.0,43.15476945854484,703996.4745458742,-0.00034424224868416785,0.004358813166618347,-2.0634870529174805,0.002178935706615448,0.014664550125598908
304,249036800,0.0001182,0.1061501693725586,0.0006169460341334343,0.003924560546875,0.9999470423131918,43.44563893449134,702697.3062777688,-0.00030259122140705583,0.0029152605682611467,-2.066251754760742,0.0022051535546779633,0.015181636810302735
305,249856000,0.0001176,0.10633682250976563,0.0006479014456272125,0.0039306640625,1.0,43.213158866670184,709906.6780486952,-0.0001781304948963225,0.002952536568045616,-2.069950485229492,0.0027749452739953993,0.023489384353160857
306,250675200,0.000117,0.10552972793579102,0.0006431800872087479,0.003916015625,1.0,43.35339063992359,707318.7547266751,-0.0004271358717232943,0.0031024986878037454,-2.0760065078735352,0.0021697552874684334,0.014599360525608063
307,251494400,0.0001164,0.10627187728881836,0.0006215198338031768,0.0038623046875,0.999947201689546,43.26161562829989,711519.7477043987,-0.00031929099932312963,0.002317710220813751,-2.0822057723999023,0.002327437698841095,0.015933474898338316
308,252313600,0.0001158,0.10596508979797363,0.0005269820988178253,0.0035546875,0.9998409500583183,43.33824620930972,710065.4670820035,-0.0004871303215622902,0.002126997895538807,-2.0867053985595705,0.002476652339100838,0.018264035880565643
309,253132800,0.0001152,0.10636835098266602,0.0006550253182649612,0.003892822265625,0.9999471402896712,43.39840363674807,709634.0847153183,-0.0001909164246171713,0.0023096585646271706,-2.090869140625,0.0024016939103603365,0.01774841398000717
310,253952000,0.0001146,0.10622562408447266,0.0005785465985536576,0.003631591796875,0.999894509204072,43.2784429558521,707866.8718333307,-0.00037363092415034773,0.002301410399377346,-2.0964500427246096,0.0023598453029990197,0.016069704294204713
311,254771200,0.00011399999999999999,0.10657272338867188,0.0006438772380352021,0.0040576171875,0.9998944758085792,43.19944072178547,703176.6084411534,-0.000402251398190856,0.002395213209092617,-2.1045804977416993,0.00215193722397089,0.013101807236671448
312,255590400,0.00011339999999999999,0.10664881706237793,0.0005865350365638732,0.003585205078125,0.9999473905723906,43.292245370370374,712567.7486526932,-0.00030982792377471925,0.0025784529745578764,-2.1146566390991213,0.002271202765405178,0.01510608196258545
313,256409600,0.00011279999999999999,0.10643806457519531,0.0006160645931959152,0.00399658203125,0.9999473296112925,43.10918571579058,711330.8529794757,-0.0003301503602415323,0.002293851040303707,-2.1239295959472657,0.0023848872631788256,0.016446533799171447
314,257228800,0.00011219999999999999,0.1063735008239746,0.0005734917148947716,0.003690185546875,1.0,43.18451878429717,709382.6972096824,-0.00031882531475275756,0.002385374531149864,-2.132461166381836,0.0022531695663928985,0.01511853039264679
315,258048000,0.00011159999999999999,0.10644367218017578,0.0005854197219014168,0.00353515625,1.0,43.202746237127016,708483.2537651765,-0.0002718938747420907,0.002329856902360916,-2.140503692626953,0.002301820740103722,0.016245117783546446
316,258867200,0.00011099999999999999,0.10602425575256348,0.0005561589449644089,0.00355224609375,0.9998943866504726,43.314094101494426,712273.9602092409,-0.0004524884279817343,0.002306687645614147,-2.1487138748168944,0.0023256484419107437,0.014848266541957856
317,259686400,0.00011039999999999999,0.10627445220947265,0.0006247204542160034,0.0037255859375,0.9999471514639044,43.12842194271219,713949.1488382337,-0.00031125328969210385,0.0035167217254638674,-2.154545783996582,0.002064281515777111,0.013288451731204987
318,260505600,0.00010979999999999999,0.10654739379882812,0.0006027263402938843,0.003818359375,0.9999474016410688,43.215758468335785,711152.6636034505,-0.00020944816060364246,0.003545129671692848,-2.1582624435424806,0.0024440422654151916,0.01792675405740738
319,261324800,0.00010919999999999998,0.10644723892211914,0.0005849038064479828,0.0036572265625,0.9998943085134493,43.23743592453628,709762.7073408491,-0.00026112545747309924,0.002508251368999481,-2.16549072265625,0.002400902472436428,0.017280884087085724
320,262144000,0.00010859999999999998,0.10656876564025879,0.0005658732354640961,0.003541259765625,0.9998949303913843,43.23451536643026,716569.0346318663,-0.00034965970553457737,0.002150097116827965,-2.17498779296875,0.0023122068494558336,0.01570715457201004
321,262963200,0.00010799999999999998,0.10653251647949219,0.0005566781759262085,0.003670654296875,0.999947226766584,43.080531954192836,713008.5773830616,-0.00040060863830149174,0.0021636409685015677,-2.181770896911621,0.0022428745403885843,0.015651486814022064
322,263782400,0.00010739999999999998,0.10636868476867675,0.0006138710305094719,0.003841552734375,1.0,43.20193272429635,700388.422083133,-0.0004692194517701864,0.0024761054664850235,-2.1890806198120116,0.00238447654992342,0.015905147790908812
323,264601600,0.00010679999999999998,0.10659345626831054,0.0005514137819409371,0.003575439453125,0.9998948309407373,43.23137193037808,705835.6105306548,-0.0006178536918014288,0.0031704962253570556,-2.197336769104004,0.0021584726870059966,0.014191773533821107
324,265420800,0.00010619999999999998,0.10605263710021973,0.0005753780156373977,0.00350341796875,1.0,43.23127776602497,706396.8862298336,-0.0002514852676540613,0.00344015434384346,-2.20302791595459,0.0024610351771116256,0.0176320806145668
325,266240000,0.00010559999999999998,0.10620004653930665,0.0005693817883729935,0.003472900390625,0.9998416217928413,43.23566677225214,711875.6216887165,-9.443448507227004e-05,0.003030168078839779,-2.2085699081420898,0.0023714328184723855,0.018531860411167146
326,267059200,0.00010499999999999999,0.10630142211914062,0.0006377746909856796,0.00384521484375,1.0,43.110497237569064,709422.7914751198,-0.0003645473858341575,0.003222435712814331,-2.214373016357422,0.002316633053123951,0.017061275243759156
327,267878400,0.00010439999999999999,0.10654228210449218,0.00048712875694036485,0.003304443359375,0.9999474016410688,43.170576478013885,704977.1938869748,-0.0005018420517444611,0.0022245302796363832,-2.220855140686035,0.002384226955473423,0.015849244594573975
328,268697600,0.00010379999999999999,0.1057355785369873,0.0005987044423818588,0.003724365234375,1.0,43.36141448414802,705859.6658885439,-0.00043893815018236637,0.002409028820693493,-2.2269243240356444,0.0022988397628068923,0.01638452261686325
329,269516800,0.00010319999999999999,0.10666633605957031,0.0005487152934074402,0.003214111328125,1.0,42.99394322431137,706563.0854216246,-0.00045969197526574135,0.002154088206589222,-2.232803535461426,0.0021935032680630686,0.013180415332317352
330,270336000,0.00010259999999999999,0.10673271179199219,0.0005494480580091476,0.00352294921875,0.9998947313016474,43.161219011526924,711985.6984589057,-0.00025855470448732376,0.0022151771932840346,-2.2394174575805663,0.002513626776635647,0.018894165754318237
331,271155200,0.00010199999999999999,0.10629194259643554,0.0005154283344745636,0.0034130859375,0.9998945481387747,43.22993778340188,710712.394146087,-0.00040648728609085085,0.0021343931555747988,-2.2462699890136717,0.0022174127399921416,0.0143529012799263
332,271974400,0.00010139999999999998,0.10622260093688965,0.0005568185448646545,0.00333740234375,0.9999473046319228,43.19407704062813,708198.189324934,-0.00035649819765239956,0.0022847380489110945,-2.2547067642211913,0.0023487139493227004,0.01698901355266571
333,272793600,0.00010079999999999998,0.10638784408569336,0.0005328627303242683,0.003411865234375,0.999894336432798,43.29268808114962,709879.8958995062,-0.00041973362676799296,0.0023095810785889624,-2.2631771087646486,0.002540121041238308,0.018357543647289275
334,273612800,0.00010019999999999998,0.10609689712524414,0.0005921795591711998,0.00353759765625,1.0,43.204782309686294,715402.4939981118,-0.0003958839923143387,0.0039843149483203884,-2.2693126678466795,0.0020412778481841086,0.01323791742324829
335,274432000,9.959999999999998e-05,0.10640216827392578,0.0005061833187937736,0.003369140625,0.9998416886543535,43.45994722955145,713217.6531919502,-0.00033572656102478506,0.0022844282910227777,-2.274520492553711,0.002156937122344971,0.014736208319664
336,275251200,9.899999999999998e-05,0.1063155174255371,0.0005432748794555664,0.00338623046875,1.0,43.201595857112665,711893.2301577973,-0.00028673140332102776,0.0028081323951482775,-2.282478904724121,0.0022692231461405752,0.015836426615715028
337,276070400,9.839999999999998e-05,0.10639968872070313,0.0005105660110712051,0.003126220703125,0.9999472907442547,43.19049125026355,709069.9695085685,-0.0003727373667061329,0.0028842974454164503,-2.2906778335571287,0.0023018145933747292,0.015107174217700959
338,276889600,9.779999999999998e-05,0.10599398612976074,0.0004863692447543144,0.00314453125,1.0,43.292657102017046,716143.315881244,-0.0002792834071442485,0.003090391308069229,-2.2984357833862306,0.0022594967857003214,0.015169312059879304
339,277708800,9.719999999999998e-05,0.10585797309875489,0.0005729124695062637,0.003333740234375,0.9998944312483505,43.22560042227501,706874.8548695985,-0.00029634290840476753,0.0026719003915786745,-2.3040349960327147,0.002313433028757572,0.015485227108001709
340,278528000,9.659999999999998e-05,0.10614482879638672,0.0004901713877916336,0.003162841796875,0.9999471989017371,43.330006864142774,707315.6705574397,-0.0002855101833119988,0.0023889588192105293,-2.3092344284057615,0.002124854549765587,0.013459837436676026
341,279347200,9.599999999999998e-05,0.1061224365234375,0.0006236030161380768,0.003524169921875,0.9998945314559933,43.278489690449824,695676.8948601948,-0.00043282224796712396,0.0037304285913705828,-2.3143978118896484,0.002084403857588768,0.012846679985523224
342,280166400,9.539999999999997e-05,0.10630842208862305,0.0005659159272909164,0.003321533203125,0.9999472601656031,43.20246822424978,706043.8953317024,-0.0002842597663402557,0.0034466527402400972,-2.3191644668579103,0.0021757854148745535,0.0140653058886528
343,280985600,9.479999999999997e-05,0.1061618423461914,0.0005904655531048775,0.003427734375,1.0,43.14144077628942,708261.2712454041,-0.0003250781213864684,0.0025629684329032897,-2.3242424011230467,0.00203879177570343,0.013503174483776092
344,281804800,9.419999999999997e-05,0.10634696960449219,0.0005550310760736465,0.00353515625,0.9999472935223739,43.14736731144258,709366.1540588101,-0.0003808809444308281,0.002501716837286949,-2.330562782287598,0.0021974144503474234,0.013899779319763184
345,282624000,9.360000000000001e-05,0.10653203964233399,0.0005887576937675476,0.003546142578125,0.9999472879658426,43.18939433872753,705007.8653898892,-0.00031068667303770783,0.0025110753253102303,-2.3361831665039063,0.001996024698019028,0.012933838367462158
346,283443200,9.300000000000001e-05,0.10661093711853027,0.0005043834447860718,0.00336181640625,0.9999474431071635,43.09680979660482,706876.8518949673,-0.0004103267099708319,0.002121940068900585,-2.343022918701172,0.001819968596100807,0.009620240330696106
347,284262400,9.240000000000001e-05,0.10595975875854492,0.0006157126650214195,0.00361572265625,0.9999471179270227,43.21179270227393,706334.5963826803,-0.00037420792505145074,0.002562258020043373,-2.3497188568115233,0.002225184999406338,0.01433752179145813
348,285081600,9.180000000000001e-05,0.10620338439941407,0.00047719739377498626,0.00333251953125,0.999947226766584,43.27737611483455,710543.4406185397,-0.0004136496223509312,0.0020683750510215758,-2.3535146713256836,0.002139076590538025,0.013791382312774658
349,285900800,9.120000000000001e-05,0.10661844253540038,0.0005171088501811028,0.00343505859375,0.9999474734741044,43.11592604265154,710201.1166565584,-0.00014926018193364143,0.0033972177654504774,-2.3568050384521486,0.002226446382701397,0.016342402994632722
350,286720000,9.06e-05,0.10628877639770508,0.0005487598478794098,0.003477783203125,0.9999473794990529,43.15423068827615,708991.1107538699,-7.697711698710919e-05,0.003488718718290329,-2.3636962890625,0.0024348799139261245,0.01849328875541687
351,287539200,9e-05,0.1062533950805664,0.0004630928486585617,0.00338623046875,0.9999473296112925,43.137575055303905,709847.58300595,-0.0004255372565239668,0.002020170725882053,-2.3705345153808595,0.002388617768883705,0.016285765171051025
352,288358400,8.94e-05,0.1065769386291504,0.0005660168826580048,0.003389892578125,1.0,43.09503979758579,713901.0064500144,-0.000497806491330266,0.002622612938284874,-2.375090408325195,0.0021877046674489975,0.014372068643569946
353,289177600,8.88e-05,0.10636330604553222,0.000480891652405262,0.003094482421875,1.0,43.08078361156459,714498.963147185,-0.0001392552861943841,0.004888718202710152,-2.379742240905762,0.002454550378024578,0.017132936418056487
354,289996800,8.82e-05,0.10638040542602539,0.0006016452983021736,0.003604736328125,0.99994745691467,43.06893652795292,712609.5675362436,-0.0003319300943985581,0.0027113134041428567,-2.3842559814453126,0.0021406270563602446,0.014754638075828552
355,290816000,8.76e-05,0.10634791374206543,0.0005569825321435928,0.003515625,0.9998944813759628,43.21509971509972,711207.0617778931,-0.0003406512551009655,0.0024914156645536424,-2.389975357055664,0.0021091410890221596,0.012242554128170014
356,291635200,8.7e-05,0.10674010276794434,0.0005491473525762558,0.0036474609375,0.9999474596753007,43.09142016497662,713505.5578034936,-0.0002808954799547791,0.002979554235935211,-2.394632339477539,0.002257896773517132,0.015616577863693238
357,292454400,8.64e-05,0.1069559097290039,0.000591723695397377,0.003785400390625,0.999947451392538,42.981923279033104,712662.5464104346,-0.00025741630233824255,0.0023962998762726783,-2.3995458602905275,0.0023390814661979676,0.015803223848342894
358,293273600,8.58e-05,0.10677090644836426,0.00045714199542999266,0.0032421875,0.9998424286989863,43.21503230211671,712381.3816293047,-0.00030201191548258067,0.0021834721788764,-2.4065216064453123,0.002227487601339817,0.014400145411491394
359,294092800,8.52e-05,0.1065889549255371,0.0006092802435159684,0.003638916015625,0.9999473601094909,43.060904353318946,705938.9520340464,-0.00022897492162883283,0.0031695485115051268,-2.4133262634277344,0.0021280825138092043,0.013895019888877869
360,294912000,8.46e-05,0.1068460750579834,0.0005627132579684258,0.003499755859375,0.99994737672999,43.151134031468715,699683.8734623825,-0.00022568679414689541,0.002048208937048912,-2.419512176513672,0.002258162386715412,0.015654295682907104
361,295731200,8.4e-05,0.10639862060546874,0.0005721759051084518,0.003609619140625,0.9999476576812353,42.899921486521855,714603.9937878846,-0.00032203556038439273,0.0022679965943098067,-2.4243040084838867,0.002233492024242878,0.015638424456119536
362,296550400,8.34e-05,0.10668893814086915,0.0005188223719596863,0.003282470703125,1.0,43.14898550724638,712729.2452910995,-0.0003969657234847546,0.0024376749992370606,-2.4295890808105467,0.002377260848879814,0.017607299983501433
363,297369600,8.28e-05,0.10653303146362304,0.0005824952572584152,0.0035791015625,0.9999473739606357,43.118250710451534,711149.7237133209,-0.00040353001095354556,0.0031537361443042754,-2.434539794921875,0.0021092459559440614,0.013035768270492553
364,298188800,8.22e-05,0.10657054901123048,0.0005979869142174721,0.0036767578125,1.0,42.959260814783704,706819.2176384269,-0.00024021388962864877,0.003678768128156662,-2.438012886047363,0.002217104844748974,0.01517321914434433
365,299008000,8.16e-05,0.1064118766784668,0.0006080441176891327,0.003668212890625,1.0,43.04175233275344,711725.2138267079,-0.000409151054918766,0.0023427214473485947,-2.443307113647461,0.002245305851101875,0.01402941793203354
366,299827200,8.1e-05,0.10652016639709473,0.0005194860696792603,0.003531494140625,0.9998945981554678,43.29654808959157,714285.2915038258,-0.0004810888785868883,0.0021887945011258127,-2.4486717224121093,0.0019355198368430139,0.011008424311876297
367,300646400,8.04e-05,0.10676906585693359,0.0005936974287033081,0.003790283203125,0.999947451392538,43.05423016290068,711678.1332546637,-0.0003850026056170464,0.002484244666993618,-2.453249931335449,0.002107870765030384,0.014063353836536407
368,301465600,7.98e-05,0.10625971794128418,0.0005531765520572663,0.003515625,0.9999473379324872,43.1336036652799,708166.4786145746,-0.00033905489835888146,0.0023557882755994796,-2.4586860656738283,0.002134130895137787,0.013557861745357513
369,302284800,7.92e-05,0.10652738571166992,0.0005113978311419487,0.003494873046875,0.9999474458692453,43.14620559175951,712605.1365202854,-0.00039257053285837176,0.002223333902657032,-2.463216209411621,0.0021038325503468513,0.013677978515625
370,303104000,7.86e-05,0.1062539291381836,0.0006267978250980378,0.0038330078125,0.9999472295514512,43.192295514511876,715281.7593970185,-0.000376688246615231,0.004707323387265205,-2.4674655914306642,0.0021526360884308814,0.01500219851732254
371,303923200,7.8e-05,0.10651569366455078,0.00058729387819767,0.003695068359375,0.9999472879658426,43.10305202677771,711309.7573272035,-0.00023918591905385255,0.003133273869752884,-2.4722137451171875,0.002270852215588093,0.016542112827301024
372,304742400,7.74e-05,0.1066401481628418,0.0005205195024609566,0.003470458984375,1.0,42.996688741721854,711063.81542914,-0.00029900302179157733,0.0021699756383895875,-2.4776378631591798,0.002378932759165764,0.01724633723497391
373,305561600,7.68e-05,0.10645736694335937,0.0005778879672288894,0.003846435546875,0.9999472990777338,43.12895915678524,714614.7986030063,-0.0003383706323802471,0.0025394489988684655,-2.4836809158325197,0.0019736114889383318,0.011875122040510177
374,306380800,7.62e-05,0.1065493392944336,0.000555260255932808,0.00368408203125,0.9999474099395215,43.26694714698922,708984.758803285,-0.0003048824379220605,0.0024857411161065103,-2.489716339111328,0.0022235743701457976,0.015544070303440094
375,307200000,7.56e-05,0.10631864547729492,0.0005822013318538666,0.003795166015625,0.9998948972620737,42.9730411477219,710041.639197862,-0.00036065063904970883,0.0021919630467891692,-2.4951400756835938,0.002170967124402523,0.014222051203250884
376,308019200,7.5e-05,0.1062040901184082,0.0005500898510217666,0.003724365234375,0.9999472546020359,43.150271638799516,705650.7348643325,-0.0005781168118119239,0.0025083910673856734,-2.4998830795288085,0.0020597144961357118,0.01315649151802063
377,308838400,7.439999999999999e-05,0.10617610931396484,0.0005464137345552445,0.003670654296875,1.0,43.274220813523506,705281.0583224667,-0.00034433985128998754,0.002297087572515011,-2.5041603088378905,0.0022443590685725214,0.014959107339382171
378,309657600,7.379999999999999e-05,0.10649904251098632,0.0005069597810506821,0.003343505859375,1.0,42.95016558902381,706408.2197994216,-0.0003231752896681428,0.002184431254863739,-2.5075185775756834,0.0019752882421016694,0.011706668883562088
379,310476800,7.319999999999999e-05,0.10647987365722657,0.0005418821796774865,0.003572998046875,0.9999472518198123,43.2638463972993,703297.7592574884,-0.00039993394166231154,0.002338843420147896,-2.51177978515625,0.001989534869790077,0.01192016527056694
380,311296000,7.259999999999999e-05,0.10645607948303222,0.0005985110253095626,0.003656005859375,0.9997891629770188,43.23782416192283,707977.0056384384,-0.0003295213915407658,0.002556859515607357,-2.5187286376953124,0.00199696309864521,0.012603150308132171
381,312115200,7.199999999999999e-05,0.1063874340057373,0.0005147254467010498,0.003489990234375,0.9999473601094909,43.267252724114336,705848.6040917077,-0.0003901904448866844,0.0021568607538938523,-2.5252042770385743,0.0018759053200483322,0.010611326992511749
382,312934400,7.139999999999999e-05,0.10701603889465332,0.0005429116263985634,0.003646240234375,1.0,42.97899821484826,705393.6402955356,-0.0003216429613530636,0.002333728224039078,-2.5305835723876955,0.0020965449512004852,0.01228332445025444
383,313753600,7.079999999999999e-05,0.10668638229370117,0.0005536721646785736,0.00356689453125,0.9998943475964078,43.26434231378764,705031.2726972335,-0.0003118119668215513,0.0033101286739110948,-2.5345001220703125,0.0018895348533988,0.010908568650484085
384,314572800,7.019999999999999e-05,0.10643205642700196,0.0005629801005125046,0.003948974609375,0.9999474292923983,43.04531594995269,709317.3785023078,-0.00032006825786083936,0.0029998330399394037,-2.5381383895874023,0.0021919813007116318,0.015220215916633606
385,315392000,6.959999999999998e-05,0.10622001647949218,0.0005430304259061813,0.003612060546875,0.999947586351486,42.98270349599036,704264.4732667548,-0.0004485107958316803,0.0022441135719418527,-2.5434818267822266,0.0019799917936325073,0.011309080570936204
386,316211200,6.899999999999998e-05,0.1065290355682373,0.00055364228785038,0.003671875,0.9999472518198123,43.17797235995358,708698.0999184073,-0.0004876310471445322,0.004168381169438362,-2.547947883605957,0.0020263181999325753,0.012437744438648224
387,317030400,6.839999999999998e-05,0.10658779144287109,0.0005030886828899383,0.003292236328125,1.0,43.29373216361907,709904.0725922149,-0.00023226677440106868,0.003158927708864212,-2.5527927398681642,0.002144378796219826,0.015345457196235656
388,317849600,6.779999999999998e-05,0.10629467964172364,0.0006026101857423782,0.003671875,0.9999474458692453,43.05066218204751,715380.9305574212,-0.0004790878389030695,0.0032838374376297,-2.5571216583251952,0.0020131245255470276,0.012252929806709289
389,318668800,6.72e-05,0.10656414031982422,0.0006230622902512551,0.00371337890625,0.999947396107312,43.19231983166755,714021.1501440031,-0.00040480410680174825,0.002624329552054405,-2.5622655868530275,0.0021836064755916596,0.014519408345222473
390,319488000,6.659999999999999e-05,0.10674779891967773,0.0005343373864889145,0.00343017578125,1.0,43.15447970012143,712389.1625548035,-0.00028471210971474646,0.002503965049982071,-2.5692728042602537,0.002179700881242752,0.013530518114566802
391,320307200,6.599999999999999e-05,0.10708486557006835,0.0005600401014089584,0.003681640625,1.0,43.06472780723398,711430.2382793976,-0.0004012368619441986,0.0030753541737794875,-2.5734231948852537,0.002145225554704666,0.014113524556159973
392,321126400,6.539999999999999e-05,0.1067357063293457,0.0006328516453504563,0.0038720703125,0.9999474292923983,43.13494900641363,708622.1692152236,-0.0003993594087660313,0.0026882952079176903,-2.576231002807617,0.0020490940660238266,0.013324585556983948
393,321945600,6.479999999999999e-05,0.10671314239501953,0.0005347374826669693,0.003203125,1.0,43.211772165275285,704821.9530767632,-0.0005213902797549963,0.0022960925474762917,-2.5816410064697264,0.002173762768507004,0.013283812999725341
394,322764800,6.419999999999999e-05,0.10648910522460937,0.0005755116418004036,0.00350341796875,1.0,43.0753367003367,702409.1826549699,-0.0004507842008024454,0.002544819936156273,-2.5856800079345703,0.0019404718652367592,0.010371094942092896
395,323584000,6.359999999999999e-05,0.10675541877746582,0.0005399992316961289,0.0034375,1.0,43.16886404387723,701635.5155873329,-0.0002519723493605852,0.0024770567193627357,-2.5888368606567385,0.002335844747722149,0.0156463623046875
396,324403200,6.299999999999999e-05,0.1065390396118164,0.0005325346440076828,0.003275146484375,1.0,43.12314727215389,698656.3469973523,-0.0003429549746215343,0.0025475671514868735,-2.5922273635864257,0.0020770568400621412,0.012962526082992554
397,325222400,6.239999999999999e-05,0.10648509979248047,0.0005507007986307144,0.0034033203125,1.0,43.06601145740264,689156.682022942,-0.0003456359729170799,0.002556976117193699,-2.5954362869262697,0.0019158292561769485,0.012194094061851502
398,326041600,6.179999999999998e-05,0.10692494392395019,0.000565289482474327,0.003416748046875,0.9999472963002003,43.15911246969537,695674.6657076075,-0.00042088725604116917,0.0026101790368556975,-2.5975763320922853,0.001964110694825649,0.012140384316444397
399,326860800,6.119999999999998e-05,0.10640434265136718,0.0005683914199471474,0.003463134765625,1.0,43.09294265910523,704214.4880119574,-0.000521044572815299,0.003755142539739609,-2.6002851486206056,0.002288275957107544,0.014873780310153961
400,327680000,6.059999999999998e-05,0.10725818634033203,0.0005571440607309341,0.00327392578125,1.0,43.01313715186548,703806.6857727518,-0.0003381966380402446,0.003329490497708321,-2.6030694961547853,0.0019235465675592422,0.011295899003744125
401,328499200,5.999999999999998e-05,0.10691612243652343,0.0006703365594148636,0.00384033203125,1.0,43.09482849604222,703511.4167478647,-0.0006207109894603491,0.002767560817301273,-2.606702995300293,0.002065628953278065,0.012761226296424866
402,329318400,5.939999999999998e-05,0.10635316848754883,0.0006104876846075058,0.003846435546875,1.0,43.04417100489036,696223.2455889229,-0.0003784524044021964,0.0034666739404201506,-2.6105093002319335,0.00219451654702425,0.01367163211107254
403,330137600,5.879999999999998e-05,0.10667601585388184,0.00048482656478881836,0.003236083984375,0.9999474982936946,43.15446001995065,703234.6226739886,-0.0004413587972521782,0.0020304840058088303,-2.615065002441406,0.001866908371448517,0.010301146656274796
404,330956800,5.819999999999998e-05,0.10696416854858398,0.0005905112996697426,0.003529052734375,1.0,43.05213819254266,709663.0417576277,-0.00048236632719635966,0.002714482508599758,-2.6213911056518553,0.0018228929489850997,0.009252320230007171
405,331776000,5.759999999999998e-05,0.10684428215026856,0.0005160383880138397,0.00334228515625,0.9999474679554529,43.0398718218113,715801.2939514881,-0.0005186792928725481,0.0020161775872111322,-2.626749801635742,0.002010530047118664,0.011571778357028962
406,332595200,5.6999999999999976e-05,0.10676763534545898,0.000495418980717659,0.003375244140625,1.0,43.074916001679966,713795.9790258033,-0.00044245151802897454,0.0021524390205740927,-2.631157112121582,0.002126959338784218,0.012066283077001572
407,333414400,5.639999999999998e-05,0.10697178840637207,0.0005690261349081993,0.003609619140625,0.9998949965873891,43.120753924502544,711669.0324432304,-0.000439338618889451,0.002736014127731323,-2.6366878509521485,0.0017994405701756478,0.01008618250489235
408,334233600,5.5800000000000015e-05,0.10703008651733398,0.0005611293762922287,0.00353515625,1.0,42.883815028901736,714364.8770021942,-0.0004168328829109669,0.0024015406146645547,-2.641510581970215,0.002049034275114536,0.011597167700529099
409,335052800,5.5200000000000014e-05,0.1066646385192871,0.0005016033351421356,0.003157958984375,1.0,42.99264705882353,711903.2302017775,-0.0004151585046201944,0.0023617792874574663,-2.646814155578613,0.001958019658923149,0.01124902293086052
410,335872000,5.460000000000001e-05,0.1066142463684082,0.0005440675467252731,0.003297119140625,1.0,42.97046214972815,712018.2810903853,-0.00040675438940525056,0.0021446846425533296,-2.652715301513672,0.0018896259367465972,0.011031614989042282
411,336691200,5.400000000000001e-05,0.10683115005493164,0.0005827135592699051,0.00356689453125,0.99994737119099,42.945844955528656,708727.819341762,-0.0004357354249805212,0.0022659115493297577,-2.656209182739258,0.001834084838628769,0.00990258827805519
412,337510400,5.340000000000001e-05,0.10666807174682617,0.0006261745095252991,0.003736572265625,0.999947613809,43.081408140814084,707391.7514545565,-0.00030894565861672163,0.005457936972379685,-2.6573347091674804,0.001997816003859043,0.0118441179394722
413,338329600,5.280000000000001e-05,0.10695291519165039,0.0005490130931138992,0.00359619140625,1.0,42.836170324202584,711697.8039634813,-0.0004624397028237581,0.0025328414514660834,-2.6580318450927733,0.001876211352646351,0.010930786281824112
414,339148800,5.220000000000001e-05,0.10692873001098632,0.0005452947318553925,0.003546142578125,1.0,42.95775681341719,709291.726076241,-0.0004507740028202534,0.0027413038536906243,-2.660730743408203,0.002085418812930584,0.01224999949336052
415,339968000,5.160000000000001e-05,0.1069699478149414,0.000586375892162323,0.00355224609375,1.0,43.0060953181651,708101.1630762022,-0.00038862163200974463,0.002571129985153675,-2.6654354095458985,0.002194792963564396,0.013975828886032104
416,340787200,5.1000000000000006e-05,0.10689733505249023,0.0005567802116274833,0.0034814453125,0.9999474486310368,43.06568921120395,697877.2525673265,-0.0003750093746930361,0.0025264551863074304,-2.6695619583129884,0.0018452119082212448,0.010051025450229645
417,341606400,5.0400000000000005e-05,0.10665130615234375,0.0005251235887408257,0.003458251953125,1.0,43.194618834080714,698963.8010732314,-0.0003210171591490507,0.002917028218507767,-2.6725061416625975,0.001943191885948181,0.013087892532348632
418,342425600,4.9800000000000004e-05,0.10720876693725585,0.00047104425728321074,0.003433837890625,0.9999477151521489,42.846177977622084,711087.3927822934,-0.00039388136938214304,0.0021045515313744545,-2.6735256195068358,0.0020567493513226507,0.011550168693065643
419,343244800,4.92e-05,0.10670042037963867,0.0005030654743313789,0.003436279296875,0.9999475836041514,42.95523639794528,711257.2294218764,-0.0004363959655165672,0.0020738277584314347,-2.675495910644531,0.0018009498715400695,0.009289062023162842
420,344064000,4.86e-05,0.10698981285095215,0.0005567952245473861,0.003626708984375,0.999947451392538,43.0812401471361,708911.9634420159,-0.0005088686477392912,0.0034267380833625793,-2.6783611297607424,0.0016823844984173776,0.009340086579322815
421,344883200,4.800000000000001e-05,0.10672401428222657,0.0005443872511386871,0.00350830078125,1.0,42.9222309505106,705266.9775881752,-0.000540306605398655,0.002271687611937523,-2.6814979553222655,0.0019601816311478615,0.010807615518569947
422,345702400,4.740000000000001e-05,0.10707917213439941,0.0006468787044286728,0.003876953125,0.9999475148270613,43.01175667873826,712187.1603714732,-0.00038911225274205206,0.00294292401522398,-2.684703254699707,0.0019726363942027094,0.011311889439821244
423,346521600,4.6800000000000006e-05,0.10715921401977539,0.0005905043333768844,0.003802490234375,1.0,43.04380600948867,713813.026025241,-0.00046361740678548815,0.0026214208453893663,-2.6861236572265623,0.0020109031349420546,0.011505738645792008
424,347340800,4.6200000000000005e-05,0.10684693336486817,0.0004872024059295654,0.003387451171875,1.0,42.80595691408899,712401.0543066933,-0.00032020185608416796,0.002129344269633293,-2.6883781433105467,0.001977925933897495,0.012342042475938796
425,348160000,4.5600000000000004e-05,0.10683774948120117,0.0004658973217010498,0.003265380859375,1.0,43.0287350283673,711246.8580247193,-0.0004751869942992926,0.0022643571719527245,-2.691917610168457,0.0019613120704889296,0.010370606929063797
426,348979200,4.5e-05,0.10695068359375,0.0005338599905371666,0.0035595703125,1.0,43.0383322831338,711353.6771653208,-0.00031885469797998667,0.0022587984800338744,-2.6947418212890626,0.0017403749749064445,0.00930175706744194
427,349798400,4.44e-05,0.1069841194152832,0.0005023422464728355,0.00350830078125,0.9999476028294472,42.9511658370448,708901.0990029052,-0.0004895514342933893,0.0021883148699998857,-2.6978004455566404,0.001936727575957775,0.01041003093123436
428,350617600,4.38e-05,0.10745436668395997,0.0005354166775941849,0.00336669921875,1.0,43.017446137677354,707458.441749687,-0.00038282019086182116,0.002494906447827816,-2.7006647109985353,0.001838936284184456,0.010644042491912841
429,351436800,4.32e-05,0.1067587661743164,0.0005649832263588905,0.003560791015625,1.0,43.043743427970554,706387.0051096075,-0.00045190565288066864,0.0022244730964303015,-2.7031925201416014,0.001839665323495865,0.009743286669254303
430,352256000,4.26e-05,0.10731740951538087,0.00048099126666784287,0.003465576171875,0.9999476384961776,42.9609383181485,702556.2416398284,-0.0002415013499557972,0.0030147509649395944,-2.70505428314209,0.0019307618960738183,0.012328123301267624
431,353075200,4.2e-05,0.10713516235351563,0.0005229215696454048,0.003760986328125,1.0,42.858539901683926,700317.0706311062,-0.0005124839954078197,0.002263707295060158,-2.7070226669311523,0.0022103162482380867,0.01240832507610321
432,353894400,4.14e-05,0.10694738388061524,0.000500698909163475,0.003597412109375,1.0,43.16452618783362,709513.986527114,-0.00046489667147397995,0.001995892636477947,-2.7104524612426757,0.0017803598195314408,0.008400876820087434
433,354713600,4.08e-05,0.10679135322570801,0.0005527200549840927,0.0037109375,0.9999477260846837,42.956351280710926,707401.324195112,-0.0005223375745117664,0.0025365289300680162,-2.71399040222168,0.001850905641913414,0.009443968534469604
434,355532800,4.02e-05,0.10684857368469239,0.0005409086123108863,0.00367431640625,1.0,42.994178728760225,707265.3509244925,-0.0005150376353412866,0.00226803719997406,-2.71779842376709,0.0018017435446381568,0.00864855870604515
435,356352000,3.96e-05,0.1069588851928711,0.000507860966026783,0.00356689453125,1.0,42.845023275275906,696946.1085758709,-0.0003410246456041932,0.0023453235626220703,-2.7207351684570313,0.0018684923648834228,0.010145265609025955
436,357171200,3.9e-05,0.10697654724121093,0.00047611601650714874,0.003558349609375,1.0,42.99763431815792,705120.3783840513,-0.0003966100048273802,0.0019074110314249992,-2.722544479370117,0.0018416550010442734,0.008625855296850204
437,357990400,3.84e-05,0.10691909790039063,0.0005152497813105583,0.003519287109375,1.0,42.99313309220528,710217.8937471658,-0.0004207823891192675,0.0019462171941995621,-2.724827003479004,0.0016782823950052261,0.007956544309854508
438,358809600,3.78e-05,0.10682969093322754,0.0006649585068225861,0.0040087890625,1.0,43.00895585291329,706586.086554946,-0.00048292879946529863,0.0024854855611920355,-2.7269411087036133,0.0017693577334284782,0.008671019971370698
439,359628800,3.7199999999999996e-05,0.10693920135498047,0.0005471397191286087,0.003603515625,1.0,42.89605903595541,710894.2907520289,-0.0004289571661502123,0.0022264443337917327,-2.7300460815429686,0.00176404919475317,0.008049315959215163
440,360448000,3.6599999999999995e-05,0.10697765350341797,0.0005785489827394485,0.003798828125,1.0,42.96879090956695,709423.7828935193,-0.00037075546570122244,0.0025239743292331694,-2.732906150817871,0.0016913851723074913,0.007783568650484085
441,361267200,3.5999999999999994e-05,0.10674274444580079,0.0006031953543424606,0.003790283203125,1.0,42.89747345294764,714913.2387963879,-0.00037157267797738314,0.0023045262321829798,-2.7342065811157226,0.0016699131578207017,0.008412963151931763
442,362086400,3.539999999999999e-05,0.10675075531005859,0.00050215944647789,0.003426513671875,1.0,42.878991244167146,715183.2328378208,-0.0003956005908548832,0.002292509563267231,-2.73474006652832,0.0015847612172365188,0.007033934444189071
443,362905600,3.479999999999999e-05,0.10692636489868164,0.000566636323928833,0.003651123046875,1.0,42.85590341295145,711935.9984649022,-0.00047198706306517124,0.004295890405774117,-2.7359460830688476,0.0018198026344180107,0.008086302876472473
444,363724800,3.419999999999999e-05,0.10688430786132813,0.0005303193628787994,0.0036279296875,1.0,42.95484176217012,706281.0755347179,-0.00046914126724004743,0.002434977889060974,-2.737479019165039,0.0018929364159703255,0.009625975787639619
445,364544000,3.36e-05,0.10682657241821289,0.0005039651319384574,0.003399658203125,1.0,43.02636277701922,707687.9678901003,-0.00045545981265604496,0.0023477254435420036,-2.7400203704833985,0.0018143950030207634,0.008244628459215165
446,365363200,3.2999999999999996e-05,0.10703239440917969,0.000515725389122963,0.00343505859375,0.9998430469812702,43.03636078267239,710053.9880569343,-0.00047620125114917756,0.0021307282149791718,-2.741911697387695,0.0015310795046389104,0.0068337395787239075
447,366182400,3.2399999999999995e-05,0.10725893020629883,0.0005715590715408325,0.0036376953125,1.0,42.887089164963044,707855.0980755278,-0.00038614633958786724,0.002426357939839363,-2.7435604095458985,0.001837766170501709,0.008870485424995422
448,367001600,3.1799999999999994e-05,0.10665172576904297,0.0004924590885639191,0.003446044921875,1.0,42.847165461594884,706269.2557962278,-0.0004278304986655712,0.0021288180723786354,-2.7447063446044924,0.001828564703464508,0.010124634951353073
449,367820800,3.119999999999999e-05,0.10630905151367187,0.0005624664202332496,0.003739013671875,1.0,42.98302412361381,705125.4882357573,-0.00046617388725280764,0.0021935693919658663,-2.7460395812988283,0.0018757557496428489,0.00863366648554802
450,368640000,3.059999999999999e-05,0.10724029541015626,0.0004844769462943077,0.003701171875,0.9999475203358699,43.050590396221466,705836.0911148228,-0.0002757529728114605,0.0023060070350766184,-2.7485374450683593,0.001658668927848339,0.008101075142621993
451,369459200,2.999999999999999e-05,0.10678861618041992,0.0005380683764815331,0.003577880859375,1.0,42.94024530873257,710624.1300069122,-0.00036288825795054435,0.0026606682687997816,-2.7503629684448243,0.0019110335037112237,0.009556519240140915
452,370278400,2.939999999999999e-05,0.10682194709777831,0.0004906333982944488,0.00343017578125,0.9999471793788295,43.347559687301924,708304.3206323243,-0.00036743560340255497,0.002275504171848297,-2.752348518371582,0.0016671396791934968,0.00739782527089119
453,371097600,2.879999999999999e-05,0.10744573593139649,0.0005541349202394485,0.003724365234375,1.0,42.927705786684854,703902.4914491441,-0.0003568517742678523,0.0023353394120931626,-2.753826904296875,0.0016030656173825265,0.007596313953399658
454,371916800,2.819999999999999e-05,0.10689526557922363,0.0005152615159749984,0.003695068359375,0.9999476768522394,42.85501255755546,696471.6856017883,-0.0003715476021170616,0.002202041260898113,-2.75573673248291,0.0017692267894744873,0.008561887592077256
455,372736000,2.759999999999999e-05,0.1067112922668457,0.0005417116731405258,0.00371826171875,1.0,43.001367053998635,703376.2401336306,-0.00038904102984815836,0.002340533770620823,-2.757519340515137,0.0016482217237353326,0.007322387397289276
456,373555200,2.699999999999999e-05,0.10723833084106445,0.00048412755131721497,0.003291015625,1.0,42.95327688930699,710927.8904313778,-0.0004331338219344616,0.0024482080712914466,-2.759006690979004,0.0015327535569667817,0.006576172262430191
457,374374400,2.6399999999999988e-05,0.10703310012817382,0.0005555193126201629,0.00364013671875,1.0,42.81539748079235,712833.8547388582,-0.00034053148701786997,0.0025177782401442526,-2.760386848449707,0.0015996869653463364,0.0065883778035640715
458,375193600,2.5799999999999987e-05,0.10664577484130859,0.0005676326528191567,0.003756103515625,0.9999473434784898,43.06708440840398,710336.1837684943,-0.00044827167876064776,0.0021642185747623444,-2.7609376907348633,0.001641385443508625,0.007240477949380875
459,376012800,2.5199999999999986e-05,0.10664823532104492,0.0005402018129825592,0.003651123046875,1.0,42.94950344175293,711049.6540184348,-0.0003757990663871169,0.0022642198950052262,-2.762198829650879,0.0015702446922659873,0.006382568180561066
460,376832000,2.4599999999999985e-05,0.10722528457641602,0.0004707707092165947,0.003416748046875,1.0,43.03685118394229,716470.8918236919,-0.000409846194088459,0.0019501769915223123,-2.7640844345092774,0.0015610027126967906,0.006027465313673019
461,377651200,2.3999999999999987e-05,0.10692155838012696,0.0005644740909337997,0.003663330078125,1.0,42.853661093348705,713484.7894440928,-0.0003968787845224142,0.0021666763350367546,-2.765279197692871,0.0014183055609464645,0.005562742799520492
462,378470400,2.3399999999999986e-05,0.10717653274536133,0.0005403179302811622,0.00345703125,1.0,42.89421565545426,706212.4032360368,-0.00039287381805479525,0.002239512838423252,-2.765585517883301,0.0013964119367301463,0.006429199874401092
463,379289600,2.2799999999999985e-05,0.10709796905517578,0.0005176951363682747,0.003673095703125,0.9999475258435221,43.07676969092722,705276.6427642233,-0.00047298604622483256,0.0022454744204878805,-2.7662160873413084,0.0016725575551390648,0.006020141020417214
464,380108800,2.2199999999999984e-05,0.10672090530395507,0.0006216997653245926,0.004019775390625,1.0,42.89532749488699,705465.5847140859,-0.00044519309885799886,0.0033896662294864654,-2.766897773742676,0.0019431563094258308,0.0074785172939300535
465,380928000,2.1599999999999983e-05,0.10723691940307617,0.0005081101879477501,0.003648681640625,1.0,42.97367731110062,710307.8448776484,-0.0004078065976500511,0.002322065457701683,-2.769115447998047,0.0016259068623185157,0.0069180898368358616
466,381747200,2.0999999999999982e-05,0.10705257415771484,0.0005437044054269791,0.00355712890625,1.0,42.86325815060966,708172.0202686229,-0.0005136845633387565,0.0022449903190135956,-2.7720005035400392,0.0017220914363861085,0.00712866336107254
467,382566400,2.0399999999999984e-05,0.10705970764160157,0.0005561460554599762,0.00369873046875,1.0,42.84232560573552,705549.1538680261,-0.0003441607113927603,0.0025088893249630927,-2.7737476348876955,0.0017991771921515465,0.007210935652256012
468,383385600,1.9799999999999983e-05,0.1073267936706543,0.0005148492008447647,0.003541259765625,1.0,43.043697744123676,704377.094149387,-0.00041411141864955425,0.002467074804008007,-2.774819755554199,0.0016385307535529137,0.006025145202875138
469,384204800,1.9199999999999982e-05,0.10685160636901855,0.0004620338976383209,0.00344970703125,1.0,42.996067533557046,704332.7376259313,-0.0003976660780608654,0.0020398255437612534,-2.7766395568847657,0.001556278020143509,0.005718628317117691
470,385024000,1.8600000000000015e-05,0.10709853172302246,0.0005121684819459915,0.003458251953125,1.0,43.013002737418404,710175.517670418,-0.0004140074364840984,0.002351472340524197,-2.778243064880371,0.0014772684313356876,0.005660156905651093
471,385843200,1.8000000000000014e-05,0.10700761795043945,0.0004829882085323334,0.003465576171875,1.0,42.85833637930134,708183.6214054716,-0.0004109592642635107,0.0019770547747612,-2.779995155334473,0.001571309380233288,0.006014160066843033
472,386662400,1.7400000000000013e-05,0.10697465896606445,0.0004943675920367241,0.00358154296875,1.0,42.8291367847982,705278.3647023656,-0.00044860108755528927,0.0023334668949246407,-2.7811916351318358,0.001647237502038479,0.0066484369337558745
473,387481600,1.6800000000000012e-05,0.10684803009033203,0.0005859015882015229,0.00391357421875,0.9999476768522394,43.01758057764755,697288.2514970965,-0.00026607606559991837,0.0028183933347463606,-2.7822286605834963,0.0013377739116549492,0.004592040553689003
474,388300800,1.6200000000000014e-05,0.1070858383178711,0.0005422326177358627,0.00369873046875,0.9999477370126476,42.75760426465977,707677.8005294402,-0.000360875204205513,0.002492421679198742,-2.7829910278320313,0.0015564550645649432,0.005684325098991394
475,389120000,1.5600000000000013e-05,0.10676575660705566,0.0005318449437618256,0.0035546875,1.0,42.91303892293991,716797.0394554823,-0.00036056428216397763,0.002240612171590328,-2.7836593627929687,0.0015681404620409012,0.004762328416109085
476,389939200,1.5000000000000012e-05,0.10681770324707031,0.0004597863554954529,0.00343017578125,1.0,42.90167714884696,712515.2176091728,-0.0003325390862300992,0.002400612458586693,-2.7849733352661135,0.0015479720197618008,0.004657226428389549
477,390758400,1.4400000000000011e-05,0.10679218292236328,0.0005182237178087234,0.00359130859375,0.9999475148270613,43.045557130110744,711945.0379652311,-0.0004230013117194176,0.00261948648840189,-2.7860923767089845,0.001579257845878601,0.005653930827975273
478,391577600,1.3800000000000012e-05,0.10701281547546387,0.0005239118635654449,0.003463134765625,1.0,42.94918539472995,709256.995102545,-0.0004353255033493042,0.0022687138989567757,-2.7866680145263674,0.0014950525015592574,0.004509766027331353
479,392396800,1.320000000000001e-05,0.10707172393798828,0.0005372682586312294,0.003680419921875,1.0,42.78803892842193,710713.5242639759,-0.0004964876919984817,0.002140144817531109,-2.787518119812012,0.0016303470358252526,0.0055054925382137295
480,393216000,1.260000000000001e-05,0.1073145866394043,0.0005878309532999993,0.003870849609375,1.0,42.89053579846017,706961.7164439532,-0.0004180331248790026,0.002274290472269058,-2.788694381713867,0.0013617022894322872,0.0038961183279752733
481,394035200,1.2000000000000009e-05,0.10707210540771485,0.00046510793268680575,0.003316650390625,1.0,42.828284413749806,702865.5578852413,-0.00038515005726367233,0.002112280949950218,-2.789328956604004,0.0012872318737208843,0.004096434637904167
482,394854400,1.140000000000001e-05,0.1067719554901123,0.0005526141822338104,0.003648681640625,0.9998952769923553,42.97345271756205,700561.6445857778,-0.000277347001247108,0.003628779575228691,-2.7896018981933595,0.0013368231244385242,0.003603881597518921
483,395673600,1.0800000000000008e-05,0.10710426330566407,0.0005213424190878868,0.003585205078125,1.0,42.85713537300922,701920.1448494097,-0.0005257497541606426,0.0026999585330486297,-2.789900016784668,0.001403183862566948,0.004735717549920082
484,396492800,1.0200000000000007e-05,0.10686981201171875,0.000595589317381382,0.003983154296875,0.9999473628803032,43.09274660490578,701910.5258003344,-0.0003153743455186486,0.002484301291406155,-2.7906469345092773,0.0012447418645024299,0.002749633602797985
485,397312000,9.600000000000008e-06,0.10705447196960449,0.0004544219747185707,0.00337646484375,0.9999475945917619,42.91688502253432,705307.6864431063,-0.00033699579071253536,0.0021324554458260537,-2.7913467407226564,0.0014655660837888719,0.004088135436177254
486,398131200,9.000000000000007e-06,0.10696371078491211,0.0004761280119419098,0.00350830078125,1.0,42.81901423189619,703665.7574719246,-0.00038452399894595146,0.002323112078011036,-2.7921218872070312,0.0015502109192311764,0.004210327193140984
487,398950400,8.400000000000006e-06,0.10690153121948243,0.0005676496028900146,0.003541259765625,1.0,43.02776755193268,701999.1614521146,-0.000349722639657557,0.004456044360995293,-2.792634391784668,0.0014984967187047006,0.0039974357932806015
488,399769600,7.800000000000007e-06,0.10734650611877442,0.0005660262703895568,0.003753662109375,0.999947619297051,43.00848567387774,701268.7849521049,-0.0002923398977145553,0.002566198632121086,-2.792868232727051,0.001565496250987053,0.003983520343899727
489,400588800,7.200000000000006e-06,0.10700717926025391,0.0005547959730029106,0.003824462890625,0.9999476439790576,42.87570680628272,700295.5178579276,-0.00031434502452611925,0.0024219730868935583,-2.7932863235473633,0.0012039720080792905,0.0027740478515625
490,401408000,6.600000000000005e-06,0.10709699630737304,0.0004922664538025856,0.00377685546875,0.9999477178857114,42.97438176399854,704185.571382867,-0.0002674594521522522,0.0023119201883673667,-2.793623924255371,0.0012252059765160083,0.0028822025284171104
491,402227200,6.000000000000004e-06,0.10685554504394532,0.0005834608525037765,0.003880615234375,1.0,42.90127605944441,703717.9402084507,-0.0003032144857570529,0.002533324621617794,-2.793964958190918,0.0009807745926082134,0.00200341809540987
492,403046400,5.400000000000004e-06,0.10696344375610352,0.0005204717442393303,0.003643798828125,1.0,42.86976792917387,709979.4304307442,-0.00020697005093097686,0.003028597496449947,-2.7941822052001952,0.0011829552240669727,0.002270752191543579
493,403865600,4.800000000000004e-06,0.10691659927368163,0.0005882316827774048,0.00388916015625,0.9999475890985325,43.03915094339623,709976.1919280813,-0.00028378712013363836,0.002573082223534584,-2.7944643020629885,0.0014504080638289452,0.003108520060777664
494,404684800,4.200000000000003e-06,0.10707849502563477,0.0005350731313228607,0.0035302734375,1.0,42.79925922061662,711005.7994429016,-0.00024794125929474833,0.002133442647755146,-2.7948041915893556,0.0008163443766534328,0.0012800293043255806
495,405504000,3.600000000000003e-06,0.10726682662963867,0.0005362483486533165,0.003511962890625,1.0,42.86857412356548,715928.7779069035,-0.0002178465249016881,0.00225348100066185,-2.7949905395507812,0.0010466286912560463,0.0018933104351162911
496,406323200,3.000000000000002e-06,0.10718722343444824,0.0005590572580695153,0.00359375,1.0,42.969384550973416,710984.069648359,-0.0002714269096031785,0.0023627173155546187,-2.7950639724731445,0.0010246711783111096,0.002706543169915676
497,407142400,2.400000000000002e-06,0.10714360237121583,0.000481107160449028,0.003397216796875,1.0,42.89433328081508,703664.4579844489,-0.00022431653924286364,0.0021043339744210242,-2.7951004028320314,0.0011858431622385978,0.002150268666446209
498,407961600,1.8000000000000014e-06,0.10717766761779784,0.0005755028128623962,0.00371826171875,1.0,42.97460151554743,705735.8537835223,-0.00024209204129874707,0.004237137362360954,-2.7951118469238283,0.0011514977551996708,0.0027907716110348703
499,408780800,1.200000000000001e-06,0.10691741943359374,0.000521419420838356,0.00345458984375,1.0,42.887545344619106,709051.5306212761,-0.00016982003580778837,0.0026199491694569588,-2.7951160430908204,0.0006459543015807867,0.0012052000500261783
500,409600000,6.000000000000005e-07,0.10732782363891602,0.0004615833610296249,0.003349609375,1.0,42.979855209316966,712737.9074656067,-0.00015806297305971385,0.002042260393500328,-2.795165252685547,0.0007553322706371546,0.0013757322914898396
